"time","x","y","depth","true_x","true_y","true_depth","Time_sec","orig_index","smooth_x","smooth_y","smooth_depth"
2020-01-01 00:01:00,NA,NA,-38.4869745846224,7.53679362814682,-1.16239731787477,-38.4869745846224,0,1,217.893239768326,165.665723145681,-38.4869745846224
2020-01-01 00:02:00,NA,NA,-18.8925010747643,-0.92976033377388,-0.355687599076425,-18.8925010747643,60,2,225.19914451826,129.582548140585,-18.8925010747643
2020-01-01 00:03:00,NA,NA,-5.11095186344325,11.4964602973021,-10.0929888668821,-5.11095186344325,120,3,231.852853595794,96.7205060944083,-5.11095186344325
2020-01-01 00:04:00,NA,NA,44.2781143062908,26.4492147571411,-23.3055100544166,44.2781143062908,180,4,237.351720577439,69.562120320184,44.2781143062908
2020-01-01 00:05:00,NA,NA,85.4313975767568,47.5271440869566,-43.0098735052768,85.4313975767568,240,5,241.192042613585,50.5951317199751,85.4313975767568
2020-01-01 00:06:00,NA,NA,128.91660593419,99.3289540708995,-37.3392782852756,128.91660593419,300,6,242.868599735571,42.3147741038686,128.91660593419
2020-01-01 00:07:00,NA,NA,190.441032505293,148.026866559072,0.0399605048487999,190.441032505293,360,7,241.874192751024,47.2260564813221,190.441032505293
2020-01-01 00:08:00,NA,NA,215.400895132668,174.759103379658,64.9979654137264,215.400895132668,420,8,237.699179321194,67.8460543314922,215.400895132668
2020-01-01 00:09:00,NA,NA,260.098284032064,196.944585715589,113.915029820086,260.098284032064,480,9,229.831007800396,106.706211926303,260.098284032064
2020-01-01 00:10:00,217.753748412671,166.354657804712,NA,217.753748412671,166.354657804712,318.690932257964,540,10,217.753748412671,166.354657804712,329.139224675816
2020-01-01 00:11:00,203.764686084088,246.326758895177,NA,203.764686084088,246.326758895177,374.712511094519,600,11,203.764686084088,246.326758895177,403.289149744174
2020-01-01 00:12:00,NA,NA,463.127727783139,183.315912733989,326.983846037402,463.127727783139,660,12,199.109856966407,336.713429387218,463.127727783139
2020-01-01 00:13:00,NA,NA,499.484571161578,189.450549004776,423.363535933438,499.484571161578,720,13,208.587366621389,435.242300220592,499.484571161578
2020-01-01 00:14:00,NA,NA,542.84404356859,211.113758276947,538.674481559622,542.84404356859,780,14,234.689973684979,542.313071757782,542.84404356859
2020-01-01 00:15:00,279.925645023623,658.333258274946,NA,279.925645023623,658.333258274946,617.178968112807,840,15,279.925645023623,658.333258274946,608.873355892602
2020-01-01 00:16:00,NA,NA,660.756113844308,354.989533506974,802.921650751974,660.756113844308,900,16,345.578110988163,783.112050952948,660.756113844308
2020-01-01 00:17:00,NA,NA,669.910990687893,452.502699077009,937.870451791529,669.910990687893,960,17,427.982600054723,914.040505374286,669.910990687893
2020-01-01 00:18:00,NA,NA,669.609670237082,533.893693798004,1069.21081800527,669.609670237082,1020,18,522.247930409857,1047.90879528429,669.609670237082
2020-01-01 00:19:00,623.49376895259,1181.50978316883,NA,623.49376895259,1181.50978316883,655.887656333155,1080,19,623.49376895259,1181.50978316883,642.316172201038
2020-01-01 00:20:00,NA,NA,618.124622437463,718.810337646648,1294.94834186477,618.124622437463,1140,20,727.520229956161,1312.16442848583,618.124622437463
2020-01-01 00:21:00,NA,NA,628.1127141812,822.047940096894,1428.06380896012,628.1127141812,1200,21,832.826346453039,1439.30445973966,628.1127141812
2020-01-01 00:22:00,NA,NA,638.546483031221,930.909006377281,1532.55650345266,638.546483031221,1260,22,938.586385925601,1562.88673253113,638.546483031221
2020-01-01 00:23:00,NA,NA,620.826147719015,1038.13608241252,1665.93844108135,620.826147719015,1320,23,1043.97503102874,1682.86484818915,620.826147719015
2020-01-01 00:24:00,NA,NA,597.48798483687,1137.57264450738,1788.0528298605,597.48798483687,1380,24,1148.16662464446,1799.18911133132,597.48798483687
2020-01-01 00:25:00,NA,NA,559.885261977695,1223.88700014417,1878.69908575381,559.885261977695,1440,25,1250.33441465973,1911.8064844101,559.885261977695
2020-01-01 00:26:00,NA,NA,512.251440034703,1317.58351429868,1968.75723311102,512.251440034703,1500,26,1349.64979774552,2020.66053920141,512.251440034703
2020-01-01 00:27:00,NA,NA,480.275126390775,1405.45686505308,2056.91334737,480.275126390775,1560,27,1445.28156144276,2125.6914051913,480.275126390775
2020-01-01 00:28:00,NA,NA,455.658063699255,1486.57557358898,2127.84470514335,455.658063699255,1620,28,1536.39512386168,2226.83571481382,455.658063699255
2020-01-01 00:29:00,NA,NA,464.226262507311,1551.19522895175,2199.34808666965,464.226262507311,1680,29,1622.15177029869,2324.02654548994,464.226262507311
2020-01-01 00:30:00,NA,NA,475.420545094567,1626.41269426971,2296.47892042147,475.420545094567,1740,30,1701.70788607276,2417.19335841458,475.420545094567
2020-01-01 00:31:00,NA,NA,456.978332660257,1684.86005771378,2401.48497678735,456.978332660257,1800,31,1774.21418487954,2506.2619340358,456.978332660257
2020-01-01 00:32:00,NA,NA,480.741487207191,1745.99118629324,2506.87299357603,480.741487207191,1860,32,1838.81493195743,2591.15430416719,480.741487207191
2020-01-01 00:33:00,NA,NA,520.292226947976,1805.87534705436,2627.10569706628,520.292226947976,1920,33,1894.64716135508,2671.78868067129,520.292226947976
2020-01-01 00:34:00,NA,NA,562.708965057487,1861.66714573141,2743.20752947272,562.708965057487,1980,34,1940.83988658438,2748.07938064897,562.708965057487
2020-01-01 00:35:00,NA,NA,598.188401349474,1926.65036650079,2832.04450544405,598.188401349474,2040,35,1976.51330393701,2819.93674806613,598.188401349474
2020-01-01 00:36:00,NA,NA,663.620476929207,1980.44688648841,2906.97621175402,663.620476929207,2100,36,2000.77798773574,2887.2670717463,663.620476929207
2020-01-01 00:37:00,2012.73407678451,2949.97249965388,NA,2012.73407678451,2949.97249965388,770.380987349119,2160,37,2012.73407678451,2949.97249965388,752.495356730179
2020-01-01 00:38:00,NA,NA,858.619562268357,2011.25054246287,3007.37629672112,858.619562268357,2220,38,2013.12782839945,3009.24466192469,858.619562268357
2020-01-01 00:39:00,2009.32473583565,3071.44713686585,NA,2009.32473583565,3071.44713686585,967.582741259063,2280,39,2009.32473583565,3071.44713686585,975.009328719351
2020-01-01 00:40:00,NA,NA,1072.50949319349,2005.31637075627,3143.60347831632,1072.50949319349,2340,40,2007.58842900468,3142.25561635102,1072.50949319349
2020-01-01 00:41:00,NA,NA,1139.24526041301,1995.20058634038,3220.57518126171,1139.24526041301,2400,41,2003.16231730745,3219.41617622765,1139.24526041301
2020-01-01 00:42:00,1988.53194636887,3298.69642290373,NA,1988.53194636887,3298.69642290373,1222.2050942832,2460,42,1988.53194636887,3298.69642290373,1232.64854345925
2020-01-01 00:43:00,NA,NA,1333.916152298,1975.52869740722,3367.18351056004,1333.916152298,2520,43,1958.37629919469,3376.23998913901,1333.916152298
2020-01-01 00:44:00,NA,NA,1420.71459470524,1938.86509992003,3436.00839470924,1420.71459470524,2580,44,1916.17165079635,3449.68533917965,1420.71459470524
2020-01-01 00:45:00,NA,NA,1531.1325556325,1890.75867161872,3505.68728040506,1531.1325556325,2640,45,1867.58602487567,3517.04127582793,1531.1325556325
2020-01-01 00:46:00,NA,NA,1626.99595353204,1829.71011500434,3568.88413513537,1626.99595353204,2700,46,1818.28160914941,3576.31103145053,1626.99595353204
2020-01-01 00:47:00,1773.91993449341,3625.49044169531,NA,1773.91993449341,3625.49044169531,1662.93628662862,2760,47,1773.91993449341,3625.49044169531,1664.44315839439
2020-01-01 00:48:00,NA,NA,1681.81493101606,1736.54725280894,3668.43873597109,1681.81493101606,2820,48,1739.10372924782,3663.22905777173,1681.81493101606
2020-01-01 00:49:00,NA,NA,1713.45180598816,1710.53807260709,3709.91453173476,1713.45180598816,2880,49,1714.19096296849,3690.81786760485,1713.45180598816
2020-01-01 00:50:00,NA,NA,1716.66714426565,1694.87663017804,3723.35174534926,1716.66714426565,2940,50,1698.48534220033,3710.20151812101,1716.66714426565
2020-01-01 00:51:00,NA,NA,1710.41762580023,1684.98512511178,3713.40262820713,1710.41762580023,3000,51,1691.29899534987,3723.31715113197,1710.41762580023
2020-01-01 00:52:00,NA,NA,1753.04273793673,1679.4369802937,3696.8653871259,1753.04273793673,3060,52,1691.95184337967,3732.09617527747,1753.04273793673
2020-01-01 00:53:00,NA,NA,1850.37578944437,1693.43954589721,3693.66371460028,1850.37578944437,3120,53,1699.77097771782,3738.46603266505,1850.37578944437
2020-01-01 00:54:00,NA,NA,1978.66899693795,1695.13946621345,3700.74118993142,1978.66899693795,3180,54,1714.09004474125,3744.35196187871,1978.66899693795
2020-01-01 00:55:00,NA,NA,2067.30249543529,1706.95903197586,3723.96299193826,2067.30249543529,3240,55,1734.24863626044,3751.67875897269,2067.30249543529
2020-01-01 00:56:00,NA,NA,2151.04247307852,1737.48896140286,3746.07526536266,2151.04247307852,3300,56,1759.59168544519,3762.37253806117,2151.04247307852
2020-01-01 00:57:00,1789.46886763757,3778.36249311462,NA,1789.46886763757,3778.36249311462,2214.01593162905,3360,57,1789.46886763757,3778.36249311462,2228.65767339956
2020-01-01 00:58:00,NA,NA,2275.60851274122,1850.92691228529,3830.26196012868,2275.60851274122,3420,58,1823.32374771874,3801.17166250318,2275.60851274122
2020-01-01 00:59:00,NA,NA,2279.84138411418,1926.62124374286,3872.4484090772,2279.84138411418,3480,59,1860.96251518367,3830.68524783299,2279.84138411418
2020-01-01 01:00:00,NA,NA,2278.68424125657,1990.48315017948,3905.27653426573,2278.68424125657,3540,60,1902.2845642415,3866.38358524565,2278.68424125657
2020-01-01 01:01:00,NA,NA,2280.62745059993,2022.93233732918,3946.35975333586,2280.62745059993,3600,61,1947.19265825922,3907.75266810192,2280.62745059993
2020-01-01 01:02:00,NA,NA,2281.73879856675,2068.50136352965,3995.05194888768,2281.73879856675,3660,62,1995.59284076809,3954.28367676123,2281.73879856675
2020-01-01 01:03:00,NA,NA,2290.30458459149,2143.21623951244,4051.5822960188,2290.30458459149,3720,63,2047.39434950962,4005.47251315713,2290.30458459149
2020-01-01 01:04:00,NA,NA,2304.03432463427,2224.85605541871,4115.49573249776,2304.03432463427,3780,64,2102.50953340947,4060.81933969777,2304.03432463427
2020-01-01 01:05:00,NA,NA,2330.24873187314,2309.51262904477,4187.96941198241,2330.24873187314,3840,65,2160.85377239974,4119.82812206566,2330.24873187314
2020-01-01 01:06:00,NA,NA,2407.20267455438,2392.3427201716,4253.43405111462,2407.20267455438,3900,66,2222.34540001492,4182.00617549724,2407.20267455438
2020-01-01 01:07:00,NA,NA,2481.83913107562,2481.00566040441,4319.6327144109,2481.83913107562,3960,67,2286.90562869034,4246.86371412692,2481.83913107562
2020-01-01 01:08:00,NA,NA,2530.01823672534,2558.05560687062,4382.87745166019,2530.01823672534,4020,68,2354.45847769431,4313.91340298304,2530.01823672534
2020-01-01 01:09:00,NA,NA,2560.14633264659,2612.75051796348,4429.91385154811,2560.14633264659,4080,69,2424.9307036281,4382.66991222586,2560.14633264659
2020-01-01 01:10:00,NA,NA,2552.77804451583,2660.8428969657,4484.91506824207,2552.77804451583,4140,70,2498.25173342991,4452.6494732198,2552.77804451583
2020-01-01 01:11:00,NA,NA,2534.00123604422,2720.42953857484,4523.72354710563,2534.00123604422,4200,71,2574.35359982154,4523.3694360338,2534.00123604422
2020-01-01 01:12:00,NA,NA,2553.48761609262,2767.77741735284,4582.70316722878,2553.48761609262,4260,72,2653.17087913871,4594.34782796498,2553.48761609262
2020-01-01 01:13:00,NA,NA,2594.2574872206,2796.26318862129,4643.03430188589,2594.2574872206,4320,73,2734.6406314881,4665.10291268188,2594.2574872206
2020-01-01 01:14:00,NA,NA,2651.47563240546,2846.12619168029,4728.23057161006,2651.47563240546,4380,74,2818.70234317631,4735.15274958381,2651.47563240546
2020-01-01 01:15:00,NA,NA,2737.91238154771,2919.24971171234,4804.2682199674,2737.91238154771,4440,75,2905.29787135818,4804.01475297354,2737.91238154771
2020-01-01 01:16:00,2994.37139085365,4871.20525063979,NA,2994.37139085365,4871.20525063979,2795.9318213158,4500,76,2994.37139085365,4871.20525063979,2820.15117176907
2020-01-01 01:17:00,3082.0085689032,4932.39652767144,NA,3082.0085689032,4932.39652767144,2870.61789143376,4560,77,3082.0085689032,4932.39652767144,2886.94238448383
2020-01-01 01:18:00,3154.38918403206,4973.82508298133,NA,3154.38918403206,4973.82508298133,2951.95491603357,4620,78,3154.38918403206,4973.82508298133,2935.70691465626
2020-01-01 01:19:00,NA,NA,2962.82261783348,3210.1523346423,5018.01573748624,2962.82261783348,4680,79,3214.38144990515,4999.91392241931,2962.82261783348
2020-01-01 01:20:00,NA,NA,2968.00749013044,3263.21674762259,5040.97077269414,2968.00749013044,4740,80,3264.00205652269,5014.14876673926,2968.00749013044
2020-01-01 01:21:00,NA,NA,2971.08439341939,3309.85157820521,5058.64046742706,2971.08439341939,4800,81,3303.66342171644,5018.28864045683,2971.08439341939
2020-01-01 01:22:00,NA,NA,2995.34543288003,3357.82605223467,5063.96497589097,2995.34543288003,4860,82,3333.76885324479,5014.08333403092,2995.34543288003
2020-01-01 01:23:00,NA,NA,3020.29328211811,3391.51395399975,5056.95425552831,3020.29328211811,4920,83,3354.71291796977,5003.27500466582,3020.29328211811
2020-01-01 01:24:00,NA,NA,3039.09913694955,3402.55509508935,5027.15392248082,3039.09913694955,4980,84,3366.88180283904,4987.5997699027,3039.09913694955
2020-01-01 01:25:00,NA,NA,3078.76938493954,3401.34401458921,4997.51794072741,3078.76938493954,5040,85,3370.65366816098,4968.78929564812,3078.76938493954
2020-01-01 01:26:00,NA,NA,3115.55836028486,3384.06979982902,4959.29974243258,3115.55836028486,5100,86,3366.39899352247,4948.57238011907,3115.55836028486
2020-01-01 01:27:00,3354.48091667409,4928.67653516095,NA,3354.48091667409,4928.67653516095,3142.30955741015,5160,87,3354.48091667409,4928.67653516095,3148.69624898594
2020-01-01 01:28:00,NA,NA,3177.43117282306,3319.89709660399,4902.33255116434,3177.43117282306,5220,88,3335.28194010991,4910.50002577569,3177.43117282306
2020-01-01 01:29:00,NA,NA,3208.14267602864,3261.53354128418,4882.21354765598,3208.14267602864,5280,89,3309.28340763036,4894.12446698575,3208.14267602864
2020-01-01 01:30:00,NA,NA,3283.8373675133,3199.15866671632,4853.04915376371,3283.8373675133,5340,90,3276.98681581745,4879.30358086512,3283.8373675133
2020-01-01 01:31:00,NA,NA,3423.75696996765,3139.53822141055,4829.19380712629,3423.75696996765,5400,91,3238.88790037635,4865.79251152397,3423.75696996765
2020-01-01 01:32:00,NA,NA,3570.52784983503,3075.50651992154,4803.78342950024,3570.52784983503,5460,92,3195.47708965145,4853.34760113599,3570.52784983503
2020-01-01 01:33:00,NA,NA,3696.11228761504,3013.29289913527,4780.94920117834,3696.11228761504,5520,93,3147.23995323167,4841.72616706765,3696.11228761504
2020-01-01 01:34:00,NA,NA,3845.67476830276,2962.39947976675,4757.44247161912,3845.67476830276,5580,94,3094.65764610368,4830.68627989941,3845.67476830276
2020-01-01 01:35:00,NA,NA,3954.85490722881,2906.67477123102,4729.08278278669,3954.85490722881,5640,95,3038.20734876429,4819.98654213551,3954.85490722881
2020-01-01 01:36:00,NA,NA,4045.15883543929,2858.25547720321,4697.68072159603,4045.15883543929,5700,96,2978.36270369596,4809.38586740033,4045.15883543929
2020-01-01 01:37:00,NA,NA,4128.87733338773,2819.8359692662,4659.33714207715,4128.87733338773,5760,97,2915.59424860541,4798.64325991908,4128.87733338773
2020-01-01 01:38:00,NA,NA,4211.87670026362,2769.48094247444,4627.94402872283,4211.87670026362,5820,98,2850.36984682171,4787.51759408132,4211.87670026362
2020-01-01 01:39:00,NA,NA,4298.43057648168,2692.08244537427,4581.36812880908,4298.43057648168,5880,99,2783.155115248,4775.76739388563,4298.43057648168
2020-01-01 01:40:00,NA,NA,4373.16713718407,2627.85815709666,4538.29049648066,4373.16713718407,5940,100,2714.41385025809,4763.15061206375,4373.16713718407
2020-01-01 01:41:00,NA,NA,4406.16408738978,2572.61691882711,4499.87990051212,4406.16408738978,6000,101,2644.60845192772,4749.42440868209,4406.16408738978
2020-01-01 01:42:00,NA,NA,4407.86398260967,2503.98120747199,4468.99795268716,4407.86398260967,6060,102,2574.20034698866,4734.34492901822,4407.86398260967
2020-01-01 01:43:00,NA,NA,4382.80345849703,2447.24197508709,4440.54417747056,4382.80345849703,6120,103,2503.65041089224,4717.66708050905,4382.80345849703
2020-01-01 01:44:00,NA,NA,4370.93182814978,2388.43747088027,4428.10907034824,4370.93182814978,6180,104,2433.41938936879,4699.14430856673,4370.93182814978
2020-01-01 01:45:00,NA,NA,4382.71105106146,2320.16377227556,4424.57153107382,4382.71105106146,6240,105,2363.96831986822,4678.52837105729,4382.71105106146
2020-01-01 01:46:00,NA,NA,4378.66748313771,2259.68769780299,4443.27684069199,4378.66748313771,6300,106,2295.75895326754,4655.56911123563,4378.66748313771
2020-01-01 01:47:00,NA,NA,4399.02262660494,2196.88384517149,4466.11073338982,4399.02262660494,6360,107,2229.25417623083,4630.01422892916,4399.02262660494
2020-01-01 01:48:00,NA,NA,4420.87207810487,2142.30972429382,4491.72499587964,4420.87207810487,6420,108,2164.91843460819,4601.60904976095,4420.87207810487
2020-01-01 01:49:00,NA,NA,4486.99405434711,2097.44597663694,4501.11385445542,4486.99405434711,6480,109,2103.21815826079,4570.09629220114,4486.99405434711
2020-01-01 01:50:00,NA,NA,4533.11016234457,2035.90448101965,4514.89733846907,4533.11016234457,6540,110,2044.62218770069,4535.21583223355,4533.11016234457
2020-01-01 01:51:00,1989.60220293569,4496.70446542237,NA,1989.60220293569,4496.70446542237,4565.700430578,6600,111,1989.60220293569,4496.70446542237,4563.19130800022
2020-01-01 01:52:00,NA,NA,4590.18713450352,1949.45735170312,4462.25464371726,4590.18713450352,6660,112,1938.57085060661,4454.49572096412,4590.18713450352
2020-01-01 01:53:00,NA,NA,4614.59178609335,1905.62477579342,4422.84824290635,4614.59178609335,6720,113,1891.69519759783,4409.32000119012,4614.59178609335
2020-01-01 01:54:00,NA,NA,4616.95789411458,1870.70977939767,4387.84282007184,4616.95789411458,6780,114,1849.08380846384,4362.10504822094,4616.95789411458
2020-01-01 01:55:00,NA,NA,4616.8819563947,1840.87793195168,4340.60844284104,4616.8819563947,6840,115,1810.84914831901,4313.77673900408,4616.8819563947
2020-01-01 01:56:00,NA,NA,4644.20815604855,1797.14515034257,4275.42877764871,4644.20815604855,6900,116,1777.10768567611,4265.25993219473,4644.20815604855
2020-01-01 01:57:00,NA,NA,4647.48382887412,1727.8535699631,4235.75867590477,4647.48382887412,6960,117,1747.97999896977,4217.47931410143,4647.48382887412
2020-01-01 01:58:00,NA,NA,4652.58239088966,1684.98195483315,4210.23245090336,4652.58239088966,7020,118,1723.59088684346,4171.36024447991,4652.58239088966
2020-01-01 01:59:00,NA,NA,4664.67982390316,1640.28075668895,4186.96705080156,4664.67982390316,7080,119,1704.06948229868,4127.82960294611,4664.67982390316
2020-01-01 02:00:00,NA,NA,4678.52887932475,1605.65742006239,4147.30996649749,4678.52887932475,7140,120,1689.5493708095,4087.81663678125,4678.52887932475
2020-01-01 02:01:00,NA,NA,4714.68545527139,1587.3956459521,4111.25422905806,4714.68545527139,7200,121,1680.16871251058,4052.25381090366,4714.68545527139
2020-01-01 02:02:00,NA,NA,4683.72117473788,1582.39187008543,4072.09980220616,4683.72117473788,7260,122,1676.0703685698,4022.07766078466,4683.72117473788
2020-01-01 02:03:00,NA,NA,4632.87785249484,1595.55748196886,4039.48885033887,4632.87785249484,7320,123,1677.40203186128,3998.22964908815,4632.87785249484
2020-01-01 02:04:00,NA,NA,4590.02017186216,1618.65112656005,3982.35910123671,4590.02017186216,7380,124,1684.31636205807,3981.65702681754,4590.02017186216
2020-01-01 02:05:00,NA,NA,4526.15223985258,1655.40361566446,3950.16704132457,4526.15223985258,7440,125,1696.97112526812,3973.31369975752,4526.15223985258
2020-01-01 02:06:00,NA,NA,4509.41439567576,1694.10756958578,3938.79624439396,4509.41439567576,7500,126,1715.52933834114,3974.16110100312,4509.41439567576
2020-01-01 02:07:00,NA,NA,4463.41537537032,1724.85048854246,3960.29010391082,4463.41537537032,7560,127,1740.15941797841,3985.16907037417,4463.41537537032
2020-01-01 02:08:00,NA,NA,4398.84645636893,1750.37388848385,3979.78215141378,4398.84645636893,7620,128,1771.03533478183,4007.31674151945,4398.84645636893
2020-01-01 02:09:00,NA,NA,4410.2029721885,1797.08705171205,4026.59719033643,4410.2029721885,7680,129,1808.33677238315,4041.59343752195,4410.2029721885
2020-01-01 02:10:00,NA,NA,4448.03383254255,1850.82178312836,4087.60859255108,4448.03383254255,7740,130,1852.24929179894,4088.9995758245,4448.03383254255
2020-01-01 02:11:00,1902.96450116153,4150.54758330334,NA,1902.96450116153,4150.54758330334,4501.75805055623,7800,131,1902.96450116153,4150.54758330334,4492.66751797973
2020-01-01 02:12:00,NA,NA,4546.22361735453,1967.36448599946,4223.14800758291,4546.22361735453,7860,132,1962.17936637528,4225.79304833179,4546.22361735453
2020-01-01 02:13:00,2037.59544822176,4308.42472437223,NA,2037.59544822176,4308.42472437223,4612.37590676823,7920,133,2037.59544822176,4308.42472437223,4611.01929784635
2020-01-01 02:14:00,NA,NA,4686.22794371787,2126.94947491011,4373.3424116123,4686.22794371787,7980,134,2135.94944197004,4392.04176149525,4686.22794371787
2020-01-01 02:15:00,NA,NA,4754.6011235597,2242.32942236778,4448.44969383978,4754.6011235597,8040,135,2254.08326906068,4475.73811265115,4754.6011235597
2020-01-01 02:16:00,NA,NA,4772.32636532015,2368.03475152373,4534.09288066307,4772.32636532015,8100,136,2386.37812304923,4559.98121663201,4772.32636532015
2020-01-01 02:17:00,NA,NA,4796.15944066974,2503.24888793468,4618.69519414522,4796.15944066974,8160,137,2527.22815029738,4645.23901254117,4796.15944066974
2020-01-01 02:18:00,NA,NA,4801.28956291035,2656.32002108927,4713.64096136227,4801.28956291035,8220,138,2671.03532208393,4731.98036772985,4801.28956291035
2020-01-01 02:19:00,NA,NA,4793.82992359974,2810.41575077479,4808.75719830438,4793.82992359974,8280,139,2812.20431412681,4820.67550663526,4793.82992359974
2020-01-01 02:20:00,2945.13738860529,4911.79644087422,NA,2945.13738860529,4911.79644087422,4783.19357455985,8340,140,2945.13738860529,4911.79644087422,4785.2023832961
2020-01-01 02:21:00,NA,NA,4766.80852027547,3069.91199244444,5016.27043600905,4766.80852027547,8400,141,3066.78393439659,5004.97245259999,4766.80852027547
2020-01-01 02:22:00,NA,NA,4732.77346560608,3187.80753641444,5087.9927163005,4732.77346560608,8460,142,3184.30212711279,5096.45475527894,4732.77346560608
2020-01-01 02:23:00,3307.40102762848,5181.64806453206,NA,3307.40102762848,5181.64806453206,4679.87399177713,8520,143,3307.40102762848,5181.64806453206,4698.10905271845
2020-01-01 02:24:00,NA,NA,4646.38805217236,3432.91515579311,5266.26850373405,4646.38805217236,8580,144,3442.24636528213,5257.32526523339,4646.38805217236
2020-01-01 02:25:00,NA,NA,4564.37806539727,3570.75095659493,5327.87208458074,4564.37806539727,8640,145,3580.82021237759,5325.74647937276,4564.37806539727
2020-01-01 02:26:00,3711.559614278,5390.53911357228,NA,3711.559614278,5390.53911357228,4491.96768527159,8700,146,3711.559614278,5390.53911357228,4486.07894744894
2020-01-01 02:27:00,NA,NA,4431.33269295319,3839.77410605064,5463.18714531622,4431.33269295319,8760,147,3824.93670109392,5454.61318584384,4431.33269295319
2020-01-01 02:28:00,NA,NA,4413.24028656002,3971.76759589721,5535.14378899067,4413.24028656002,8820,148,3919.57710459005,5518.02164591758,4413.24028656002
2020-01-01 02:29:00,NA,NA,4432.41453686895,4077.29177481876,5610.31613849697,4432.41453686895,8880,149,3996.13156661858,5580.1027648532,4432.41453686895
2020-01-01 02:30:00,NA,NA,4449.80046739509,4140.87838452956,5673.09181277315,4449.80046739509,8940,150,4055.23428545694,5640.19359950448,4449.80046739509
2020-01-01 02:31:00,NA,NA,4444.82993836232,4165.22510385949,5732.50632585327,4444.82993836232,9000,151,4097.50349620211,5697.62938614088,4444.82993836232
2020-01-01 02:32:00,NA,NA,4463.55491460749,4151.24493210861,5786.08699447117,4463.55491460749,9060,152,4123.54203635151,5751.74293240539,4463.55491460749
2020-01-01 02:33:00,NA,NA,4470.7928387809,4145.0430474014,5843.89254985477,4470.7928387809,9120,153,4133.93789725521,5801.86400704747,4470.7928387809
2020-01-01 02:34:00,NA,NA,4471.05937598383,4129.8368403951,5882.42274908816,4471.05937598383,9180,154,4129.26476197071,5847.31872687421,4471.05937598383
2020-01-01 02:35:00,NA,NA,4447.86812140375,4118.69968909728,5911.95194938893,4447.86812140375,9240,155,4110.08253002129,5887.42894035959,4447.86812140375
2020-01-01 02:36:00,NA,NA,4371.69692342329,4091.25557844905,5953.06969945873,4371.69692342329,9300,156,4076.93782954165,5921.51160734845,4371.69692342329
2020-01-01 02:37:00,NA,NA,4280.24733846997,4043.54720156437,5994.32815497353,4280.24733846997,9360,157,4030.36451728146,5948.87817428817,4280.24733846997
2020-01-01 02:38:00,NA,NA,4161.00351297761,3976.37030832471,6015.60358898963,4161.00351297761,9420,158,3970.88416692508,5968.83394441671,4161.00351297761
2020-01-01 02:39:00,NA,NA,4014.63363654133,3894.87179365209,6013.76811714269,4014.63363654133,9480,159,3899.00654617473,5980.67744233102,4014.63363654133
2020-01-01 02:40:00,NA,NA,3909.02087724594,3812.89761095394,5995.68476708672,3909.02087724594,9540,160,3815.230083034,5983.69977235483,3909.02087724594
2020-01-01 02:41:00,3720.04232171838,5977.18397011879,NA,3720.04232171838,5977.18397011879,3831.97896450303,9600,161,3720.04232171838,5977.18397011879,3818.87761615974
2020-01-01 02:42:00,3616.4387262759,5964.8513521537,NA,3616.4387262759,5964.8513521537,3773.64068687419,9660,162,3616.4387262759,5964.8513521537,3747.10488630783
2020-01-01 02:43:00,NA,NA,3712.91129863313,3506.9797493499,5963.83573515699,3712.91129863313,9720,163,3514.40340841962,5962.92597871371,3712.91129863313
2020-01-01 02:44:00,NA,NA,3724.47798802866,3410.9971273841,5968.98286580494,3724.47798802866,9780,164,3414.12951640997,5970.96436500089,3724.47798802866
2020-01-01 02:45:00,NA,NA,3748.06709136222,3316.10584073674,5984.74808007582,3748.06709136222,9840,165,3312.73426094073,5983.2513651606,3748.06709136222
2020-01-01 02:46:00,3207.33382629281,5994.07571878666,NA,3207.33382629281,5994.07571878666,3769.15872314923,9900,166,3207.33382629281,5994.07571878666,3772.62583644411
2020-01-01 02:47:00,NA,NA,3801.66395581012,3084.60867661693,5987.46582105314,3801.66395581012,9960,167,3095.31480251716,5998.97240934687,3801.66395581012
2020-01-01 02:48:00,NA,NA,3827.80018055185,2950.36932833808,5989.60784597425,3827.80018055185,10020,168,2975.15405276654,5998.46155593224,3827.80018055185
2020-01-01 02:49:00,NA,NA,3823.19944740012,2802.76133746462,5986.06191054302,3823.19944740012,10080,169,2845.59505919136,5994.30591253993,3823.19944740012
2020-01-01 02:50:00,NA,NA,3835.29899227632,2649.88497064221,5979.35851369074,3835.29899227632,10140,170,2705.37270678768,5988.26489946598,3835.29899227632
2020-01-01 02:51:00,NA,NA,3833.26627324533,2497.17465836782,5973.14835983359,3833.26627324533,10200,171,2553.21212648555,5982.09621264438,3833.26627324533
2020-01-01 02:52:00,NA,NA,3831.91854587024,2341.17697832458,5976.00319145396,3831.91854587024,10260,172,2387.8275291359,5977.55743138099,3831.91854587024
2020-01-01 02:53:00,NA,NA,3840.18558479524,2171.16709994751,5965.3640222557,3840.18558479524,10320,173,2207.92102946395,5976.40762598341,3840.18558479524
2020-01-01 02:54:00,NA,NA,3871.21164704583,1996.97296407123,5972.87573946358,3871.21164704583,10380,174,2012.18145893842,5980.4089667575,3871.21164704583
2020-01-01 02:55:00,1799.28316647986,5991.32833584181,NA,1799.28316647986,5991.32833584181,3873.79484635461,10440,175,1799.28316647986,5991.32833584181,3883.7737949609
2020-01-01 02:56:00,1571.71560720373,6010.68500244582,NA,1571.71560720373,6010.68500244582,3868.35363227578,10500,176,1571.71560720373,6010.68500244582,3872.49201493386
2020-01-01 02:57:00,NA,NA,3844.63534368668,1344.84556805876,6035.94630001516,3844.63534368668,10560,177,1343.67447893421,6038.82533165509,3844.63534368668
2020-01-01 02:58:00,NA,NA,3800.57780201719,1130.47226226847,6051.9577037661,3800.57780201719,10620,178,1118.76819602531,6075.19050264355,3800.57780201719
2020-01-01 02:59:00,NA,NA,3728.31160332048,913.569020196952,6091.92265444879,3728.31160332048,10680,179,897.003791941993,6119.06440707957,3728.31160332048
2020-01-01 03:00:00,NA,NA,3644.67680214949,702.029562669282,6144.30890527825,3644.67680214949,10740,180,678.391173835223,6169.73780517101,3644.67680214949
2020-01-01 03:01:00,NA,NA,3549.92067833793,499.251031076312,6196.10428865437,3549.92067833793,10800,181,462.94313171331,6226.5076766706,3549.92067833793
2020-01-01 03:02:00,NA,NA,3493.32040814012,276.45333142748,6249.77660394767,3493.32040814012,10860,182,250.675350169898,6288.67657776419,3493.32040814012
2020-01-01 03:03:00,NA,NA,3433.16912818087,56.1022157102407,6312.45821384211,3433.16912818087,10920,183,41.6064227430469,6355.55200309804,3433.16912818087
2020-01-01 03:04:00,NA,NA,3393.76292800271,-156.288912101383,6388.71178374805,3393.76292800271,10980,184,-164.242131070886,6426.44575233673,3393.76292800271
2020-01-01 03:05:00,NA,NA,3397.44480474635,-353.733348499808,6491.87587947832,3397.44480474635,11040,185,-366.84584612975,6500.67330066472,3397.44480474635
2020-01-01 03:06:00,-566.177289265161,6577.55317265278,NA,-566.177289265161,6577.55317265278,3429.47128842633,11100,186,-566.177289265161,6577.55317265278,3416.97055722024
2020-01-01 03:07:00,NA,NA,3435.52041351139,-762.424096676989,6654.63751576092,3435.52041351139,11160,187,-760.854085432534,6656.18088744706,3435.52041351139
2020-01-01 03:08:00,-944.081557656333,6734.75179608102,NA,-944.081557656333,6734.75179608102,3434.28877480167,11220,188,-944.081557656333,6734.75179608102,3447.4049312403
2020-01-01 03:09:00,NA,NA,3468.52034002778,-1093.03283801156,6832.04516889966,3468.52034002778,11280,189,-1109.46096153724,6811.57641503205,3468.52034002778
2020-01-01 03:10:00,NA,NA,3500.23024962054,-1220.48049870186,6891.79679910799,3500.23024962054,11340,190,-1257.61097303321,6886.32631953457,3500.23024962054
2020-01-01 03:11:00,NA,NA,3496.3266118075,-1354.10843153451,6909.33734160973,3496.3266118075,11400,191,-1390.89286173291,6959.01183558497,3496.3266118075
2020-01-01 03:12:00,NA,NA,3499.49729477905,-1468.57737466518,6938.46269582046,3499.49729477905,11460,192,-1511.65429737357,7029.64140089734,3499.49729477905
2020-01-01 03:13:00,NA,NA,3497.94933063517,-1588.12113446498,6974.96437301546,3497.94933063517,11520,193,-1622.23149742572,7098.22157261906,3497.94933063517
2020-01-01 03:14:00,NA,NA,3498.73530689148,-1710.70832840538,7031.15576226146,3498.73530689148,11580,194,-1724.95136404229,7164.75703332872,3498.73530689148
2020-01-01 03:15:00,NA,NA,3492.73635314995,-1818.149259553,7098.29090791289,3492.73635314995,11640,195,-1822.13361246282,7229.25059531943,3492.73635314995
2020-01-01 03:16:00,NA,NA,3506.53345879552,-1913.09563747194,7190.73283469951,3506.53345879552,11700,196,-1916.09289283706,7291.7032031715,3506.53345879552
2020-01-01 03:17:00,NA,NA,3495.77677253549,-2008.77087047153,7295.07453427744,3495.77677253549,11760,197,-2009.14090741349,7352.11393461674,3495.77677253549
2020-01-01 03:18:00,NA,NA,3522.76970292499,-2103.06250936093,7395.85034946228,3522.76970292499,11820,198,-2103.58852503103,7410.47999969503,3522.76970292499
2020-01-01 03:19:00,-2201.74789484841,7466.79673820256,NA,-2201.74789484841,7466.79673820256,3575.31404984763,11880,199,-2201.74789484841,7466.79673820256,3573.61862174233
2020-01-01 03:20:00,-2304.1748320418,7521.53073340205,NA,-2304.1748320418,7521.53073340205,3634.06491748829,11940,200,-2304.1748320418,7521.53073340205,3632.55814588009
2020-01-01 03:21:00,NA,NA,3691.49690816068,-2397.65669153752,7572.64972374136,3691.49690816068,12000,201,-2405.37214722713,7576.3788546197,3691.49690816068
2020-01-01 03:22:00,NA,NA,3744.94319147231,-2479.93672412791,7647.31505011314,3744.94319147231,12060,202,-2502.01130342002,7630.86777136188,3744.94319147231
2020-01-01 03:23:00,NA,NA,3789.96538920335,-2571.99279989842,7714.18750681295,3789.96538920335,12120,203,-2591.74192494438,7683.86299927619,3789.96538920335
2020-01-01 03:24:00,NA,NA,3818.98785476737,-2676.32505430601,7745.05915943784,3818.98785476737,12180,204,-2672.20731629556,7734.22868754943,3818.98785476737
2020-01-01 03:25:00,NA,NA,3874.10445947674,-2756.01909560959,7784.3451203898,3874.10445947674,12240,205,-2741.04230667663,7780.82657997767,3874.10445947674
2020-01-01 03:26:00,-2795.8710866905,7822.51497383856,NA,-2795.8710866905,7822.51497383856,3902.55826543819,12300,206,-2795.8710866905,7822.51497383856,3898.47948047626
2020-01-01 03:27:00,NA,NA,3883.42839339578,-2825.79180988732,7856.41799567104,3883.42839339578,12360,207,-2834.66689876756,7858.00842569799,3883.42839339578
2020-01-01 03:28:00,-2856.83583747379,7885.45879905176,NA,-2856.83583747379,7885.45879905176,3840.54739467086,12420,208,-2856.83583747379,7885.45879905176,3841.78759546153
2020-01-01 03:29:00,NA,NA,3794.14737557037,-2888.3714736318,7912.8812017947,3794.14737557037,12480,209,-2862.56022019964,7903.47238028782,3794.14737557037
2020-01-01 03:30:00,NA,NA,3755.42661835872,-2903.96502751595,7952.77638623069,3755.42661835872,12540,210,-2853.7256885272,7913.05106098944,3755.42661835872
2020-01-01 03:31:00,NA,NA,3716.24252769198,-2895.56914221009,7978.21145256298,3716.24252769198,12600,211,-2832.63413561198,7915.79004737017,3716.24252769198
2020-01-01 03:32:00,NA,NA,3688.07166028841,-2881.01776306348,7991.27449284668,3688.07166028841,12660,212,-2801.5762430281,7913.27828939779,3688.07166028841
2020-01-01 03:33:00,NA,NA,3673.98041899948,-2857.70620342846,7977.20925013265,3673.98041899948,12720,213,-2762.83357627792,7907.09993431009,3673.98041899948
2020-01-01 03:34:00,NA,NA,3596.16450456741,-2811.27593835493,7952.45739723515,3596.16450456741,12780,214,-2718.68067176596,7898.83577563656,3596.16450456741
2020-01-01 03:35:00,NA,NA,3521.52580297868,-2735.39821618257,7925.3384308809,3521.52580297868,12840,215,-2671.3871173112,7890.0646991382,3521.52580297868
2020-01-01 03:36:00,NA,NA,3436.36436839342,-2658.52618053442,7907.10136577533,3436.36436839342,12900,216,-2623.21962812328,7882.36512699886,3436.36436839342
2020-01-01 03:37:00,NA,NA,3348.43199906363,-2584.41851517483,7898.25234728215,3348.43199906363,12960,217,-2576.44412014748,7877.31646159165,3348.43199906363
2020-01-01 03:38:00,-2533.32778267749,7876.50053014205,NA,-2533.32778267749,7876.50053014205,3224.95235533826,13020,218,-2533.32778267749,7876.50053014205,3251.19043563788
2020-01-01 03:39:00,NA,NA,3172.36853144618,-2500.28836430741,7852.60239353712,3172.36853144618,13080,219,-2495.61611801043,7880.82267536817,3172.36853144618
2020-01-01 03:40:00,NA,NA,3137.17451057646,-2461.55747841229,7845.47364482767,3137.17451057646,13140,220,-2462.95934001117,7888.47139058859,3137.17451057646
2020-01-01 03:41:00,NA,NA,3113.58163074987,-2431.69420434341,7860.81922937464,3113.58163074987,13200,221,-2434.48725315985,7896.95785641211,3113.58163074987
2020-01-01 03:42:00,NA,NA,3072.6666402598,-2413.43774067324,7880.33291558642,3072.6666402598,13260,222,-2409.33348958111,7903.79401935524,3072.6666402598
2020-01-01 03:43:00,NA,NA,3026.73149677174,-2393.05083659702,7888.54440669071,3026.73149677174,13320,223,-2386.63471657798,7906.49031612358,3026.73149677174
2020-01-01 03:44:00,-2365.52984695586,7902.55339647894,NA,-2365.52984695586,7902.55339647894,2924.30680827246,13380,224,-2365.52984695586,7902.55339647894,2932.88785904142
2020-01-01 03:45:00,NA,NA,2825.33077204644,-2341.06729301107,7886.85935775041,2825.33077204644,13440,225,-2345.27821437386,7890.001479291,2825.33077204644
2020-01-01 03:46:00,NA,NA,2744.25735476736,-2329.63693996606,7841.54410263103,2744.25735476736,13500,226,-2325.61580664275,7868.9155432581,2744.25735476736
2020-01-01 03:47:00,NA,NA,2675.57307967118,-2348.6067599297,7776.16017326652,2675.57307967118,13560,227,-2306.39811348846,7839.88639516183,2675.57307967118
2020-01-01 03:48:00,NA,NA,2638.50031901546,-2388.42798226359,7719.7801752884,2638.50031901546,13620,228,-2287.48103138931,7803.49757604786,2638.50031901546
2020-01-01 03:49:00,NA,NA,2587.88876551118,-2399.74836450897,7653.13626421333,2587.88876551118,13680,229,-2268.72073177231,7760.32589508791,2587.88876551118
2020-01-01 03:50:00,NA,NA,2574.05712645453,-2393.13864372596,7579.46458306893,2574.05712645453,13740,230,-2249.97352945762,7710.94195720611,2574.05712645453
2020-01-01 03:51:00,NA,NA,2541.41676458619,-2380.04171839217,7502.43131639281,2541.41676458619,13800,231,-2231.09575123285,7655.91068501776,2541.41676458619
2020-01-01 03:52:00,NA,NA,2511.61035118828,-2361.7879816975,7412.5753572034,2511.61035118828,13860,232,-2211.9436044377,7595.79183556578,2511.61035118828
2020-01-01 03:53:00,NA,NA,2473.27856431369,-2334.61065505238,7307.43573065219,2473.27856431369,13920,233,-2192.37304543894,7531.14051232989,2473.27856431369
2020-01-01 03:54:00,NA,NA,2430.30554728641,-2320.5878098854,7185.10117547963,2430.30554728641,13980,234,-2172.23964787561,7462.5076729779,2430.30554728641
2020-01-01 03:55:00,NA,NA,2429.58879897328,-2299.28213364243,7080.60852411256,2429.58879897328,14040,235,-2151.39847055395,7390.44063332403,2429.58879897328
2020-01-01 03:56:00,NA,NA,2461.09546564731,-2293.60429560187,6972.11432759451,2461.09546564731,14100,236,-2129.70392487133,7315.48356795563,2461.09546564731
2020-01-01 03:57:00,NA,NA,2522.06983971054,-2267.07757791014,6879.60038521435,2522.06983971054,14160,237,-2107.00964164788,7238.17800798621,2522.06983971054
2020-01-01 03:58:00,NA,NA,2595.5637353106,-2204.090668795,6801.60857834691,2595.5637353106,14220,238,-2083.16833724406,7159.06333639037,2595.5637353106
2020-01-01 03:59:00,NA,NA,2619.86844938049,-2137.11105736592,6748.21482217629,2619.86844938049,14280,239,-2058.03167884179,7078.67728137368,2619.86844938049
2020-01-01 04:00:00,NA,NA,2606.23158725059,-2098.03309397238,6705.94983540147,2606.23158725059,14340,240,-2031.45014876579,6997.55640822875,2606.23158725059
2020-01-01 04:01:00,NA,NA,2589.53630587785,-2070.40592390173,6657.5876620465,2589.53630587785,14400,241,-2003.27290772113,6916.23661012766,2589.53630587785
2020-01-01 04:02:00,NA,NA,2590.04191373574,-2041.65106137914,6617.26323284629,2590.04191373574,14460,242,-1973.34765682189,6835.25359829945,2590.04191373574
2020-01-01 04:03:00,NA,NA,2562.74075646672,-2000.91377644852,6588.05534439087,2562.74075646672,14520,243,-1941.52049828468,6755.14339204118,2562.74075646672
2020-01-01 04:04:00,NA,NA,2530.86101068041,-1962.9992660192,6548.51888248304,2530.86101068041,14580,244,-1907.6357946597,6676.44280901078,2530.86101068041
2020-01-01 04:05:00,NA,NA,2494.20674602545,-1897.16488684269,6518.67707012926,2494.20674602545,14640,245,-1871.53602647045,6599.68995625006,2494.20674602545
2020-01-01 04:06:00,NA,NA,2464.80434651207,-1831.82299024165,6467.04671163475,2464.80434651207,14700,246,-1833.06164813202,6525.42472238716,2464.80434651207
2020-01-01 04:07:00,NA,NA,2431.46380205738,-1762.80790238695,6400.24790296149,2431.46380205738,14760,247,-1792.05094201604,6454.1892714686,2431.46380205738
2020-01-01 04:08:00,NA,NA,2398.49543705036,-1714.74254617353,6353.07844219049,2398.49543705036,14820,248,-1748.33987052888,6386.52853887256,2398.49543705036
2020-01-01 04:09:00,NA,NA,2360.30116673863,-1663.46698622034,6296.14035650991,2360.30116673863,14880,249,-1701.76192606784,6322.99072975716,2360.30116673863
2020-01-01 04:10:00,NA,NA,2375.42383600341,-1625.98239204751,6249.24305851697,2375.42383600341,14940,250,-1652.14797871795,6264.12782049951,2375.42383600341
2020-01-01 04:11:00,-1599.3261215502,6210.49606358434,NA,-1599.3261215502,6210.49606358434,2417.21432127817,15000,251,-1599.3261215502,6210.49606358434,2407.76246941228
2020-01-01 04:12:00,NA,NA,2453.45571434321,-1579.49886642538,6161.38422897822,2453.45571434321,15060,252,-1543.2422943771,6162.22176814291,2453.45571434321
2020-01-01 04:13:00,NA,NA,2504.38832216563,-1536.091311342,6118.36527965234,2504.38832216563,15120,253,-1484.32259858084,6117.69715135842,2504.38832216563
2020-01-01 04:14:00,NA,NA,2499.51568376653,-1476.68713480855,6079.24781248412,2499.51568376653,15180,254,-1423.11132133024,6074.88313243609,2499.51568376653
2020-01-01 04:15:00,NA,NA,2470.72977984483,-1404.05458011493,6039.53272892423,2470.72977984483,15240,255,-1360.15065373245,6031.74219494191,2470.72977984483
2020-01-01 04:16:00,NA,NA,2432.56130372493,-1326.34208763265,6015.65922442939,2432.56130372493,15300,256,-1295.98118678028,5986.23652318645,2432.56130372493
2020-01-01 04:17:00,NA,NA,2427.31246267211,-1250.25198324773,5973.43356436093,2427.31246267211,15360,257,-1231.14240582076,5936.3261382963,2427.31246267211
2020-01-01 04:18:00,NA,NA,2423.33598207818,-1177.42815000005,5901.61661633351,2423.33598207818,15420,258,-1166.1731840141,5879.96703228807,2423.33598207818
2020-01-01 04:19:00,NA,NA,2445.01076502762,-1095.53714542084,5822.36784642566,2445.01076502762,15480,259,-1101.61227523408,5815.10929844768,2445.01076502762
2020-01-01 04:20:00,-1037.99880686003,5739.69525630914,NA,-1037.99880686003,5739.69525630914,2461.52156449316,15540,260,-1037.99880686003,5739.69525630914,2473.67676288702
2020-01-01 04:21:00,NA,NA,2492.09502857088,-980.684355236157,5645.92783553006,2492.09502857088,15600,261,-975.73594381162,5652.34696131049,2492.09502857088
2020-01-01 04:22:00,NA,NA,2498.63250386251,-949.696364723787,5537.75454850888,2498.63250386251,15660,262,-914.680744771676,5554.43324384548,2498.63250386251
2020-01-01 04:23:00,NA,NA,2504.78545196754,-928.219595999463,5433.16806019674,2504.78545196754,15720,263,-854.554543747475,5448.00265832352,2504.78545196754
2020-01-01 04:24:00,NA,NA,2452.18343423266,-885.332603193508,5317.22845121573,2452.18343423266,15780,264,-795.079524437253,5335.09596892257,2452.18343423266
2020-01-01 04:25:00,NA,NA,2405.26634536625,-823.064574085885,5199.61401172638,2405.26634536625,15840,265,-735.978466133136,5217.74801631176,2405.26634536625
2020-01-01 04:26:00,NA,NA,2373.57462879976,-754.979216937185,5092.30670475654,2373.57462879976,15900,266,-676.974490157336,5097.98957889456,2373.57462879976
2020-01-01 04:27:00,NA,NA,2303.40509580368,-680.228376629096,4982.22714553904,2303.40509580368,15960,267,-617.790806607899,4977.84923033699,2303.40509580368
2020-01-01 04:28:00,NA,NA,2215.20160458445,-605.952330173364,4866.66500094703,2215.20160458445,16020,268,-558.150461184122,4859.35519508118,2215.20160458445
2020-01-01 04:29:00,NA,NA,2159.22515414623,-523.91641429599,4755.94402622572,2159.22515414623,16080,269,-497.776081860742,4744.53720354087,2159.22515414623
2020-01-01 04:30:00,NA,NA,2135.25328192831,-435.34610073445,4647.9586787064,2135.25328192831,16140,270,-436.389625179505,4635.42834867545,2135.25328192831
2020-01-01 04:31:00,-373.712121926218,4534.06694564045,NA,-373.712121926218,4534.06694564045,2102.19477287151,16200,271,-373.712121926218,4534.06694564045,2104.61823895556
2020-01-01 04:32:00,NA,NA,2063.62993367601,-301.659081201311,4440.89052357588,2063.62993367601,16260,272,-309.589525742974,4441.67655871466,2063.62993367601
2020-01-01 04:33:00,NA,NA,2022.24049180797,-232.987144597407,4349.97415512073,2022.24049180797,16320,273,-244.370906146271,4356.20145787951,2022.24049180797
2020-01-01 04:34:00,NA,NA,1988.1044348242,-164.191938462782,4247.89677809261,1988.1044348242,16380,274,-178.530433078923,4274.77040190071,1988.1044348242
2020-01-01 04:35:00,NA,NA,1942.60982886132,-94.5669138921207,4169.1556117186,1942.60982886132,16440,275,-112.541707709024,4194.51584818525,1942.60982886132
2020-01-01 04:36:00,-46.8781956367748,4112.57132995774,NA,-46.8781956367748,4112.57132995774,1927.0984732921,16500,276,-46.8781956367748,4112.57132995774,1934.96171929473
2020-01-01 04:37:00,NA,NA,1938.99960678274,-34.4950868827931,4049.87066650735,1938.99960678274,16560,277,17.5858978695524,4026.74557459621,1938.99960678274
2020-01-01 04:38:00,NA,NA,1914.88463432902,-13.1801929152684,3968.38529530228,1914.88463432902,16620,278,78.3734278684973,3937.55084318993,1914.88463432902
2020-01-01 04:39:00,NA,NA,1874.76605593158,30.4515078773951,3876.62926180938,1874.76605593158,16680,279,132.603443428341,3846.17305385415,1874.76605593158
2020-01-01 04:40:00,NA,NA,1853.63634786973,88.3347715350523,3781.77002640821,1853.63634786973,16740,280,177.388994887324,3753.79612793798,1853.63634786973
2020-01-01 04:41:00,NA,NA,1831.89767801421,157.388632287639,3681.56727788683,1831.89767801421,16800,281,209.834493360682,3661.60307297893,1831.89767801421
2020-01-01 04:42:00,227.03306225368,3570.77706478608,NA,227.03306225368,3570.77706478608,1767.90719622774,16860,282,227.03306225368,3570.77706478608,1772.21533021701
2020-01-01 04:43:00,NA,NA,1699.19593525046,253.516305041004,3473.25653468048,1699.19593525046,16920,283,226.832426358858,3482.04689334118,1699.19593525046
2020-01-01 04:44:00,NA,NA,1654.24707159663,252.578290021074,3383.69324748918,1654.24707159663,16980,284,210.138725148422,3394.32063640793,1654.24707159663
2020-01-01 04:45:00,NA,NA,1654.8643636209,202.149558702826,3307.53946323621,1654.8643636209,17040,285,178.611555237584,3306.05165301563,1654.8643636209
2020-01-01 04:46:00,NA,NA,1650.41994571251,146.894083119837,3216.3533997901,1650.41994571251,17100,286,133.89694501697,3215.69280543705,1650.41994571251
2020-01-01 04:47:00,77.628860426946,3121.69504413295,NA,77.628860426946,3121.69504413295,1673.36813309863,17160,287,77.6288604269461,3121.69504413295,1684.76357052255
2020-01-01 04:48:00,NA,NA,1746.11570442505,13.1368589664018,3024.14290501982,1746.11570442505,17220,288,14.019061060494,3022.55609049958,1746.11570442505
2020-01-01 04:49:00,-42.3734863927502,2916.96936906477,NA,-42.3734863927502,2916.96936906477,1816.6421749081,17280,289,-42.3734863927502,2916.96936906477,1808.3793745833
2020-01-01 04:50:00,NA,NA,1875.80672361856,-84.1883432138872,2816.42273206457,1875.80672361856,17340,290,-78.1085001379525,2804.52006149221,1875.80672361856
2020-01-01 04:51:00,NA,NA,1949.36779226921,-104.021317512967,2708.49644380098,1949.36779226921,17400,291,-94.5820866237135,2688.17745931025,1949.36779226921
2020-01-01 04:52:00,NA,NA,1999.37090650213,-106.804485463527,2587.10169565336,1999.37090650213,17460,292,-96.8863811597417,2571.75484957767,1999.37090650213
2020-01-01 04:53:00,NA,NA,2036.04300392216,-90.3132443127829,2486.11633974219,2036.04300392216,17520,293,-90.1005587465719,2459.06544666802,2036.04300392216
2020-01-01 04:54:00,NA,NA,2075.45341644319,-80.0089365441621,2382.5638835933,2075.45341644319,17580,294,-79.2954801496826,2353.92588016386,2075.45341644319
2020-01-01 04:55:00,NA,NA,2138.52452957242,-71.1574697124798,2283.8018913232,2138.52452957242,17640,295,-69.5383301677816,2260.1596858382,2138.52452957242
2020-01-01 04:56:00,-65.8972525210683,2181.60080296645,NA,-65.8972525210683,2181.60080296645,2236.3079385293,17700,296,-65.8972525210683,2181.60080296645,2228.88648293345
2020-01-01 04:57:00,NA,NA,2299.73303174346,-88.7536850307581,2111.27102794911,2299.73303174346,17760,297,-72.3499990260888,2120.98651839081,2299.73303174346
2020-01-01 04:58:00,NA,NA,2313.92674137248,-108.377366560176,2049.88463680365,2313.92674137248,17820,298,-88.4994087654119,2076.62808066773,2313.92674137248
2020-01-01 04:59:00,NA,NA,2306.72051173131,-127.272121815903,2005.03694767526,2306.72051173131,17880,299,-112.861206461827,2045.7410486536,2306.72051173131
2020-01-01 05:00:00,NA,NA,2279.9374199125,-140.904388698198,1981.21985156761,2279.9374199125,17940,300,-143.958628641008,2025.55330328314,2279.9374199125
2020-01-01 05:01:00,NA,NA,2256.8436922295,-185.975912186901,1963.37368897624,2256.8436922295,18000,301,-180.32107277987,2013.30251186305,2256.8436922295
2020-01-01 05:02:00,NA,NA,2220.01999802412,-230.113147722428,1969.94210306308,2220.01999802412,18060,302,-220.48275215427,2006.23360139678,2220.01999802412
2020-01-01 05:03:00,NA,NA,2204.43735238033,-265.986048455817,1969.95232115907,2204.43735238033,18120,303,-262.981355096695,2001.5962385515,2204.43735238033
2020-01-01 05:04:00,NA,NA,2200.19939469488,-298.214593969566,1978.89570122701,2200.19939469488,18180,304,-306.356707433485,1996.64231395891,2200.19939469488
2020-01-01 05:05:00,NA,NA,2233.00881474001,-339.417511112922,1981.54755563189,2233.00881474001,18240,305,-349.149436877322,1988.62342854891,2233.00881474001
2020-01-01 05:06:00,-389.899638153066,1974.78837961709,NA,-389.899638153066,1974.78837961709,2275.97828210441,18300,306,-389.899638153066,1974.78837961709,2263.84117190499
2020-01-01 05:07:00,NA,NA,2273.16082417294,-433.963397887861,1972.59069061694,2273.16082417294,18360,307,-427.688379222049,1952.96857437794,2273.16082417294
2020-01-01 05:08:00,NA,NA,2253.92364275518,-457.290548184006,1952.48630528282,2253.92364275518,18420,308,-463.765485070249,1923.33994286867,2253.92364275518
2020-01-01 05:09:00,NA,NA,2209.11012024118,-488.622265819894,1906.6252220828,2209.11012024118,18480,309,-499.922056673133,1886.65920008423,2209.11012024118
2020-01-01 05:10:00,NA,NA,2152.17391934108,-532.516202105009,1853.35770203929,2152.17391934108,18540,310,-537.949268001502,1843.67661045326,2152.17391934108
2020-01-01 05:11:00,-579.64000431137,1795.13667416205,NA,-579.64000431137,1795.13667416205,2112.49304210176,18600,311,-579.64000431137,1795.13667416205,2113.23787719793
2020-01-01 05:12:00,-626.249218138148,1744.76661764726,NA,-626.249218138148,1744.76661764726,2105.9094118086,18660,312,-626.249218138148,1744.76661764726,2092.63580233533
2020-01-01 05:13:00,NA,NA,2082.46176290428,-685.271664356063,1720.83718465494,2082.46176290428,18720,313,-677.421641459576,1703.97523257029,2082.46176290428
2020-01-01 05:14:00,NA,NA,2069.94803535712,-742.769776245901,1681.41784133001,2069.94803535712,18780,314,-734.467057895618,1670.09290298817,2069.94803535712
2020-01-01 05:15:00,-799.251140122405,1636.18778298508,NA,-799.251140122405,1636.18778298508,2039.46176056697,18840,315,-799.251140122405,1636.18778298508,2032.81245382407
2020-01-01 05:16:00,NA,NA,1992.20564021952,-864.240699859487,1587.12071780753,1992.20564021952,18900,316,-872.128215474497,1597.32807676569,1992.20564021952
2020-01-01 05:17:00,NA,NA,1978.00059074328,-943.122498232463,1546.78636815938,1978.00059074328,18960,317,-947.386037269101,1556.57811157089,1978.00059074328
2020-01-01 05:18:00,NA,NA,1998.76925914633,-1010.01086428216,1519.42540962106,1998.76925914633,19020,318,-1017.79611203362,1519.00055771122,1998.76925914633
2020-01-01 05:19:00,-1076.12551077923,1489.66098820513,NA,-1076.12551077923,1489.66098820513,2028.08082160561,19080,319,-1076.12551077923,1489.66098820513,2034.517074309
2020-01-01 05:20:00,-1115.73431531453,1471.46675950244,NA,-1115.73431531453,1471.46675950244,2074.3335411456,19140,320,-1115.73431531453,1471.46675950244,2083.2219509207
2020-01-01 05:21:00,NA,NA,2149.94515267752,-1135.31291176172,1454.37565890877,2149.94515267752,19200,321,-1133.54253787028,1459.84405129982,2149.94515267752
2020-01-01 05:22:00,NA,NA,2228.09742018193,-1130.82722328338,1449.26329540436,2228.09742018193,19260,322,-1131.69731567467,1452.74765954989,2228.09742018193
2020-01-01 05:23:00,NA,NA,2275.90430249932,-1113.79281314749,1443.85919644198,2275.90430249932,19320,323,-1113.48850394211,1449.30855676353,2275.90430249932
2020-01-01 05:24:00,-1082.19098986339,1448.66106079479,NA,-1082.19098986339,1448.66106079479,2315.38910412491,19380,324,-1082.19098986339,1448.66106079479,2296.74141909946
2020-01-01 05:25:00,NA,NA,2304.03559096605,-1041.43129135687,1456.09063436127,2304.03559096605,19440,325,-1040.77180760358,1450.06591664161,2304.03559096605
2020-01-01 05:26:00,NA,NA,2302.49158218127,-1009.525656909,1435.65458766196,2302.49158218127,19500,326,-991.005153309728,1453.28126451199,2302.49158218127
2020-01-01 05:27:00,NA,NA,2278.73803139144,-968.550462509073,1420.26099625341,2278.73803139144,19560,327,-934.361704120087,1458.19077492265,2278.73803139144
2020-01-01 05:28:00,NA,NA,2251.90731213643,-893.274893550966,1431.53402906213,2251.90731213643,19620,328,-872.305846972765,1464.67966807207,2251.90731213643
2020-01-01 05:29:00,NA,NA,2228.67681960715,-822.829803843271,1436.8369549031,2228.67681960715,19680,329,-806.297018175896,1472.6346088227,2228.67681960715
2020-01-01 05:30:00,NA,NA,2179.82906149186,-763.151094746571,1438.66421731588,2179.82906149186,19740,330,-737.791038358313,1481.94360302646,2179.82906149186
2020-01-01 05:31:00,NA,NA,2125.07038919677,-699.040595523811,1446.90269066422,2125.07038919677,19800,331,-668.24144410053,1492.49589508093,2125.07038919677
2020-01-01 05:32:00,NA,NA,2061.80485786017,-628.921234144436,1461.77186485033,2061.80485786017,19860,332,-599.100817472901,1504.1818666201,2061.80485786017
2020-01-01 05:33:00,NA,NA,1987.93172296555,-544.754677679591,1487.30491598637,1987.93172296555,19920,333,-531.822114699427,1516.89293624608,1987.93172296555
2020-01-01 05:34:00,NA,NA,1952.78504412322,-474.067211601411,1501.2203993046,1952.78504412322,19980,334,-467.859995163423,1530.5214602098,1952.78504412322
2020-01-01 05:35:00,NA,NA,1971.38724711372,-398.909929348484,1526.68747391625,1971.38724711372,20040,335,-408.672151971,1544.96063394956,1971.38724711372
2020-01-01 05:36:00,NA,NA,1992.9334751581,-345.243803639034,1550.88584633991,1992.9334751581,20100,336,-355.720645289579,1560.10439439741,1992.9334751581
2020-01-01 05:37:00,-310.473239681073,1575.8473229638,NA,-310.473239681073,1575.8473229638,2007.853109558,20160,337,-310.473239681073,1575.8473229638,2009.44553395221
2020-01-01 05:38:00,NA,NA,2035.40898015233,-255.467438704044,1598.06046876,2035.40898015233,20220,338,-273.889719392961,1592.04390893967,2035.40898015233
2020-01-01 05:39:00,NA,NA,2076.02071194131,-210.299347793623,1611.8474938701,2076.02071194131,20280,339,-244.877591172857,1608.38648854201,2076.02071194131
2020-01-01 05:40:00,NA,NA,2105.50371506978,-180.339097603022,1631.48075322777,2105.50371506978,20340,340,-221.836261748676,1624.52689150167,2105.50371506978
2020-01-01 05:41:00,NA,NA,2135.42432346069,-166.509532155212,1652.32382644698,2135.42432346069,20400,341,-203.170599145875,1640.116762568,2135.42432346069
2020-01-01 05:42:00,NA,NA,2144.14430620595,-162.830924749118,1665.05103038595,2144.14430620595,20460,342,-187.28947364112,1654.80724288272,2144.14430620595
2020-01-01 05:43:00,NA,NA,2117.33172076238,-166.651901779337,1686.58823378084,2117.33172076238,20520,343,-172.604302388777,1668.2486508887,2117.33172076238
2020-01-01 05:44:00,NA,NA,2086.8906457942,-164.257945632557,1695.61639463021,2086.8906457942,20580,344,-157.527596369927,1680.09016248341,2086.8906457942
2020-01-01 05:45:00,NA,NA,2057.46495905488,-150.487725052789,1703.8089198072,2057.46495905488,20640,345,-140.471508337783,1689.9794901258,2057.46495905488
2020-01-01 05:46:00,-119.846380432999,1697.56256060381,NA,-119.846380432999,1697.56256060381,2038.26893096019,20700,346,-119.846380432999,1697.56256060381,2021.51572369232
2020-01-01 05:47:00,NA,NA,1972.3657198021,-85.3188749073844,1695.63072234552,1972.3657198021,20760,347,-94.0081368300326,1702.49464272337,1972.3657198021
2020-01-01 05:48:00,NA,NA,1913.94511615937,-46.1453743495151,1707.03402292421,1913.94511615937,20820,348,-61.1033090944652,1704.47438821978,1913.94511615937
2020-01-01 05:49:00,NA,NA,1875.91321577117,-5.4486819339523,1711.76801290952,1875.91321577117,20880,349,-19.2208091932962,1703.20919903862,1875.91321577117
2020-01-01 05:50:00,33.5586632482444,1698.40350888731,NA,33.5586632482444,1698.40350888731,1833.28218291573,20940,350,33.5586632482444,1698.40350888731,1840.62873951873
2020-01-01 05:51:00,NA,NA,1815.91423017775,104.243459145992,1690.58053834319,1815.91423017775,21000,351,98.5502541583457,1689.71673496254,1815.91423017775
2020-01-01 05:52:00,NA,NA,1812.99151890998,196.701776119637,1676.08925912878,1812.99151890998,21060,352,174.623680931029,1676.63762400784,1812.99151890998
2020-01-01 05:53:00,NA,NA,1821.43228421117,271.929501083444,1637.74912676487,1821.43228421117,21120,353,260.044678928365,1658.60912568935,1821.43228421117
2020-01-01 05:54:00,NA,NA,1849.98677586734,348.020939993791,1621.25360800736,1849.98677586734,21180,354,353.087533757093,1635.06966223822,1849.98677586734
2020-01-01 05:55:00,NA,NA,1885.66818883167,457.125620906089,1596.83883865897,1885.66818883167,21240,355,452.033502629467,1605.45261489096,1885.66818883167
2020-01-01 05:56:00,NA,NA,1920.64428328827,568.842269182992,1565.17683207296,1920.64428328827,21300,356,555.169242219305,1569.18580564798,1920.64428328827
2020-01-01 05:57:00,NA,NA,1954.65448308505,692.864802910856,1514.60790808457,1954.65448308505,21360,357,660.785241473396,1525.69097392922,1954.65448308505
2020-01-01 05:58:00,NA,NA,1958.26746003299,802.580514811094,1450.19609504735,1958.26746003299,21420,358,767.174257933465,1474.38324765806,1958.26746003299
2020-01-01 05:59:00,NA,NA,1959.0201594526,881.725255727875,1399.60116527781,1959.0201594526,21480,359,872.629756135251,1414.67060829337,1959.0201594526
2020-01-01 06:00:00,975.444346655103,1345.95334932212,NA,975.444346655103,1345.95334932212,1960.98845097912,21540,360,975.444346655103,1345.95334932212,1961.31513047658
2020-01-01 06:01:00,NA,NA,1962.22393745446,1078.65815617791,1264.097727434,1962.22393745446,21600,361,1074.3374329693,1268.00210254325,1962.22393745446
2020-01-01 06:02:00,NA,NA,1964.78886056317,1193.54305807607,1165.72016947598,1964.78886056317,21660,362,1169.74174459659,1182.09342029694,1964.78886056317
2020-01-01 06:03:00,NA,NA,1984.88617135687,1294.58271093411,1056.64174835324,1984.88617135687,21720,363,1262.51602842003,1089.87514828829,1984.88617135687
2020-01-01 06:04:00,NA,NA,2003.41924482372,1381.30831762145,959.056219382831,2003.41924482372,21780,364,1353.51662578581,992.989360962324,2003.41924482372
2020-01-01 06:05:00,NA,NA,1982.64988146803,1451.93828533248,877.737032257215,1982.64988146803,21840,365,1443.59825575915,893.0738635349,1982.64988146803
2020-01-01 06:06:00,1533.61479691148,791.76369007171,NA,1533.61479691148,791.76369007171,1969.47851724613,21900,366,1533.61479691148,791.76369007171,1968.18605619732
2020-01-01 06:07:00,NA,NA,1958.41378968251,1632.23401834286,675.99496716373,1958.41378968251,21960,367,1624.25129945635,690.309025137118,1958.41378968251
2020-01-01 06:08:00,NA,NA,1949.51162132488,1723.46611155666,561.511129696281,1949.51162132488,22020,368,1715.51827480719,588.425554533037,1949.51162132488
2020-01-01 06:09:00,NA,NA,1968.89400691478,1808.71063070574,473.28926572203,1968.89400691478,22080,369,1807.25804314136,485.44499683854,1968.89400691478
2020-01-01 06:10:00,NA,NA,1961.01586613364,1890.49350971535,373.819132566515,1961.01586613364,22140,370,1899.31335714691,380.698066926118,1961.01586613364
2020-01-01 06:11:00,NA,NA,1956.53983900317,1984.80981041089,269.991481505059,1956.53983900317,22200,371,1991.5272581524,273.51386385233,1956.53983900317
2020-01-01 06:12:00,2083.74293254963,163.21925722002,NA,2083.74293254963,163.21925722002,1930.54953631285,22260,372,2083.74293254963,163.21925722002,1913.07325421616
2020-01-01 06:13:00,NA,NA,1854.9800971142,2188.233170194,61.7700709943939,1854.9800971142,22320,373,2175.04506765004,49.7055375576021,1854.9800971142
2020-01-01 06:14:00,NA,NA,1812.99637043148,2255.44444457373,-38.1013626183304,1812.99637043148,22380,374,2261.48337262094,-64.869781529515,1812.99637043148
2020-01-01 06:15:00,NA,NA,1760.77582385152,2333.10915241635,-146.188688154643,1760.77582385152,22440,375,2338.34460578506,-177.782892380533,1760.77582385152
2020-01-01 06:16:00,NA,NA,1701.88713648212,2396.55775639814,-274.259086280605,1701.88713648212,22500,376,2400.90676441436,-286.308466516139,1701.88713648212
2020-01-01 06:17:00,2444.43476582675,-387.717161878546,NA,2444.43476582675,-387.717161878546,1591.6196519671,22560,377,2444.43476582675,-387.717161878546,1607.17706007974
2020-01-01 06:18:00,NA,NA,1507.80572848691,2467.77438406577,-477.893582062984,1507.80572848691,22620,378,2466.95978418641,-480.003966295757,1507.80572848691
2020-01-01 06:19:00,NA,NA,1435.22664923666,2481.60905808086,-565.014985703956,1435.22664923666,22680,379,2477.62896246983,-564.079016560758,1435.22664923666
2020-01-01 06:20:00,2488.3622652102,-641.575776723382,NA,2488.3622652102,-641.575776723382,1338.29740670516,22740,380,2488.3622652102,-641.575776723382,1355.13520803
2020-01-01 06:21:00,NA,NA,1253.38612890196,2492.6580766938,-705.765398031829,1253.38612890196,22800,381,2508.42569001425,-714.134054613294,1253.38612890196
2020-01-01 06:22:00,NA,NA,1136.30407408129,2507.23501261298,-776.483872963984,1136.30407408129,22860,382,2536.47717373539,-783.438586134744,1136.30407408129
2020-01-01 06:23:00,NA,NA,1031.12855824453,2540.12420195471,-855.338353831185,1031.12855824453,22920,383,2568.52793429176,-851.183491692327,1031.12855824453
2020-01-01 06:24:00,NA,NA,916.314781947934,2590.57868973363,-926.904034839783,916.314781947934,22980,384,2600.59284723001,-919.061465403116,916.314781947934
2020-01-01 06:25:00,NA,NA,863.198084906412,2631.50685580889,-997.092228250994,863.198084906412,23040,385,2628.68680058935,-988.765323329861,863.198084906412
2020-01-01 06:26:00,2648.82104980713,-1061.9895518481,NA,2648.82104980713,-1061.9895518481,831.458147612135,23100,386,2648.82104980713,-1061.9895518481,825.947481652312
2020-01-01 06:27:00,NA,NA,797.973512985552,2654.10518460522,-1127.77309399091,797.973512985552,23160,387,2658.63628211071,-1141.52208211008,797.973512985552
2020-01-01 06:28:00,2662.31089653701,-1234.51771699297,NA,2662.31089653701,-1234.51771699297,785.198537561231,23220,388,2662.31089653701,-1234.51771699297,789.920323637004
2020-01-01 06:29:00,NA,NA,796.713176478373,2672.38584913379,-1355.11545550738,796.713176478373,23280,389,2664.8923023139,-1345.35284866779,796.713176478373
2020-01-01 06:30:00,NA,NA,813.143461836181,2674.29034320884,-1463.95125888568,813.143461836181,23340,390,2668.37843033004,-1462.89565449621,813.143461836181
2020-01-01 06:31:00,2674.00595468711,-1572.13949214141,NA,2674.00595468711,-1572.13949214141,822.792625574085,23400,391,2674.00595468711,-1572.13949214141,842.682886956743
2020-01-01 06:32:00,2683.32202966647,-1664.35113949413,NA,2683.32202966647,-1664.35113949413,851.900953047727,23460,392,2683.32202966647,-1664.35113949413,873.656137498667
2020-01-01 06:33:00,NA,NA,889.704975697672,2699.76374526905,-1757.50271984671,889.704975697672,23520,393,2698.27796365625,-1751.98508481145,889.704975697672
2020-01-01 06:34:00,NA,NA,878.415387960926,2717.38795426165,-1833.06156240623,878.415387960926,23580,394,2717.8051447465,-1838.08424871907,878.415387960926
2020-01-01 06:35:00,NA,NA,859.990906749499,2731.48654013305,-1912.78661628986,859.990906749499,23640,395,2740.00578095931,-1921.76822899747,859.990906749499
2020-01-01 06:36:00,NA,NA,876.422059803079,2754.30213403917,-1984.54741006352,876.422059803079,23700,396,2762.98452556408,-2002.15441412192,876.422059803079
2020-01-01 06:37:00,NA,NA,862.634032436905,2785.86189714393,-2059.13915734762,862.634032436905,23760,397,2784.84674335737,-2078.35717596217,862.634032436905
2020-01-01 06:38:00,2803.6967776682,-2149.48705972636,NA,2803.6967776682,-2149.48705972636,869.976860549805,23820,398,2803.6967776682,-2149.48705972636,866.348285022189
2020-01-01 06:39:00,NA,NA,868.455947221216,2812.927445134,-2231.18449463908,868.455947221216,23880,399,2818.02181105702,-2214.90370288867,868.455947221216
2020-01-01 06:40:00,NA,NA,842.59195522577,2808.34653835235,-2302.75981785465,842.59195522577,23940,400,2827.84733552311,-2274.97649291909,842.59195522577
2020-01-01 06:41:00,NA,NA,829.132615626229,2781.14899245406,-2353.85187258192,829.132615626229,24000,401,2833.58032085606,-2330.32366085229,829.132615626229
2020-01-01 06:42:00,NA,NA,822.527001393646,2749.69660285131,-2411.44537331528,822.527001393646,24060,402,2835.62399338325,-2381.55911523752,822.527001393646
2020-01-01 06:43:00,NA,NA,813.838608012621,2738.99285961624,-2467.63488656989,813.838608012621,24120,403,2834.37820484203,-2429.29300370112,813.838608012621
2020-01-01 06:44:00,NA,NA,834.360130630187,2718.93469064094,-2514.28980701038,834.360130630187,24180,404,2830.23979813005,-2474.1322710452,834.360130630187
2020-01-01 06:45:00,NA,NA,888.527154634821,2679.0506670643,-2539.41326853234,888.527154634821,24240,405,2823.60297029804,-2516.68121441469,888.527154634821
2020-01-01 06:46:00,NA,NA,954.416826214185,2662.49578244173,-2575.24573137718,954.416826214185,24300,406,2814.85963312062,-2557.54203604219,954.416826214185
2020-01-01 06:47:00,NA,NA,971.547927195841,2658.74231349333,-2614.95247311426,971.547927195841,24360,407,2804.39977157591,-2597.31539407659,971.547927195841
2020-01-01 06:48:00,NA,NA,990.844779120527,2647.21681347774,-2651.84240386252,990.844779120527,24420,408,2792.61180056221,-2636.60095199934,990.844779120527
2020-01-01 06:49:00,NA,NA,1042.78029487677,2658.70287978389,-2707.70988026499,1042.78029487677,24480,409,2779.88292017838,-2675.99792713109,1042.78029487677
2020-01-01 06:50:00,NA,NA,1101.1029898781,2681.25068972954,-2741.37358415495,1101.1029898781,24540,410,2766.59946989287,-2716.10563873021,1101.1029898781
2020-01-01 06:51:00,NA,NA,1174.83630433676,2688.58625278089,-2779.22720881031,1174.83630433676,24600,411,2753.14728192537,-2757.52405618475,1174.83630433676
2020-01-01 06:52:00,NA,NA,1210.50351512804,2696.08770296898,-2834.34678747738,1210.50351512804,24660,412,2739.9120341646,-2800.85434779911,1210.50351512804
2020-01-01 06:53:00,NA,NA,1211.83018511625,2704.67160093447,-2871.13494515168,1211.83018511625,24720,413,2727.27960294479,-2846.69943067744,1211.83018511625
2020-01-01 06:54:00,2715.63641600366,-2895.66452220671,NA,2715.63641600366,-2895.66452220671,1224.90673903799,24780,414,2715.63641600366,-2895.66452220671,1223.63246458435
2020-01-01 06:55:00,NA,NA,1249.12404087559,2719.53998409095,-2944.80828659027,1249.12404087559,24840,415,2705.47981477296,-2948.34509943322,1249.12404087559
2020-01-01 06:56:00,NA,NA,1274.80718553615,2712.12061249987,-2990.89993595832,1274.80718553615,24900,416,2697.74855638611,-3005.28965993078,1274.80718553615
2020-01-01 06:57:00,NA,NA,1283.13043418279,2711.67261752273,-3045.00469894075,1283.13043418279,24960,417,2693.4936259833,-3067.03800906626,1283.13043418279
2020-01-01 06:58:00,NA,NA,1296.92817510384,2707.01768437839,-3119.23359146827,1296.92817510384,25020,418,2693.76918870488,-3134.13434639583,1296.92817510384
2020-01-01 06:59:00,2699.633553851,-3207.12776335397,NA,2699.633553851,-3207.12776335397,1306.75542662561,25080,419,2699.633553851,-3207.12776335397,1304.67021529757
2020-01-01 07:00:00,NA,NA,1290.78260225271,2681.73368008349,-3315.50358647052,1290.78260225271,25140,420,2712.06115447431,-3286.21869867774,1290.78260225271
2020-01-01 07:01:00,NA,NA,1263.1848552132,2680.17133814103,-3439.12457960404,1263.1848552132,25200,421,2731.67645851347,-3370.19691764273,1263.1848552132
2020-01-01 07:02:00,NA,NA,1279.23189696535,2701.25608987909,-3567.32196870416,1279.23189696535,25260,422,2759.02152236878,-3457.50261104518,1279.23189696535
2020-01-01 07:03:00,NA,NA,1278.62043351801,2726.75573874276,-3677.72180001375,1278.62043351801,25320,423,2794.64547312677,-3546.57901320465,1278.62043351801
2020-01-01 07:04:00,NA,NA,1242.82574780067,2759.98682656793,-3763.77333759377,1242.82574780067,25380,424,2839.10501069547,-3635.87097797038,1242.82574780067
2020-01-01 07:05:00,NA,NA,1208.70365248183,2815.26992626709,-3825.56134879157,1208.70365248183,25440,425,2892.96491696349,-3723.82355624934,1208.70365248183
2020-01-01 07:06:00,NA,NA,1173.61014357134,2880.21664510549,-3891.43702070442,1173.61014357134,25500,426,2956.79857237419,-3808.88057371472,1173.61014357134
2020-01-01 07:07:00,NA,NA,1136.15301640232,2949.09089906788,-3957.72088862716,1136.15301640232,25560,427,3031.18848037491,-3889.48320739236,1136.15301640232
2020-01-01 07:08:00,NA,NA,1091.97454655009,3047.68271254499,-3985.57904391457,1091.97454655009,25620,428,3116.72680021627,-3964.0685598234,1091.97454655009
2020-01-01 07:09:00,NA,NA,1007.14007300441,3174.93144865755,-4019.11147551222,1007.14007300441,25680,429,3214.01588858679,-4031.06822949897,1007.14007300441
2020-01-01 07:10:00,NA,NA,958.072316362973,3300.56353157232,-4074.22240958283,958.072316362973,25740,430,3323.66885057715,-4088.90687625965,958.072316362973
2020-01-01 07:11:00,NA,NA,923.510430495378,3427.65124172367,-4130.87681998779,923.510430495378,25800,431,3446.31010047751,-4136.00078034764,923.510430495378
2020-01-01 07:12:00,NA,NA,871.311722524924,3576.57774267569,-4170.26404441713,871.311722524924,25860,432,3582.57593292011,-4170.75639379355,871.311722524924
2020-01-01 07:13:00,3733.11510488971,-4191.56888281307,NA,3733.11510488971,-4191.56888281307,849.526383792553,25920,433,3733.11510488971,-4191.56888281307,838.647801251712
2020-01-01 07:14:00,NA,NA,817.427809864579,3899.90747927797,-4208.25912349023,817.427809864579,25980,434,3897.28726867058,-4198.58310525314,817.427809864579
2020-01-01 07:15:00,NA,NA,785.127100717927,4067.44637826219,-4208.55686919271,785.127100717927,26040,435,4069.25566811763,-4198.98140155468,785.127100717927
2020-01-01 07:16:00,4241.88852075217,-4201.70250505245,NA,4241.88852075217,-4201.70250505245,745.490345790478,26100,436,4241.88852075217,-4201.70250505245,732.308611216799
2020-01-01 07:17:00,NA,NA,675.304649055202,4411.67238541203,-4211.47151094753,675.304649055202,26160,437,4409.39216635528,-4213.9972854893,675.304649055202
2020-01-01 07:18:00,NA,NA,628.558406473798,4579.85022801878,-4234.65261247027,628.558406473798,26220,438,4571.31856011806,-4236.36510303081,628.558406473798
2020-01-01 07:19:00,NA,NA,576.547990053167,4737.7025799067,-4249.96866235284,576.547990053167,26280,439,4728.55207123121,-4267.62454481857,576.547990053167
2020-01-01 07:20:00,NA,NA,506.00374809682,4905.51765108676,-4261.73110830668,506.00374809682,26340,440,4881.9727764695,-4306.60233125551,506.00374809682
2020-01-01 07:21:00,NA,NA,430.295263224943,5067.96516937055,-4298.59104178395,430.295263224943,26400,441,5032.45726516533,-4352.13224266488,430.295263224943
2020-01-01 07:22:00,NA,NA,373.838545750161,5209.01087601843,-4342.0414579042,373.838545750161,26460,442,5180.87944100144,-4403.05405252536,373.838545750161
2020-01-01 07:23:00,NA,NA,337.69144711296,5344.14161217307,-4396.50740494578,337.69144711296,26520,443,5328.11132135275,-4458.21246620832,337.69144711296
2020-01-01 07:24:00,NA,NA,310.624580638959,5484.06207791975,-4455.137413118,310.624580638959,26580,444,5475.02383490604,-4516.4560642333,310.624580638959
2020-01-01 07:25:00,NA,NA,273.466869803453,5628.99365942399,-4521.99330505267,273.466869803453,26640,445,5622.48761828569,-4576.63624907118,273.466869803453
2020-01-01 07:26:00,NA,NA,221.744614997879,5773.80409872439,-4602.46112046253,221.744614997879,26700,446,5771.37381241374,-4637.60619453002,221.744614997879
2020-01-01 07:27:00,5922.55485933194,-4698.21979676193,NA,5922.55485933194,-4698.21979676193,203.547205512346,26760,447,5922.55485933194,-4698.21979676193,206.402839817063
2020-01-01 07:28:00,NA,NA,203.732930035263,6069.82761860274,-4762.3337369992,203.732930035263,26820,448,6076.59447891077,-4757.71613164384,203.732930035263
2020-01-01 07:29:00,NA,NA,178.188220617214,6209.67142682603,-4833.14339271699,178.188220617214,26880,449,6232.8156647909,-4816.87534696793,178.188220617214
2020-01-01 07:30:00,NA,NA,145.627647880905,6367.18035480671,-4916.81697659369,145.627647880905,26940,450,6390.23258665251,-4876.86278842713,145.627647880905
2020-01-01 07:31:00,NA,NA,140.186353528368,6518.18742513977,-4989.25370937876,140.186353528368,27000,451,6547.86050785598,-4938.84455952247,140.186353528368
2020-01-01 07:32:00,NA,NA,132.841300283894,6689.24081211474,-5056.72336670192,132.841300283894,27060,452,6704.71488468803,-5003.98858811467,132.841300283894
2020-01-01 07:33:00,NA,NA,106.62367746691,6853.86222794471,-5108.5908450162,106.62367746691,27120,453,6859.81046581365,-5073.46569468595,106.62367746691
2020-01-01 07:34:00,NA,NA,131.093490763883,7015.42666340152,-5167.18279766987,131.093490763883,27180,454,7012.16039107981,-5148.45066326121,131.093490763883
2020-01-01 07:35:00,NA,NA,167.221743670196,7177.46383008105,-5239.34609283599,167.221743670196,27240,455,7160.7752888462,-5230.12331596111,167.221743670196
2020-01-01 07:36:00,NA,NA,198.059185216826,7310.60593159952,-5319.59872330162,198.059185216826,27300,456,7304.66237101788,-5319.66959216702,198.059185216826
2020-01-01 07:37:00,7442.8245249523,-5418.28263328365,NA,7442.8245249523,-5418.28263328365,237.994900461859,27360,457,7442.8245249523,-5418.28263328365,232.858781201064
2020-01-01 07:38:00,NA,NA,269.043858027308,7579.29347819678,-5531.51013118257,269.043858027308,27420,458,7574.62211064247,-5526.66896512649,269.043858027308
2020-01-01 07:39:00,NA,NA,311.210779352352,7714.21657969132,-5650.96981762361,311.210779352352,27480,459,7700.86056963033,-5643.56432865375,311.210779352352
2020-01-01 07:40:00,NA,NA,384.451273420561,7835.41482342105,-5770.84665379438,384.451273420561,27540,460,7822.70296743285,-5767.21734227738,384.451273420561
2020-01-01 07:41:00,NA,NA,441.157568409063,7940.82114085913,-5913.773967822,441.157568409063,27600,461,7941.30834867817,-5895.88280551143,441.157568409063
2020-01-01 07:42:00,NA,NA,461.576835662786,8056.31080444872,-6046.0153885074,461.576835662786,27660,462,8057.83279724059,-6027.82010260496,461.576835662786
2020-01-01 07:43:00,8173.43049368036,-6161.2916104227,NA,8173.43049368036,-6161.2916104227,443.99838039512,27720,463,8173.43049368036,-6161.2916104227,456.231148104146
2020-01-01 07:44:00,NA,NA,467.259856836449,8303.50943378749,-6288.33754302015,467.259856836449,27780,464,8289.33060826772,-6294.12704325353,467.259856836449
2020-01-01 07:45:00,NA,NA,519.749129819002,8423.2790914159,-6414.90791174315,519.749129819002,27840,465,8407.06595215521,-6422.41919041131,519.749129819002
2020-01-01 07:46:00,NA,NA,562.690107915714,8542.71391244166,-6544.09083137945,562.690107915714,27900,466,8528.24685424566,-6541.82261897027,562.690107915714
2020-01-01 07:47:00,8654.48679550609,-6647.98376469682,NA,8654.48679550609,-6647.98376469682,612.247044075857,27960,467,8654.48679550609,-6647.98376469682,604.046897904091
2020-01-01 07:48:00,NA,NA,634.453561418861,8780.97331613265,-6737.57384881007,634.453561418861,28020,468,8787.24770893539,-6739.22403786106,634.453561418861
2020-01-01 07:49:00,8927.37276292146,-6824.60004437426,NA,8927.37276292146,-6824.60004437426,633.955086710599,28080,469,8927.37276292146,-6824.60004437426,638.775625503364
2020-01-01 07:50:00,NA,NA,620.746624452149,9080.53882589657,-6910.41321666844,620.746624452149,28140,470,9075.357269929,-6909.9431585032,620.746624452149
2020-01-01 07:51:00,9230.91001897333,-6977.4558135702,NA,9230.91001897333,-6977.4558135702,594.451227192058,28200,471,9230.91001897333,-6977.4558135702,586.692553174533
2020-01-01 07:52:00,9390.31056317249,-7014.49924577407,NA,9390.31056317249,-7014.49924577407,525.663521569203,28260,472,9390.31056317249,-7014.49924577407,537.222495771219
2020-01-01 07:53:00,NA,NA,470.859568021605,9537.22199454056,-7062.28273443865,470.859568021605,28320,473,9540.40402057516,-7045.62774564929,470.859568021605
2020-01-01 07:54:00,NA,NA,385.628641718281,9679.80098315141,-7125.03491014515,385.628641718281,28380,474,9678.84433965061,-7078.03330320895,385.628641718281
2020-01-01 07:55:00,NA,NA,296.581195783134,9816.26724846706,-7213.77284632295,296.581195783134,28440,475,9806.78841929253,-7111.79966069281,296.581195783134
2020-01-01 07:56:00,NA,NA,263.092814599463,9936.02920264461,-7305.93934005173,263.092814599463,28500,476,9925.38355737461,-7147.01180519763,263.092814599463
2020-01-01 07:57:00,NA,NA,264.564888970613,10026.7770671507,-7385.79394955885,264.564888970613,28560,477,10035.7685003607,-7183.75604633634,264.564888970613
2020-01-01 07:58:00,NA,NA,222.789774645455,10111.3805908488,-7447.84986819936,222.789774645455,28620,478,10139.0744849451,-7222.12009516093,222.789774645455
2020-01-01 07:59:00,NA,NA,149.352651077807,10213.790307645,-7498.68033188238,149.352651077807,28680,479,10236.426272798,-7262.19314437944,149.352651077807
2020-01-01 08:00:00,NA,NA,112.381286379625,10313.0265275148,-7545.04667105166,112.381286379625,28740,480,10328.9431793797,-7304.06594993326,112.381286379625
2020-01-01 08:01:00,NA,NA,116.970914861286,10397.7069929429,-7578.33508259627,116.970914861286,28800,481,10417.7400977712,-7347.83091400659,116.970914861286
2020-01-01 08:02:00,NA,NA,137.857838502426,10468.3429258379,-7581.42539880035,137.857838502426,28860,482,10503.9285184574,-7393.58216954308,137.857838502426
2020-01-01 08:03:00,NA,NA,160.480868923791,10559.8916557492,-7557.52443977573,160.480868923791,28920,483,10588.617545998,-7441.41566634637,160.480868923791
2020-01-01 08:04:00,NA,NA,212.582434816307,10657.8036004416,-7545.76123254787,212.582434816307,28980,484,10672.9149135157,-7491.42925884306,212.582434816307
2020-01-01 08:05:00,NA,NA,282.383195579356,10733.7824187455,-7556.61294299111,282.383195579356,29040,485,10757.9279959302,-7543.72279558816,282.383195579356
2020-01-01 08:06:00,NA,NA,384.987622203509,10801.7616426693,-7581.6320709542,384.987622203509,29100,486,10844.764822864,-7598.39821059483,384.987622203509
2020-01-01 08:07:00,NA,NA,473.848653420921,10895.7494037989,-7626.59775657983,473.848653420921,29160,487,10934.5350921477,-7655.55961657182,473.848653420921
2020-01-01 08:08:00,NA,NA,521.39836276629,11015.9453535656,-7700.23625314098,521.39836276629,29220,488,11028.351184851,-7715.31340015395,521.39836276629
2020-01-01 08:09:00,11127.3291827682,-7777.7683192126,NA,11127.3291827682,-7777.7683192126,581.660831420566,29280,489,11127.3291827682,-7777.7683192126,569.062408271191
2020-01-01 08:10:00,NA,NA,600.825600304882,11229.8835442662,-7872.13658875385,600.825600304882,29340,490,11231.9560695432,-7843.1881590448,600.825600304882
2020-01-01 08:11:00,NA,NA,596.547567753073,11340.0227259081,-7949.27935007541,596.547567753073,29400,491,11340.1886018168,-7912.44967291844,596.547567753073
2020-01-01 08:12:00,NA,NA,598.439559470201,11451.9911964405,-8015.29740839668,598.439559470201,29460,492,11449.353016234,-7986.58568656932,598.439559470201
2020-01-01 08:13:00,NA,NA,632.03793853212,11567.2007389375,-8082.15127425581,632.03793853212,29520,493,11556.7764014628,-8066.63348468619,632.03793853212
2020-01-01 08:14:00,NA,NA,646.634874258626,11664.832027556,-8156.51640676685,646.634874258626,29580,494,11659.7842533771,-8153.63575959649,646.634874258626
2020-01-01 08:15:00,11755.698028761,-8248.64156496949,NA,11755.698028761,-8248.64156496949,684.903626411572,29640,495,11755.698028761,-8248.64156496949,673.772355742384
2020-01-01 08:16:00,NA,NA,713.620433152366,11841.9203920527,-8342.58177308213,713.620433152366,29700,496,11842.4197012316,-8352.54418916323,713.620433152366
2020-01-01 08:17:00,NA,NA,753.90830457731,11911.9820682862,-8437.49760911841,753.90830457731,29760,497,11920.1909666394,-8465.59268605812,753.90830457731
2020-01-01 08:18:00,NA,NA,783.308368147961,11959.617417342,-8544.72064772435,783.308368147961,29820,498,11989.8323380932,-8587.88139265256,783.308368147961
2020-01-01 08:19:00,NA,NA,774.971991458522,12027.6583868893,-8688.66651772007,774.971991458522,29880,499,12052.1568923124,-8719.51309824048,774.971991458522
2020-01-01 08:20:00,12107.9710133966,-8860.59913825285,NA,12107.9710133966,-8860.59913825285,762.224102956309,29940,500,12107.9710133966,-8860.59913825285,764.676709232772
2020-01-01 08:21:00,NA,NA,761.750972769456,12162.496271359,-9033.33805174533,761.750972769456,30000,501,12158.0415482564,-9010.55197340863,761.750972769456
2020-01-01 08:22:00,NA,NA,755.076152402761,12215.4768585273,-9188.28171332284,755.076152402761,30060,502,12202.9957546947,-9165.9619562183,755.076152402761
2020-01-01 08:23:00,NA,NA,722.275830490462,12264.5796374043,-9339.42801125863,722.275830490462,30120,503,12243.4226274632,-9322.71691059106,722.275830490462
2020-01-01 08:24:00,NA,NA,712.335205504693,12305.3511103961,-9476.63530509224,712.335205504693,30180,504,12279.9070201883,-9476.70589016073,712.335205504693
2020-01-01 08:25:00,NA,NA,734.387948141532,12328.744323756,-9624.54816924964,734.387948141532,30240,505,12313.0301803633,-9623.81541808901,734.387948141532
2020-01-01 08:26:00,12343.3702810145,-9759.92572456313,NA,12343.3702810145,-9759.92572456313,800.1093208548,30300,506,12343.3702810145,-9759.92572456313,789.699377521798
2020-01-01 08:27:00,NA,NA,839.85653336059,12363.441713522,-9881.70125298798,839.85653336059,30360,507,12371.0639628483,-9881.99346840342,839.85653336059
2020-01-01 08:28:00,NA,NA,856.613602513814,12381.0095966758,-10011.7283486521,856.613602513814,30420,508,12394.489417846,-9991.30862090638,856.613602513814
2020-01-01 08:29:00,NA,NA,881.774898522034,12400.2199375602,-10122.2640375865,881.774898522034,30480,509,12411.5819458831,-10090.2359761158,881.774898522034
2020-01-01 08:30:00,NA,NA,914.181389629234,12419.3400091456,-10203.4810752258,914.181389629234,30540,510,12420.2710536558,-10181.1308266023,914.181389629234
2020-01-01 08:31:00,NA,NA,938.226017353807,12421.6997961656,-10270.2842470683,938.226017353807,30600,511,12418.4785609748,-10266.3411178546,938.226017353807
2020-01-01 08:32:00,12404.1166999404,-10348.2095959093,NA,12404.1166999404,-10348.2095959093,937.103094726458,30660,512,12404.1166999404,-10348.2095959093,939.704409447085
2020-01-01 08:33:00,NA,NA,918.455905949241,12380.1173971481,-10428.0720720883,918.455905949241,30720,513,12375.9770535168,-10428.4830019051,918.455905949241
2020-01-01 08:34:00,NA,NA,874.84968872687,12328.9407246278,-10506.2548793508,874.84968872687,30780,514,12336.4021561731,-10506.5347159506,874.84968872687
2020-01-01 08:35:00,NA,NA,801.260750428494,12280.6717036626,-10571.8938601189,801.260750428494,30840,515,12288.6149275794,-10581.1431375585,801.260750428494
2020-01-01 08:36:00,NA,NA,710.612735239903,12243.3338977814,-10648.3900170852,710.612735239903,30900,516,12235.8307759128,-10651.0835164466,710.612735239903
2020-01-01 08:37:00,NA,NA,664.600446354207,12190.862824505,-10714.8465666542,664.600446354207,30960,517,12181.2605389851,-10715.126832332,664.600446354207
2020-01-01 08:38:00,12128.1134211421,-10772.0386707881,NA,12128.1134211421,-10772.0386707881,664.541395615548,31020,518,12128.1134211421,-10772.0386707881,661.207967511924
2020-01-01 08:39:00,NA,NA,659.917442384865,12080.9447390597,-10812.0546699555,659.917442384865,31080,519,12078.3889006421,-10821.4421658658,659.917442384865
2020-01-01 08:40:00,NA,NA,633.476796524657,12020.3255039099,-10853.7173778334,633.476796524657,31140,520,12029.2452518331,-10866.4100286826,633.476796524657
2020-01-01 08:41:00,NA,NA,615.567239731649,11961.7191058089,-10902.4716197927,615.567239731649,31200,521,11976.6302515837,-10910.8749844244,615.567239731649
2020-01-01 08:42:00,NA,NA,610.91988350635,11910.5583384402,-10956.7954334217,610.91988350635,31260,522,11916.4885007524,-10958.7692989284,610.91988350635
2020-01-01 08:43:00,11844.7577149629,-11014.028375343,NA,11844.7577149629,-11014.028375343,601.464232424326,31320,523,11844.7577149629,-11014.028375343,612.27015129476
2020-01-01 08:44:00,NA,NA,610.087359216301,11748.5278278616,-11068.8560383423,610.087359216301,31380,524,11758.5688670263,-11079.6442545582,610.087359216301
2020-01-01 08:45:00,NA,NA,590.832346653526,11658.0928736155,-11114.9641016524,590.832346653526,31440,525,11659.8553552758,-11154.8178820296,590.832346653526
2020-01-01 08:46:00,NA,NA,549.884875337271,11557.5620850526,-11177.3357090094,549.884875337271,31500,526,11551.7429757823,-11237.8088496603,549.884875337271
2020-01-01 08:47:00,NA,NA,553.814875118491,11469.8785589672,-11265.3548652335,553.814875118491,31560,527,11437.34892769,-11326.8838998288,553.814875118491
2020-01-01 08:48:00,NA,NA,616.971466408863,11387.2403222534,-11354.0198108454,616.971466408863,31620,528,11319.7846645775,-11420.3153398944,616.971466408863
2020-01-01 08:49:00,NA,NA,687.330892827473,11273.6655475658,-11460.0040300876,687.330892827473,31680,529,11202.1587404713,-11516.3794618815,687.330892827473
2020-01-01 08:50:00,NA,NA,752.614456695248,11166.9725498833,-11579.2249913839,752.614456695248,31740,530,11087.5796532016,-11613.3549658166,752.614456695248
2020-01-01 08:51:00,NA,NA,821.42003572305,11045.3379111804,-11699.0911345801,821.42003572305,31800,531,10979.1586877095,-11709.5213852705,821.42003572305
2020-01-01 08:52:00,NA,NA,898.078515047355,10915.6719526131,-11799.7088119604,898.078515047355,31860,532,10880.0127619045,-11803.1575136644,898.078515047355
2020-01-01 08:53:00,10793.2672776763,-11892.5398298975,NA,10793.2672776763,-11892.5398298975,955.349841223251,31920,533,10793.2672776763,-11892.5398298975,942.498969976035
2020-01-01 08:54:00,NA,NA,970.585990052004,10685.4133033826,-11968.6148937386,970.585990052004,31980,534,10720.7282774766,-11976.1889327096,970.585990052004
2020-01-01 08:55:00,NA,NA,1005.31180623931,10606.7605730525,-12053.7598984287,1005.31180623931,32040,535,10658.8917469947,-12053.6122648658,1005.31180623931
2020-01-01 08:56:00,NA,NA,1038.42144931522,10561.7329087927,-12132.7148367807,1038.42144931522,32100,536,10602.9327611938,-12124.5595841745,1038.42144931522
2020-01-01 08:57:00,NA,NA,1070.83246950374,10526.0790068197,-12187.9608236868,1070.83246950374,32160,537,10548.0317705082,-12188.7747247385,1070.83246950374
2020-01-01 08:58:00,10489.3701925783,-12245.9953627046,NA,10489.3701925783,-12245.9953627046,1054.41162878642,32220,538,10489.3701925783,-12245.9953627046,1049.91303230492
2020-01-01 08:59:00,NA,NA,1005.1545982753,10436.3175662776,-12304.0591676683,1005.1545982753,32280,539,10423.0901260533,-12296.0610932323,1005.1545982753
2020-01-01 09:00:00,NA,NA,972.735575571149,10348.5255322097,-12377.7561152623,972.735575571149,32340,540,10349.1833608879,-12339.2382533684,972.735575571149
2020-01-01 09:01:00,NA,NA,926.712625889278,10267.5077126774,-12432.6707799654,926.712625889278,32400,541,10268.5988294421,-12375.8951945595,926.712625889278
2020-01-01 09:02:00,NA,NA,864.756260403259,10170.2389184408,-12471.0608971681,864.756260403259,32460,542,10182.2793558707,-12406.3943041529,864.756260403259
2020-01-01 09:03:00,NA,NA,783.613662476222,10062.3546194326,-12491.537783824,783.613662476222,32520,543,10091.162518621,-12431.0923369408,783.613662476222
2020-01-01 09:04:00,NA,NA,727.122861415323,9957.34361484095,-12524.1915290906,727.122861415323,32580,544,9996.18150804776,-12450.3407414979,727.122861415323
2020-01-01 09:05:00,NA,NA,686.661857997604,9869.43028268092,-12537.4666727495,686.661857997604,32640,545,9898.2659800038,-12464.4859816576,686.661857997604
2020-01-01 09:06:00,NA,NA,644.140806367937,9778.08304492215,-12523.7837469012,644.140806367937,32700,546,9798.34290619219,-12473.8698534245,644.140806367937
2020-01-01 09:07:00,NA,NA,641.223202556334,9684.30547505272,-12501.7783002684,641.223202556334,32760,547,9697.33742206189,-12478.8297976151,641.223202556334
2020-01-01 09:08:00,NA,NA,677.152855363288,9585.12741436453,-12472.8453016084,677.152855363288,32820,548,9596.17367302276,-12479.6992085147,677.152855363288
2020-01-01 09:09:00,NA,NA,740.798968773338,9470.42367610304,-12469.8768485811,740.798968773338,32880,549,9495.77565975433,-12476.8077388316,740.798968773338
2020-01-01 09:10:00,NA,NA,829.825604126041,9370.91644557288,-12477.48091237,829.825604126041,32940,550,9397.06808338206,-12470.481601229,829.825604126041
2020-01-01 09:11:00,NA,NA,912.269598224486,9284.25180508221,-12491.9834664578,912.269598224486,33000,551,9300.97719129404,-12461.0438667095,912.269598224486
2020-01-01 09:12:00,NA,NA,982.567871953157,9204.49046804814,-12494.3084694933,982.567871953157,33060,552,9208.43162437202,-12448.8147601267,982.567871953157
2020-01-01 09:13:00,NA,NA,1056.45069927418,9117.50194414504,-12466.9302653884,1056.45069927418,33120,553,9120.36326641169,-12434.1119530924,1056.45069927418
2020-01-01 09:14:00,NA,NA,1096.21863517829,9037.27464472475,-12429.8016325222,1096.21863517829,33180,554,9037.70809650928,-12417.2508545485,1096.21863517829
2020-01-01 09:15:00,8961.40704519401,-12398.54489927,NA,8961.40704519401,-12398.54489927,1103.78610335331,33240,555,8961.40704519401,-12398.54489927,1106.54629244543
2020-01-01 09:16:00,NA,NA,1081.55528304344,8899.43377939132,-12373.8218133958,1081.55528304344,33300,556,8892.22734050955,-12378.0481442266,1081.55528304344
2020-01-01 09:17:00,NA,NA,1032.4980294094,8848.81719830817,-12348.3372959919,1032.4980294094,33360,557,8830.22463409057,-12354.7821990591,1032.4980294094
2020-01-01 09:18:00,NA,NA,1020.47435038906,8789.72311744399,-12313.199172941,1020.47435038906,33420,558,8775.28162923752,-12327.5084489951,1020.47435038906
2020-01-01 09:19:00,NA,NA,967.077252505204,8741.47579119385,-12263.3213499786,967.077252505204,33480,559,8727.28748679199,-12294.9846130732,967.077252505204
2020-01-01 09:20:00,NA,NA,896.343380226808,8710.21902419759,-12211.6881617071,896.343380226808,33540,560,8686.13772370381,-12255.9636079364,896.343380226808
2020-01-01 09:21:00,NA,NA,823.52519586391,8674.55565838212,-12169.7480011032,823.52519586391,33600,561,8651.73411744977,-12209.1924071734,823.52519586391
2020-01-01 09:22:00,NA,NA,745.907526494741,8639.57505290426,-12134.5679966361,745.907526494741,33660,562,8623.98461618438,-12153.4108952076,745.907526494741
2020-01-01 09:23:00,NA,NA,680.084027190996,8606.26394801811,-12082.5502080139,680.084027190996,33720,563,8602.80325453706,-12087.3507146943,680.084027190996
2020-01-01 09:24:00,8588.11007497777,-12009.7341063737,NA,8588.11007497777,-12009.7341063737,590.352580331032,33780,564,8588.11007497777,-12009.7341063737,594.002482393058
2020-01-01 09:25:00,NA,NA,507.613617867627,8578.242045814,-11922.8776171996,507.613617867627,33840,565,8579.7854742069,-11919.7813080327,507.613617867627
2020-01-01 09:26:00,NA,NA,440.461656769971,8569.58806722379,-11807.5645929968,440.461656769971,33900,566,8577.53334508353,-11818.7356351501,440.461656769971
2020-01-01 09:27:00,NA,NA,356.671590221248,8565.53899326613,-11698.6222996046,356.671590221248,33960,567,8581.01755612799,-11708.3388204686,356.671590221248
2020-01-01 09:28:00,NA,NA,276.450446142893,8580.27478886426,-11596.7017831992,276.450446142893,34020,568,8589.90722292387,-11590.3240433226,276.450446142893
2020-01-01 09:29:00,8603.87640540575,-11466.4175150399,NA,8603.87640540575,-11466.4175150399,249.812735173469,34080,569,8603.87640540575,-11466.4175150399,238.515052077689
2020-01-01 09:30:00,NA,NA,218.588305172688,8624.01419866244,-11324.8911412756,218.588305172688,34140,570,8621.79577928683,-11339.2058389171,218.588305172688
2020-01-01 09:31:00,NA,NA,183.889121913325,8640.29953786268,-11201.6751847855,183.889121913325,34200,571,8639.30736337859,-11214.7358780789,183.889121913325
2020-01-01 09:32:00,8651.2447724366,-11099.9227850862,NA,8651.2447724366,-11099.9227850862,147.129774249053,34260,572,8651.2447724366,-11099.9227850862,134.898417085699
2020-01-01 09:33:00,NA,NA,89.0950669951283,8651.16249160572,-10994.1318277501,89.0950669951283,34320,573,8653.85364777991,-10999.596044738,89.0950669951283
2020-01-01 09:34:00,NA,NA,60.5848499188061,8650.87361379033,-10909.9608940855,60.5848499188061,34380,574,8649.03986131168,-10910.2200011806,60.5848499188061
2020-01-01 09:35:00,8640.11961998418,-10826.1745144968,NA,8640.11961998418,-10826.1745144968,39.6604678565283,34440,575,8640.11961998418,-10826.1745144968,43.5394427855539
2020-01-01 09:36:00,NA,NA,39.8930981074972,8626.10730021721,-10735.720070461,39.8930981074972,34500,576,8629.93250319694,-10742.977697404,39.8930981074972
2020-01-01 09:37:00,NA,NA,41.8736311133026,8613.01323045512,-10648.8085024677,41.8736311133026,34560,577,8619.4253576975,-10660.6821567817,41.8736311133026
2020-01-01 09:38:00,NA,NA,17.8248367546389,8617.02236614927,-10574.1790080032,17.8248367546389,34620,578,8609.07186559347,-10580.4747012462,17.8248367546389
2020-01-01 09:39:00,NA,NA,13.6601735567089,8626.4647190445,-10519.3283929173,13.6601735567089,34680,579,8599.34584961201,-10503.5440495644,13.6601735567089
2020-01-01 09:40:00,NA,NA,-12.3314537199086,8610.16258718651,-10465.8061652417,-12.3314537199086,34740,580,8590.72170649019,-10431.0819179335,-12.3314537199086
2020-01-01 09:41:00,NA,NA,-80.4442593276052,8590.0837658603,-10388.6758543725,-80.4442593276052,34800,581,8583.67484089253,-10364.2841100102,-80.4442593276052
2020-01-01 09:42:00,8578.68210025342,-10304.3516106853,NA,8578.68210025342,-10304.3516106853,-117.836774714892,34860,582,8578.68210025342,-10304.3516106853,-114.881943532584
2020-01-01 09:43:00,NA,NA,-104.73491872331,8578.75478156513,-10240.3864633059,-104.73491872331,34920,583,8575.4286998192,-10252.6434662525,-104.73491872331
2020-01-01 09:44:00,NA,NA,-63.0066003890541,8562.87192500696,-10196.1393419655,-63.0066003890541,34980,584,8570.42725525855,-10211.1334019561,-63.0066003890541
2020-01-01 09:45:00,8559.39527112808,-10181.9562556391,NA,8559.39527112808,-10181.9562556391,-9.91610772273338,35040,585,8559.39527112808,-10181.9562556391,-8.51549046540643
2020-01-01 09:46:00,NA,NA,49.4649012261484,8542.05022665603,-10186.2264753058,49.4649012261484,35100,586,8538.88609055817,-10164.3254551322,49.4649012261484
2020-01-01 09:47:00,NA,NA,102.103018791748,8506.69666224259,-10167.5238265681,102.103018791748,35160,587,8508.80996228932,-10145.7336847871,102.103018791748
2020-01-01 09:48:00,8469.90973682026,-10110.7400557291,NA,8469.90973682026,-10110.7400557291,123.060405431074,35220,588,8469.90973682026,-10110.7400557291,134.815379987744
2020-01-01 09:49:00,8421.96283500353,-10054.0725392338,NA,8421.96283500353,-10054.0725392338,135.351301884622,35280,589,8421.96283500353,-10054.0725392338,149.378504627547
2020-01-01 09:50:00,NA,NA,151.534346303798,8369.26864009331,-10008.3987100709,151.534346303798,35340,590,8363.50469153072,-10002.798741755,151.534346303798
2020-01-01 09:51:00,8302.48783916511,-9960.66203590409,NA,8302.48783916511,-9960.66203590409,129.36722322559,35400,591,8302.48783916511,-9960.66203590409,145.809720144658
2020-01-01 09:52:00,NA,NA,134.280773912458,8232.71030852547,-9914.87038521519,134.280773912458,35460,592,8247.61839015635,-9923.69038535884,134.280773912458
2020-01-01 09:53:00,NA,NA,122.130340804549,8185.6975971627,-9854.37290011974,122.130340804549,35520,593,8200.24782197174,-9890.53302909601,122.130340804549
2020-01-01 09:54:00,NA,NA,123.323466799807,8156.22153554747,-9811.39567457808,123.323466799807,35580,594,8159.89449234791,-9860.49680337957,123.323466799807
2020-01-01 09:55:00,NA,NA,136.486193107711,8123.79877176702,-9743.94097267,136.486193107711,35640,595,8126.08317782617,-9832.89139933636,136.486193107711
2020-01-01 09:56:00,NA,NA,174.860579460026,8087.67868379844,-9686.03831871521,174.860579460026,35700,596,8098.34463893702,-9807.02873149929,174.860579460026
2020-01-01 09:57:00,NA,NA,207.63662925561,8052.04291040515,-9649.3641024933,207.63662925561,35760,597,8076.21519095585,-9782.22230841868,207.63662925561
2020-01-01 09:58:00,NA,NA,188.717202222212,8032.2874620307,-9633.45601147182,188.717202222212,35820,598,8059.23627975906,-9757.78660473591,188.717202222212
2020-01-01 09:59:00,NA,NA,164.245745388393,8030.58691257968,-9638.57598233246,164.245745388393,35880,599,8046.95406238052,-9733.03643414135,164.245745388393
2020-01-01 10:00:00,NA,NA,119.182548519587,8042.17781420751,-9658.43326543721,119.182548519587,35940,600,8038.91899188057,-9707.28632264226,119.182548519587
2020-01-01 10:01:00,NA,NA,60.1562355841839,8053.37463017566,-9664.21789402277,60.1562355841839,36000,601,8034.68540614624,-9679.84988156742,60.1562355841839
2020-01-01 10:02:00,NA,NA,39.6760281419719,8068.49028181794,-9633.66042949271,39.6760281419719,36060,602,8033.811120246,-9650.03917973469,39.6760281419719
2020-01-01 10:03:00,NA,NA,65.2639299655563,8051.60420646775,-9600.39041374232,65.2639299655563,36120,603,8035.85702196549,-9617.16411420747,65.2639299655563
2020-01-01 10:04:00,NA,NA,62.3481899158707,8034.7209880007,-9558.22333277038,62.3481899158707,36180,604,8040.38667015428,-9580.53177906436,62.3481899158707
2020-01-01 10:05:00,NA,NA,40.8763681854764,8037.10560661935,-9528.83782801602,40.8763681854764,36240,605,8046.9658955161,-9539.44583160482,40.8763681854764
2020-01-01 10:06:00,NA,NA,64.5439007754416,8031.91746944151,-9500.33215011922,64.5439007754416,36300,606,8055.16240347716,-9493.205855411,64.5439007754416
2020-01-01 10:07:00,NA,NA,103.649700980103,8046.77592383584,-9433.99430637669,103.649700980103,36360,607,8064.54537876948,-9441.10671968329,103.649700980103
2020-01-01 10:08:00,NA,NA,97.5733150060688,8074.05162635785,-9370.51222991974,97.5733150060688,36420,608,8074.68509136732,-9382.43793426349,97.5733150060688
2020-01-01 10:09:00,8085.15250341636,-9316.48299975571,NA,8085.15250341636,-9316.48299975571,108.842584336589,36480,609,8085.15250341636,-9316.48299975571,100.229489010635
2020-01-01 10:10:00,NA,NA,106.462437940349,8098.75477045234,-9242.90665518925,106.462437940349,36540,610,8096.36091710461,-9242.67814894133,106.462437940349
2020-01-01 10:11:00,NA,NA,99.3218094569907,8125.63856860367,-9148.28245132209,99.3218094569907,36600,611,8112.09262916567,-9161.09004879577,99.3218094569907
2020-01-01 10:12:00,NA,NA,94.3605892091149,8151.24143802424,-9062.43831166138,94.3605892091149,36660,612,8136.97611597579,-9071.93764089621,94.3605892091149
2020-01-01 10:13:00,8175.6482258795,-8975.43294766833,NA,8175.6482258795,-8975.43294766833,40.5422538214707,36720,613,8175.6482258795,-8975.43294766833,66.9953672589189
2020-01-01 10:14:00,8223.62368760733,-8875.90371058369,NA,8223.62368760733,-8875.90371058369,10.1903837164044,36780,614,8223.62368760733,-8875.90371058369,25.5031631292646
2020-01-01 10:15:00,NA,NA,-10.0918038132475,8250.8710696222,-8796.78962268316,-10.0918038132475,36840,615,8251.99346873622,-8788.8134170688,-10.0918038132475
2020-01-01 10:16:00,8271.13145463821,-8712.35030291756,NA,8271.13145463821,-8712.35030291756,-27.6365381074289,36900,616,8271.13145463821,-8712.35030291756,-25.9800870527029
2020-01-01 10:17:00,NA,NA,-33.5114610549085,8298.95423501936,-8631.01830024995,-33.5114610549085,36960,617,8299.08351430522,-8640.41895481383,-33.5114610549085
2020-01-01 10:18:00,NA,NA,-46.540047981152,8320.47895664061,-8565.96631444399,-46.540047981152,37020,618,8336.19110221252,-8571.16291280246,-46.540047981152
2020-01-01 10:19:00,8378.37613253798,-8503.78681766926,NA,8378.37613253798,-8503.78681766926,-69.9081990926955,37080,619,8378.37613253798,-8503.78681766926,-61.5962482387249
2020-01-01 10:20:00,NA,NA,-58.4082405872415,8453.59855376043,-8432.77578809138,-58.4082405872415,37140,620,8422.2522712318,-8437.39844435783,-58.4082405872415
2020-01-01 10:21:00,NA,NA,-20.0265956359176,8508.07038703478,-8357.4559289034,-20.0265956359176,37200,621,8467.18328886373,-8370.71211151977,-20.0265956359176
2020-01-01 10:22:00,NA,NA,30.6774610220292,8552.82435800152,-8300.08068062577,30.6774610220292,37260,622,8513.22102948372,-8302.34327909324,30.6774610220292
2020-01-01 10:23:00,NA,NA,43.9359829278266,8604.22253814286,-8229.95400366489,43.9359829278266,37320,623,8560.41834955187,-8230.90586768077,43.9359829278266
2020-01-01 10:24:00,NA,NA,50.3784011225254,8659.21321436428,-8145.87951588322,50.3784011225254,37380,624,8608.8291662342,-8155.01099083073,50.3784011225254
2020-01-01 10:25:00,NA,NA,76.1498840945248,8713.80915748998,-8061.46662329664,76.1498840945248,37440,625,8658.50850670389,-8073.26568468662,76.1498840945248
2020-01-01 10:26:00,NA,NA,96.0331894911576,8752.76223936738,-7974.60290833948,96.0331894911576,37500,626,8709.51255846599,-7984.27163388532,96.0331894911576
2020-01-01 10:27:00,NA,NA,118.619072276568,8783.94296986722,-7857.48626683941,118.619072276568,37560,627,8761.89872074682,-7886.62389255011,118.619072276568
2020-01-01 10:28:00,NA,NA,103.187773356037,8820.36621286416,-7757.2314917568,103.187773356037,37620,628,8815.72565699331,-7778.90959921273,103.187773356037
2020-01-01 10:29:00,8871.05334852977,-7659.70668449155,NA,8871.05334852977,-7659.70668449155,76.1828578564066,37680,629,8871.05334852977,-7659.70668449155,79.7425954964165
2020-01-01 10:30:00,NA,NA,53.6854154034911,8933.22314705971,-7524.69070770366,53.6854154034911,37740,630,8927.94798111608,-7528.36414133206,53.6854154034911
2020-01-01 10:31:00,NA,NA,23.882338485164,9008.61414836516,-7380.53883968921,23.882338485164,37800,631,8986.49650209914,-7387.34628342909,23.882338485164
2020-01-01 10:32:00,NA,NA,1.81181921243141,9065.96619018366,-7236.79515002062,1.81181921243141,37860,632,9046.79220431846,-7239.89014187648,1.81181921243141
2020-01-01 10:33:00,9108.92997883441,-7089.22685901305,NA,9108.92997883441,-7089.22685901305,-38.9971219208264,37920,633,9108.92997883441,-7089.22685901305,-34.1897945035632
2020-01-01 10:34:00,NA,NA,-70.900342302145,9181.95052118743,-6947.70627834226,-70.900342302145,37980,634,9172.56935162727,-6938.04639082814,-70.900342302145
2020-01-01 10:35:00,NA,NA,-95.5620596876078,9255.20093604613,-6803.00847568162,-95.5620596876078,38040,635,9235.62294193064,-6786.88510841587,-95.5620596876078
2020-01-01 10:36:00,NA,NA,-125.268764615223,9322.26536091023,-6654.98115111525,-125.268764615223,38100,636,9295.56578315572,-6635.74114599963,-125.268764615223
2020-01-01 10:37:00,NA,NA,-142.672541980002,9377.45883071644,-6501.77903429625,-142.672541980002,38160,637,9349.87006287034,-6484.61265351663,-142.672541980002
2020-01-01 10:38:00,NA,NA,-198.018277044926,9416.20833961809,-6346.96979009809,-198.018277044926,38220,638,9396.00281073662,-6333.49779499912,-198.018277044926
2020-01-01 10:39:00,NA,NA,-237.287490344392,9444.37881265964,-6194.21803761253,-237.287490344392,38280,639,9431.42358168492,-6182.39474691615,-237.287490344392
2020-01-01 10:40:00,9453.58213222811,-6031.30169651607,NA,9453.58213222811,-6031.30169651607,-269.634290729079,38340,640,9453.58213222811,-6031.30169651607,-267.577491862586
2020-01-01 10:41:00,NA,NA,-293.296937924985,9457.88108866364,-5873.02145556912,-293.296937924985,38400,641,9461.11177334506,-5880.6545398405,-293.296937924985
2020-01-01 10:42:00,NA,NA,-316.749939252521,9445.92664199795,-5726.1334794122,-316.749939252521,38460,642,9457.41539457411,-5732.64045947856,-316.749939252521
2020-01-01 10:43:00,NA,NA,-356.800928585107,9430.31252353342,-5579.81408464836,-356.800928585107,38520,643,9447.08129991672,-5589.88674591888,-356.800928585107
2020-01-01 10:44:00,9434.69172246949,-5455.02550173668,NA,9434.69172246949,-5455.02550173668,-417.547032527015,38580,644,9434.69172246949,-5455.02550173668,-414.408132159628
2020-01-01 10:45:00,NA,NA,-480.338870637175,9433.63071081438,-5322.83100627854,-480.338870637175,38640,645,9424.12715912539,-5329.66690937123,-480.338870637175
2020-01-01 10:46:00,NA,NA,-552.972834785712,9429.83227699102,-5195.13351838858,-552.972834785712,38700,646,9416.47022216886,-5211.31309636008,-552.972834785712
2020-01-01 10:47:00,NA,NA,-666.328187688348,9427.74952966106,-5068.1384467887,-666.328187688348,38760,647,9412.10632774501,-5096.44345830033,-666.328187688348
2020-01-01 10:48:00,NA,NA,-820.290553525081,9428.33906371147,-4961.27445416402,-820.290553525081,38820,648,9411.42390428769,-4981.54057717427,-820.290553525081
2020-01-01 10:49:00,NA,NA,-887.708555294913,9425.38990890922,-4848.41662908808,-887.708555294913,38880,649,9414.814747745,-4863.08700410904,-887.708555294913
2020-01-01 10:50:00,9422.67437992696,-4737.56204206732,NA,9422.67437992696,-4737.56204206732,-939.126500999341,38940,650,9422.67437992696,-4737.56204206732,-934.064948361123
2020-01-01 10:51:00,NA,NA,-972.870193495113,9428.97541647635,-4607.02816196947,-972.870193495113,39000,651,9434.06986837226,-4604.3526243518,-972.870193495113
2020-01-01 10:52:00,9442.74110208061,-4474.49558547072,NA,9442.74110208061,-4474.49558547072,-1001.84237515302,39060,652,9442.74110208061,-4474.49558547072,-992.300463429434
2020-01-01 10:53:00,NA,NA,-999.41719133333,9439.79939802472,-4355.78911860965,-999.41719133333,39120,653,9442.98517410231,-4358.34639986052,-999.41719133333
2020-01-01 10:54:00,NA,NA,-1013.1127191144,9420.31898197208,-4256.84295979074,-1013.1127191144,39180,654,9436.66077245413,-4251.87831497826,-1013.1127191144
2020-01-01 10:55:00,NA,NA,-1055.26329336509,9407.52263161308,-4148.13261839246,-1055.26329336509,39240,655,9427.51281514036,-4147.47490726502,-1055.26329336509
2020-01-01 10:56:00,9419.28363797435,-4037.52164039316,NA,9419.28363797435,-4037.52164039316,-1081.80170041325,39300,656,9419.28363797435,-4037.52164039316,-1067.30078118175
2020-01-01 10:57:00,NA,NA,-1047.47681165789,9446.50200775151,-3910.72824077781,-1047.47681165789,39360,657,9414.92716897435,-3916.0312322273,-1047.47681165789
2020-01-01 10:58:00,NA,NA,-1004.5807019148,9459.12147320443,-3783.66975058876,-1004.5807019148,39420,658,9414.24373986178,-3783.53547086976,-1004.5807019148
2020-01-01 10:59:00,NA,NA,-935.076808920003,9484.127699567,-3661.4813616462,-935.076808920003,39480,659,9416.24779432935,-3642.18840551073,-935.076808920003
2020-01-01 11:00:00,NA,NA,-897.407852178319,9517.32118024507,-3535.50059749822,-897.407852178319,39540,660,9419.95623422161,-3494.1359890458,-897.407852178319
2020-01-01 11:01:00,NA,NA,-847.445263093041,9539.27803691268,-3401.10029624148,-847.445263093041,39600,661,9424.38752028619,-3341.51804112213,-847.445263093041
2020-01-01 11:02:00,NA,NA,-732.80327559554,9542.13839361097,-3254.18553503748,-732.80327559554,39660,662,9428.56077437357,-3186.47020543819,-732.80327559554
2020-01-01 11:03:00,NA,NA,-662.765051215968,9521.41525621096,-3118.53809055277,-662.765051215968,39720,663,9431.49488224175,-3031.12590320541,-662.765051215968
2020-01-01 11:04:00,NA,NA,-586.337660557771,9501.65445721796,-2970.56823924623,-586.337660557771,39780,664,9432.20759614387,-2877.61828457148,-586.337660557771
2020-01-01 11:05:00,NA,NA,-518.507644126558,9471.3835251311,-2827.62784554538,-518.507644126558,39840,665,9429.7146363782,-2728.08217979387,-518.507644126558
2020-01-01 11:06:00,NA,NA,-439.130102564484,9445.63526887806,-2673.2460929069,-439.130102564484,39900,666,9423.02879097884,-2584.65605194942,-439.130102564484
2020-01-01 11:07:00,NA,NA,-337.672567596426,9424.03227580973,-2509.23582975245,-337.672567596426,39960,667,9411.15901272357,-2449.48395296689,-337.672567596426
2020-01-01 11:08:00,NA,NA,-237.872907490778,9393.44670511222,-2369.14132137166,-237.872907490778,40020,668,9393.10951263332,-2324.71748477159,-237.872907490778
2020-01-01 11:09:00,NA,NA,-131.327125093805,9357.56933130732,-2234.52113387205,-131.327125093805,40080,669,9367.87884913387,-2212.51776733626,-131.327125093805
2020-01-01 11:10:00,NA,NA,-53.0453888222789,9329.27526694258,-2120.3742260382,-53.0453888222789,40140,670,9334.45901204692,-2115.05741543817,-53.0453888222789
2020-01-01 11:11:00,NA,NA,-54.7173257990777,9285.29727936599,-2038.37629544538,-54.7173257990777,40200,671,9291.83450057264,-2034.52252593082,-54.7173257990777
2020-01-01 11:12:00,9238.98139442036,-1973.1146773477,NA,9238.98139442036,-1973.1146773477,-68.4449218620214,40260,672,9238.98139442036,-1973.1146773477,-62.7263789054522
2020-01-01 11:13:00,NA,NA,-71.2550981373754,9177.89705883095,-1917.5284338546,-71.2550981373754,40320,673,9175.63888184609,-1929.61590770206,-71.2550981373754
2020-01-01 11:14:00,9104.62655487559,-1889.07586184285,NA,9104.62655487559,-1889.07586184285,-118.76413897235,40380,674,9104.62655487559,-1889.07586184285,-96.3865049909376
2020-01-01 11:15:00,NA,NA,-133.441780670458,9043.83631524667,-1859.35975965167,-133.441780670458,40440,675,9029.3243410469,-1836.78881615605,-133.441780670458
2020-01-01 11:16:00,NA,NA,-169.953157465721,8969.483858419,-1796.34590254908,-169.953157465721,40500,676,8952.28776148726,-1772.75482357018,-169.953157465721
2020-01-01 11:17:00,NA,NA,-186.086868461481,8885.14742811972,-1724.87802068119,-186.086868461481,40560,677,8875.86563897976,-1700.64215139275,-186.086868461481
2020-01-01 11:18:00,NA,NA,-178.534722155647,8810.44840788556,-1644.32090669369,-178.534722155647,40620,678,8802.4073586772,-1624.11167760585,-178.534722155647
2020-01-01 11:19:00,NA,NA,-144.479160099853,8743.47705267834,-1562.375718279,-144.479160099853,40680,679,8734.26501703785,-1546.82023957594,-144.479160099853
2020-01-01 11:20:00,8673.79557322885,-1472.42397892649,NA,8673.79557322885,-1472.42397892649,-65.5671384130314,40740,680,8673.79557322885,-1472.42397892649,-62.910245929045
2020-01-01 11:21:00,NA,NA,59.9088602559202,8611.76401411651,-1411.1134948913,59.9088602559202,40800,681,8622.66630191225,-1404.08720988142,59.9088602559202
2020-01-01 11:22:00,NA,NA,204.616392744906,8558.8595535184,-1356.18995759494,204.616392744906,40860,682,8579.76608229968,-1343.00179610768,204.616392744906
2020-01-01 11:23:00,NA,NA,332.988178530311,8516.40860838832,-1295.87710039562,332.988178530311,40920,683,8543.29461936016,-1289.87175980454,332.988178530311
2020-01-01 11:24:00,NA,NA,429.855478056718,8465.50576606015,-1225.69230653573,429.855478056718,40980,684,8511.45749826085,-1245.40840019692,429.855478056718
2020-01-01 11:25:00,NA,NA,523.843194897435,8415.53643186519,-1178.21147339807,523.843194897435,41040,685,8482.46454301478,-1210.33094403542,523.843194897435
2020-01-01 11:26:00,NA,NA,639.558826017097,8389.2953842454,-1148.38296226742,639.558826017097,41100,686,8454.52817903551,-1185.36720342327,639.558826017097
2020-01-01 11:27:00,NA,NA,732.356528280655,8359.51940941728,-1125.53232899747,732.356528280655,41160,687,8425.86179806846,-1171.25424151543,732.356528280655
2020-01-01 11:28:00,NA,NA,850.265813161689,8339.7002758928,-1126.4030954146,850.265813161689,41220,688,8394.6781240036,-1168.73904668838,850.265813161689
2020-01-01 11:29:00,NA,NA,920.276242780718,8326.30957991536,-1155.3145271495,920.276242780718,41280,689,8359.18757807525,-1178.57921579316,920.276242780718
2020-01-01 11:30:00,8317.59664195445,-1201.54364711485,NA,8317.59664195445,-1201.54364711485,962.620088244011,41340,690,8317.59664195445,-1201.54364711485,953.438420092329
2020-01-01 11:31:00,NA,NA,966.19696215213,8280.61734109783,-1238.47550636884,966.19696215213,41400,691,8268.95721504852,-1235.34336040794,966.19696215213
2020-01-01 11:32:00,8215.71889582872,-1265.41918916066,NA,8215.71889582872,-1265.41918916066,962.214818747003,41460,692,8215.71889582872,-1265.41918916066,967.861479018778
2020-01-01 11:33:00,NA,NA,971.635703007455,8154.23639383902,-1275.84259073537,971.635703007455,41520,693,8161.04747317392,-1278.93523002409,971.635703007455
2020-01-01 11:34:00,8107.58500384196,-1282.22753127551,NA,8107.58500384196,-1282.22753127551,975.927970273398,41580,694,8107.58500384196,-1282.22753127551,983.969658224295
2020-01-01 11:35:00,NA,NA,979.690317974353,8099.71330738849,-1295.071599496,979.690317974353,41640,695,8057.20255375429,-1284.56632631877,979.690317974353
2020-01-01 11:36:00,NA,NA,947.966402185289,8066.50039351099,-1301.1835998993,947.966402185289,41700,696,8009.20789858896,-1287.80856713515,947.966402185289
2020-01-01 11:37:00,NA,NA,941.256613416554,8013.77595860501,-1287.4436953025,941.256613416554,41760,697,7962.26950061968,-1291.95901475186,941.256613416554
2020-01-01 11:38:00,NA,NA,932.184265814446,7968.634821937,-1271.43748619594,932.184265814446,41820,698,7915.05678803628,-1297.02326097273,932.184265814446
2020-01-01 11:39:00,NA,NA,901.722621808801,7901.95752067658,-1261.6535186354,901.722621808801,41880,699,7866.23893792609,-1303.00773346765,901.722621808801
2020-01-01 11:40:00,NA,NA,841.441505807984,7845.55366588845,-1257.0430153728,841.441505807984,41940,700,7814.48365901211,-1309.91970164414,841.441505807984
2020-01-01 11:41:00,NA,NA,788.533679937387,7785.36945060832,-1247.67908687709,788.533679937387,42000,701,7758.45597303776,-1317.76728329267,788.533679937387
2020-01-01 11:42:00,NA,NA,730.045005750157,7706.70011194065,-1254.36479390815,730.045005750157,42060,702,7696.81699368784,-1326.55945200975,730.045005750157
2020-01-01 11:43:00,NA,NA,672.429578022205,7612.94229326434,-1279.80502104505,672.429578022205,42120,703,7628.22270193101,-1336.30604540453,672.429578022205
2020-01-01 11:44:00,NA,NA,633.854232303354,7528.9884717166,-1308.64290998291,633.854232303354,42180,704,7551.32271666491,-1347.01777409619,633.854232303354
2020-01-01 11:45:00,NA,NA,632.92456293817,7446.39800623571,-1338.56886918724,632.92456293817,42240,705,7464.75905954006,-1358.70623151016,632.92456293817
2020-01-01 11:46:00,7367.16491283331,-1371.38390448199,NA,7367.16491283331,-1371.38390448199,626.179319064385,42300,706,7367.16491283331,-1371.38390448199,619.129656264996
2020-01-01 11:47:00,NA,NA,609.275064910223,7265.53775273546,-1377.42366397075,609.275064910223,42360,707,7257.6767671699,-1384.94379363882,609.275064910223
2020-01-01 11:48:00,NA,NA,630.425172339995,7153.56564035925,-1399.89507576802,630.425172339995,42420,708,7137.47391706537,-1398.79812043732,630.425172339995
2020-01-01 11:49:00,NA,NA,650.40641881258,7043.46610606776,-1430.15111395919,650.40641881258,42480,709,7008.23925037101,-1412.23898474219,650.40641881258
2020-01-01 11:50:00,NA,NA,620.821919848585,6926.70605597732,-1423.90149061848,620.821919848585,42540,710,6871.64739361903,-1424.5581081118,620.821919848585
2020-01-01 11:51:00,NA,NA,573.51074145877,6803.93775405811,-1422.94184362309,573.51074145877,42600,711,6729.36624386117,-1435.04618597038,573.51074145877
2020-01-01 11:52:00,NA,NA,489.848085315247,6681.7072110787,-1419.79622449004,489.848085315247,42660,712,6583.05849427977,-1442.99223882859,489.848085315247
2020-01-01 11:53:00,NA,NA,422.737392161879,6544.00207065969,-1409.54981030283,422.737392161879,42720,713,6434.38315503647,-1447.68296196575,422.737392161879
2020-01-01 11:54:00,NA,NA,395.830589710813,6409.10419606901,-1403.67543897791,395.830589710813,42780,714,6284.99707075248,-1448.40207298208,395.830589710813
2020-01-01 11:55:00,NA,NA,365.782659582612,6256.40345405438,-1406.82033204703,365.782659582612,42840,715,6136.55643600857,-1444.42965662542,365.782659582612
2020-01-01 11:56:00,NA,NA,316.047519536633,6105.66498658471,-1397.12897101011,316.047519536633,42900,716,5990.7183102508,-1435.04150629394,316.047519536633
2020-01-01 11:57:00,NA,NA,306.068587446613,5949.24003469525,-1384.56619433234,306.068587446613,42960,717,5849.14213348783,-1419.50846161279,306.068587446613
2020-01-01 11:58:00,NA,NA,250.572237817819,5789.36854806878,-1363.77696385071,250.572237817819,43020,718,5713.49124416595,-1397.09574147897,250.572237817819
2020-01-01 11:59:00,NA,NA,182.0558627456,5640.46849691346,-1341.45070943053,182.0558627456,43080,719,5585.43440061017,-1367.06227196467,182.0558627456
2020-01-01 12:00:00,NA,NA,171.795362503795,5493.81919842777,-1311.03111359842,171.795362503795,43140,720,5466.64730742316,-1328.6600084642,171.795362503795
2020-01-01 12:01:00,5358.81414823799,-1281.13325146467,NA,5358.81414823799,-1281.13325146467,171.541146439793,43200,721,5358.81414823799,-1281.13325146467,185.164911041071
2020-01-01 12:02:00,NA,NA,202.447337599443,5243.47289302294,-1226.33921963449,202.447337599443,43260,722,5263.12005826867,-1224.29561324075,202.447337599443
2020-01-01 12:03:00,NA,NA,219.06434774524,5142.09497317546,-1181.7015550966,219.06434774524,43320,723,5178.72491265045,-1160.26292547088,219.06434774524
2020-01-01 12:04:00,NA,NA,236.256910483883,5039.25067629285,-1112.39737175047,236.256910483883,43380,724,5104.28985597678,-1091.72209416888,236.256910483883
2020-01-01 12:05:00,NA,NA,227.3556336157,4947.82934773552,-1054.4682754533,227.3556336157,43440,725,5038.4851431982,-1021.35590209908,227.3556336157
2020-01-01 12:06:00,NA,NA,192.450887164709,4887.65503758465,-1003.0286259072,192.450887164709,43500,726,4979.98892329192,-951.845462647406,192.450887164709
2020-01-01 12:07:00,NA,NA,204.33387786291,4831.2402692012,-940.095771344319,204.33387786291,43560,727,4927.48603018436,-885.872672169477,204.33387786291
2020-01-01 12:08:00,NA,NA,237.23730254493,4786.16630474071,-886.738796004061,237.23730254493,43620,728,4879.66677978594,-826.122663072082,237.23730254493
2020-01-01 12:09:00,NA,NA,268.366394310277,4762.56446682119,-828.378141777744,268.366394310277,43680,729,4835.22577203823,-775.286259863851,268.366394310277
2020-01-01 12:10:00,NA,NA,318.329186408349,4751.79845644745,-763.964856290753,318.329186408349,43740,730,4792.86069687833,-736.062440417744,318.329186408349
2020-01-01 12:11:00,4751.27114302884,-711.160804694713,NA,4751.27114302884,-711.160804694713,354.234650463263,43800,731,4751.27114302884,-711.160804694713,358.70041096943
2020-01-01 12:12:00,NA,NA,371.132649455173,4731.5762931104,-683.090803928089,371.132649455173,43860,732,4709.28808454935,-702.576883358406,371.132649455173
2020-01-01 12:13:00,NA,NA,352.604375629111,4705.48493038706,-688.82776974682,352.604375629111,43920,733,4666.26486317048,-709.412322972977,352.604375629111
2020-01-01 12:14:00,NA,NA,337.302835458205,4681.24819446936,-719.946016634644,337.302835458205,43980,734,4621.68454448749,-730.055708558868,337.302835458205
2020-01-01 12:15:00,NA,NA,346.805125725036,4651.53682159187,-744.469934380222,346.805125725036,44040,735,4575.02876969114,-762.90825520903,346.805125725036
2020-01-01 12:16:00,NA,NA,349.172339468422,4617.38890399031,-751.403213925973,349.172339468422,44100,736,4525.77728148071,-806.382345595325,349.172339468422
2020-01-01 12:17:00,NA,NA,375.124898398612,4559.50942669304,-786.869819059506,375.124898398612,44160,737,4473.40744820817,-858.900077779082,375.124898398612
2020-01-01 12:18:00,NA,NA,401.913289878966,4501.14640547111,-846.501789996936,401.913289878966,44220,738,4417.39378584218,-918.891821914975,401.913289878966
2020-01-01 12:19:00,NA,NA,449.204027244435,4436.06729391925,-915.685983574724,449.204027244435,44280,739,4357.2074773192,-984.794784522849,449.204027244435
2020-01-01 12:20:00,NA,NA,510.652865227996,4374.13243554537,-982.776178548303,510.652865227996,44340,740,4292.31588884376,-1055.05157901327,510.652865227996
2020-01-01 12:21:00,NA,NA,571.586183633998,4290.48462577648,-1063.79514558285,571.586183633998,44400,741,4222.18208269639,-1128.1088011589,571.586183633998
2020-01-01 12:22:00,NA,NA,698.147009312234,4195.47205254822,-1135.05731382866,698.147009312234,44460,742,4146.26432610377,-1202.41560820859,698.147009312234
2020-01-01 12:23:00,NA,NA,814.061860104536,4093.37378201237,-1216.18364896404,814.061860104536,44520,743,4064.01559572241,-1276.42230034436,814.061860104536
2020-01-01 12:24:00,NA,NA,926.383894055151,3993.18492914826,-1300.4440294293,926.383894055151,44580,744,3974.88307728251,-1348.57890318386,926.383894055151
2020-01-01 12:25:00,NA,NA,1059.48788956372,3892.02114738283,-1394.63533182524,1059.48788956372,44640,745,3878.30765993467,-1417.33375003156,1059.48788956372
2020-01-01 12:26:00,NA,NA,1191.24416456693,3785.56549925214,-1476.50586143522,1191.24416456693,44700,746,3773.72342483686,-1481.13206258196,1191.24416456693
2020-01-01 12:27:00,3660.55712751393,-1538.41452877653,NA,3660.55712751393,-1538.41452877653,1261.5910056581,44760,747,3660.55712751393,-1538.41452877653,1265.89263636211
2020-01-01 12:28:00,NA,NA,1308.97764813325,3530.15963923203,-1583.7454215186,1308.97764813325,44820,748,3538.96347167388,-1587.40969612833,1308.97764813325
2020-01-01 12:29:00,NA,NA,1355.42163987459,3403.65550262737,-1621.31782658812,1355.42163987459,44880,749,3412.03277852566,-1625.51377054488,1355.42163987459
2020-01-01 12:30:00,3283.58628345653,-1649.90681247388,NA,3283.58628345653,-1649.90681247388,1388.25587619187,44940,750,3283.58628345653,-1649.90681247388,1392.90548188989
2020-01-01 12:31:00,NA,NA,1413.91808632777,3152.57467517804,-1648.00020319962,1413.91808632777,45000,751,3157.21396314026,-1658.73524548722,1413.91808632777
2020-01-01 12:32:00,NA,NA,1413.74489297979,3036.22935655198,-1637.03270062546,1413.74489297979,45060,752,3035.58815882839,-1654.04705419322,1413.74489297979
2020-01-01 12:33:00,NA,NA,1396.05367843938,2944.02937925749,-1611.88808314339,1396.05367843938,45120,753,2921.15568129692,-1638.85676129194,1396.05367843938
2020-01-01 12:34:00,NA,NA,1398.4156493131,2860.8094623269,-1589.45651510224,1398.4156493131,45180,754,2816.36992155934,-1616.16928339211,1398.4156493131
2020-01-01 12:35:00,NA,NA,1418.53970845499,2751.82394679979,-1586.92892712798,1418.53970845499,45240,755,2723.6930948133,-1588.98267969962,1418.53970845499
2020-01-01 12:36:00,NA,NA,1465.3031420354,2638.73212365644,-1578.00845993431,1465.3031420354,45300,756,2645.59849253234,-1560.29089431885,1465.3031420354
2020-01-01 12:37:00,NA,NA,1512.50658829907,2579.96681786551,-1533.13292675054,1512.50658829907,45360,757,2584.57274471844,-1533.08649477979,1512.50658829907
2020-01-01 12:38:00,2543.11809437005,-1510.36340930497,NA,2543.11809437005,-1510.36340930497,1553.29934935251,45420,758,2543.11809437005,-1510.36340930497,1544.33911623081
2020-01-01 12:39:00,NA,NA,1561.04587515063,2527.36672368602,-1496.47877615059,1561.04587515063,45480,759,2521.34707581287,-1493.12955242475,1561.04587515063
2020-01-01 12:40:00,2509.75934597276,-1474.43704234513,NA,2509.75934597276,-1474.43704234513,1543.89593232843,45540,760,2509.75934597276,-1474.43704234513,1561.5440003774
2020-01-01 12:41:00,NA,NA,1530.08259535352,2502.16598849347,-1434.76071743816,1530.08259535352,45600,761,2498.97543744951,-1446.74388660176,1530.08259535352
2020-01-01 12:42:00,NA,NA,1462.91015778625,2507.77648249821,-1411.61832112499,1462.91015778625,45660,762,2489.69375991625,-1408.08946550066,1462.91015778625
2020-01-01 12:43:00,NA,NA,1406.12182250951,2492.93102758659,-1356.86182502542,1406.12182250951,45720,763,2485.13326811224,-1357.90046759344,1406.12182250951
2020-01-01 12:44:00,NA,NA,1360.56308907815,2479.40634007259,-1293.74830629373,1360.56308907815,45780,764,2488.51723595026,-1295.59303018273,1360.56308907815
2020-01-01 12:45:00,NA,NA,1339.55435118325,2486.71665346527,-1226.04493988432,1339.55435118325,45840,765,2503.07620462126,-1220.57220559025,1339.55435118325
2020-01-01 12:46:00,NA,NA,1355.08193911904,2512.07693456399,-1142.3624304024,1355.08193911904,45900,766,2532.05093744037,-1132.23141707015,1355.08193911904
2020-01-01 12:47:00,2578.69538408241,-1029.95190403324,NA,2578.69538408241,-1029.95190403324,1368.49119215438,45960,767,2578.69538408241,-1029.95190403324,1356.54547957935
2020-01-01 12:48:00,2640.12990187678,-909.150317547195,NA,2640.12990187678,-909.150317547195,1353.9781316013,46020,768,2640.12990187678,-909.150317547195,1335.79347088186
2020-01-01 12:49:00,2700.84888427331,-762.758759952221,NA,2700.84888427331,-762.758759952221,1301.5915340542,46080,769,2700.84888427331,-762.758759952221,1299.36530292606
2020-01-01 12:50:00,NA,NA,1252.89332968147,2770.29007346637,-619.41033319538,1252.89332968147,46140,770,2775.7758724125,-624.339313800175,1252.89332968147
2020-01-01 12:51:00,2846.74489189377,-505.763670828796,NA,2846.74489189377,-505.763670828796,1215.05185324609,46200,771,2846.74489189377,-505.763670828796,1203.22535539982
2020-01-01 12:52:00,NA,NA,1164.23132281004,2884.20899071936,-415.954391656008,1164.23132281004,46260,772,2891.00977337895,-407.7625061446,1164.23132281004
2020-01-01 12:53:00,NA,NA,1145.41732033412,2909.98079969242,-326.191204347058,1145.41732033412,46320,773,2912.55598182192,-321.484751622186,1145.41732033412
2020-01-01 12:54:00,2922.03690702171,-235.690032119509,NA,2922.03690702171,-235.690032119509,1143.60100537721,46380,774,2922.03690702171,-235.690032119509,1133.75324577776
2020-01-01 12:55:00,NA,NA,1123.83052898101,2935.92579842443,-156.065952355087,1123.83052898101,46440,775,2928.76051967575,-141.182763073803,1123.83052898101
2020-01-01 12:56:00,NA,NA,1117.28175615449,2937.35904060343,-63.8007690060964,1117.28175615449,46500,776,2936.69448725582,-36.9371655723498,1117.28175615449
2020-01-01 12:57:00,NA,NA,1124.45348225762,2957.57523177541,45.6407437844197,1124.45348225762,46560,777,2948.47320083112,76.0370997605249,1124.45348225762
2020-01-01 12:58:00,NA,NA,1141.46265868423,2977.05821234845,170.837829542563,1141.46265868423,46620,778,2966.7345688295,196.738356633117,1141.46265868423
2020-01-01 12:59:00,NA,NA,1161.34868026483,3002.9471210097,316.560883147021,1161.34868026483,46680,779,2994.1224297457,324.171996645587,1161.34868026483
2020-01-01 13:00:00,3033.28897035596,457.349569475829,NA,3033.28897035596,457.349569475829,1158.56312395922,46740,780,3033.28897035596,457.349569475829,1151.55883900853
2020-01-01 13:01:00,NA,NA,1114.7098655131,3080.06097564174,587.817984488827,1114.7098655131,46800,781,3084.92902059936,594.60144543679,1114.7098655131
2020-01-01 13:02:00,NA,NA,1075.06325075142,3138.57986000037,732.889738058422,1075.06325075142,46860,782,3141.87593583623,731.515862998138,1075.06325075142
2020-01-01 13:03:00,3194.99979546897,862.994319133902,NA,3194.99979546897,862.994319133902,1096.18757695783,46920,783,3194.99979546897,862.994319133902,1078.51964773137
2020-01-01 13:04:00,NA,NA,1087.29211454541,3238.19197537921,986.880456362709,1087.29211454541,46980,784,3238.38300342167,985.692265342354,1087.29211454541
2020-01-01 13:05:00,3278.96293552952,1103.29315460183,NA,3278.96293552952,1103.29315460183,1053.16574620519,47040,785,3278.96293552952,1103.29315460183,1060.44297033027
2020-01-01 13:06:00,NA,NA,1038.78690050732,3318.62781857567,1218.81249570463,1038.78690050732,47100,786,3324.98277431955,1219.69008814674,1038.78690050732
2020-01-01 13:07:00,NA,NA,1051.0656072594,3378.58009999397,1339.02047593933,1051.0656072594,47160,787,3377.06051766341,1332.5963128559,1051.0656072594
2020-01-01 13:08:00,NA,NA,1028.39113031795,3445.86318161215,1449.4421811169,1028.39113031795,47220,788,3433.91225334505,1438.17726448901,1028.39113031795
2020-01-01 13:09:00,NA,NA,987.159995522033,3498.83051126335,1546.12622500673,987.159995522033,47280,789,3494.25843594889,1532.59167759175,987.159995522033
2020-01-01 13:10:00,3556.82271634962,1611.98807212841,NA,3556.82271634962,1611.98807212841,922.197314502763,47340,790,3556.82271634962,1611.98807212841,927.824990840825
2020-01-01 13:11:00,NA,NA,884.372671610524,3627.32291713932,1665.04038550183,884.372671610524,47400,791,3619.64757804256,1673.52144073866,884.372671610524
2020-01-01 13:12:00,NA,NA,889.087046347677,3692.24850776229,1711.43706070573,889.087046347677,47460,792,3678.0428320791,1718.4114614152,889.087046347677
2020-01-01 13:13:00,NA,NA,922.318177358417,3745.22035550906,1743.22458702603,922.318177358417,47520,793,3726.63104011556,1748.88279451475,922.318177358417
2020-01-01 13:14:00,3760.02579223313,1767.14691167247,NA,3760.02579223313,1767.14691167247,992.288012232447,47580,794,3760.02579223313,1767.14691167247,972.759872086601
2020-01-01 13:15:00,3776.73116290843,1776.36700804831,NA,3776.73116290843,1776.36700804831,1049.76513624968,47640,795,3776.73116290843,1776.36700804831,1032.48259385363
2020-01-01 13:16:00,NA,NA,1093.28646139477,3776.4161258372,1772.16873596239,1093.28646139477,47700,796,3787.93871289114,1782.26838477129,1093.28646139477
2020-01-01 13:17:00,NA,NA,1150.92581107242,3771.34643552315,1762.20415882056,1150.92581107242,47760,797,3797.07684268529,1786.4105394516,1150.92581107242
2020-01-01 13:18:00,NA,NA,1207.97749881753,3763.66957982172,1775.80098862427,1207.97749881753,47820,798,3804.65656478867,1789.07000472133,1207.97749881753
2020-01-01 13:19:00,NA,NA,1251.71581982272,3719.42033588852,1792.00289658984,1251.71581982272,47880,799,3811.18746624824,1790.52195697708,1251.71581982272
2020-01-01 13:20:00,NA,NA,1299.47341816721,3694.3527340375,1798.28374492998,1299.47341816721,47940,800,3817.17817480541,1791.04046811942,1299.47341816721
2020-01-01 13:21:00,NA,NA,1314.08988187076,3696.6387596633,1793.04122425474,1314.08988187076,48000,801,3823.13682413439,1790.89875625097,1314.08988187076
2020-01-01 13:22:00,NA,NA,1300.57365686991,3707.03642155665,1791.01823867713,1300.57365686991,48060,802,3829.57151862568,1790.36943558854,1300.57365686991
2020-01-01 13:23:00,NA,NA,1259.93309723224,3716.70414786554,1819.69141703378,1259.93309723224,48120,803,3836.99079814233,1789.72476582137,1259.93309723224
2020-01-01 13:24:00,NA,NA,1242.05855275934,3738.3525034156,1846.77648765559,1242.05855275934,48180,804,3845.90410317491,1789.23690114466,1242.05855275934
2020-01-01 13:25:00,NA,NA,1236.19010567178,3761.50519232381,1855.17543483668,1236.19010567178,48240,805,3856.8222408206,1789.17813919647,1236.19010567178
2020-01-01 13:26:00,NA,NA,1147.81804091764,3773.8221608999,1884.88564548797,1147.81804091764,48300,806,3870.25785201261,1789.82117012571,1147.81804091764
2020-01-01 13:27:00,NA,NA,1107.05147068324,3802.94592563966,1886.81912982947,1107.05147068324,48360,807,3886.7258804273,1791.43932601924,1107.05147068324
2020-01-01 13:28:00,NA,NA,1089.19512698475,3834.38717708045,1893.59329669274,1089.19512698475,48420,808,3906.7440434978,1794.30683091622,1089.19512698475
2020-01-01 13:29:00,NA,NA,1053.5195582624,3868.46306592723,1882.48059799931,1053.5195582624,48480,809,3930.83330596499,1798.69905163824,1053.5195582624
2020-01-01 13:30:00,NA,NA,1009.43638352429,3909.54316110202,1856.1837368422,1009.43638352429,48540,810,3959.51835639894,1804.89274966488,1009.43638352429
2020-01-01 13:31:00,NA,NA,992.073552810199,3979.43144353012,1835.3602307218,992.073552810199,48600,811,3993.32808712658,1813.166334285,992.073552810199
2020-01-01 13:32:00,4032.79607800469,1823.80011725526,NA,4032.79607800469,1823.80011725526,960.416079108264,48660,812,4032.79607800469,1823.80011725526,965.224733906336
2020-01-01 13:33:00,NA,NA,921.230854504506,4095.62065669065,1833.26945182836,921.230854504506,48720,813,4079.81364217522,1836.80620660129,921.230854504506
2020-01-01 13:34:00,4141.68948059634,1851.11738059343,NA,4141.68948059634,1851.11738059343,865.28077537298,48780,814,4141.68948059634,1851.11738059343,867.853021161027
2020-01-01 13:35:00,NA,NA,824.93574203779,4213.07193318332,1859.85308587114,824.93574203779,48840,815,4223.34429121055,1865.94695965995,824.93574203779
2020-01-01 13:36:00,4314.69954862768,1882.70768226951,NA,4314.69954862768,1882.70768226951,836.305547361178,48900,816,4314.69954862768,1882.70768226951,806.067358779113
2020-01-01 13:37:00,NA,NA,786.076628713319,4406.30339529305,1900.75118767667,786.076628713319,48960,817,4404.0713468423,1903.10053733799,786.076628713319
2020-01-01 13:38:00,NA,NA,746.33743566166,4498.62567102385,1958.03604093111,746.33743566166,49020,818,4488.33396554312,1927.77687839105,746.33743566166
2020-01-01 13:39:00,NA,NA,726.256678701366,4587.15003762068,2013.0281339293,726.256678701366,49080,819,4566.49691245271,1957.12875092683,726.256678701366
2020-01-01 13:40:00,NA,NA,735.375233581672,4681.95803320935,2057.9172898423,735.375233581672,49140,820,4637.56411562551,1991.55247742884,735.375233581672
2020-01-01 13:41:00,NA,NA,737.746425785897,4747.9791970071,2083.60528278183,737.746425785897,49200,821,4700.53301246828,2031.44901973293,737.746425785897
2020-01-01 13:42:00,NA,NA,773.174730092208,4789.746608369,2102.12020941134,773.174730092208,49260,822,4754.39363275552,2077.22434573368,773.174730092208
2020-01-01 13:43:00,NA,NA,810.675178670969,4807.58376703407,2132.20321377019,810.675178670969,49320,823,4798.12767484762,2129.28980069379,810.675178670969
2020-01-01 13:44:00,4830.70757427819,2188.06248348223,NA,4830.70757427819,2188.06248348223,847.715227501246,49380,824,4830.70757427819,2188.06248348223,849.166296455146
2020-01-01 13:45:00,NA,NA,883.463818649287,4851.7841019647,2257.96132960127,883.463818649287,49440,825,4851.34379412042,2253.84246674174,883.463818649287
2020-01-01 13:46:00,NA,NA,909.926744266247,4861.78801015378,2333.05780956234,909.926744266247,49500,826,4860.22883707475,2326.44356637666,909.926744266247
2020-01-01 13:47:00,NA,NA,933.049785578224,4859.61349787901,2414.93759887745,933.049785578224,49560,827,4857.79268412267,2405.56267874593,933.049785578224
2020-01-01 13:48:00,4844.45496061794,2490.90266234919,NA,4844.45496061794,2490.90266234919,901.411047988197,49620,828,4844.45496061794,2490.90266234919,907.731993309703
2020-01-01 13:49:00,NA,NA,844.981376211891,4820.91111549055,2568.1871213945,844.981376211891,49680,829,4820.22006579325,2581.64699150063,844.981376211891
2020-01-01 13:50:00,NA,NA,777.967707625204,4793.33737566791,2667.99781394416,777.967707625204,49740,830,4783.46133659837,2674.88369060344,777.967707625204
2020-01-01 13:51:00,NA,NA,740.964010006672,4745.15352689453,2765.20168136417,740.964010006672,49800,831,4732.13539582398,2767.17799046005,740.964010006672
2020-01-01 13:52:00,4664.18554088586,2855.09425935154,NA,4664.18554088586,2855.09425935154,703.541255726476,49860,832,4664.18554088586,2855.09425935154,711.761363785056
2020-01-01 13:53:00,NA,NA,694.080193765199,4565.47440916455,2954.88133064951,694.080193765199,49920,833,4578.75087796421,2935.78394665743,694.080193765199
2020-01-01 13:54:00,NA,NA,692.886771098393,4458.71763116364,3047.57222950819,692.886771098393,49980,834,4479.79879945691,3008.7563432736,692.886771098393
2020-01-01 13:55:00,NA,NA,678.268601706604,4334.23788858171,3128.70699273093,678.268601706604,50040,835,4372.49534443374,3074.10476563719,678.268601706604
2020-01-01 13:56:00,NA,NA,640.252733146492,4225.36367687083,3198.28091833033,640.252733146492,50100,836,4261.99891350086,3131.91555641233,640.252733146492
2020-01-01 13:57:00,NA,NA,605.479858097186,4111.63792174217,3241.49156539047,605.479858097186,50160,837,4153.46498717771,3182.26816356364,605.479858097186
2020-01-01 13:58:00,NA,NA,597.052137652818,4013.07954822311,3253.83185825309,597.052137652818,50220,838,4052.05084152398,3225.23521305617,597.052137652818
2020-01-01 13:59:00,NA,NA,591.5475223697,3942.25883206902,3268.36737464564,591.5475223697,50280,839,3962.92026541783,3260.88257530084,591.5475223697
2020-01-01 14:00:00,3891.24828380025,3289.26942541475,NA,3891.24828380025,3289.26942541475,572.955065744686,50340,840,3891.24828380025,3289.26942541475,588.113216791869
2020-01-01 14:01:00,NA,NA,591.391369951376,3844.84979370498,3303.25261656282,591.391369951376,50400,841,3840.58480851808,3310.98521227528,591.391369951376
2020-01-01 14:02:00,NA,NA,606.095063597363,3815.24335628618,3329.36881526727,606.095063597363,50460,842,3807.93433905573,3328.76104043341,606.095063597363
2020-01-01 14:03:00,3788.67677294197,3345.86132491231,NA,3788.67677294197,3345.86132491231,639.848211021838,50520,843,3788.67677294197,3345.86132491231,635.783557111974
2020-01-01 14:04:00,NA,NA,667.037251065609,3773.2378390627,3352.02118306247,667.037251065609,50580,844,3778.76887533692,3364.97671545003,667.037251065609
2020-01-01 14:05:00,NA,NA,681.461349378285,3774.96847977609,3372.15230619505,681.461349378285,50640,845,3776.43453880526,3386.50700900149,681.461349378285
2020-01-01 14:06:00,NA,NA,669.130253948328,3786.89042239274,3416.43024479375,669.130253948328,50700,846,3780.46920307541,3410.28106439394,669.130253948328
2020-01-01 14:07:00,NA,NA,659.443373847139,3790.28235072246,3452.57666625808,659.443373847139,50760,847,3789.67413359268,3436.12979288478,659.443373847139
2020-01-01 14:08:00,NA,NA,681.597548074262,3808.37138735541,3478.17669438572,681.597548074262,50820,848,3802.85532495736,3463.88600344551,681.597548074262
2020-01-01 14:09:00,NA,NA,752.752434187872,3825.7491890842,3499.53878901662,752.752434187872,50880,849,3818.82240876393,3493.38424981951,752.752434187872
2020-01-01 14:10:00,3836.38756477779,3524.46067918327,NA,3836.38756477779,3524.46067918327,817.473698800253,50940,850,3836.38756477779,3524.46067918327,820.239765192311
2020-01-01 14:11:00,NA,NA,875.379130463177,3852.53986431163,3566.089966573,875.379130463177,51000,851,3854.50091817636,3559.17528812386,875.379130463177
2020-01-01 14:12:00,3872.65905560814,3608.48143558323,NA,3872.65905560814,3608.48143558323,937.118649025815,51060,852,3872.65905560814,3608.48143558323,922.632498457739
2020-01-01 14:13:00,3890.82935289214,3674.07089258415,NA,3890.82935289214,3674.07089258415,949.063124052584,51120,853,3890.82935289214,3674.07089258415,954.294834642974
2020-01-01 14:14:00,NA,NA,958.839719064424,3923.0389112356,3715.53352791822,958.839719064424,51180,854,3909.91689591387,3721.55318618005,958.839719064424
2020-01-01 14:15:00,NA,NA,940.898184945633,3959.1154947598,3740.83899525685,940.898184945633,51240,855,3929.56412065144,3744.60319449088,940.898184945633
2020-01-01 14:16:00,NA,NA,944.759035467183,3994.52181375821,3728.09181591145,944.759035467183,51300,856,3949.0145550308,3746.76780597606,944.759035467183
2020-01-01 14:17:00,NA,NA,922.239009570271,4036.9824477366,3699.4059581267,922.239009570271,51360,857,3967.51154686497,3731.57480482307,922.239009570271
2020-01-01 14:18:00,NA,NA,854.650344095908,4081.78436368161,3693.04579823803,854.650344095908,51420,858,3984.29757175552,3702.53609836567,854.650344095908
2020-01-01 14:19:00,NA,NA,806.914507544556,4126.38784963545,3675.5239140931,806.914507544556,51480,859,3998.6135402053,3663.15092951167,806.914507544556
2020-01-01 14:20:00,NA,NA,785.609735581417,4167.47872174273,3637.87852199944,785.609735581417,51540,860,4009.69810329635,3616.90907750648,785.609735581417
2020-01-01 14:21:00,NA,NA,734.940697234802,4183.28578502208,3574.99041447519,734.940697234802,51600,861,4016.78695629838,3567.29405001622,734.940697234802
2020-01-01 14:22:00,NA,NA,678.321445130318,4171.31101921319,3518.69599427897,678.321445130318,51660,862,4019.11213957164,3517.78626946543,678.321445130318
2020-01-01 14:23:00,NA,NA,641.35551244853,4135.70831447874,3482.98895013393,641.35551244853,51720,863,4015.90133612529,3471.86625654933,641.35551244853
2020-01-01 14:24:00,NA,NA,665.827219150872,4064.32345011261,3435.36702827774,665.827219150872,51780,864,4006.37716518914,3433.0178138347,665.827219150872
2020-01-01 14:25:00,3989.75647115287,3404.73121236244,NA,3989.75647115287,3404.73121236244,733.288100036621,51840,865,3989.75647115287,3404.73121236244,724.17491767344
2020-01-01 14:26:00,NA,NA,800.204684780906,3930.25175916108,3379.45472115967,800.204684780906,51900,866,3965.43389494212,3389.56732896108,800.204684780906
2020-01-01 14:27:00,NA,NA,880.248877704897,3855.37962689094,3371.59377579584,880.248877704897,51960,867,3933.53421570533,3386.34265281986,880.248877704897
2020-01-01 14:28:00,NA,NA,931.79326283196,3784.32242204503,3371.62876758551,931.79326283196,52020,868,3894.35956717114,3392.94554179283,931.79326283196
2020-01-01 14:29:00,NA,NA,946.650960643694,3723.80966852503,3355.97812898225,946.650960643694,52080,869,3848.20542858355,3407.27334280623,946.650960643694
2020-01-01 14:30:00,NA,NA,953.476435356094,3673.08116022423,3347.2879595928,953.476435356094,52140,870,3795.36089505497,3427.23046855164,953.476435356094
2020-01-01 14:31:00,NA,NA,1022.66667140326,3613.56833284838,3372.2499871103,1022.66667140326,52200,871,3736.10894201721,3450.72648068536,1022.66667140326
2020-01-01 14:32:00,NA,NA,1085.65564094318,3562.32740646509,3410.93797622717,1085.65564094318,52260,872,3670.72668406578,3475.67417773319,1085.65564094318
2020-01-01 14:33:00,NA,NA,1097.51443611578,3514.77173904323,3454.30404759749,1097.51443611578,52320,873,3599.48562843982,3499.98768595259,1097.51443611578
2020-01-01 14:34:00,NA,NA,1125.50307743931,3463.40361550413,3496.65457009274,1125.50307743931,52380,874,3522.65192337132,3521.58055140715,1125.50307743931
2020-01-01 14:35:00,NA,NA,1104.14794468953,3404.14138195923,3534.75171736128,1104.14794468953,52440,875,3440.48660153131,3538.36383150887,1104.14794468953
2020-01-01 14:36:00,NA,NA,1038.70410912822,3334.5601784061,3535.64078600074,1038.70410912822,52500,876,3353.24581879637,3548.24418428312,1038.70410912822
2020-01-01 14:37:00,NA,NA,980.221975745237,3248.60608713121,3532.93734297833,980.221975745237,52560,877,3261.18108855376,3549.12195360864,980.221975745237
2020-01-01 14:38:00,3164.53951175992,3538.88924868157,NA,3164.53951175992,3538.88924868157,958.102133604303,52620,878,3164.53951175992,3538.88924868157,944.684406818838
2020-01-01 14:39:00,NA,NA,916.650303944366,3079.36312527032,3515.54257266541,916.650303944366,52680,879,3062.92806624489,3516.62534089743,916.650303944366
2020-01-01 14:40:00,NA,NA,882.816987340721,2978.27847793467,3481.98252434749,882.816987340721,52740,880,2953.40531818864,3486.18801464154,882.816987340721
2020-01-01 14:41:00,NA,NA,850.123537424904,2837.14850213772,3445.9631185203,850.123537424904,52800,881,2832.38665704302,3452.62490101803,850.123537424904
2020-01-01 14:42:00,NA,NA,810.64605343706,2695.29852301565,3420.91438837382,810.64605343706,52860,882,2696.27695618323,3420.98077272621,810.64605343706
2020-01-01 14:43:00,2541.46728477342,3396.30215830947,NA,2541.46728477342,3396.30215830947,791.246643505534,52920,883,2541.46728477342,3396.30215830947,793.746697468789
2020-01-01 14:44:00,NA,NA,762.778314156016,2353.25624920768,3372.84911696613,762.778314156016,52980,884,2365.48090360864,3382.50418365393,762.778314156016
2020-01-01 14:45:00,NA,NA,684.081593262725,2154.86349328836,3364.81236737594,684.081593262725,53040,885,2170.41909670458,3378.96062261586,684.081593262725
2020-01-01 14:46:00,NA,NA,606.281508479485,1946.92284663297,3381.42169423712,606.281508479485,53100,886,1959.51498987749,3383.91685698577,606.281508479485
2020-01-01 14:47:00,NA,NA,544.093596124421,1705.96911226361,3421.85900462486,544.093596124421,53160,887,1735.98721801841,3395.62604321825,544.093596124421
2020-01-01 14:48:00,NA,NA,497.105257815323,1462.47047126931,3453.12695321539,497.105257815323,53220,888,1503.04286936911,3412.34751453927,497.105257815323
2020-01-01 14:49:00,NA,NA,459.991978997609,1238.30861638901,3469.04800526604,459.991978997609,53280,889,1263.88041904846,3432.3451887704,459.991978997609
2020-01-01 14:50:00,NA,NA,428.353271945319,1006.98518975741,3483.34956650043,428.353271945319,53340,890,1021.6926546787,3453.88598035148,428.353271945319
2020-01-01 14:51:00,NA,NA,424.774148372389,761.33841413021,3487.31837028804,424.774148372389,53400,891,779.669596803104,3475.23821510503,424.774148372389
2020-01-01 14:52:00,NA,NA,434.986187011834,527.024222293844,3495.1127021604,434.986187011834,53460,892,541.00141677038,3494.67004629145,434.986187011834
2020-01-01 14:53:00,308.88135475617,3510.44787050589,NA,308.88135475617,3510.44787050589,469.396161056627,53520,893,308.88135475617,3510.44787050589,459.991416523642
2020-01-01 14:54:00,NA,NA,482.661684624553,97.9823710781175,3537.62352977065,482.661684624553,53580,894,85.1095244198776,3521.82793008913,482.661684624553
2020-01-01 14:55:00,NA,NA,486.372108752564,-118.901336841905,3543.65626882523,486.372108752564,53640,895,-134.103046382885,3532.03537940053,486.372108752564
2020-01-01 14:56:00,-353.940276832351,3545.28748856698,NA,-353.940276832351,3545.28748856698,478.511780891208,53700,896,-353.940276832351,3545.28748856698,481.465149888196
2020-01-01 14:57:00,NA,NA,475.556403625163,-591.664813097753,3554.67649384728,475.556403625163,53760,897,-578.596182519025,3564.80037153799,475.556403625163
2020-01-01 14:58:00,NA,NA,481.629178284262,-836.037330903567,3580.09615070626,481.629178284262,53820,898,-808.307103649187,3589.77991861467,481.629178284262
2020-01-01 14:59:00,NA,NA,524.63992392701,-1091.0097126057,3595.06005710416,524.63992392701,53880,899,-1042.32353168294,3618.4330801094,524.63992392701
2020-01-01 15:00:00,NA,NA,576.574450070417,-1355.29892493189,3598.86392760941,576.574450070417,53940,900,-1279.89989655935,3648.9701664282,576.574450070417
2020-01-01 15:01:00,NA,NA,642.413312221512,-1604.02143116626,3607.84044840555,642.413312221512,54000,901,-1520.29388453713,3679.60321102445,642.413312221512
2020-01-01 15:02:00,NA,NA,688.334583061921,-1838.17081063925,3638.40932062284,688.334583061921,54060,902,-1762.7657591576,3708.54433497175,688.334583061921
2020-01-01 15:03:00,NA,NA,750.219761454342,-2056.90487649282,3669.44576447393,750.219761454342,54120,903,-2006.57768459226,3734.00411161724,750.219761454342
2020-01-01 15:04:00,NA,NA,819.166221187934,-2284.88586906667,3699.47149338119,819.166221187934,54180,904,-2250.99305073895,3754.18992981748,819.166221187934
2020-01-01 15:05:00,NA,NA,892.741377740426,-2509.42391801856,3746.51675155069,892.741377740426,54240,905,-2495.27579944403,3767.30435425962,892.741377740426
2020-01-01 15:06:00,-2738.68975123194,3771.54348136858,NA,-2738.68975123194,3771.54348136858,959.217088782876,54300,906,-2738.68975123194,3771.54348136858,940.414639814456
2020-01-01 15:07:00,NA,NA,990.246601128096,-2965.26007752045,3790.05952489701,990.246601128096,54360,907,-2980.38240365594,3765.6007481225,990.246601128096
2020-01-01 15:08:00,NA,NA,1063.43712282717,-3189.31891865148,3788.72680089253,1063.43712282717,54420,908,-3219.03754629385,3750.18220440612,1063.43712282717
2020-01-01 15:09:00,NA,NA,1111.69353756992,-3409.59448566101,3768.0973177064,1111.69353756992,54480,909,-3453.22066311739,3726.49068875279,1111.69353756992
2020-01-01 15:10:00,NA,NA,1155.44869424732,-3632.89315039711,3739.06938782409,1155.44869424732,54540,910,-3681.49314736741,3695.72147246559,1155.44869424732
2020-01-01 15:11:00,NA,NA,1164.98768121955,-3880.74224101364,3706.10305901283,1164.98768121955,54600,911,-3902.41098570443,3659.06335298001,1164.98768121955
2020-01-01 15:12:00,NA,NA,1206.65732308213,-4113.43913426854,3647.14728962715,1206.65732308213,54660,912,-4114.52343740847,3617.69974125007,1206.65732308213
2020-01-01 15:13:00,-4316.37170741528,3572.80974420412,NA,-4316.37170741528,3572.80974420412,1233.90702074385,54720,913,-4316.37170741528,3572.80974420412,1246.9570373007
2020-01-01 15:14:00,NA,NA,1279.67562066036,-4528.76059952103,3498.84998148003,1279.67562066036,54780,914,-4506.80674989853,3525.45024739846,1279.67562066036
2020-01-01 15:15:00,NA,NA,1314.60298028693,-4747.9017302419,3430.05497875965,1314.60298028693,54840,915,-4685.94568856394,3476.19987166783,1314.60298028693
2020-01-01 15:16:00,NA,NA,1355.24354798977,-4969.12716690168,3368.93554835932,1355.24354798977,54900,916,-4854.21445093427,3425.51651148598,1355.24354798977
2020-01-01 15:17:00,NA,NA,1381.97292266759,-5144.21697883873,3333.11242195671,1381.97292266759,54960,917,-5012.02902156441,3373.85675059213,1381.97292266759
2020-01-01 15:18:00,NA,NA,1368.58763790026,-5284.35433895901,3306.25660056807,1368.58763790026,55020,918,-5159.79582260401,3321.67627964483,1368.58763790026
2020-01-01 15:19:00,NA,NA,1338.06223932946,-5410.64345244883,3288.71266650175,1338.06223932946,55080,919,-5297.91208556465,3269.43031303908,1338.06223932946
2020-01-01 15:20:00,NA,NA,1319.25889606716,-5528.55127152563,3260.37001239589,1319.25889606716,55140,920,-5426.76621467222,3217.57400528661,1319.25889606716
2020-01-01 15:21:00,NA,NA,1257.76778884001,-5641.27446947902,3223.49851260385,1257.76778884001,55200,921,-5546.73814214188,3166.56286734117,1257.76778884001
2020-01-01 15:22:00,NA,NA,1183.75587310767,-5721.79426939754,3164.97197737509,1183.75587310767,55260,922,-5658.19967570214,3116.85318324997,1183.75587310767
2020-01-01 15:23:00,NA,NA,1117.62642064032,-5801.55461895308,3104.70418812855,1117.62642064032,55320,923,-5761.51483868652,3068.90242751232,1117.62642064032
2020-01-01 15:24:00,NA,NA,1080.6703062595,-5874.43728974393,3050.0150633374,1080.6703062595,55380,924,-5857.04020300435,3023.16968352727,1080.6703062595
2020-01-01 15:25:00,NA,NA,1069.32032801103,-5953.27876284149,2997.98555622698,1069.32032801103,55440,925,-5945.12521529546,2980.11606351294,1069.32032801103
2020-01-01 15:26:00,-6026.11251656708,2940.20513028174,NA,-6026.11251656708,2940.20513028174,1049.86295750732,55500,926,-6026.11251656708,2940.20513028174,1056.9203111011
2020-01-01 15:27:00,NA,NA,1047.57166185299,-6097.11343336257,2907.69800546202,1047.57166185299,55560,927,-6101.80349543128,2904.21492264881,1047.57166185299
2020-01-01 15:28:00,-6179.85592521284,2874.17352942638,NA,-6179.85592521284,2874.17352942638,1042.54350051761,55620,928,-6179.85592521284,2874.17352942638,1054.00344528132
2020-01-01 15:29:00,NA,NA,1085.95832586392,-6279.61916921788,2846.86982525632,1085.95832586392,55680,929,-6267.18595344916,2851.16395272451,1085.95832586392
2020-01-01 15:30:00,NA,NA,1135.55911262712,-6384.58731236581,2823.88312020558,1135.55911262712,55740,930,-6361.88169924501,2831.2268709596,1135.55911262712
2020-01-01 15:31:00,NA,NA,1143.75453058268,-6471.91412184497,2802.75495376038,1143.75453058268,55800,931,-6459.82899342433,2809.14364165825,1143.75453058268
2020-01-01 15:32:00,-6556.91664054384,2779.69365828801,NA,-6556.91664054384,2779.69365828801,1104.42984394897,55860,932,-6556.91664054384,2779.69365828801,1112.33781117256
2020-01-01 15:33:00,NA,NA,1057.63517398261,-6640.86462495619,2718.5772264421,1057.63517398261,55920,933,-6649.74311601756,2739.50037849966,1057.63517398261
2020-01-01 15:34:00,NA,NA,997.51353116614,-6726.92250925619,2653.58858103825,997.51353116614,55980,934,-6737.74495789495,2692.58098429065,997.51353116614
2020-01-01 15:35:00,NA,NA,956.785756198788,-6807.13556052762,2628.40996629736,956.785756198788,56040,935,-6821.06474818972,2644.79730705419,956.785756198788
2020-01-01 15:36:00,-6899.84078621749,2602.01038852373,NA,-6899.84078621749,2602.01038852373,964.24380828403,56100,936,-6899.84078621749,2602.01038852373,932.839085396373
2020-01-01 15:37:00,-6972.05515397362,2568.6206046461,NA,-6972.05515397362,2568.6206046461,942.982200487105,56160,937,-6972.05515397362,2568.6206046461,915.17143647455
2020-01-01 15:38:00,-7036.48005265653,2539.25201060839,NA,-7036.48005265653,2539.25201060839,900.126270663281,56220,938,-7036.48005265653,2539.25201060839,893.432784303226
2020-01-01 15:39:00,NA,NA,857.037551345246,-7104.00206500298,2467.70579634136,857.037551345246,56280,939,-7119.55182370923,2496.211639854,857.037551345246
2020-01-01 15:40:00,NA,NA,808.349222438062,-7202.90124293431,2403.69882993816,808.349222438062,56340,940,-7225.93737889075,2437.23145247529,808.349222438062
2020-01-01 15:41:00,NA,NA,764.066628466477,-7324.55301537183,2337.74137391312,764.066628466477,56400,941,-7352.52750352336,2364.86888754026,764.066628466477
2020-01-01 15:42:00,NA,NA,661.864120651743,-7477.52075549826,2263.12966066801,661.864120651743,56460,942,-7496.2314647094,2281.66914292253,661.864120651743
2020-01-01 15:43:00,NA,NA,614.531531292891,-7637.46772260043,2184.05035858714,614.531531292891,56520,943,-7653.97418355509,2190.16750381949,614.531531292891
2020-01-01 15:44:00,NA,NA,605.260635746781,-7798.6163888309,2098.26827321124,605.260635746781,56580,944,-7822.69342226542,2092.8916618453,605.260635746781
2020-01-01 15:45:00,NA,NA,632.189712890319,-7977.98156475766,1982.89084469712,632.189712890319,56640,945,-7999.33698308523,1992.36402711671,632.189712890319
2020-01-01 15:46:00,-8180.85991645613,1891.10403548934,NA,-8180.85991645613,1891.10403548934,627.998153168045,56700,946,-8180.85991645613,1891.10403548934,627.223864629586
2020-01-01 15:47:00,NA,NA,606.123261578309,-8398.27304022864,1805.20130243928,606.123261578309,56760,947,-8364.59305008047,1791.25889037811,606.123261578309
2020-01-01 15:48:00,NA,NA,604.086873444271,-8614.88825677987,1717.20827522813,604.086873444271,56820,948,-8549.35455966272,1693.4907703079,604.086873444271
2020-01-01 15:49:00,NA,NA,627.004419428795,-8829.09227262871,1641.82944223099,627.004419428795,56880,949,-8734.33487764016,1598.09219073151,627.004419428795
2020-01-01 15:50:00,NA,NA,672.028408833511,-9038.12426042386,1560.52926577617,672.028408833511,56940,950,-8918.72463658459,1505.35783454924,672.028408833511
2020-01-01 15:51:00,NA,NA,689.846056404375,-9244.28278879693,1465.62580637284,689.846056404375,57000,951,-9101.71392883967,1415.58482164609,689.846056404375
2020-01-01 15:52:00,NA,NA,683.488760028523,-9410.06262235728,1377.94817270001,683.488760028523,57060,952,-9282.49156570363,1329.07298065889,683.488760028523
2020-01-01 15:53:00,NA,NA,654.654278188971,-9562.23814455926,1288.23153502943,654.654278188971,57120,953,-9460.24433544267,1246.1251232231,654.654278188971
2020-01-01 15:54:00,NA,NA,599.618182850058,-9719.68361027378,1188.81696222066,599.618182850058,57180,954,-9634.15625945431,1167.04732094948,599.618182850058
2020-01-01 15:55:00,NA,NA,525.995052507993,-9873.70354588246,1101.0591007525,525.995052507993,57240,955,-9803.40784589979,1092.14918538323,525.995052507993
2020-01-01 15:56:00,NA,NA,495.37600442544,-10014.1677564811,1014.2387581614,495.37600442544,57300,956,-9967.17534012282,1021.74415120165,495.37600442544
2020-01-01 15:57:00,NA,NA,488.235352515494,-10154.3025514589,926.838378246734,488.235352515494,57360,957,-10124.629971169,956.149762909033,488.235352515494
2020-01-01 15:58:00,NA,NA,485.706831044265,-10287.0174506673,875.623166556914,485.706831044265,57420,958,-10274.9371937166,895.68796529109,485.706831044265
2020-01-01 15:59:00,-10417.2559247259,840.685397894425,NA,-10417.2559247259,840.685397894425,484.64847530992,57480,959,-10417.2559247259,840.685397894425,487.499752164307
2020-01-01 16:00:00,NA,NA,485.212251011606,-10537.780387717,805.070474642397,485.212251011606,57540,960,-10551.1572241757,790.596464527425,485.212251011606
2020-01-01 16:01:00,NA,NA,466.591370045585,-10668.884947696,765.247388713449,466.591370045585,57600,961,-10677.8823293178,741.370985204869,466.591370045585
2020-01-01 16:02:00,NA,NA,423.207464083923,-10783.3850918241,713.795479605901,423.207464083923,57660,962,-10799.0853626861,688.082339754668,423.207464083923
2020-01-01 16:03:00,NA,NA,364.887128297924,-10902.5104562686,638.034842852379,364.887128297924,57720,963,-10916.4153960288,625.800190565711,364.887128297924
2020-01-01 16:04:00,-11031.5179586572,549.585973105476,NA,-11031.5179586572,549.585973105476,281.605151295229,57780,964,-11031.5179586572,549.585973105476,286.452994681198
2020-01-01 16:05:00,NA,NA,215.450860888336,-11145.5432137442,456.928054566882,215.450860888336,57840,965,-11145.5332053487,457.896981945455,215.450860888336
2020-01-01 16:06:00,-11257.5868553608,362.811394258303,NA,-11257.5868553608,362.811394258303,175.618107331146,57900,966,-11257.5868553608,362.811394258303,182.840011124978
2020-01-01 16:07:00,NA,NA,192.015865882287,-11357.1214428965,284.766079130625,192.015865882287,57960,967,-11366.5267625876,277.498368597201,192.015865882287
2020-01-01 16:08:00,-11472.1070378382,205.87752101067,NA,-11472.1070378382,205.87752101067,234.063911567353,58020,968,-11472.1070378382,205.87752101067,233.682204247597
2020-01-01 16:09:00,NA,NA,269.596124952929,-11594.7285087574,148.446376893331,269.596124952929,58080,969,-11574.1013570117,149.239730758381,269.596124952929
2020-01-01 16:10:00,NA,NA,270.024510292752,-11697.9524293186,97.9063265991646,270.024510292752,58140,970,-11671.4615672316,107.582527046489,270.024510292752
2020-01-01 16:11:00,NA,NA,270.432165928671,-11776.8343545689,69.8698318067853,270.432165928671,58200,971,-11762.9306484215,80.5903962151041,270.432165928671
2020-01-01 16:12:00,NA,NA,309.54682251661,-11840.8587864616,41.866958118809,309.54682251661,58260,972,-11847.2461915699,67.9612392088462,309.54682251661
2020-01-01 16:13:00,NA,NA,359.82685759632,-11930.0262876613,44.7300945160341,359.82685759632,58320,973,-11923.1392441273,69.4060949191511,359.82685759632
2020-01-01 16:14:00,NA,NA,384.197241839574,-11999.4713256946,74.336738437038,384.197241839574,58380,974,-11989.3331493581,84.6488757755288,384.197241839574
2020-01-01 16:15:00,-12044.5423786249,113.426115163406,NA,-12044.5423786249,113.426115163406,377.609279808468,58440,975,-12044.5423786249,113.426115163406,384.387115583234
2020-01-01 16:16:00,NA,NA,365.467795175896,-12080.3348459686,149.555444612824,365.467795175896,58500,976,-12087.8228255757,155.410858252852,365.467795175896
2020-01-01 16:17:00,NA,NA,336.919400602601,-12119.5301978991,197.4917292422,336.919400602601,58560,977,-12119.625415329,209.984747113909,336.919400602601
2020-01-01 16:18:00,NA,NA,320.73723264747,-12142.7310644828,256.555686405466,320.73723264747,58620,978,-12140.7420413779,276.465074897211,320.73723264747
2020-01-01 16:19:00,NA,NA,288.983549077818,-12150.5287324713,328.832977789597,288.983549077818,58680,979,-12151.9548227043,354.180025733645,288.983549077818
2020-01-01 16:20:00,NA,NA,233.929025977667,-12140.4928595213,438.482068391495,233.929025977667,58740,980,-12154.0368192859,442.468060065279,233.929025977667
2020-01-01 16:21:00,NA,NA,214.887899087583,-12115.6129734784,566.971503518739,214.887899087583,58800,981,-12147.7527392323,540.677309499868,214.887899087583
2020-01-01 16:22:00,NA,NA,188.186142559331,-12084.4043910945,697.84454479078,188.186142559331,58860,982,-12133.8596382688,648.164980532316,188.186142559331
2020-01-01 16:23:00,NA,NA,189.370320528499,-12053.7577917882,812.762689630984,189.370320528499,58920,983,-12113.107612215,764.296766575026,189.370320528499
2020-01-01 16:24:00,NA,NA,232.463407667482,-12050.7165813998,908.984817307939,232.463407667482,58980,984,-12086.2404830952,888.446267755292,232.463407667482
2020-01-01 16:25:00,NA,NA,253.897180219155,-12039.2748194868,1012.72750853667,253.897180219155,59040,985,-12053.9964795093,1019.99441794726,253.897180219155
2020-01-01 16:26:00,NA,NA,277.477268733485,-12010.4216724471,1151.60973331169,277.477268733485,59100,986,-12017.1089118861,1158.32891851344,277.477268733485
2020-01-01 16:27:00,-11976.3068432373,1302.8436782374,NA,-11976.3068432373,1302.8436782374,306.613774616374,59160,987,-11976.3068432373,1302.8436782374,287.22227855922
2020-01-01 16:28:00,NA,NA,295.943957263299,-11932.8189101144,1453.33011943632,295.943957263299,59220,988,-11930.3250882694,1451.76891487861,295.943957263299
2020-01-01 16:29:00,-11869.9306843063,1598.66128995879,NA,-11869.9306843063,1598.66128995879,294.965502416459,59280,989,-11869.9306843063,1598.66128995879,317.467503336322
2020-01-01 16:30:00,NA,NA,319.422851102214,-11802.4119057068,1739.02695226488,319.422851102214,59340,990,-11787.4156307099,1737.88075045765,319.422851102214
2020-01-01 16:31:00,NA,NA,279.097887294159,-11704.3373082073,1880.16343064,279.097887294159,59400,991,-11689.167611969,1871.67854285363,279.097887294159
2020-01-01 16:32:00,NA,NA,251.751983288731,-11589.2488460848,2008.03681053261,251.751983288731,59460,992,-11585.0887367567,2004.27544385841,251.751983288731
2020-01-01 16:33:00,-11485.0757815915,2139.89113255001,NA,-11485.0757815915,2139.89113255001,231.49571731762,59520,993,-11485.0757815915,2139.89113255001,266.145237079203
2020-01-01 16:34:00,-11396.59916638,2280.69249888658,NA,-11396.59916638,2280.69249888658,279.245537277619,59580,994,-11396.59916638,2280.69249888658,301.868479508616
2020-01-01 16:35:00,NA,NA,329.331398397611,-11307.5030767042,2420.4669458756,329.331398397611,59640,995,-11317.4978810808,2420.94167751869,329.331398397611
2020-01-01 16:36:00,NA,NA,329.291599610116,-11242.672466882,2556.97291251082,329.291599610116,59700,996,-11243.5045094657,2554.09713230864,329.291599610116
2020-01-01 16:37:00,-11170.4350771784,2673.92391837714,NA,-11170.4350771784,2673.92391837714,331.983284285973,59760,997,-11170.4350771784,2673.92391837714,321.601879391865
2020-01-01 16:38:00,NA,NA,325.500228222884,-11088.3117045964,2778.12284158184,325.500228222884,59820,998,-11095.297199658,2776.1818687203,325.500228222884
2020-01-01 16:39:00,NA,NA,342.296396323251,-11008.3243643683,2873.29147462992,342.296396323251,59880,999,-11019.8598000024,2864.64299672414,342.296396323251
2020-01-01 16:40:00,NA,NA,332.528170008447,-10923.0894753052,2967.11971948185,332.528170008447,59940,1000,-10947.0822724942,2945.07366468975,332.528170008447
2020-01-01 16:41:00,NA,NA,320.718537798793,-10858.9968850193,3038.08916210068,320.718537798793,60000,1001,-10879.9264449012,3023.23289024719,320.718537798793
2020-01-01 16:42:00,-10821.3592875362,3104.87761402766,NA,-10821.3592875362,3104.87761402766,328.319037824606,60060,1002,-10821.3592875362,3104.87761402766,321.450276742294
2020-01-01 16:43:00,-10772.6628019821,3192.78617800739,NA,-10772.6628019821,3192.78617800739,334.981275119696,60120,1003,-10772.6628019821,3192.78617800739,331.369044303252
2020-01-01 16:44:00,NA,NA,344.806166030714,-10727.8145646092,3268.90505445607,344.806166030714,60180,1004,-10729.4833149976,3279.9448911008,344.806166030714
2020-01-01 16:45:00,NA,NA,365.45370060264,-10698.2214794852,3336.68910634217,365.45370060264,60240,1005,-10690.2872104322,3364.87771699812,365.45370060264
2020-01-01 16:46:00,NA,NA,421.19560072401,-10669.8592637948,3414.5608669304,421.19560072401,60300,1006,-10654.6714234489,3448.23651800544,421.19560072401
2020-01-01 16:47:00,NA,NA,494.720685710066,-10634.3205572816,3502.94815029629,494.720685710066,60360,1007,-10622.2361641736,3530.67171683372,494.720685710066
2020-01-01 16:48:00,NA,NA,541.053727220633,-10601.1891688593,3582.35220844098,541.053727220633,60420,1008,-10592.5845519416,3612.83289149081,541.053727220633
2020-01-01 16:49:00,NA,NA,539.746294543846,-10588.9534248264,3669.43952384963,539.746294543846,60480,1009,-10565.3222522591,3695.3693694228,539.746294543846
2020-01-01 16:50:00,NA,NA,530.842716543865,-10591.3004611059,3751.65149354451,530.842716543865,60540,1010,-10540.0571161038,3778.93082143487,530.842716543865
2020-01-01 16:51:00,NA,NA,495.197881943686,-10588.9717903297,3860.39152961237,495.197881943686,60600,1011,-10516.3988212274,3864.16785593076,495.197881943686
2020-01-01 16:52:00,NA,NA,501.339487376597,-10583.7764553485,3967.3297280973,501.339487376597,60660,1012,-10493.9585151303,3951.73261401243,501.339487376597
2020-01-01 16:53:00,NA,NA,510.868458264049,-10546.281489634,4062.85501181195,510.868458264049,60720,1013,-10472.3484593817,4042.27936598331,510.868458264049
2020-01-01 16:54:00,NA,NA,530.823889383748,-10530.0555639016,4145.90059382897,530.823889383748,60780,1014,-10451.1816749577,4136.46510980033,530.823889383748
2020-01-01 16:55:00,NA,NA,595.005057254011,-10503.3258037693,4242.8633230111,595.005057254011,60840,1015,-10430.0715882757,4234.95017202159,595.005057254011
2020-01-01 16:56:00,NA,NA,628.871314855232,-10466.2249354031,4358.51705008137,628.871314855232,60900,1016,-10408.6316775982,4338.3988117994,628.871314855232
2020-01-01 16:57:00,NA,NA,645.054571200247,-10415.2577019763,4461.75343314596,645.054571200247,60960,1017,-10386.4751194853,4447.47982847081,645.054571200247
2020-01-01 16:58:00,NA,NA,693.35021259596,-10373.7827280227,4575.05596946934,693.35021259596,61020,1018,-10363.2144349702,4562.86717330135,693.35021259596
2020-01-01 16:59:00,-10338.4611351356,4685.24056594155,NA,-10338.4611351356,4685.24056594155,707.449134010144,61080,1019,-10338.4611351356,4685.24056594155,714.996833365971
2020-01-01 17:00:00,NA,NA,704.692884457386,-10316.767355037,4808.3598463584,704.692884457386,61140,1020,-10311.6036027154,4815.33784936804,704.692884457386
2020-01-01 17:01:00,NA,NA,681.490116003122,-10285.9151727568,4960.85910372209,681.490116003122,61200,1021,-10281.1412019307,4954.11087634148,681.490116003122
2020-01-01 17:02:00,-10245.3482351283,5102.57117226313,NA,-10245.3482351283,5102.57117226313,640.419001397329,61260,1022,-10245.3482351283,5102.57117226313,671.232690094916
2020-01-01 17:03:00,NA,NA,677.701844616709,-10197.1312212675,5250.27316842031,677.701844616709,61320,1023,-10203.3939177341,5261.14138855232,677.701844616709
2020-01-01 17:04:00,NA,NA,699.377558351601,-10150.6779705647,5406.34422675004,699.377558351601,61380,1024,-10158.0411509141,5427.86237571008,699.377558351601
2020-01-01 17:05:00,NA,NA,722.171696621396,-10100.1129939142,5588.00324833766,722.171696621396,61440,1025,-10112.9495157428,5600.18470790134,722.171696621396
2020-01-01 17:06:00,NA,NA,697.998143897413,-10072.4713322509,5766.78462961923,697.998143897413,61500,1026,-10071.7788327212,5775.5640827492,697.998143897413
2020-01-01 17:07:00,NA,NA,656.564718602379,-10048.6164196395,5949.73263460404,656.564718602379,61560,1027,-10038.1925092913,5951.45899395765,656.564718602379
2020-01-01 17:08:00,NA,NA,639.087137195712,-10025.0428646606,6126.0261342194,639.087137195712,61620,1028,-10015.8608906529,6125.32840660913,639.087137195712
2020-01-01 17:09:00,-10008.4646169496,6294.6294329055,NA,-10008.4646169496,6294.6294329055,645.780151322099,61680,1029,-10008.4646169496,6294.6294329055,662.861654603597
2020-01-01 17:10:00,NA,NA,687.682729844547,-10009.3449790729,6463.37533037618,687.682729844547,61740,1030,-10018.3415378748,6457.01579773851,687.682729844547
2020-01-01 17:11:00,NA,NA,675.86877352825,-10032.1387616312,6624.23900846209,675.86877352825,61800,1031,-10042.4192486029,6610.93810334518,675.86877352825
2020-01-01 17:12:00,-10076.2818854359,6755.04000021335,NA,-10076.2818854359,6755.04000021335,636.214300994125,61860,1032,-10076.2818854359,6755.04000021335,650.681832031689
2020-01-01 17:13:00,NA,NA,633.055581870068,-10122.5162021917,6896.23619887657,633.055581870068,61920,1033,-10116.0086919808,6888.25436891253,633.055581870068
2020-01-01 17:14:00,NA,NA,632.151189315631,-10157.4372159853,7019.07449548707,632.151189315631,61980,1034,-10159.6289957643,7010.69703710429,632.151189315631
2020-01-01 17:15:00,NA,NA,632.611237354688,-10201.2113522409,7129.0842618555,632.611237354688,62040,1035,-10205.6618445116,7122.77219077091,632.611237354688
2020-01-01 17:16:00,NA,NA,633.730597414203,-10238.3247743214,7233.19122788175,633.730597414203,62100,1036,-10252.6284925744,7224.87453260086,633.730597414203
2020-01-01 17:17:00,NA,NA,642.421970395347,-10264.0633707357,7350.40178411391,642.421970395347,62160,1037,-10299.0510483065,7317.3896431465,642.421970395347
2020-01-01 17:18:00,NA,NA,651.739718346462,-10281.8358721214,7461.74860859683,651.739718346462,62220,1038,-10343.4511222572,7400.69433354748,651.739718346462
2020-01-01 17:19:00,NA,NA,656.737418654868,-10299.383473152,7566.84601499935,656.737418654868,62280,1039,-10384.3484749106,7475.15699021404,656.737418654868
2020-01-01 17:20:00,NA,NA,644.464931510272,-10328.5506797784,7651.47531183996,644.464931510272,62340,1040,-10420.2596627305,7541.13791179694,644.464931510272
2020-01-01 17:21:00,NA,NA,643.437935892318,-10358.4495454679,7707.81810058852,643.437935892318,62400,1041,-10449.6966812732,7598.98963875593,643.437935892318
2020-01-01 17:22:00,NA,NA,651.550873957191,-10385.0259726915,7751.20496988605,651.550873957191,62460,1042,-10471.1656041281,7649.05727582975,651.550873957191
2020-01-01 17:23:00,NA,NA,658.367070680187,-10399.7169459479,7777.74442050696,658.367070680187,62520,1043,-10483.1652164391,7691.67880770362,658.367070680187
2020-01-01 17:24:00,NA,NA,626.12729541069,-10429.5571931027,7777.95396206279,626.12729541069,62580,1044,-10484.1856417601,7727.18540816316,626.12729541069
2020-01-01 17:25:00,NA,NA,584.130195105622,-10458.4590066691,7777.66158257007,584.130195105622,62640,1045,-10472.7069609857,7755.90174301807,584.130195105622
2020-01-01 17:26:00,-10447.1978220966,7778.14626707252,NA,-10447.1978220966,7778.14626707252,546.696461319966,62700,1046,-10447.1978220966,7778.14626707252,557.267986252989
2020-01-01 17:27:00,-10409.4077037214,7797.02352478549,NA,-10409.4077037214,7797.02352478549,523.317829882889,62760,1047,-10409.4077037214,7797.02352478549,542.044900126502
2020-01-01 17:28:00,NA,NA,529.560000438076,-10371.348963396,7827.26254234327,529.560000438076,62820,1048,-10371.247241764,7823.93648227269,529.560000438076
2020-01-01 17:29:00,NA,NA,507.368715375367,-10359.3271878188,7883.46181162487,507.368715375367,62880,1049,-10335.9083617481,7861.61874181194,507.368715375367
2020-01-01 17:30:00,NA,NA,473.592824462328,-10327.8004976998,7943.61304577586,473.592824462328,62940,1050,-10303.5826991894,7909.94670911273,473.592824462328
2020-01-01 17:31:00,NA,NA,478.059379602805,-10304.7698421095,7984.19849569799,478.059379602805,63000,1051,-10274.4646459193,7968.80652806961,478.059379602805
2020-01-01 17:32:00,NA,NA,448.354641825029,-10265.6133779859,8043.86887356108,448.354641825029,63060,1052,-10248.7515278253,8038.09397624565,448.354641825029
2020-01-01 17:33:00,-10226.6437853202,8117.71436943249,NA,-10226.6437853202,8117.71436943249,436.015388373059,63120,1053,-10226.6437853202,8117.71436943249,418.440230321267
2020-01-01 17:34:00,-10210.3027935384,8209.02938839855,NA,-10210.3027935384,8209.02938839855,420.49355016922,63180,1054,-10210.3027935384,8209.02938839855,406.038287673785
2020-01-01 17:35:00,NA,NA,415.202154619548,-10202.380662752,8323.0280276689,415.202154619548,63240,1055,-10206.9527508809,8316.75487495044,415.202154619548
2020-01-01 17:36:00,NA,NA,441.779913735783,-10208.7100679436,8450.98366687707,441.779913735783,63300,1056,-10214.6934265257,8437.29031698314,441.779913735783
2020-01-01 17:37:00,NA,NA,461.761966831113,-10211.1257928694,8575.74154024056,461.761966831113,63360,1057,-10228.8613751387,8564.60246373529,461.761966831113
2020-01-01 17:38:00,-10244.799029942,8692.66426258351,NA,-10244.799029942,8692.66426258351,479.077637480319,63420,1058,-10244.799029942,8692.66426258351,498.045067399581
2020-01-01 17:39:00,NA,NA,544.674895550351,-10268.9323913916,8819.12445803823,544.674895550351,63480,1059,-10263.7394974965,8817.69094039678,544.674895550351
2020-01-01 17:40:00,-10310.4759383327,8944.86173799525,NA,-10310.4759383327,8944.86173799525,600.825433317702,63540,1060,-10310.4759383327,8944.86173799525,587.595429872268
2020-01-01 17:41:00,-10396.763086272,9078.79424070184,NA,-10396.763086272,9078.79424070184,638.974253945096,63600,1061,-10396.763086272,9078.79424070184,624.484510817219
2020-01-01 17:42:00,NA,NA,655.649540615665,-10461.3877453948,9201.67093602526,655.649540615665,63660,1062,-10472.7885488754,9214.16165555547,655.649540615665
2020-01-01 17:43:00,NA,NA,680.313732228917,-10514.0978067986,9317.85284654441,680.313732228917,63720,1063,-10526.6276495713,9347.91674690164,680.313732228917
2020-01-01 17:44:00,NA,NA,696.837434121543,-10576.9638394028,9437.02538227975,696.837434121543,63780,1064,-10560.5472694446,9478.2816108435,696.837434121543
2020-01-01 17:45:00,NA,NA,698.88790037768,-10601.1093383265,9570.73875578736,698.88790037768,63840,1065,-10576.7960687085,9603.47524217843,698.88790037768
2020-01-01 17:46:00,NA,NA,652.524354044072,-10591.8052311756,9704.6727754482,652.524354044072,63900,1066,-10577.6065440861,9721.71190535124,652.524354044072
2020-01-01 17:47:00,NA,NA,591.174786347985,-10559.7369353704,9833.29966468869,591.174786347985,63960,1067,-10565.1970709847,9831.19950109462,591.174786347985
2020-01-01 17:48:00,NA,NA,528.572284734685,-10526.6061132468,9943.94717144221,528.572284734685,64020,1068,-10541.7739326726,9930.13792723895,528.572284734685
2020-01-01 17:49:00,NA,NA,518.331163911495,-10491.0388072372,10028.639244544,518.331163911495,64080,1069,-10509.5333383694,10016.7174321943,518.331163911495
2020-01-01 17:50:00,-10470.6634321114,10089.1169596013,NA,-10470.6634321114,10089.1169596013,467.435949552425,64140,1070,-10470.6634321114,10089.1169596013,468.163596581797
2020-01-01 17:51:00,NA,NA,402.467851986995,-10435.4966955603,10126.3079817783,402.467851986995,64200,1071,-10426.9443891066,10146.1842563274,402.467851986995
2020-01-01 17:52:00,NA,NA,370.501744581278,-10380.2862651582,10179.8078532174,370.501744581278,64260,1072,-10378.544253725,10189.4802625044,370.501744581278
2020-01-01 17:53:00,NA,NA,353.452275607897,-10333.6356240935,10227.6970749038,353.452275607897,64320,1073,-10325.2248816492,10221.2350921261,353.452275607897
2020-01-01 17:54:00,-10266.7436287851,10243.6683026603,NA,-10266.7436287851,10243.6683026603,342.310938529756,64380,1074,-10266.7436287851,10243.6683026603,327.641071325825
2020-01-01 17:55:00,-10202.207039525,10259.7802750211,NA,-10202.207039525,10259.7802750211,315.331696139878,64440,1075,-10202.207039525,10259.7802750211,307.474242440854
2020-01-01 17:56:00,NA,NA,317.155161048025,-10139.1767654543,10263.6296580762,317.155161048025,64500,1076,-10129.2150945082,10274.6098539479,317.155161048025
2020-01-01 17:57:00,NA,NA,363.608711300536,-10056.0837969703,10271.8830809712,363.608711300536,64560,1077,-10049.0479661727,10289.5306639935,363.608711300536
2020-01-01 17:58:00,NA,NA,405.457720082538,-9968.0443731066,10295.4395493352,405.457720082538,64620,1078,-9964.06271692297,10304.8031151138,405.457720082538
2020-01-01 17:59:00,NA,NA,465.030985096178,-9881.4322374013,10314.0362247306,465.030985096178,64680,1079,-9876.61200206967,10320.6879389956,465.030985096178
2020-01-01 18:00:00,NA,NA,521.175559436015,-9793.58269150651,10336.9310712294,521.175559436015,64740,1080,-9789.04622196213,10337.4464275148,521.175559436015
2020-01-01 18:01:00,NA,NA,573.074655565574,-9721.75861358847,10355.8541606091,573.074655565574,64800,1081,-9703.71567189349,10355.3406717239,573.074655565574
2020-01-01 18:02:00,NA,NA,602.710447089146,-9656.38953133852,10384.5908561396,602.710447089146,64860,1082,-9622.97269188979,10374.6338015778,602.710447089146
2020-01-01 18:03:00,NA,NA,604.732986195659,-9572.66795514768,10409.9806564632,604.732986195659,64920,1083,-9549.17381836614,10395.5902266107,604.732986195659
2020-01-01 18:04:00,NA,NA,618.433249983577,-9488.51724196742,10424.9363083093,618.433249983577,64980,1084,-9484.68193962166,10418.4758777868,618.433249983577
2020-01-01 18:05:00,NA,NA,645.088348143526,-9432.42899856685,10457.6968729994,645.088348143526,65040,1085,-9431.86845714558,10443.5584507422,645.088348143526
2020-01-01 18:06:00,NA,NA,648.174400054909,-9378.95871270041,10473.4805660602,648.174400054909,65100,1086,-9393.11545471165,10471.107650642,648.174400054909
2020-01-01 18:07:00,NA,NA,581.020172427613,-9363.12229313381,10504.75903203,581.020172427613,65160,1087,-9370.8178772446,10501.3954388761,581.020172427613
2020-01-01 18:08:00,-9367.38572145162,10534.6962818189,NA,-9367.38572145162,10534.6962818189,476.439823596968,65220,1088,-9367.38572145162,10534.6962818189,489.472885047389
2020-01-01 18:09:00,NA,NA,407.020060081858,-9386.34542538796,10577.6078340336,407.020060081858,65280,1089,-9382.91071549158,10570.3500146646,407.020060081858
2020-01-01 18:10:00,NA,NA,346.552201220442,-9405.38023000615,10618.1057112271,346.552201220442,65340,1090,-9408.15940182086,10603.948903628,346.552201220442
2020-01-01 18:11:00,-9431.57169410862,10630.1459472816,NA,-9431.57169410862,10630.1459472816,288.134226752765,65400,1091,-9431.57169410862,10630.1459472816,289.78012077663
2020-01-01 18:12:00,NA,NA,258.573930465249,-9459.10487842498,10623.4521672403,258.573930465249,65460,1092,-9443.71252661686,10644.6984945198,258.573930465249
2020-01-01 18:13:00,NA,NA,272.659344693053,-9471.7341311951,10617.4117224334,272.659344693053,65520,1093,-9443.64371988465,10647.7979315722,272.659344693053
2020-01-01 18:14:00,NA,NA,295.925974614037,-9463.55676695349,10601.1613850714,295.925974614037,65580,1094,-9432.54262519936,10640.7362871971,295.925974614037
2020-01-01 18:15:00,NA,NA,302.342829559772,-9452.30075570703,10573.449342467,302.342829559772,65640,1095,-9411.57650247782,10624.7962957232,302.342829559772
2020-01-01 18:16:00,NA,NA,274.989778086823,-9422.3229295703,10544.7045231714,274.989778086823,65700,1096,-9381.90358813185,10601.2525705162,274.989778086823
2020-01-01 18:17:00,NA,NA,249.848209883717,-9369.10342728185,10525.7674132903,249.848209883717,65760,1097,-9344.67415454074,10571.3727698913,249.848209883717
2020-01-01 18:18:00,-9301.0315622141,10536.4187566443,NA,-9301.0315622141,10536.4187566443,236.714058743309,65820,1098,-9301.0315622141,10536.4187566443,244.133326246833
2020-01-01 18:19:00,NA,NA,236.020543082297,-9254.29856584408,10545.5610704744,236.020543082297,65880,1099,-9252.03509238048,10497.4877776779,236.020543082297
2020-01-01 18:20:00,NA,NA,211.767182429751,-9203.46016327014,10526.5752640632,211.767182429751,65940,1100,-9198.4262606742,10455.0335136025,211.767182429751
2020-01-01 18:21:00,NA,NA,200.050114785618,-9142.5088732114,10506.3291336757,200.050114785618,66000,1101,-9140.86414886974,10409.3464463551,200.050114785618
2020-01-01 18:22:00,NA,NA,183.852408862994,-9081.25224525032,10484.0863543915,183.852408862994,66060,1102,-9080.00422267104,10360.7141007842,183.852408862994
2020-01-01 18:23:00,NA,NA,199.213837559135,-9005.42863428095,10446.4754331027,199.213837559135,66120,1103,-9016.49893131222,10309.4213076972,199.213837559135
2020-01-01 18:24:00,NA,NA,182.513111462827,-8919.14942847912,10394.8937916785,182.513111462827,66180,1104,-8950.99830435512,10255.7504644036,182.513111462827
2020-01-01 18:25:00,NA,NA,171.716229813035,-8827.17164273483,10322.9740070185,171.716229813035,66240,1105,-8884.15054626868,10199.9817930272,171.716229813035
2020-01-01 18:26:00,NA,NA,173.290697332373,-8727.5272023926,10254.3358473555,173.290697332373,66300,1106,-8816.60262933724,10142.3935968263,173.290697332373
2020-01-01 18:27:00,NA,NA,198.437744837521,-8644.57878940745,10178.3934762886,198.437744837521,66360,1107,-8749.00088544117,10083.2625147566,198.437744837521
2020-01-01 18:28:00,NA,NA,245.081295699436,-8588.30722975839,10092.4696031022,245.081295699436,66420,1108,-8681.99159725152,10022.8637745124,245.081295699436
2020-01-01 18:29:00,NA,NA,295.133021766244,-8538.42881802041,9995.06764201157,295.133021766244,66480,1109,-8616.22158937933,9961.47144427599,295.133021766244
2020-01-01 18:30:00,NA,NA,357.86304060738,-8496.50519729108,9915.41265424065,357.86304060738,66540,1110,-8552.33882002082,9899.35868340592,357.86304060738
2020-01-01 18:31:00,NA,NA,395.078780470349,-8452.12722494045,9835.82623033154,395.078780470349,66600,1111,-8490.99297363924,9836.79799229439,395.078780470349
2020-01-01 18:32:00,NA,NA,430.126788498609,-8405.24645388656,9767.94277430541,430.126788498609,66660,1112,-8432.83605522589,9774.06146162141,430.126788498609
2020-01-01 18:33:00,NA,NA,465.526309026486,-8370.20192165881,9709.15049663891,465.526309026486,66720,1113,-8378.52298668363,9711.42102123426,465.526309026486
2020-01-01 18:34:00,-8328.71220587855,9649.14868887979,NA,-8328.71220587855,9649.14868887979,512.754103051225,66780,1114,-8328.71220587855,9649.14868887979,511.28287270524
2020-01-01 18:35:00,NA,NA,561.121502492562,-8294.42014954122,9591.4445409233,561.121502492562,66840,1115,-8283.53774696413,9587.44295062121,561.121502492562
2020-01-01 18:36:00,-8241.02370037488,9526.20732337656,NA,-8241.02370037488,9526.20732337656,603.882168280134,66900,1116,-8241.02370037488,9526.20732337656,604.88863681113
2020-01-01 18:37:00,NA,NA,638.967112381957,-8166.16379109476,9464.66095285323,638.967112381957,66960,1117,-8198.99307912785,9465.2796741442,638.967112381957
2020-01-01 18:38:00,NA,NA,665.187810133913,-8086.78088125362,9398.35296894319,665.187810133913,67020,1118,-8156.56944124403,9404.52930827389,665.187810133913
2020-01-01 18:39:00,NA,NA,699.254076270487,-8021.22662345004,9323.93658627194,699.254076270487,67080,1119,-8113.20099560931,9343.83348165417,699.254076270487
2020-01-01 18:40:00,NA,NA,731.134672804923,-7965.64069539842,9232.22803401828,731.134672804923,67140,1120,-8068.33508671676,9283.06949997062,731.134672804923
2020-01-01 18:41:00,NA,NA,698.685383441041,-7920.34675617185,9145.53900594135,698.685383441041,67200,1121,-8021.41768922446,9222.11460652224,698.685383441041
2020-01-01 18:42:00,NA,NA,632.403786331448,-7882.37569504722,9046.63660101479,632.403786331448,67260,1122,-7971.89290122059,9160.84586995142,632.403786331448
2020-01-01 18:43:00,NA,NA,586.209675745659,-7862.88487013015,8982.17993431746,586.209675745659,67320,1123,-7919.20243576013,9099.14007180706,586.209675745659
2020-01-01 18:44:00,NA,NA,511.68441486781,-7834.264830211,8916.31590279545,511.68441486781,67380,1124,-7862.78511021455,9036.87359384211,511.68441486781
2020-01-01 18:45:00,NA,NA,427.434911233218,-7802.71879993217,8876.83063675759,427.434911233218,67440,1125,-7802.07633296977,8973.92230494392,427.434911233218
2020-01-01 18:46:00,NA,NA,353.018927640716,-7756.01896891665,8848.18266613883,353.018927640716,67500,1126,-7736.50758700399,8910.16144759463,353.018927640716
2020-01-01 18:47:00,NA,NA,240.30643155967,-7680.11378968197,8808.76265457298,240.30643155967,67560,1127,-7665.50590987379,8845.46552375794,240.30643155967
2020-01-01 18:48:00,NA,NA,133.109063299864,-7598.09617881557,8771.45631872317,133.109063299864,67620,1128,-7588.49336963314,8779.70818008827,133.109063299864
2020-01-01 18:49:00,-7504.88653620623,8712.76209235728,NA,-7504.88653620623,8712.76209235728,73.4541362836022,67680,1129,-7504.88653620623,8712.76209235728,77.2983180374281
2020-01-01 18:50:00,NA,NA,57.4021373150208,-7412.30149192153,8644.88264955047,57.4021373150208,67740,1130,-7414.873645883,8645.85458552527,57.4021373150208
2020-01-01 18:51:00,-7321.74800962913,8585.6362157952,NA,-7321.74800962913,8585.6362157952,75.0567422950962,67800,1131,-7321.74800962913,8585.6362157952,50.0366212872817
2020-01-01 18:52:00,-7228.37969503888,8537.1013181726,NA,-7228.37969503888,8537.1013181726,73.5445105659874,67860,1132,-7228.37969503888,8537.1013181726,53.4146396745509
2020-01-01 18:53:00,NA,NA,71.5736485250813,-7136.44106034013,8491.13034006732,71.5736485250813,67920,1133,-7132.68365418994,8493.74162649248,71.5736485250813
2020-01-01 18:54:00,-7030.72538055238,8448.27394724265,NA,-7030.72538055238,8448.27394724265,95.5925011935852,67980,1134,-7030.72538055238,8448.27394724265,106.908552513896
2020-01-01 18:55:00,-6921.44524635015,8397.0242817088,NA,-6921.44524635015,8397.0242817088,140.806922926194,68040,1135,-6921.44524635015,8397.0242817088,152.788136187671
2020-01-01 18:56:00,NA,NA,200.693516989412,-6803.80956507424,8333.06461281449,200.693516989412,68100,1136,-6813.54648402739,8346.50175669337,200.693516989412
2020-01-01 18:57:00,NA,NA,238.657394377967,-6673.01244070357,8280.53444614166,238.657394377967,68160,1137,-6709.16547781962,8298.19401506786,238.657394377967
2020-01-01 18:58:00,NA,NA,245.374206425956,-6559.51630792725,8213.17520435907,245.374206425956,68220,1138,-6608.03918388559,8251.5723940742,245.374206425956
2020-01-01 18:59:00,NA,NA,219.351055806221,-6459.08698865576,8166.3918511896,219.351055806221,68280,1139,-6509.90753542343,8206.1097731668,219.351055806221
2020-01-01 19:00:00,NA,NA,176.950864315391,-6351.25116520399,8123.4971039706,176.950864315391,68340,1140,-6414.51320478869,8161.28009186268,176.950864315391
2020-01-01 19:01:00,NA,NA,134.480069263644,-6260.66993079089,8080.04597670231,134.480069263644,68400,1141,-6321.60136812128,8116.557868567,134.480069263644
2020-01-01 19:02:00,NA,NA,69.3406669974746,-6135.3430739276,8040.59639214838,69.3406669974746,68460,1142,-6230.91947226219,8071.41771992614,69.3406669974746
2020-01-01 19:03:00,NA,NA,-29.3999943693362,-6024.87658147729,8000.89424155639,-29.3999943693362,68520,1143,-6142.21700374681,8025.33388026886,-29.3999943693362
2020-01-01 19:04:00,NA,NA,-133.751314873983,-5927.10735362668,7962.79822176231,-133.751314873983,68580,1144,-6055.24525966347,7977.77972069657,-133.751314873983
2020-01-01 19:05:00,NA,NA,-202.469265459083,-5820.7630711958,7919.3292597772,-202.469265459083,68640,1145,-5969.75712016786,7928.22726738319,-202.469265459083
2020-01-01 19:06:00,NA,NA,-302.119052243107,-5719.54777582356,7863.61611344837,-302.119052243107,68700,1146,-5885.50682244533,7876.14671864415,-302.119052243107
2020-01-01 19:07:00,NA,NA,-362.066095969351,-5662.06102688882,7816.49037925246,-362.066095969351,68760,1147,-5802.24973591418,7821.00596033298,-362.066095969351
2020-01-01 19:08:00,NA,NA,-375.701339867143,-5606.79373121232,7758.08342781644,-375.701339867143,68820,1148,-5719.74213846462,7762.27007912238,-375.701339867143
2020-01-01 19:09:00,NA,NA,-364.894375955532,-5533.29275380326,7698.19997485085,-364.894375955532,68880,1149,-5637.74099352846,7699.40087322459,-364.894375955532
2020-01-01 19:10:00,NA,NA,-356.851325800879,-5481.85940107531,7632.55065120881,-356.851325800879,68940,1150,-5556.00372777592,7631.85636010364,-356.851325800879
2020-01-01 19:11:00,NA,NA,-331.918860054054,-5442.82231895816,7570.02594453986,-331.918860054054,69000,1151,-5474.28800923602,7559.09028072919,-331.918860054054
2020-01-01 19:12:00,NA,NA,-286.598830306196,-5379.80373920912,7508.71861046117,-286.598830306196,69060,1152,-5392.35152563773,7480.55159991848,-286.598830306196
2020-01-01 19:13:00,NA,NA,-258.574060334757,-5316.82116244912,7437.83072724246,-258.574060334757,69120,1153,-5309.95176276903,7395.68400230956,-258.574060334757
2020-01-01 19:14:00,NA,NA,-234.953647045456,-5243.00056427718,7344.93182723328,-234.953647045456,69180,1154,-5226.84578265134,7303.92538350456,-234.953647045456
2020-01-01 19:15:00,NA,NA,-225.842432555629,-5165.04326773047,7248.4565658125,-225.842432555629,69240,1155,-5142.7900013262,7204.70733591775,-225.842432555629
2020-01-01 19:16:00,NA,NA,-251.449928509759,-5079.35052781566,7124.68767405753,-251.449928509759,69300,1156,-5057.53996605106,7097.45462885806,-251.449928509759
2020-01-01 19:17:00,NA,NA,-214.970421781597,-4991.38969209335,7002.51079104162,-214.970421781597,69360,1157,-4970.85013170046,6981.58468237041,-214.970421781597
2020-01-01 19:18:00,-4882.47363616788,6856.50703435475,NA,-4882.47363616788,6856.50703435475,-173.952802841865,69420,1158,-4882.47363616788,6856.50703435475,-161.956047514771
2020-01-01 19:19:00,NA,NA,-87.597156343441,-4750.79644233406,6724.23322498061,-87.597156343441,69480,1159,-4792.3356669526,6721.87337827785,-87.597156343441
2020-01-01 19:20:00,NA,NA,12.3308247863425,-4618.61212588754,6580.40089471078,12.3308247863425,69540,1160,-4701.05420101429,6578.32902145449,12.3308247863425
2020-01-01 19:21:00,NA,NA,81.2918309278976,-4459.36924521956,6414.29944474706,81.2918309278976,69600,1161,-4609.41976071664,6426.76169475646,81.2918309278976
2020-01-01 19:22:00,NA,NA,183.677164322246,-4327.52022288232,6233.7174733646,183.677164322246,69660,1162,-4518.2225456465,6268.05179045973,183.677164322246
2020-01-01 19:23:00,NA,NA,271.315418193904,-4208.30215769065,6049.7193059629,271.315418193904,69720,1163,-4428.25315539401,6103.07316760214,271.315418193904
2020-01-01 19:24:00,NA,NA,332.205644430125,-4090.04434508904,5867.92587740469,332.205644430125,69780,1164,-4340.30331269449,5932.69395129874,332.205644430125
2020-01-01 19:25:00,NA,NA,392.914798448695,-3986.73136064465,5689.6751414293,392.914798448695,69840,1165,-4255.16658760271,5757.77732680911,392.914798448695
2020-01-01 19:26:00,NA,NA,459.793209754328,-3879.40879575933,5510.68091950532,459.793209754328,69900,1166,-4173.63912335969,5579.18232908586,459.793209754328
2020-01-01 19:27:00,NA,NA,524.377770644404,-3802.01975622074,5338.05007853609,524.377770644404,69960,1167,-4096.52036461464,5397.76462852684,524.377770644404
2020-01-01 19:28:00,NA,NA,626.828328518197,-3739.66815061677,5158.93110586322,626.828328518197,70020,1168,-4024.61378866788,5214.37731364989,626.828328518197
2020-01-01 19:29:00,NA,NA,730.128524826717,-3672.16176580562,4975.86882438018,730.128524826717,70080,1169,-3958.72764040288,5029.87167140592,730.128524826717
2020-01-01 19:30:00,NA,NA,780.17455514796,-3625.15849544205,4785.21633763602,780.17455514796,70140,1170,-3899.67567157976,4845.09796584424,780.17455514796
2020-01-01 19:31:00,NA,NA,839.433648443329,-3573.76222900736,4630.15939405678,839.433648443329,70200,1171,-3848.2778851662,4660.90621584221,839.433648443329
2020-01-01 19:32:00,NA,NA,859.819424420462,-3538.18434706317,4483.15195029847,859.819424420462,70260,1172,-3805.36128538655,4478.14697261073,859.819424420462
2020-01-01 19:33:00,NA,NA,867.945712680126,-3520.14788414314,4319.13890079846,867.945712680126,70320,1173,-3771.76063417518,4297.67209768664,867.945712680126
2020-01-01 19:34:00,NA,NA,827.80726918191,-3513.75619234505,4160.03406227189,827.80726918191,70380,1174,-3748.31921472584,4120.33554212371,827.80726918191
2020-01-01 19:35:00,NA,NA,793.42826335183,-3504.84989846686,3995.56359444928,793.42826335183,70440,1175,-3735.88960283556,3946.99412759491,793.42826335183
2020-01-01 19:36:00,NA,NA,751.112674110109,-3522.05220362023,3845.85061453127,751.112674110109,70500,1176,-3735.33444674851,3778.50833012046,751.112674110109
2020-01-01 19:37:00,NA,NA,711.202404479924,-3565.19804296963,3699.77447711749,711.202404479924,70560,1177,-3747.52725621315,3615.7430671385,711.202404479924
2020-01-01 19:38:00,NA,NA,649.570236023576,-3634.32548495336,3552.16713999502,649.570236023576,70620,1178,-3773.35320147437,3459.56848863828,649.570236023576
2020-01-01 19:39:00,NA,NA,564.085645594741,-3713.37771163998,3403.22649480737,564.085645594741,70680,1179,-3813.70992293152,3310.86077307961,564.085645594741
2020-01-01 19:40:00,NA,NA,500.346676132864,-3816.10752400377,3255.18012588337,500.346676132864,70740,1180,-3869.50835220283,3170.50292882647,500.346676132864
2020-01-01 19:41:00,NA,NA,418.154171695698,-3925.90661672077,3107.50385150997,418.154171695698,70800,1181,-3941.67354534724,3039.3856018279,418.154171695698
2020-01-01 19:42:00,NA,NA,353.958355453225,-4036.42961867351,2947.61630253118,353.958355453225,70860,1182,-4031.14552900582,2918.40789028501,353.958355453225
2020-01-01 19:43:00,NA,NA,358.582998650344,-4149.47402748483,2814.11865979348,358.582998650344,70920,1183,-4138.88016023674,2808.47816704915,358.582998650344
2020-01-01 19:44:00,-4265.85000083017,2710.51491050355,NA,-4265.85000083017,2710.51491050355,353.499211753694,70980,1184,-4265.85000083017,2710.51491050355,351.830339884969
2020-01-01 19:45:00,NA,NA,332.175082002969,-4401.36000561031,2623.4587017242,332.175082002969,71040,1185,-4408.9117918062,2624.4546718947,332.175082002969
2020-01-01 19:46:00,-4548.40257440664,2546.27321770686,NA,-4548.40257440664,2546.27321770686,324.255006857344,71100,1186,-4548.40257440664,2546.27321770686,321.855835038029
2020-01-01 19:47:00,NA,NA,319.45999838722,-4692.37048353116,2461.43978740523,319.45999838722,71160,1187,-4665.33123394322,2471.73636918586,319.45999838722
2020-01-01 19:48:00,NA,NA,311.468655096521,-4804.55483225416,2384.50989569762,311.468655096521,71220,1188,-4759.92100589904,2399.71630246048,311.468655096521
2020-01-01 19:49:00,NA,NA,291.151254624148,-4878.94412887234,2284.96442605139,291.151254624148,71280,1189,-4837.18321538057,2329.86321560126,291.151254624148
2020-01-01 19:50:00,NA,NA,335.442163866402,-4923.45640617675,2210.06067071912,335.442163866402,71340,1190,-4902.11333829067,2261.82928875153,335.442163866402
2020-01-01 19:51:00,NA,NA,405.075015736638,-4960.66582848055,2156.06132163134,405.075015736638,71400,1191,-4959.69557085614,2195.2683659869,405.075015736638
2020-01-01 19:52:00,NA,NA,483.121804167746,-5011.61488899527,2115.14101317667,483.121804167746,71460,1192,-5014.90738863191,2129.83563869521,483.121804167746
2020-01-01 19:53:00,NA,NA,541.357296224629,-5069.40796162904,2060.57951489881,541.357296224629,71520,1193,-5072.72409933774,2065.18733018703,541.357296224629
2020-01-01 19:54:00,-5138.12339371066,2000.98038124885,NA,-5138.12339371066,2000.98038124885,576.166174559732,71580,1194,-5138.12339371066,2000.98038124885,575.121804259574
2020-01-01 19:55:00,NA,NA,577.871175983229,-5215.27345166176,1941.46962756894,577.871175983229,71640,1195,-5214.95595174352,1936.46666531454,577.871175983229
2020-01-01 19:56:00,NA,NA,548.583194142595,-5303.17302603651,1884.55453986879,548.583194142595,71700,1196,-5302.54691867143,1869.27581571534,548.583194142595
2020-01-01 19:57:00,NA,NA,517.880684095638,-5399.34358622486,1803.88639956335,517.880684095638,71760,1197,-5399.09733723003,1796.62954430171,517.880684095638
2020-01-01 19:58:00,-5502.81644529091,1715.74457226051,NA,-5502.81644529091,1715.74457226051,485.423693960195,71820,1198,-5502.81644529091,1715.74457226051,499.935618341728
2020-01-01 19:59:00,-5609.19111473003,1625.37238991835,NA,-5609.19111473003,1625.37238991835,479.345418151612,71880,1199,-5609.19111473003,1625.37238991835,488.327102071139
2020-01-01 20:00:00,NA,NA,473.060229424428,-5714.47887043634,1525.04765434382,473.060229424428,71940,1200,-5705.99236091546,1529.47493884022,473.060229424428
2020-01-01 20:01:00,NA,NA,449.307363807795,-5794.04411308802,1440.61238857517,449.307363807795,72000,1201,-5791.04574124377,1429.74973729256,449.307363807795
2020-01-01 20:02:00,NA,NA,429.544002066352,-5881.16974093984,1349.63464759718,429.544002066352,72060,1202,-5865.363974838,1326.94042606332,429.544002066352
2020-01-01 20:03:00,NA,NA,424.30132070642,-5938.05581375188,1232.148591757,424.30132070642,72120,1203,-5929.94996115749,1221.78782472592,424.30132070642
2020-01-01 20:04:00,NA,NA,444.230811089595,-5988.61339770766,1105.02632736999,444.230811089595,72180,1204,-5985.79769758637,1115.03060943794,444.230811089595
2020-01-01 20:05:00,NA,NA,425.983738729712,-6030.16087410558,986.857412492195,425.983738729712,72240,1205,-6033.89318869218,1007.40598864119,425.983738729712
2020-01-01 20:06:00,NA,NA,390.13062078088,-6062.3846739481,874.592161041359,390.13062078088,72300,1206,-6075.21534813824,899.650377394078,390.13062078088
2020-01-01 20:07:00,NA,NA,384.103054137957,-6092.07403756197,752.741937744231,384.103054137957,72360,1207,-6110.73689409798,792.500070970117,384.103054137957
2020-01-01 20:08:00,NA,NA,375.013427371819,-6111.39530912625,649.853021735522,375.013427371819,72420,1208,-6141.42523899735,686.69191834364,375.013427371819
2020-01-01 20:09:00,NA,NA,293.391976964776,-6139.77595253244,544.319152339233,293.391976964776,72480,1209,-6168.24337440173,582.96399618047,293.391976964776
2020-01-01 20:10:00,NA,NA,266.879620032902,-6178.29534736149,459.980115658148,266.879620032902,72540,1210,-6192.15075185787,482.056283950884,266.879620032902
2020-01-01 20:11:00,-6214.10416049714,384.711340782726,NA,-6214.10416049714,384.711340782726,260.671464388126,72600,1211,-6214.10416049714,384.711340782726,270.56326200112
2020-01-01 20:12:00,NA,NA,269.953370210305,-6232.17545451879,307.266715420895,269.953370210305,72660,1212,-6235.07679029041,291.60234430401,269.953370210305
2020-01-01 20:13:00,NA,NA,256.184536627119,-6255.07849166629,208.579492029543,256.184536627119,72720,1213,-6256.11368995018,203.115772299666,256.184536627119
2020-01-01 20:14:00,-6278.27815538213,119.569690871467,NA,-6278.27815538213,119.569690871467,271.86215134044,72780,1214,-6278.27815538213,119.569690871467,264.661045312033
2020-01-01 20:15:00,NA,NA,303.229211787894,-6292.57440447057,44.5381349693636,303.229211787894,72840,1215,-6301.78560977323,40.7487688025509,303.229211787894
2020-01-01 20:16:00,NA,NA,361.449510370091,-6324.47420508358,-34.7773903720379,361.449510370091,72900,1216,-6323.45693145462,-35.7097676905005,361.449510370091
2020-01-01 20:17:00,-6339.26241402087,-112.704448410183,NA,-6339.26241402087,-112.704448410183,404.937790237822,72960,1217,-6339.26241402087,-112.704448410183,400.922903574381
2020-01-01 20:18:00,NA,NA,406.95270696892,-6340.35453361142,-187.556737818118,406.95270696892,73020,1218,-6346.50944162668,-191.733660687048,406.95270696892
2020-01-01 20:19:00,NA,NA,381.482268053336,-6337.26109005532,-263.745270787337,381.482268053336,73080,1219,-6347.86764268104,-268.69486202577,381.482268053336
2020-01-01 20:20:00,NA,NA,347.966854698647,-6345.81999853052,-328.949020406677,347.966854698647,73140,1220,-6347.34371488916,-338.082984127531,347.966854698647
2020-01-01 20:21:00,-6348.94263498058,-394.386030524378,NA,-6348.94263498058,-394.386030524378,281.173354969472,73200,1221,-6348.94263498058,-394.386030524378,287.226179681781
2020-01-01 20:22:00,NA,NA,225.804897840905,-6364.35256038244,-450.969980971761,225.804897840905,73260,1222,-6355.91392123446,-433.967337245604,225.804897840905
2020-01-01 20:23:00,NA,NA,191.189039926571,-6380.90539532108,-478.110558978106,191.189039926571,73320,1223,-6368.48226544312,-460.724497762229,191.189039926571
2020-01-01 20:24:00,NA,NA,167.845768664474,-6397.66187673384,-489.502709193074,167.845768664474,73380,1224,-6386.12007994423,-480.430674863201,167.845768664474
2020-01-01 20:25:00,NA,NA,177.59399984736,-6416.12961574283,-506.657112509627,177.59399984736,73440,1225,-6408.30441418121,-498.852582586691,177.59399984736
2020-01-01 20:26:00,-6434.51647628374,-521.75576091247,NA,-6434.51647628374,-521.75576091247,217.34520711029,73500,1226,-6434.51647628374,-521.75576091247,211.002167480598
2020-01-01 20:27:00,NA,NA,239.817492110549,-6442.68055994229,-539.858851981123,239.817492110549,73560,1227,-6464.25370987113,-553.826094291031,239.817492110549
2020-01-01 20:28:00,NA,NA,249.57035558347,-6453.96655126921,-536.801067807302,249.57035558347,73620,1228,-6497.06699146401,-595.422635310073,249.57035558347
2020-01-01 20:29:00,NA,NA,267.291726831087,-6484.01562395704,-532.290529157938,267.291726831087,73680,1229,-6532.52256370405,-645.829398071367,267.291726831087
2020-01-01 20:30:00,NA,NA,270.073981589325,-6518.90935026389,-562.180530265182,270.073981589325,73740,1230,-6570.18908615317,-704.338455509369,270.073981589325
2020-01-01 20:31:00,NA,NA,275.962227812436,-6560.87458449887,-605.699187310476,275.962227812436,73800,1231,-6609.63724070745,-770.24929171977,275.962227812436
2020-01-01 20:32:00,NA,NA,241.649271788974,-6594.62206893731,-677.170749378927,241.649271788974,73860,1232,-6650.43933889549,-842.868161169984,241.649271788974
2020-01-01 20:33:00,NA,NA,194.283097750086,-6629.57780954493,-761.387545182094,194.283097750086,73920,1233,-6692.16893067221,-921.507454120313,194.283097750086
2020-01-01 20:34:00,NA,NA,174.064191527241,-6684.2160920104,-853.264239656679,174.064191527241,73980,1234,-6734.40041434722,-1005.48506766431,174.064191527241
2020-01-01 20:35:00,NA,NA,157.981541842658,-6756.07045676358,-967.153725454022,157.981541842658,74040,1235,-6776.7086472898,-1094.12378180951,157.981541842658
2020-01-01 20:36:00,NA,NA,109.849752872917,-6823.19916396938,-1098.49898601783,109.849752872917,74100,1236,-6818.66855705419,-1186.75064002643,109.849752872917
2020-01-01 20:37:00,NA,NA,52.3061804073835,-6888.0750972984,-1233.02464424001,52.3061804073835,74160,1237,-6859.85475256924,-1282.69633369828,52.3061804073835
2020-01-01 20:38:00,NA,NA,6.85222582254857,-6959.40334078343,-1348.01657006804,6.85222582254857,74220,1238,-6899.84113503666,-1381.2945899082,6.85222582254857
2020-01-01 20:39:00,NA,NA,-17.9758325458743,-6997.42280017154,-1446.07332895025,-17.9758325458743,74280,1239,-6938.20050818203,-1481.8815620036,-17.9758325458743
2020-01-01 20:40:00,NA,NA,-23.6409643944643,-7016.7394447687,-1557.66464982389,-23.6409643944643,74340,1240,-6974.50418750186,-1583.79522238004,-23.6409643944643
2020-01-01 20:41:00,NA,NA,-12.3927342497854,-7020.80212849685,-1666.91673533865,-12.3927342497854,74400,1241,-7008.32160814947,-1686.37475692926,-12.3927342497854
2020-01-01 20:42:00,NA,NA,36.2933609603794,-7046.73394393397,-1775.88851416849,36.2933609603794,74460,1242,-7039.21993110088,-1788.95996059724,36.2933609603794
2020-01-01 20:43:00,-7066.76364724051,-1890.89063349953,NA,-7066.76364724051,-1890.89063349953,88.320056041109,74520,1243,-7066.76364724051,-1890.89063349953,87.7445964690346
2020-01-01 20:44:00,NA,NA,124.640792356602,-7085.04032486198,-1999.40712341032,124.640792356602,74580,1244,-7090.46291386453,-1992.63350508402,124.640792356602
2020-01-01 20:45:00,NA,NA,147.580520990535,-7099.02340543791,-2108.4098820405,147.580520990535,74640,1245,-7109.61930104689,-2099.16545369574,147.580520990535
2020-01-01 20:46:00,-7123.47895717422,-2216.59526918206,NA,-7123.47895717422,-2216.59526918206,178.314846086854,74700,1246,-7123.47895717422,-2216.59526918206,184.973750747743
2020-01-01 20:47:00,NA,NA,235.001653476746,-7137.57061063569,-2348.71848652646,235.001653476746,74760,1247,-7131.38552761085,-2349.05109470205,235.001653476746
2020-01-01 20:48:00,NA,NA,266.391728214601,-7149.18945775411,-2473.20125418518,266.391728214601,74820,1248,-7133.08659836518,-2492.71199085777,266.391728214601
2020-01-01 20:49:00,NA,NA,225.317959713894,-7134.33152221771,-2602.47050158379,225.317959713894,74880,1249,-7128.42641957029,-2641.77665503008,225.317959713894
2020-01-01 20:50:00,NA,NA,207.604621757532,-7117.87553899044,-2775.02979675088,207.604621757532,74940,1250,-7117.24342251033,-2790.44872676695,207.604621757532
2020-01-01 20:51:00,-7099.37007196428,-2932.9314858939,NA,-7099.37007196428,-2932.9314858939,145.998111851535,75000,1251,-7099.37007196428,-2932.9314858939,152.416703121617
2020-01-01 20:52:00,NA,NA,67.3519111327936,-7086.59533635389,-3082.95049780279,67.3519111327936,75060,1252,-7075.36166818018,-3064.45111520884,67.3519111327936
2020-01-01 20:53:00,NA,NA,-5.8864490002862,-7057.4718122431,-3197.58097361982,-5.8864490002862,75120,1253,-7048.68385365284,-3184.33821604158,-5.8864490002862
2020-01-01 20:54:00,-7023.52878390053,-3292.94131209873,NA,-7023.52878390053,-3292.94131209873,-32.480739433348,75180,1254,-7023.52878390053,-3292.94131209873,-27.3174747475255
2020-01-01 20:55:00,NA,NA,-4.32840018378123,-6983.34749652732,-3360.11436204803,-4.32840018378123,75240,1255,-7003.31297566051,-3390.6400859478,-4.32840018378123
2020-01-01 20:56:00,NA,NA,40.9062515106463,-6952.08717769736,-3393.38433885114,40.9062515106463,75300,1256,-6988.34919277199,-3477.97017411236,40.9062515106463
2020-01-01 20:57:00,NA,NA,78.0616394430975,-6928.63272892774,-3422.37932117082,78.0616394430975,75360,1257,-6978.1779720595,-3555.49920724059,78.0616394430975
2020-01-01 20:58:00,NA,NA,107.405350769791,-6904.04721627051,-3487.18054739509,107.405350769791,75420,1258,-6972.34423416116,-3623.78585083439,107.405350769791
2020-01-01 20:59:00,NA,NA,154.367176181137,-6878.52020050996,-3538.63637117173,154.367176181137,75480,1259,-6970.39686719645,-3683.38031638778,154.367176181137
2020-01-01 21:00:00,NA,NA,212.998779521929,-6872.06821505856,-3563.51677013648,212.998779521929,75540,1260,-6971.88831411985,-3734.82486469612,212.998779521929
2020-01-01 21:01:00,NA,NA,252.121506259327,-6850.96059988122,-3587.14358070132,252.121506259327,75600,1261,-6976.37416333636,-3778.65430187391,252.121506259327
2020-01-01 21:02:00,NA,NA,271.537053873458,-6844.36272014986,-3605.63074487752,271.537053873458,75660,1262,-6983.412742198,-3815.3964685464,271.537053873458
2020-01-01 21:03:00,NA,NA,270.814004506511,-6861.11152916283,-3630.8187965062,270.814004506511,75720,1263,-6992.56471300734,-3845.5727226666,270.814004506511
2020-01-01 21:04:00,NA,NA,251.69829680978,-6892.3803939704,-3666.23377478441,251.69829680978,75780,1264,-7003.39267115768,-3869.69841640054,251.69829680978
2020-01-01 21:05:00,NA,NA,223.02063834275,-6920.4067880553,-3673.41219163363,223.02063834275,75840,1265,-7015.46074504181,-3888.28336751813,223.02063834275
2020-01-01 21:06:00,NA,NA,191.577089739689,-6975.52478307746,-3685.63755685792,191.577089739689,75900,1266,-7028.33419736341,-3901.83232572097,191.577089739689
2020-01-01 21:07:00,NA,NA,163.209598301008,-7030.58239904778,-3707.59390982386,163.209598301008,75960,1267,-7041.57902748607,-3910.84543433406,163.209598301008
2020-01-01 21:08:00,NA,NA,186.481926216617,-7067.39452849073,-3744.95413004615,186.481926216617,76020,1268,-7054.7615744562,-3915.81868778375,186.481926216617
2020-01-01 21:09:00,NA,NA,225.11421257827,-7098.8940352513,-3762.26060907146,225.11421257827,76080,1269,-7067.44812033679,-3917.24438528053,225.11421257827
2020-01-01 21:10:00,NA,NA,210.202086387652,-7122.30634902866,-3756.93922058331,210.202086387652,76140,1270,-7079.20449348901,-3915.61158112173,210.202086387652
2020-01-01 21:11:00,NA,NA,225.22671743029,-7125.88250821948,-3768.64172645123,225.22671743029,76200,1271,-7089.59567143886,-3911.40653202602,225.22671743029
2020-01-01 21:12:00,NA,NA,265.942292122259,-7128.19051713221,-3778.39320073488,265.942292122259,76260,1272,-7098.18538296554,-3905.11314190884,265.942292122259
2020-01-01 21:13:00,NA,NA,293.936503970596,-7128.58918036623,-3775.4787063829,293.936503970596,76320,1273,-7104.53570904766,-3897.21340450578,293.936503970596
2020-01-01 21:14:00,NA,NA,336.621257584816,-7132.57459054565,-3754.58296347874,336.621257584816,76380,1274,-7108.20668230216,-3888.18784424868,336.621257584816
2020-01-01 21:15:00,NA,NA,377.425239001931,-7149.2387094386,-3754.3346180472,377.425239001931,76440,1275,-7108.75588454963,-3878.51595579766,377.425239001931
2020-01-01 21:16:00,NA,NA,386.255754368396,-7156.52661630382,-3770.02341604089,386.255754368396,76500,1276,-7105.7380421379,-3868.67664263132,386.255754368396
2020-01-01 21:17:00,NA,NA,377.332937214651,-7139.50700051104,-3774.33287356048,377.332937214651,76560,1277,-7098.70461865373,-3859.14865509613,377.332937214651
2020-01-01 21:18:00,NA,NA,389.091156141104,-7106.82831070924,-3766.00574762307,389.091156141104,76620,1278,-7087.20340465005,-3850.41102831569,389.091156141104
2020-01-01 21:19:00,NA,NA,416.858773879852,-7085.29587016204,-3758.08876005962,416.858773879852,76680,1279,-7070.77810401358,-3842.94352036055,416.858773879852
2020-01-01 21:20:00,NA,NA,446.649145556476,-7058.12819954967,-3761.89033775231,446.649145556476,76740,1280,-7048.96791659426,-3837.22705107924,446.649145556476
2020-01-01 21:21:00,NA,NA,473.448304188948,-7022.6339685365,-3772.61159673321,473.448304188948,76800,1281,-7021.30711671499,-3833.74414199204,473.448304188948
2020-01-01 21:22:00,NA,NA,508.773466788029,-6988.11134552769,-3784.81232598305,508.773466788029,76860,1282,-6987.32462717593,-3832.97935764967,508.773466788029
2020-01-01 21:23:00,NA,NA,549.074294458224,-6942.56996630473,-3814.59430535177,549.074294458224,76920,1283,-6946.54358836387,-3835.41974886083,549.074294458224
2020-01-01 21:24:00,-6898.48092207237,-3841.55529819389,NA,-6898.48092207237,-3841.55529819389,625.14448548845,76980,1284,-6898.48092207237,-3841.55529819389,601.927968120651
2020-01-01 21:25:00,-6842.68781477377,-3848.92295853196,NA,-6842.68781477377,-3848.92295853196,697.983782143426,77040,1285,-6842.68781477377,-3848.92295853196,662.077492103995
2020-01-01 21:26:00,NA,NA,719.923172322158,-6762.52612822875,-3825.70007687399,719.923172322158,77100,1286,-6778.97580088205,-3846.39689577925,719.923172322158
2020-01-01 21:27:00,NA,NA,778.837606267598,-6702.28653414692,-3797.00092738012,778.837606267598,77160,1287,-6707.60496241241,-3832.5354702828,778.837606267598
2020-01-01 21:28:00,NA,NA,863.807181736351,-6633.98203358838,-3757.02818314142,863.807181736351,77220,1288,-6628.93208586741,-3809.0489406521,863.807181736351
2020-01-01 21:29:00,NA,NA,919.747678320407,-6551.23404942647,-3722.35877118236,919.747678320407,77280,1289,-6543.3072781723,-3777.63876121719,919.747678320407
2020-01-01 21:30:00,NA,NA,964.545962925658,-6455.56785522518,-3700.34326399363,964.545962925658,77340,1290,-6451.074287206,-3739.99913861509,964.545962925658
2020-01-01 21:31:00,NA,NA,1002.29061938322,-6349.67908480336,-3686.51288378295,1002.29061938322,77400,1291,-6352.5708163043,-3697.81858152256,1002.29061938322
2020-01-01 21:32:00,NA,NA,1048.48283631442,-6241.89266395402,-3652.74578530735,1048.48283631442,77460,1292,-6248.12883318981,-3652.7814451384,1048.48283631442
2020-01-01 21:33:00,-6138.07487363909,-3606.56947185475,NA,-6138.07487363909,-3606.56947185475,1081.64257038951,77520,1293,-6138.07487363909,-3606.56947185475,1057.20790378911
2020-01-01 21:34:00,-6024.26710143145,-3560.34766258354,NA,-6024.26710143145,-3560.34766258354,1051.5603407701,77580,1294,-6024.26710143145,-3560.34766258354,1029.0791089394
2020-01-01 21:35:00,NA,NA,980.422127427158,-5915.40282415678,-3491.31899597635,980.422127427158,77640,1295,-5913.05638164068,-3513.53467145502,980.422127427158
2020-01-01 21:36:00,NA,NA,926.244906563405,-5802.64259582401,-3408.8019681492,926.244906563405,77700,1296,-5805.72764346182,-3466.2987023287,926.244906563405
2020-01-01 21:37:00,NA,NA,874.607575767432,-5672.84117874026,-3331.38848850686,874.607575767432,77760,1297,-5701.91817448922,-3419.1239967987,874.607575767432
2020-01-01 21:38:00,NA,NA,819.919488561867,-5561.91647964333,-3284.52932145029,819.919488561867,77820,1298,-5601.26848133811,-3372.4948525102,819.919488561867
2020-01-01 21:39:00,NA,NA,787.854884619254,-5437.08400962436,-3246.81917452588,787.854884619254,77880,1299,-5503.42196081467,-3326.89606617353,787.854884619254
2020-01-01 21:40:00,NA,NA,777.539260781518,-5317.00114610308,-3202.36830407036,777.539260781518,77940,1300,-5408.02457373699,-3282.81337700451,777.539260781518
2020-01-01 21:41:00,NA,NA,758.605717951535,-5201.62338387946,-3181.88728270978,758.605717951535,78000,1301,-5314.72452110116,-3240.73391102371,758.605717951535
2020-01-01 21:42:00,NA,NA,783.395936885925,-5121.84523133912,-3170.50891152848,783.395936885925,78060,1302,-5223.17192229578,-3201.14662662381,783.395936885925
2020-01-01 21:43:00,NA,NA,788.448193124644,-5052.51115639159,-3168.03159441503,788.448193124644,78120,1303,-5133.01849507085,-3164.54276181346,788.448193124644
2020-01-01 21:44:00,NA,NA,763.502545189663,-4981.43338684048,-3150.83517871584,763.502545189663,78180,1304,-5043.9172369682,-3131.41628354658,763.502545189663
2020-01-01 21:45:00,NA,NA,745.095474685235,-4903.36662310937,-3118.40995779427,745.095474685235,78240,1305,-4955.52210792228,-3102.26433954814,745.095474685235
2020-01-01 21:46:00,NA,NA,723.217934481021,-4835.85114302969,-3086.12906203761,723.217934481021,78300,1306,-4867.48771374108,-3077.5877130497,723.217934481021
2020-01-01 21:47:00,-4779.46899017759,-3057.89128085054,NA,-4779.46899017759,-3057.89128085054,691.215639903947,78360,1307,-4779.46899017759,-3057.89128085054,680.415004595191
2020-01-01 21:48:00,NA,NA,628.987475963011,-4736.00740727649,-3047.11305796285,628.987475963011,78420,1308,-4691.24148129649,-3043.45746814527,628.987475963011
2020-01-01 21:49:00,NA,NA,589.588603533373,-4690.04271973385,-3062.1078127127,589.588603533373,78480,1309,-4603.06293779232,-3033.66544505224,589.588603533373
2020-01-01 21:50:00,NA,NA,580.730132483009,-4658.9012124467,-3090.74826561274,580.730132483009,78540,1310,-4515.31174842781,-3027.67162167617,580.730132483009
2020-01-01 21:51:00,NA,NA,595.046445514768,-4597.04302881435,-3114.4974434468,595.046445514768,78600,1311,-4428.36669288998,-3024.63588224602,595.046445514768
2020-01-01 21:52:00,NA,NA,618.359438277698,-4523.2544705822,-3105.51898095012,618.359438277698,78660,1312,-4342.60728826262,-3023.72081666266,618.359438277698
2020-01-01 21:53:00,NA,NA,636.194403679537,-4428.19688626722,-3089.42531959247,636.194403679537,78720,1313,-4258.4141361639,-3024.09095453468,636.194403679537
2020-01-01 21:54:00,NA,NA,650.562751842318,-4335.12535511436,-3103.54939663518,650.562751842318,78780,1314,-4176.169270877,-3024.91200098586,650.562751842318
2020-01-01 21:55:00,NA,NA,665.868458099748,-4241.25225021583,-3100.18133460457,665.868458099748,78840,1315,-4096.25650879182,-3025.35007353624,665.868458099748
2020-01-01 21:56:00,NA,NA,653.974208630197,-4160.61635291589,-3103.78493735373,653.974208630197,78900,1316,-4019.06179947746,-3024.57093935935,653.974208630197
2020-01-01 21:57:00,NA,NA,639.773576683308,-4079.60288490144,-3073.70372355736,639.773576683308,78960,1317,-3944.97357870603,-3021.73925221834,639.773576683308
2020-01-01 21:58:00,NA,NA,646.844355168359,-4000.90854319654,-3036.31352217466,646.844355168359,79020,1318,-3874.38312375094,-3016.01778838317,646.844355168359
2020-01-01 21:59:00,NA,NA,674.951463575812,-3922.43799590939,-3012.64863245579,674.951463575812,79080,1319,-3807.68491128438,-3006.56668083013,674.951463575812
2020-01-01 22:00:00,NA,NA,724.394756456514,-3834.31802429821,-2999.94836394605,724.394756456514,79140,1320,-3745.27697820139,-2992.54265102337,724.394756456514
2020-01-01 22:01:00,NA,NA,722.093997431246,-3753.21384489271,-2983.45447500166,722.093997431246,79200,1321,-3687.56128570063,-2973.09823757558,722.093997431246
2020-01-01 22:02:00,NA,NA,702.562083532419,-3690.36153372418,-2970.16231070213,702.562083532419,79260,1322,-3634.94408695465,-2947.38102108268,702.562083532419
2020-01-01 22:03:00,NA,NA,637.402647087503,-3609.87164098019,-2925.48170132085,637.402647087503,79320,1323,-3587.83629870609,-2914.53284442312,637.402647087503
2020-01-01 22:04:00,-3546.65387712979,-2873.68902780897,NA,-3546.65387712979,-2873.68902780897,582.02712176316,79380,1324,-3546.65387712979,-2873.68902780897,576.711984497768
2020-01-01 22:05:00,NA,NA,500.96447286491,-3486.34598798947,-2830.0971979539,500.96447286491,79440,1325,-3511.64447008435,-2823.77161649012,500.96447286491
2020-01-01 22:06:00,NA,NA,383.266267076699,-3457.50914386351,-2763.34493679417,383.266267076699,79500,1326,-3482.36642799474,-2762.87047037274,383.266267076699
2020-01-01 22:07:00,NA,NA,277.717324330256,-3435.95382758731,-2693.45930273075,277.717324330256,79560,1327,-3458.20961682192,-2688.85943735873,277.717324330256
2020-01-01 22:08:00,NA,NA,229.190370908389,-3419.86776344833,-2595.02010508367,229.190370908389,79620,1328,-3438.56858686168,-2599.60037323706,229.190370908389
2020-01-01 22:09:00,-3422.84201892759,-2492.94118617339,NA,-3422.84201892759,-2492.94118617339,178.55945479034,79680,1329,-3422.84201892759,-2492.94118617339,146.079230314765
2020-01-01 22:10:00,-3409.29341386953,-2372.53315709115,NA,-3409.29341386953,-2372.53315709115,69.8160815012921,79740,1330,-3409.29341386953,-2372.53315709115,49.1621565175421
2020-01-01 22:11:00,NA,NA,-1.65077924122806,-3374.62444201255,-2258.38081972759,-1.65077924122806,79800,1331,-3393.62802424837,-2259.51366381675,-1.65077924122801
2020-01-01 22:12:00,NA,NA,20.3166405260096,-3333.26911482174,-2135.38208785453,20.3166405260096,79860,1332,-3378.39081672168,-2157.72686396846,20.3166405260096
2020-01-01 22:13:00,NA,NA,44.0946925676883,-3317.98679140132,-2041.88075291089,44.0946925676883,79920,1333,-3368.12216198762,-2065.24763879002,44.0946925676883
2020-01-01 22:14:00,NA,NA,98.6914463989795,-3319.37889912085,-1970.67073821356,98.6914463989795,79980,1334,-3367.36697647832,-1980.15938313486,98.6914463989795
2020-01-01 22:15:00,NA,NA,131.763136807066,-3368.01862274761,-1902.90876975563,131.763136807066,80040,1335,-3380.67887930582,-1900.55225220284,131.763136807066
2020-01-01 22:16:00,-3412.62435727226,-1824.52141460265,NA,-3412.62435727226,-1824.52141460265,102.308435578328,80100,1336,-3412.62435727226,-1824.52141460265,105.698957551918
2020-01-01 22:17:00,-3459.63605612263,-1748.18653687614,NA,-3459.63605612263,-1748.18653687614,52.3784216001953,80160,1337,-3459.63605612263,-1748.18653687614,48.6927677635784
2020-01-01 22:18:00,NA,NA,2.27929402481683,-3498.57611399025,-1667.26177337198,2.27929402481683,80220,1338,-3494.4167498279,-1663.08558675585,2.27929402481686
2020-01-01 22:19:00,NA,NA,-10.8888119652273,-3519.54142771111,-1569.04560030275,-10.8888119652273,80280,1339,-3516.95431771134,-1572.10649967979,-10.8888119652273
2020-01-01 22:20:00,NA,NA,-33.3774608990912,-3541.70988564458,-1478.12539395211,-33.3774608990912,80340,1340,-3536.0868288999,-1481.46587129446,-33.3774608990912
2020-01-01 22:21:00,-3560.64923929622,-1397.38060777551,NA,-3560.64923929622,-1397.38060777551,-75.5209559464594,80400,1341,-3560.64923929622,-1397.38060777551,-80.9029543513548
2020-01-01 22:22:00,NA,NA,-149.509091449311,-3594.01784200813,-1312.73514270225,-149.509091449311,80460,1342,-3597.53134686226,-1324.62600698157,-149.509091449311
2020-01-01 22:23:00,NA,NA,-234.086285347981,-3652.69856097142,-1223.60638219891,-234.086285347981,80520,1343,-3645.83335974001,-1262.19704568543,-234.086285347981
2020-01-01 22:24:00,NA,NA,-322.265636146744,-3715.18483259846,-1158.90358581233,-322.265636146744,80580,1344,-3702.71580926795,-1207.65054222975,-322.265636146744
2020-01-01 22:25:00,NA,NA,-383.35993025584,-3772.10941857984,-1128.00937248693,-383.35993025584,80640,1345,-3765.34707512635,-1158.5505248019,-383.35993025584
2020-01-01 22:26:00,NA,NA,-439.392861601912,-3829.52948452123,-1101.99824206673,-439.392861601912,80700,1346,-3830.90079518276,-1112.46600323443,-439.392861601912
2020-01-01 22:27:00,NA,NA,-517.169236217985,-3893.73343856973,-1064.33901647665,-517.169236217985,80760,1347,-3896.55328024483,-1066.96874541405,-517.169236217985
2020-01-01 22:28:00,-3959.48093126521,-1019.63105621266,NA,-3959.48093126521,-1019.63105621266,-635.023695631522,80820,1348,-3959.48093126521,-1019.63105621266,-628.530994739607
2020-01-01 22:29:00,NA,NA,-750.489065689794,-4023.85002023727,-965.471273608186,-750.489065689794,80880,1349,-4017.40705368136,-968.549414056336,-750.489065689794
2020-01-01 22:30:00,NA,NA,-855.842789638984,-4082.4214330882,-876.308949121728,-855.842789638984,80940,1350,-4070.24806638664,-913.920396881014,-855.842789638984
2020-01-01 22:31:00,NA,NA,-946.213372754715,-4134.70273591934,-793.592554728168,-946.213372754715,81000,1351,-4118.46513306491,-856.463193596655,-946.213372754715
2020-01-01 22:32:00,NA,NA,-1058.00517847409,-4191.08059302201,-736.734823778059,-1058.00517847409,81060,1352,-4162.51518789715,-796.894406197429,-1058.00517847409
2020-01-01 22:33:00,NA,NA,-1167.11970720055,-4237.34011437883,-673.106600943225,-1167.11970720055,81120,1353,-4202.85135354276,-735.928705265483,-1167.11970720055
2020-01-01 22:34:00,NA,NA,-1282.59543379688,-4268.79134944533,-601.643936178497,-1282.59543379688,81180,1354,-4239.9233556108,-674.279483676022,-1282.59543379688
2020-01-01 22:35:00,NA,NA,-1381.6784917599,-4303.71407053129,-537.613429373822,-1381.6784917599,81240,1355,-4274.17793402138,-612.659509131329,-1381.6784917599
2020-01-01 22:36:00,NA,NA,-1424.3585231653,-4339.57901919383,-492.250316442491,-1424.3585231653,81300,1356,-4306.05925163542,-551.781576122563,-1424.3585231653
2020-01-01 22:37:00,NA,NA,-1481.08560805209,-4352.89692090807,-458.857853788785,-1481.08560805209,81360,1357,-4336.00930052682,-492.359157916037,-1481.08560805209
2020-01-01 22:38:00,NA,NA,-1550.2133765868,-4369.13566014239,-425.93883066087,-1550.2133765868,81420,1358,-4364.46830626895,-435.107059160455,-1550.2133765868
2020-01-01 22:39:00,NA,NA,-1651.75327035087,-4391.93127295597,-392.565010198962,-1651.75327035087,81480,1359,-4391.87513060532,-380.742069712067,-1651.75327035087
2020-01-01 22:40:00,NA,NA,-1786.58108803509,-4409.27732857408,-345.177205290921,-1786.58108803509,81540,1360,-4418.66767287262,-329.983620275792,-1786.58108803509
2020-01-01 22:41:00,-4445.28327054367,-283.554440462024,NA,-4445.28327054367,-283.554440462024,-1870.26154202064,81600,1361,-4445.28327054367,-283.554440462024,-1861.21310691125
2020-01-01 22:42:00,NA,NA,-1892.36996072451,-4482.14015520294,-210.639597941391,-1892.36996072451,81660,1362,-4471.67608441759,-242.600806938793,-1892.36996072451
2020-01-01 22:43:00,NA,NA,-1913.21114451681,-4507.66578506029,-178.817736814057,-1913.21114451681,81720,1363,-4495.86792321813,-209.952431561884,-1913.21114451681
2020-01-01 22:44:00,-4515.39556693128,-188.866212465997,NA,-4515.39556693128,-188.866212465997,-1878.4918857336,81780,1364,-4515.39556693128,-188.866212465997,-1897.99276446379
2020-01-01 22:45:00,NA,NA,-1851.01839858212,-4503.36993193578,-234.392442999023,-1851.01839858212,81840,1365,-4528.37257645942,-181.715638435857,-1851.01839858212
2020-01-01 22:46:00,NA,NA,-1791.07942844376,-4503.84986356909,-282.5914853956,-1791.07942844376,81900,1366,-4535.23081711968,-187.310839867968,-1791.07942844376
2020-01-01 22:47:00,NA,NA,-1748.5988980839,-4498.1576566347,-332.462621058163,-1748.5988980839,81960,1367,-4536.97760355772,-203.579623181442,-1748.5988980839
2020-01-01 22:48:00,NA,NA,-1724.39317994732,-4496.44972107209,-361.897655161221,-1724.39317994732,82020,1368,-4534.61557499212,-228.459557903308,-1724.39317994732
2020-01-01 22:49:00,NA,NA,-1672.51925672902,-4508.16557662696,-375.982107652578,-1672.51925672902,82080,1369,-4529.14361238648,-259.896090030027,-1672.51925672902
2020-01-01 22:50:00,NA,NA,-1657.28062272899,-4521.39818872193,-395.881941015938,-1657.28062272899,82140,1370,-4521.55775212655,-295.840662721077,-1657.28062272899
2020-01-01 22:51:00,NA,NA,-1670.8343881655,-4514.30424194201,-435.113284321055,-1670.8343881655,82200,1371,-4512.85209708795,-334.248842495958,-1670.8343881655
2020-01-01 22:52:00,NA,NA,-1688.56773193374,-4499.38953395037,-443.417038797051,-1688.56773193374,82260,1372,-4504.01972593319,-373.078449207917,-1688.56773193374
2020-01-01 22:53:00,NA,NA,-1710.92875402849,-4480.57566855491,-435.447008797922,-1710.92875402849,82320,1373,-4496.05360147124,-410.28768808047,-1710.92875402849
2020-01-01 22:54:00,NA,NA,-1691.70841169168,-4462.91370027051,-444.383464157852,-1691.70841169168,82380,1374,-4489.94747891101,-443.8332820969,-1691.70841169168
2020-01-01 22:55:00,NA,NA,-1674.36544041473,-4468.30589566911,-472.519852328425,-1674.36544041473,82440,1375,-4486.69681483978,-471.668603033937,-1674.36544041473
2020-01-01 22:56:00,-4487.29967775793,-491.741799429933,NA,-4487.29967775793,-491.741799429933,-1684.86538075305,82500,1376,-4487.29967775793,-491.741799429933,-1676.10119118686
2020-01-01 22:57:00,NA,NA,-1681.95533370119,-4499.4435883663,-475.174628773743,-1681.95533370119,82560,1377,-4492.44867253508,-502.608869474304,-1681.95533370119
2020-01-01 22:58:00,NA,NA,-1682.65902172761,-4520.13925781106,-458.115511135018,-1682.65902172761,82620,1378,-4501.60455259179,-505.277300687894,-1682.65902172761
2020-01-01 22:59:00,NA,NA,-1695.99952820061,-4546.20434868038,-422.396436122297,-1695.99952820061,82680,1379,-4513.92274908597,-501.362028904546,-1695.99952820061
2020-01-01 23:00:00,NA,NA,-1693.12420578612,-4576.81742340214,-382.999791755403,-1693.12420578612,82740,1380,-4528.5615856591,-492.471968014519,-1693.12420578612
2020-01-01 23:01:00,NA,NA,-1654.84181879179,-4615.89732102221,-353.976956753799,-1654.84181879179,82800,1381,-4544.68150855714,-480.211481633636,-1654.84181879179
2020-01-01 23:02:00,NA,NA,-1633.5110246139,-4638.23252187914,-324.184355287452,-1633.5110246139,82860,1382,-4561.44431870593,-466.18185058595,-1633.5110246139
2020-01-01 23:03:00,NA,NA,-1617.99981591896,-4652.38054968733,-320.705681601052,-1617.99981591896,82920,1383,-4578.0124050229,-451.982737571563,-1617.99981591896
2020-01-01 23:04:00,NA,NA,-1577.70643959499,-4655.21813662149,-353.446294425698,-1577.70643959499,82980,1384,-4593.54797826508,-439.213650357609,-1577.70643959499
2020-01-01 23:05:00,NA,NA,-1511.87960254116,-4647.22975230846,-380.187773714556,-1511.87960254116,83040,1385,-4607.21230471293,-429.475404829543,-1511.87960254116
2020-01-01 23:06:00,NA,NA,-1417.09442930456,-4637.34680153473,-401.17113490785,-1417.09442930456,83100,1386,-4618.16493898965,-424.371589240269,-1417.09442930456
2020-01-01 23:07:00,NA,NA,-1313.99937033449,-4641.00244254971,-411.978579579659,-1313.99937033449,83160,1387,-4625.56295531432,-425.510030996061,-1313.99937033449
2020-01-01 23:08:00,NA,NA,-1230.51285269763,-4639.10000423227,-428.374792085592,-1230.51285269763,83220,1388,-4628.56017648589,-434.504267320691,-1230.51285269763
2020-01-01 23:09:00,-4626.30639989281,-452.975021142798,NA,-4626.30639989281,-452.975021142798,-1169.89093611785,83280,1389,-4626.30639989281,-452.975021142798,-1183.69707985786
2020-01-01 23:10:00,-4619.52081055882,-478.719247218959,NA,-4619.52081055882,-478.719247218959,-1151.32403981721,83340,1390,-4619.52081055882,-478.719247218959,-1163.08801465045
2020-01-01 23:11:00,NA,NA,-1152.6792024577,-4626.65952828627,-493.726591499487,-1152.6792024577,83400,1391,-4613.25908630935,-498.328666961452,-1152.6792024577
2020-01-01 23:12:00,NA,NA,-1139.96004886596,-4625.87521595937,-502.438961464165,-1139.96004886596,83460,1392,-4606.32555904666,-511.031963780221,-1139.96004886596
2020-01-01 23:13:00,NA,NA,-1125.0231070092,-4607.08212283516,-515.490535253677,-1125.0231070092,83520,1393,-4595.56753097497,-520.170067307484,-1125.0231070092
2020-01-01 23:14:00,-4577.82880529064,-529.080646510478,NA,-4577.82880529064,-529.080646510478,-1129.75810950718,83580,1394,-4577.82880529064,-529.080646510478,-1113.24505155549
2020-01-01 23:15:00,NA,NA,-1103.93105311012,-4548.50341425517,-530.919304990892,-1103.93105311012,83640,1395,-4550.82585408195,-540.518647060068,-1103.93105311012
2020-01-01 23:16:00,-4515.78305362355,-554.911157962049,NA,-4515.78305362355,-554.911157962049,-1083.91662511074,83700,1396,-4515.78305362355,-554.911157962049,-1094.64363487229
2020-01-01 23:17:00,NA,NA,-1082.71925422048,-4471.02838698811,-595.036025055919,-1082.71925422048,83760,1397,-4474.35795615996,-572.123776130427,-1082.71925422048
2020-01-01 23:18:00,NA,NA,-1069.37695313874,-4412.62162837352,-611.271701605851,-1069.37695313874,83820,1398,-4426.44810497006,-592.097962272355,-1069.37695313874
2020-01-01 23:19:00,NA,NA,-1060.71328045464,-4349.65110633908,-623.655070447708,-1060.71328045464,83880,1399,-4371.50658703144,-614.796024127056,-1060.71328045464
2020-01-01 23:20:00,-4308.98005703923,-640.182761084131,NA,-4308.98005703923,-640.182761084131,-1028.17929921816,83940,1400,-4308.98005703923,-640.182761084131,-1033.67147784929
2020-01-01 23:21:00,NA,NA,-1002.5661576508,-4255.09177333101,-658.72627300672,-1002.5661576508,84000,1401,-4238.96190115229,-668.210414161113,-1002.5661576508
2020-01-01 23:22:00,NA,NA,-984.654252397039,-4187.52153364121,-665.202296093141,-984.654252397039,84060,1402,-4164.15345037148,-698.773566904485,-984.654252397039
2020-01-01 23:23:00,NA,NA,-974.216044363134,-4095.3050055691,-674.933475434973,-974.216044363134,84120,1403,-4087.90532212659,-731.754105311734,-974.216044363134
2020-01-01 23:24:00,NA,NA,-973.180189787064,-3996.84283558905,-681.170061720286,-973.180189787064,84180,1404,-4013.56681741965,-767.03612663738,-973.180189787064
2020-01-01 23:25:00,NA,NA,-901.888318287876,-3929.3749382979,-714.873509226816,-901.888318287876,84240,1405,-3944.48898435984,-804.505833321468,-901.888318287876
2020-01-01 23:26:00,NA,NA,-827.832203188934,-3877.44645835254,-787.152423089426,-827.832203188934,84300,1406,-3884.02768328815,-844.051428884111,-827.832203188934
2020-01-01 23:27:00,NA,NA,-746.497219217269,-3830.36201022892,-846.402378187923,-746.497219217269,84360,1407,-3835.546656319,-885.563015658515,-746.497219217269
2020-01-01 23:28:00,NA,NA,-626.82193230071,-3802.45746766256,-893.781387238907,-626.82193230071,84420,1408,-3802.42060410088,-928.93249426406,-626.82193230071
2020-01-01 23:29:00,NA,NA,-579.555759355063,-3794.54568519545,-949.198242098464,-579.555759355063,84480,1409,-3788.03827260725,-974.053464725887,-579.555759355063
2020-01-01 23:30:00,-3795.80555277893,-1020.82112914981,NA,-3795.80555277893,-1020.82112914981,-613.592679196385,84540,1410,-3795.80555277893,-1020.82112914981,-589.322842359881
2020-01-01 23:31:00,-3822.63542816406,-1065.37865423286,NA,-3822.63542816406,-1065.37865423286,-654.161718507326,84600,1411,-3822.63542816406,-1065.37865423286,-623.987872406928
2020-01-01 23:32:00,NA,NA,-659.508878637645,-3850.84035562727,-1087.14649432718,-659.508878637645,84660,1412,-3845.71896875694,-1092.89413109491,-659.508878637645
2020-01-01 23:33:00,NA,NA,-666.26971362052,-3867.73602310855,-1095.1830270337,-666.26971362052,84720,1413,-3860.98987813646,-1100.93447610678,-666.26971362052
2020-01-01 23:34:00,NA,NA,-627.747462388114,-3893.74483569852,-1068.519720125,-627.747462388114,84780,1414,-3870.68923038177,-1091.09059211184,-627.747462388114
2020-01-01 23:35:00,NA,NA,-634.220027668987,-3916.08726085041,-1037.73673954819,-634.220027668987,84840,1415,-3877.05300340321,-1064.93702265893,-634.220027668987
2020-01-01 23:36:00,NA,NA,-670.555170582671,-3913.92229269236,-1004.30102527283,-670.555170582671,84900,1416,-3882.31412428541,-1024.03339275418,-670.555170582671
2020-01-01 23:37:00,NA,NA,-679.537180253983,-3924.32112475117,-971.13335137203,-679.537180253983,84960,1417,-3888.70451172513,-969.925835569446,-679.537180253983
2020-01-01 23:38:00,NA,NA,-661.41949190977,-3909.20938784253,-911.028934446444,-661.41949190977,85020,1418,-3898.45711753603,-904.148406731387,-661.41949190977
2020-01-01 23:39:00,-3913.80796909853,-828.224487536084,NA,-3913.80796909853,-828.224487536084,-637.244249850148,85080,1419,-3913.80796909853,-828.224487536084,-632.679992120561
2020-01-01 23:40:00,NA,NA,-609.58621353454,-3942.30492074155,-738.934324716373,-609.58621353454,85140,1420,-3936.34840252317,-744.175910653587,-609.58621353454
2020-01-01 23:41:00,NA,NA,-597.041278521448,-3987.45919585426,-659.420365480553,-597.041278521448,85200,1421,-3965.07696386667,-656.048098294591,-597.041278521448
2020-01-01 23:42:00,NA,NA,-564.634307216191,-4014.91658509964,-567.848893821479,-564.634307216191,85260,1422,-3998.34804916183,-568.390472278952,-564.634307216191
2020-01-01 23:43:00,NA,NA,-518.106604861391,-4052.9567266302,-473.006089148902,-518.106604861391,85320,1423,-4034.52020932368,-485.752885194503,-518.106604861391
2020-01-01 23:44:00,NA,NA,-482.841754578959,-4090.2127096958,-412.225830524486,-482.841754578959,85380,1424,-4071.95464871871,-412.689781967296,-482.841754578959
2020-01-01 23:45:00,-4109.01372618658,-353.764365684684,NA,-4109.01372618658,-353.764365684684,-452.349912840101,85440,1425,-4109.01372618658,-353.764365684684,-449.766558945389
2020-01-01 23:46:00,NA,NA,-405.405273123845,-4140.64228433601,-321.108797732206,-405.405273123845,85500,1426,-4144.14965099907,-312.137912440128,-405.405273123845
2020-01-01 23:47:00,NA,NA,-355.771810231071,-4183.52966863633,-301.585753197799,-355.771810231071,85560,1427,-4176.17366495449,-285.327828467134,-355.771810231071
2020-01-01 23:48:00,NA,NA,-346.846885476572,-4230.2660759836,-307.179206844028,-346.846885476572,85620,1428,-4203.98435653928,-269.45021697096,-346.846885476572
2020-01-01 23:49:00,NA,NA,-338.002856981108,-4258.36769111378,-286.425851089528,-338.002856981108,85680,1429,-4226.47646007088,-260.631180664062,-338.002856981108
2020-01-01 23:50:00,NA,NA,-354.443102078641,-4253.49397030761,-258.366257828806,-354.443102078641,85740,1430,-4242.53984480818,-255.00327833496,-354.443102078641
2020-01-01 23:51:00,-4251.05849956218,-248.701987369555,NA,-4251.05849956218,-248.701987369555,-376.272482677767,85800,1431,-4251.05849956218,-248.701987369555,-367.316651161776
2020-01-01 23:52:00,NA,NA,-394.007596333825,-4251.32602532429,-245.979908446328,-394.007596333825,85860,1432,-4253.23842895053,-237.873310406309,-394.007596333825
2020-01-01 23:53:00,-4259.59593622171,-218.703674994688,NA,-4259.59593622171,-218.703674994688,-425.280641682496,85920,1433,-4259.59593622171,-218.703674994688,-458.073676483564
2020-01-01 23:54:00,-4275.01732890839,-190.91762933997,NA,-4275.01732890839,-190.91762933997,-511.116173018493,85980,1434,-4275.01732890839,-190.91762933997,-534.118618391976
2020-01-01 23:55:00,NA,NA,-584.696797001372,-4277.92888182391,-177.421851239251,-584.696797001372,86040,1435,-4278.65745808826,-165.201246210818,-584.696797001372
2020-01-01 23:56:00,NA,NA,-582.602347158353,-4271.91787877639,-169.198545699827,-582.602347158353,86100,1436,-4266.14943313196,-143.097762383151,-582.602347158353
2020-01-01 23:57:00,NA,NA,-558.468285178685,-4259.22135043251,-163.531447169577,-558.468285178685,86160,1437,-4239.22425302522,-122.984029432294,-558.468285178685
2020-01-01 23:58:00,NA,NA,-572.140784983277,-4235.78197383043,-154.910340691994,-572.140784983277,86220,1438,-4199.59972893861,-103.238718745164,-572.140784983277
2020-01-01 23:59:00,NA,NA,-580.357368610132,-4183.53483841478,-139.760735716086,-580.357368610132,86280,1439,-4148.98205594145,-82.2408384973272,-580.357368610132
2020-01-02 00:01:00,NA,NA,-631.372584930149,-4022.10033198106,-93.2539186139766,-631.372584930149,86400,1440,-4021.54331946924,-29.9961895108414,-631.372584930149
2020-01-02 00:02:00,NA,NA,-640.092805621052,-3944.64230209601,-54.7104665129623,-640.092805621052,86460,1441,-3948.09056824174,4.50422929341698,-640.092805621052
2020-01-02 00:03:00,NA,NA,-619.554615630338,-3874.20599966713,3.57234936821612,-619.554615630338,86520,1442,-3870.38437299042,46.767494182849,-619.554615630338
2020-01-02 00:04:00,-3790.09609610764,98.435194631885,NA,-3790.09609610764,98.435194631885,-548.255194838122,86580,1443,-3790.09609610764,98.435194631885,-558.354517484586
2020-01-02 00:05:00,NA,NA,-489.588602022427,-3690.93605418629,211.86981271656,-489.588602022427,86640,1444,-3708.55302909388,160.60189662777,-489.588602022427
2020-01-02 00:06:00,NA,NA,-457.903651909297,-3594.5520753467,321.450125652666,-457.903651909297,86700,1445,-3625.71441573066,232.149166673944,-457.903651909297
2020-01-02 00:07:00,NA,NA,-484.736564144004,-3504.00248912491,422.263162940799,-484.736564144004,86760,1446,-3541.19660448899,311.411528981744,-484.736564144004
2020-01-02 00:08:00,NA,NA,-519.597595326886,-3417.09834051068,533.388673979033,-519.597595326886,86820,1447,-3454.61440774269,396.730564652241,-519.597595326886
2020-01-02 00:09:00,NA,NA,-557.724996843342,-3334.05873014881,658.147509501952,-557.724996843342,86880,1448,-3365.5807495031,486.453394680153,-557.724996843342
2020-01-02 00:10:00,NA,NA,-609.534832703258,-3267.84575279463,767.492641742179,-609.534832703258,86940,1449,-3273.70631138458,578.931168082585,-609.534832703258
2020-01-02 00:11:00,NA,NA,-644.055085205794,-3183.32228077482,873.317685157271,-644.055085205794,87000,1450,-3178.59917650966,672.517553713326,-644.055085205794
2020-01-02 00:12:00,NA,NA,-670.165689021907,-3090.19732339612,952.313262177242,-670.165689021907,87060,1451,-3079.86447103319,765.567234381211,-670.165689021907
2020-01-02 00:13:00,NA,NA,-650.550714358881,-2982.71429419229,1013.26439217379,-650.550714358881,87120,1452,-2977.10400295957,856.434401895174,-650.550714358881
2020-01-02 00:14:00,NA,NA,-621.409319384373,-2880.18558298491,1070.69872420952,-621.409319384373,87180,1453,-2869.91589792355,943.471251659573,-621.409319384373
2020-01-02 00:15:00,NA,NA,-633.567665789146,-2797.09733379578,1105.76345711091,-633.567665789146,87240,1454,-2757.89423160179,1025.02647544291,-633.567665789146
2020-01-02 00:16:00,NA,NA,-672.066583767609,-2703.05836691372,1136.94973571859,-672.066583767609,87300,1455,-2640.62865841946,1099.44375094144,-672.066583767609
2020-01-02 00:17:00,NA,NA,-680.455450086506,-2579.01730662348,1182.35883514843,-680.455450086506,87360,1456,-2517.70403621216,1165.06022675607,-680.455450086506
2020-01-02 00:18:00,NA,NA,-657.436359371432,-2429.13062378095,1215.02047323429,-657.436359371432,87420,1457,-2388.70004650019,1220.20500139687,-657.436359371432
2020-01-02 00:19:00,NA,NA,-590.755710392578,-2272.18082475093,1253.23122804674,-590.755710392578,87480,1458,-2253.19081002781,1263.19759492407,-590.755710392578
2020-01-02 00:20:00,-2110.74449721585,1292.34641182736,NA,-2110.74449721585,1292.34641182736,-523.848787639816,87540,1459,-2110.74449721585,1292.34641182736,-528.900457453865
2020-01-02 00:21:00,NA,NA,-484.358586735027,-1949.83410136969,1323.5561034162,-484.358586735027,87600,1460,-1961.27506808616,1306.68431311357,-484.358586735027
2020-01-02 00:22:00,NA,NA,-452.106863775789,-1775.1090171632,1340.74613902015,-452.106863775789,87660,1461,-1806.09866097577,1308.17922270963,-452.106863775789
2020-01-02 00:23:00,NA,NA,-411.703854476744,-1611.4403480125,1324.14536650545,-411.703854476744,87720,1462,-1646.87832619993,1299.52443315293,-411.703854476744
2020-01-02 00:24:00,NA,NA,-341.568050532446,-1470.01047467282,1301.87384014528,-341.568050532446,87780,1463,-1485.2734152488,1283.40395336863,-341.568050532446
2020-01-02 00:25:00,NA,NA,-249.003212022708,-1323.93691865246,1280.67687008724,-249.003212022708,87840,1464,-1322.94109859433,1262.49496369989,-249.003212022708
2020-01-02 00:26:00,NA,NA,-150.93962005477,-1173.46917550533,1253.8532983277,-150.93962005477,87900,1465,-1161.53788147204,1239.47026466828,-150.93962005477
2020-01-02 00:27:00,NA,NA,-20.3533386343978,-1014.01630237444,1220.10039382323,-20.3533386343978,87960,1466,-1002.72111906054,1217.00072174062,-20.3533386343978
2020-01-02 00:28:00,NA,NA,108.257154537028,-855.919587350887,1198.56046689821,108.257154537028,88020,1467,-848.150532442445,1197.75770833319,108.257154537028
2020-01-02 00:29:00,-699.489726731846,1184.41554928482,NA,-699.489726731846,1184.41554928482,199.006340204899,88080,1468,-699.489726731846,1184.41554928482,202.753847690477
2020-01-02 00:30:00,NA,NA,266.403971052967,-546.103225775257,1170.35783021924,266.403971052967,88140,1469,-558.11128436972,1178.94612376497,266.403971052967
2020-01-02 00:31:00,NA,NA,312.580148073371,-409.17993647827,1177.11930118465,312.580148073371,88200,1470,-424.208681642605,1180.49701045797,312.580148073371
2020-01-02 00:32:00,NA,NA,341.825669876005,-256.752787263722,1197.27922516945,341.825669876005,88260,1471,-297.68580551415,1187.51436806511,341.825669876005
2020-01-02 00:33:00,NA,NA,296.641602371579,-125.953192020688,1209.05045379613,296.641602371579,88320,1472,-178.453293208926,1198.44935530394,296.641602371579
2020-01-02 00:34:00,NA,NA,232.336948930295,-14.622450914298,1212.56411500539,232.336948930295,88380,1473,-66.4284504312585,1211.75671418998,232.336948930295
2020-01-02 00:35:00,NA,NA,151.309647723583,97.5558354200846,1220.17044333052,151.309647723583,88440,1474,38.4648242864401,1225.89335661718,151.309647723583
2020-01-02 00:36:00,NA,NA,120.306790753223,182.94375187793,1215.6376884878,120.306790753223,88500,1475,136.296109199366,1239.31695291842,120.306790753223
2020-01-02 00:37:00,NA,NA,119.760906487467,269.584812315326,1206.21693062748,119.760906487467,88560,1476,227.128522996974,1250.48452111664,119.760906487467
2020-01-02 00:38:00,NA,NA,60.8306717533064,341.571305740081,1201.35136622904,60.8306717533064,88620,1477,311.018782539864,1257.85101557733,60.8306717533064
2020-01-02 00:39:00,NA,NA,-0.342312587275214,402.597898285205,1209.59130493897,-0.342312587275214,88680,1478,388.017254740228,1259.8679137722,-0.342312587275214
2020-01-02 00:40:00,NA,NA,-61.5853593299626,464.512888046507,1237.27270590669,-61.5853593299626,88740,1479,458.168002633561,1254.98179986152,-61.5853593299626
2020-01-02 00:41:00,521.508825683925,1241.63294379995,NA,521.508825683925,1241.63294379995,-116.471000892434,88800,1480,521.508825683925,1241.63294379995,-141.497920198613
2020-01-02 00:42:00,578.753061534958,1219.13301011233,NA,578.753061534958,1219.13301011233,-219.601340209763,88860,1481,578.753061534958,1219.13301011233,-240.142203893938
2020-01-02 00:43:00,NA,NA,-353.779697488643,628.166304582435,1180.19970979142,-353.779697488643,88920,1482,633.404504568868,1190.40058661855,-353.779697488643
2020-01-02 00:44:00,NA,NA,-464.439319289199,699.128146041145,1144.36384856212,-464.439319289199,88980,1483,689.921716314204,1159.62207955427,-464.439319289199
2020-01-02 00:45:00,NA,NA,-516.041739362828,761.201600975128,1123.47140005606,-516.041739362828,89040,1484,752.83380645933,1131.08061557392,-516.041739362828
2020-01-02 00:46:00,826.675735262143,1109.06136835047,NA,826.675735262143,1109.06136835047,-532.092258579727,89100,1485,826.675735262143,1109.06136835047,-523.807605022308
2020-01-02 00:47:00,912.353880160744,1095.10948246298,NA,912.353880160744,1095.10948246298,-527.027713207461,89160,1486,912.353880160744,1095.10948246298,-519.061130683997
2020-01-02 00:48:00,NA,NA,-531.405849014551,1013.23503634809,1073.36514621135,-531.405849014551,89220,1487,999.081801000889,1081.67381633413,-531.405849014551
2020-01-02 00:49:00,NA,NA,-572.109888021822,1104.19008665476,1038.49950453628,-572.109888021822,89280,1488,1083.84135255581,1065.98133433908,-572.109888021822
2020-01-02 00:50:00,NA,NA,-603.19494815628,1216.02646604164,995.977301573614,-603.19494815628,89340,1489,1166.46393752436,1047.13775698571,-603.19494815628
2020-01-02 00:51:00,NA,NA,-642.56624461045,1330.2700918311,973.494385615836,-642.56624461045,89400,1490,1246.77900391899,1024.24592214146,-642.56624461045
2020-01-02 00:52:00,NA,NA,-634.739642929476,1418.89287083299,931.403171739637,-634.739642929476,89460,1491,1324.6138890563,996.404964544454,-634.739642929476
2020-01-02 00:53:00,NA,NA,-587.916124535493,1488.44217211656,891.871284944321,-587.916124535493,89520,1492,1399.79366162587,962.709491844634,-587.916124535493
2020-01-02 00:54:00,NA,NA,-533.850929894036,1518.83713674487,853.379973422143,-533.850929894036,89580,1493,1472.14096168428,922.248756479405,-533.850929894036
2020-01-02 00:55:00,NA,NA,-492.37492491569,1559.30805059662,819.232066207317,-492.37492491569,89640,1494,1541.47583842732,874.105822639874,-492.37492491569
2020-01-02 00:56:00,NA,NA,-452.446768574495,1609.26488028998,780.48667302209,-452.446768574495,89700,1495,1607.615585592,817.356727570664,-452.446768574495
2020-01-02 00:57:00,NA,NA,-417.455205080063,1666.62686259153,733.810313782744,-417.455205080063,89760,1496,1670.3745743379,751.069636438545,-417.455205080063
2020-01-02 00:58:00,1729.56408345499,674.303989998138,NA,1729.56408345499,674.303989998138,-422.921786214779,89820,1497,1729.56408345499,674.303989998138,-410.467060914581
2020-01-02 00:59:00,NA,NA,-420.015046225,1796.75061803884,598.212211066749,-420.015046225,89880,1498,1787.15839926614,587.901162136954,-420.015046225
2020-01-02 01:00:00,NA,NA,-435.053638916912,1853.88491870063,513.295657662929,-435.053638916912,89940,1499,1853.7958389023,499.860111220437,-435.053638916912
2020-01-02 01:01:00,1942.2892683053,419.969814856733,NA,1942.2892683053,419.969814856733,-481.149796605505,90000,1500,1942.2892683053,419.969814856733,-477.341097170268
2020-01-02 01:02:00,NA,NA,-548.313038292079,2049.15986308298,342.651936815412,-548.313038292079,90060,1501,2058.86786240325,353.042664658203,-548.313038292079
2020-01-02 01:03:00,2183.37053509478,283.965821471421,NA,2183.37053509478,283.965821471421,-646.549626362934,90120,1502,2183.37053509478,283.965821471421,-641.616811034397
2020-01-02 01:04:00,NA,NA,-746.276291935724,2307.81869619126,195.299649600875,-746.276291935724,90180,1503,2295.14448892071,198.405277333389,-746.276291935724
2020-01-02 01:05:00,NA,NA,-847.666119079377,2403.95304323852,94.5750569056738,-847.666119079377,90240,1504,2397.94530517348,105.072380476446,-847.666119079377
2020-01-02 01:06:00,2501.62508364988,18.4362140414595,NA,2501.62508364988,18.4362140414595,-904.960567745012,90300,1505,2501.62508364988,18.4362140414595,-927.256777516358
2020-01-02 01:07:00,NA,NA,-993.090527051382,2610.77289356504,-35.1183659025172,-993.090527051382,90360,1506,2613.74895901765,-50.022037048473,-993.090527051382
2020-01-02 01:08:00,NA,NA,-1055.36433952477,2711.81126307875,-79.790440305329,-1055.36433952477,90420,1507,2732.73828862983,-100.78121139662,-1055.36433952477
2020-01-02 01:09:00,NA,NA,-1105.74445297196,2841.00183163961,-123.95996426605,-1105.74445297196,90480,1508,2854.73294116164,-137.297980483508,-1105.74445297196
2020-01-02 01:10:00,2975.87553383475,-163.015988433422,NA,2975.87553383475,-163.015988433422,-1139.19656226889,90540,1509,2975.87553383475,-163.015988433422,-1140.16501285179
2020-01-02 01:11:00,NA,NA,-1184.75158747306,3088.43596607996,-205.149448352183,-1184.75158747306,90600,1510,3093.30431175593,-181.217740853847,-1184.75158747306
2020-01-02 01:12:00,NA,NA,-1250.38020653731,3235.13672924779,-219.095949454896,-1250.38020653731,90660,1511,3208.13993661683,-194.573795163419,-1250.38020653731
2020-01-02 01:13:00,NA,NA,-1286.4945971817,3369.08285139652,-228.456835148644,-1286.4945971817,90720,1512,3322.49710639729,-205.599014315114,-1286.4945971817
2020-01-02 01:14:00,NA,NA,-1323.59388821996,3472.60103971057,-219.907800448529,-1323.59388821996,90780,1513,3438.49008187172,-216.806129609885,-1323.59388821996
2020-01-02 01:15:00,NA,NA,-1352.78806201836,3577.45716491979,-226.419268338189,-1352.78806201836,90840,1514,3558.23462038762,-230.708039025118,-1352.78806201836
2020-01-02 01:16:00,3683.84991107255,-249.820105699701,NA,3683.84991107255,-249.820105699701,-1366.40011319413,90900,1515,3683.84991107255,-249.820105699701,-1380.23991578608
2020-01-02 01:17:00,NA,NA,-1407.94845647866,3815.79292894538,-272.20780533977,-1407.94845647866,90960,1516,3816.99633712581,-276.024807561685,-1407.94845647866
2020-01-02 01:18:00,NA,NA,-1427.73935314802,3953.38951177772,-301.946429092885,-1427.73935314802,91020,1517,3957.48438313864,-308.66039002819,-1427.73935314802
2020-01-02 01:19:00,NA,NA,-1413.63923227899,4100.48177176704,-344.16015113472,-1413.63923227899,91080,1518,4104.66707623081,-346.433331657328,-1413.63923227899
2020-01-02 01:20:00,4257.90356725219,-388.054810070952,NA,4257.90356725219,-388.054810070952,-1354.28391695033,91140,1519,4257.90356725219,-388.054810070952,-1369.89817523834
2020-01-02 01:21:00,4418.37318508993,-429.558561572771,NA,4418.37318508993,-429.558561572771,-1295.44389130783,91200,1520,4418.37318508993,-429.558561572771,-1308.40179387856
2020-01-02 01:22:00,NA,NA,-1239.91411434072,4598.48404688944,-464.071760300406,-1239.91411434072,91260,1521,4592.79673205774,-461.233860447099,-1239.91411434072
2020-01-02 01:23:00,4782.82593861277,-490.600886386971,NA,4782.82593861277,-490.600886386971,-1192.17495294649,91320,1522,4782.82593861277,-490.600886386971,-1176.05406083915
2020-01-02 01:24:00,NA,NA,-1133.76050079188,4970.41667517086,-513.058282571871,-1133.76050079188,91380,1523,4987.80782895858,-527.612735042753,-1133.76050079188
2020-01-02 01:25:00,NA,NA,-1127.3537933197,5186.78385546009,-528.235586227345,-1127.3537933197,91440,1524,5204.72322040754,-572.049184540542,-1127.3537933197
2020-01-02 01:26:00,NA,NA,-1147.97543746445,5421.86127189649,-564.562849165207,-1147.97543746445,91500,1525,5429.96890590395,-621.151844785676,-1147.97543746445
2020-01-02 01:27:00,NA,NA,-1164.29559623798,5644.40621286925,-612.636560704949,-1164.29559623798,91560,1526,5659.94929810652,-672.166593641782,-1164.29559623798
2020-01-02 01:28:00,NA,NA,-1150.75250689728,5879.36344225609,-675.461012096106,-1150.75250689728,91620,1527,5891.07314025623,-722.341057679178,-1150.75250689728
2020-01-02 01:29:00,NA,NA,-1130.48970409369,6107.56407213249,-742.624155028777,-1130.48970409369,91680,1528,6119.75022124917,-768.922094615252,-1130.48970409369
2020-01-02 01:30:00,NA,NA,-1138.45288817656,6336.20668643016,-797.285684813473,-1138.45288817656,91740,1529,6342.38809169973,-809.153275056684,-1138.45288817656
2020-01-02 01:31:00,6555.38877796451,-840.272361232863,NA,6555.38877796451,-840.272361232863,-1141.96134502809,91800,1530,6555.38877796451,-840.272361232863,-1140.68354691936
2020-01-02 01:32:00,NA,NA,-1154.17407276602,6761.84203897113,-874.332710543318,-1154.17407276602,91860,1531,6757.22641981022,-860.844991064851,-1154.17407276602
2020-01-02 01:33:00,NA,NA,-1194.04307030141,6953.308307986,-882.713051583146,-1194.04307030141,91920,1532,6954.68904330438,-874.772242398162,-1194.04307030141
2020-01-02 01:34:00,7156.64160292955,-887.285324073959,NA,7156.64160292955,-887.285324073959,-1225.54837733202,91980,1533,7156.64160292955,-887.285324073959,-1210.59086063884
2020-01-02 01:35:00,7366.65747259556,-901.067044787761,NA,7366.65747259556,-901.067044787761,-1218.38496498748,92040,1534,7366.65747259556,-901.067044787761,-1207.21606759944
2020-01-02 01:36:00,NA,NA,-1205.03268570726,7576.45402631153,-906.002595374233,-1205.03268570726,92100,1535,7571.17133175198,-910.815976433854,-1205.03268570726
2020-01-02 01:37:00,NA,NA,-1215.06443948077,7772.58313378819,-913.014542368658,-1215.06443948077,92160,1536,7767.46851446321,-917.494301043356,-1215.06443948077
2020-01-02 01:38:00,NA,NA,-1218.4436361957,7958.53565884915,-933.623363381576,-1218.4436361957,92220,1537,7956.86449807153,-924.264892858796,-1218.4436361957
2020-01-02 01:39:00,NA,NA,-1210.70643550799,8141.93987464606,-948.197729019175,-1210.70643550799,92280,1538,8140.66844758085,-934.290711076573,-1210.70643550799
2020-01-02 01:40:00,NA,NA,-1154.59879166309,8312.20504172809,-948.998235066472,-1154.59879166309,92340,1539,8320.18441314744,-950.737692897398,-1154.59879166309
2020-01-02 01:41:00,NA,NA,-1071.04405954364,8480.78928385805,-972.018604276704,-1071.04405954364,92400,1540,8496.71252286789,-976.777649307572,-1071.04405954364
2020-01-02 01:42:00,NA,NA,-968.812571662398,8651.51781085318,-1012.40073983455,-968.812571662398,92460,1541,8671.55017198209,-1015.59116625595,-968.812571662398
2020-01-02 01:43:00,8845.99320957949,-1070.37051387217,NA,8845.99320957949,-1070.37051387217,-845.522550019683,92520,1542,8845.99320957949,-1070.37051387217,-847.8991312632
2020-01-02 01:44:00,NA,NA,-720.67815001417,9044.49526036281,-1143.89952542587,-720.67815001417,92580,1543,9021.32160626821,-1142.77976955359,-720.67815001417
2020-01-02 01:45:00,NA,NA,-607.863384817772,9224.92922351562,-1231.94551552955,-607.863384817772,92640,1544,9198.75407060146,-1228.32766910854,-607.863384817772
2020-01-02 01:46:00,NA,NA,-530.3823613106,9398.47011883651,-1321.12811274882,-530.3823613106,92700,1545,9379.49572038861,-1320.99217316464,-530.3823613106
2020-01-02 01:47:00,NA,NA,-444.724661625079,9570.79490946889,-1415.56351505392,-444.724661625079,92760,1546,9564.7547007193,-1414.75775111884,-444.724661625079
2020-01-02 01:48:00,NA,NA,-345.618441983192,9738.80664734569,-1512.71393377422,-345.618441983192,92820,1547,9755.74328888951,-1503.60987887682,-345.618441983192
2020-01-02 01:49:00,NA,NA,-253.274998211945,9942.60943879948,-1591.31445631563,-253.274998211945,92880,1548,9953.67900320592,-1581.52953750942,-253.274998211945
2020-01-02 01:50:00,10159.7857166087,-1642.48770776544,NA,10159.7857166087,-1642.48770776544,-146.233748982703,92940,1549,10159.7857166087,-1642.48770776544,-155.747763430067
2020-01-02 01:51:00,10369.4802319925,-1686.48386346733,NA,10369.4802319925,-1686.48386346733,-63.9213442762431,93000,1550,10369.4802319925,-1686.48386346733,-76.6636369906284
2020-01-02 01:52:00,NA,NA,-52.8322288302468,10555.2607198184,-1722.08911138597,-52.8322288302468,93060,1551,10561.8867509046,-1731.73204213408,-52.8322288302468
2020-01-02 01:53:00,10738.1538469245,-1778.7020874104,NA,10738.1538469245,-1778.7020874104,-105.059913979832,93120,1552,10738.1538469245,-1778.7020874104,-102.940525557366
2020-01-02 01:54:00,NA,NA,-164.429844412187,10909.7642338238,-1832.73713536242,-164.429844412187,93180,1553,10903.2361605931,-1822.91018082226,-164.429844412187
2020-01-02 01:55:00,11049.5073886386,-1863.83747000996,NA,11049.5073886386,-1863.83747000996,-176.23672100046,93240,1554,11049.5073886386,-1863.83747000996,-173.992867590351
2020-01-02 01:56:00,NA,NA,-145.196859523873,11167.096085891,-1886.67244514426,-145.196859523873,93300,1555,11168.8035249404,-1901.9040435492,-145.196859523873
2020-01-02 01:57:00,NA,NA,-112.637961759547,11257.6026713321,-1904.58399663252,-112.637961759547,93360,1556,11263.4245379121,-1937.32782205005,-112.637961759547
2020-01-02 01:58:00,NA,NA,-102.884978364874,11354.7855955823,-1944.52202846431,-102.884978364874,93420,1557,11338.2698634124,-1970.27442287751,-102.884978364874
2020-01-02 01:59:00,NA,NA,-84.2036184326459,11412.8837096956,-1978.15628575359,-84.2036184326459,93480,1558,11398.2208486529,-2000.90719749774,-84.2036184326459
2020-01-02 02:00:00,11448.1452174242,-2029.3873809266,NA,11448.1452174242,-2029.3873809266,-89.591735323753,93540,1559,11448.1452174242,-2029.3873809266,-77.254927616096
2020-01-02 02:01:00,NA,NA,-67.8282947683143,11476.8611047372,-2076.07824865402,-67.8282947683143,93600,1560,11492.2323689335,-2055.89800810761,-67.8282947683143
2020-01-02 02:02:00,NA,NA,-44.8762061842276,11515.2777317908,-2118.94069175815,-44.8762061842276,93660,1561,11531.9896253438,-2080.71539220612,-44.8762061842276
2020-01-02 02:03:00,NA,NA,-50.1308776428078,11549.8750417937,-2175.08839726221,-50.1308776428078,93720,1562,11568.2511938411,-2104.13806624622,-50.1308776428078
2020-01-02 02:04:00,NA,NA,-70.8930643239113,11579.4509007963,-2210.9942666707,-70.8930643239113,93780,1563,11601.8480841896,-2126.46328754578,-70.8930643239113
2020-01-02 02:05:00,NA,NA,-77.9489752128124,11609.9581543948,-2224.3922478782,-77.9489752128124,93840,1564,11633.6088688609,-2147.98730961685,-77.9489752128124
2020-01-02 02:06:00,NA,NA,-99.7429384655355,11648.4802304065,-2223.36329078469,-99.7429384655355,93900,1565,11664.360440917,-2169.00565314372,-99.7429384655355
2020-01-02 02:07:00,NA,NA,-152.324974645679,11697.4423864759,-2197.695927115,-152.324974645679,93960,1566,11694.928770358,-2189.81337629133,-152.324974645679
2020-01-02 02:08:00,11726.139659626,-2210.70534459097,NA,11726.139659626,-2210.70534459097,-237.882713861703,94020,1567,11726.139659626,-2210.70534459097,-223.024076394357
2020-01-02 02:09:00,NA,NA,-286.705631840945,11740.5622338458,-2233.98263399794,-286.705631840945,94080,1568,11757.7489444875,-2231.41156819409,-286.705631840945
2020-01-02 02:10:00,NA,NA,-330.156848065372,11762.2804218233,-2246.14556834045,-330.156848065372,94140,1569,11785.2304100751,-2249.40205339845,-330.156848065372
2020-01-02 02:11:00,NA,NA,-379.32009958166,11787.1532265142,-2258.21130211976,-379.32009958166,94200,1570,11802.9835097614,-2261.57938899235,-379.32009958166
2020-01-02 02:12:00,11805.3987973251,-2264.84084588524,NA,11805.3987973251,-2264.84084588524,-402.774507637186,94260,1571,11805.3987973251,-2264.84084588524,-415.038697263708
2020-01-02 02:13:00,NA,NA,-435.442956698308,11794.5260724632,-2250.43582911523,-435.442956698308,94320,1572,11790.1681756978,-2254.54842269752,-435.442956698308
2020-01-02 02:14:00,11768.229531799,-2219.94296878866,NA,11768.229531799,-2219.94296878866,-460.374164654449,94380,1573,11768.229531799,-2219.94296878866,-448.89755271594
2020-01-02 02:15:00,11745.4294718622,-2156.9819020061,NA,11745.4294718622,-2156.9819020061,-465.153401353387,94440,1574,11745.4294718622,-2156.9819020061,-472.834537471903
2020-01-02 02:16:00,NA,NA,-527.653062054648,11714.9634860005,-2089.00766709584,-527.653062054648,94500,1575,11701.6773948577,-2088.61265086228,-527.653062054648
2020-01-02 02:17:00,NA,NA,-620.867254878933,11650.9177019662,-2017.77297990673,-620.867254878933,94560,1576,11639.1333013105,-2021.84531574096,-620.867254878933
2020-01-02 02:18:00,11567.6072227529,-1957.64216079493,NA,11567.6072227529,-1957.64216079493,-701.622379550158,94620,1577,11567.6072227529,-1957.64216079493,-710.78039480751
2020-01-02 02:19:00,NA,NA,-770.614079030071,11513.0450166318,-1939.03657646318,-770.614079030071,94680,1578,11495.3286342012,-1896.84943580204,-770.614079030071
2020-01-02 02:20:00,NA,NA,-794.924644220053,11459.3413369782,-1911.01624090753,-794.924644220053,94740,1579,11424.236666999,-1839.8430487015,-794.924644220053
2020-01-02 02:21:00,NA,NA,-824.054471830285,11425.4435893606,-1876.46598219242,-824.054471830285,94800,1580,11354.699195828,-1786.8840113921,-824.054471830285
2020-01-02 02:22:00,NA,NA,-850.538249332212,11369.4634568329,-1806.13931500822,-850.538249332212,94860,1581,11287.0855173046,-1738.23703799906,-850.538249332212
2020-01-02 02:23:00,NA,NA,-858.348795689612,11319.251468497,-1737.40093347111,-858.348795689612,94920,1582,11221.7666877711,-1694.17078694623,-858.348795689612
2020-01-02 02:24:00,NA,NA,-891.111147613759,11245.845688561,-1667.68654661284,-891.111147613759,94980,1583,11159.1158626931,-1654.95810667326,-891.111147613759
2020-01-02 02:25:00,NA,NA,-924.966070082983,11141.6670819216,-1605.24501443202,-924.966070082983,95040,1584,11099.5086379768,-1620.87628519553,-924.966070082983
2020-01-02 02:26:00,NA,NA,-941.741703540865,11039.9936018694,-1549.78575307476,-941.741703540865,95100,1585,11043.3233935203,-1592.20730372934,-941.741703540865
2020-01-02 02:27:00,NA,NA,-994.786596168835,10933.9679430644,-1513.79046608423,-994.786596168835,95160,1586,10990.9416393124,-1569.23809461233,-994.786596168835
2020-01-02 02:28:00,NA,NA,-1036.30625931696,10853.9562760879,-1502.53752836388,-1036.30625931696,95220,1587,10942.7483643942,-1552.26080375427,-1036.30625931696
2020-01-02 02:29:00,NA,NA,-1051.39204648429,10812.0870401811,-1516.47150481986,-1051.39204648429,95280,1588,10899.1323890041,-1541.57305785751,-1051.39204648429
2020-01-02 02:30:00,NA,NA,-1089.89396861318,10790.9426000937,-1529.09257443216,-1089.89396861318,95340,1589,10860.486720227,-1537.47823665143,-1089.89396861318
2020-01-02 02:31:00,NA,NA,-1155.37952969181,10781.5650569168,-1545.17740746925,-1155.37952969181,95400,1590,10827.2089114738,-1540.28575038953,-1155.37952969181
2020-01-02 02:32:00,NA,NA,-1244.21248656824,10774.8825282988,-1552.1014019932,-1244.21248656824,95460,1591,10799.7014261188,-1550.31132286305,-1244.21248656824
2020-01-02 02:33:00,NA,NA,-1321.20420605183,10763.3301894023,-1560.33202889414,-1321.20420605183,95520,1592,10778.3720056299,-1567.87728018973,-1321.20420605183
2020-01-02 02:34:00,NA,NA,-1376.70407052036,10761.4197360525,-1585.25868681044,-1376.70407052036,95580,1593,10763.6340425247,-1593.31284564192,-1376.70407052036
2020-01-02 02:35:00,10755.9069584977,-1626.95444078364,NA,10755.9069584977,-1626.95444078364,-1441.92812873339,95640,1594,10755.9069584977,-1626.95444078364,-1446.00604035626
2020-01-02 02:36:00,NA,NA,-1519.22462222734,10746.1063282477,-1671.92339301895,-1519.22462222734,95700,1595,10755.052837902,-1668.07965658435,-1519.22462222734
2020-01-02 02:37:00,NA,NA,-1586.42787357468,10731.6830733359,-1721.82365036611,-1586.42787357468,95760,1596,10758.684948492,-1711.70738777287,-1586.42787357468
2020-01-02 02:38:00,NA,NA,-1673.3183442654,10745.0390602895,-1763.85966708114,-1673.3183442654,95820,1597,10763.8569123929,-1751.7924819684,-1673.3183442654
2020-01-02 02:39:00,10767.6237597829,-1782.28654535759,NA,10767.6237597829,-1782.28654535759,-1750.00824341629,95880,1598,10767.6237597829,-1782.28654535759,-1744.67709404626
2020-01-02 02:40:00,NA,NA,-1799.03921009005,10787.8718672277,-1800.37830055559,-1799.03921009005,95940,1599,10767.670183287,-1798.44672306699,-1799.03921009005
2020-01-02 02:41:00,NA,NA,-1847.43618147675,10812.8582317535,-1801.75955100569,-1847.43618147675,96000,1600,10764.2013796114,-1800.77453764413,-1847.43618147675
2020-01-02 02:42:00,NA,NA,-1886.07429646678,10852.7639428648,-1786.58324108517,-1886.07429646678,96060,1601,10758.0502771966,-1791.07316803295,-1886.07429646678
2020-01-02 02:43:00,NA,NA,-1890.24394975682,10901.226279487,-1774.1362854991,-1890.24394975682,96120,1602,10750.0473510503,-1771.13479007528,-1890.24394975682
2020-01-02 02:44:00,NA,NA,-1911.62934335407,10914.4170650785,-1760.63812504341,-1911.62934335407,96180,1603,10741.0213823958,-1742.74221594454,-1911.62934335407
2020-01-02 02:45:00,NA,NA,-1962.77355741511,10910.564499008,-1730.44862886763,-1962.77355741511,96240,1604,10731.8002167485,-1707.67052489441,-1962.77355741511
2020-01-02 02:46:00,NA,NA,-2003.9169344933,10887.4905325117,-1682.66287866501,-2003.9169344933,96300,1605,10723.2115211358,-1667.68868691735,-2003.9169344933
2020-01-02 02:47:00,NA,NA,-2052.98189413165,10837.6825548574,-1624.96760701764,-2052.98189413165,96360,1606,10716.0835411535,-1624.56118080972,-2052.98189413165
2020-01-02 02:48:00,NA,NA,-2121.17966869832,10797.2249658997,-1572.32144684998,-2121.17966869832,96420,1607,10711.245858553,-1580.04960812662,-2121.17966869832
2020-01-02 02:49:00,NA,NA,-2173.16327776746,10774.5938582319,-1528.16880007897,-2173.16327776746,96480,1608,10709.5301500506,-1535.91430450406,-2173.16327776746
2020-01-02 02:50:00,NA,NA,-2230.20241341232,10747.2430277763,-1496.2792707888,-2230.20241341232,96540,1609,10711.7709480532,-1493.91594982282,-2230.20241341232
2020-01-02 02:51:00,10718.8064039969,-1455.81717868715,NA,10718.8064039969,-1455.81717868715,-2288.71100873584,96600,1610,10718.8064039969,-1455.81717868715,-2277.48144134597
2020-01-02 02:52:00,NA,NA,-2317.25337614707,10702.0970984638,-1440.19832886227,-2317.25337614707,96660,1611,10731.4281250872,-1422.80489167197,-2317.25337614707
2020-01-02 02:53:00,NA,NA,-2355.11231991138,10695.4869976176,-1433.684528036,-2355.11231991138,96720,1612,10750.2291005602,-1393.75333211835,-2355.11231991138
2020-01-02 02:54:00,NA,NA,-2390.6858096218,10705.381646584,-1427.65832678574,-2390.6858096218,96780,1613,10775.7570438571,-1366.96106589325,-2390.6858096218
2020-01-02 02:55:00,NA,NA,-2445.85840621591,10751.1886963654,-1415.58546958898,-2445.85840621591,96840,1614,10808.5658217648,-1340.72872518335,-2445.85840621591
2020-01-02 02:56:00,NA,NA,-2470.37238635066,10793.611719322,-1379.72422129823,-2470.37238635066,96900,1615,10849.215960931,-1313.35745414846,-2470.37238635066
2020-01-02 02:57:00,NA,NA,-2482.02278006216,10856.6414761748,-1336.33518344501,-2482.02278006216,96960,1616,10898.2751605397,-1283.1473550244,-2482.02278006216
2020-01-02 02:58:00,NA,NA,-2534.62300340811,10938.624698681,-1296.76810909495,-2534.62300340811,97020,1617,10956.318811563,-1248.39593325994,-2534.62300340811
2020-01-02 02:59:00,NA,NA,-2590.37591179581,11014.239919878,-1232.51795980223,-2590.37591179581,97080,1618,11023.9305230546,-1207.39654027196,-2590.37591179581
2020-01-02 03:00:00,11101.7026559642,-1158.43681239726,NA,11101.7026559642,-1158.43681239726,-2584.64916526527,97140,1619,11101.7026559642,-1158.43681239726,-2583.44158946393
2020-01-02 03:01:00,NA,NA,-2535.0165907816,11191.1143265524,-1090.46306419492,-2535.0165907816,97200,1620,11189.5781976471,-1099.8742260334,-2535.0165907816
2020-01-02 03:02:00,NA,NA,-2480.9076655253,11276.9368664059,-1033.94375622787,-2480.9076655253,97260,1621,11284.8745887414,-1030.36597123632,-2480.9076655253
2020-01-02 03:03:00,NA,NA,-2433.6229053006,11376.1969363689,-949.148741016341,-2433.6229053006,97320,1622,11384.2573929592,-948.636343660006,-2433.6229053006
2020-01-02 03:04:00,NA,NA,-2411.76753266593,11485.3514433826,-846.86638981145,-2411.76753266593,97380,1623,11484.3959114352,-853.398459634451,-2411.76753266593
2020-01-02 03:05:00,NA,NA,-2398.37166906757,11594.2138281952,-738.729964755626,-2398.37166906757,97440,1624,11581.9601362122,-743.35307928371,-2398.37166906757
2020-01-02 03:06:00,NA,NA,-2398.61076473507,11682.0968156214,-618.077861068045,-2398.61076473507,97500,1625,11673.6177043604,-617.187418196031,-2398.61076473507
2020-01-02 03:07:00,NA,NA,-2412.20877855699,11761.3589586082,-471.337320711108,-2412.20877855699,97560,1626,11756.0308499247,-473.573946671771,-2412.20877855699
2020-01-02 03:08:00,11825.8533509195,-311.169175469247,NA,11825.8533509195,-311.169175469247,-2421.91259164271,97620,1627,11825.8533509195,-311.169175469247,-2432.09397632015
2020-01-02 03:09:00,NA,NA,-2462.18443418629,11878.1719581166,-137.413294392684,-2462.18443418629,97680,1628,11881.0236399562,-134.296164967678,-2462.18443418629
2020-01-02 03:10:00,11924.6516688318,29.9992613138842,NA,11924.6516688318,29.9992613138842,-2514.85624685605,97740,1629,11924.6516688318,29.9992613138842,-2508.43849976703
2020-01-02 03:11:00,11962.0678998039,163.819605372416,NA,11962.0678998039,163.819605372416,-2560.30534423814,97800,1630,11962.0678998039,163.819605372416,-2571.15332062678
2020-01-02 03:12:00,NA,NA,-2649.93410346079,12011.4635590458,299.828345657016,-2649.93410346079,97860,1631,12000.2517323963,298.868905428631,-2649.93410346079
2020-01-02 03:13:00,NA,NA,-2734.10078775357,12051.0974354106,453.999617620934,-2734.10078775357,97920,1632,12038.7771842846,442.703675493258,-2734.10078775357
2020-01-02 03:14:00,NA,NA,-2780.16053081689,12080.0969460136,602.699018528138,-2780.16053081689,97980,1633,12075.1334349883,593.140858227797,-2780.16053081689
2020-01-02 03:15:00,NA,NA,-2789.34523960479,12108.0712736797,748.925893745096,-2789.34523960479,98040,1634,12106.8076793798,748.003435701445,-2789.34523960479
2020-01-02 03:16:00,12131.2828293344,905.118437786085,NA,12131.2828293344,905.118437786085,-2799.14742770528,98100,1635,12131.2828293344,905.118437786085,-2802.37062199443
2020-01-02 03:17:00,NA,NA,-2820.28821430463,12146.0083785628,1057.85778195164,-2820.28821430463,98160,1636,12147.1371743964,1063.14516697852,-2820.28821430463
2020-01-02 03:18:00,NA,NA,-2825.71628537863,12155.9110196959,1218.56078059474,-2825.71628537863,98220,1637,12157.3491717941,1224.06476339977,-2825.71628537863
2020-01-02 03:19:00,NA,NA,-2796.59030161865,12174.8645405086,1385.75323754463,-2796.59030161865,98280,1638,12165.9940796919,1390.69122836268,-2796.59030161865
2020-01-02 03:20:00,NA,NA,-2774.10201832143,12198.9584599192,1552.61125605828,-2774.10201832143,98340,1639,12177.145723475,1565.84378398654,-2774.10201832143
2020-01-02 03:21:00,NA,NA,-2764.73848952017,12212.944537478,1739.5538320344,-2764.73848952017,98400,1640,12194.8802219281,1752.3494516506,-2764.73848952017
2020-01-02 03:22:00,12223.2797155488,1953.0456377372,NA,12223.2797155488,1953.0456377372,-2734.33999019464,98460,1641,12223.2797155488,1953.0456377372,-2743.69505326758
2020-01-02 03:23:00,NA,NA,-2744.47461556155,12240.2841029823,2176.84719685705,-2744.47461556155,98520,1642,12264.9010491984,2169.51651962921,-2744.47461556155
2020-01-02 03:24:00,NA,NA,-2782.83425207837,12290.4955849694,2406.51759390212,-2782.83425207837,98580,1643,12316.1726772544,2398.29563773325,-2782.83425207837
2020-01-02 03:25:00,NA,NA,-2780.45554985615,12341.262870921,2648.22181194552,-2780.45554985615,98640,1644,12371.9968325595,2634.66158640427,-2780.45554985615
2020-01-02 03:26:00,NA,NA,-2787.82787113208,12403.5072370538,2879.73659169398,-2787.82787113208,98700,1645,12427.2799114559,2873.89989922485,-2787.82787113208
2020-01-02 03:27:00,12476.9278148013,3111.29873668426,NA,12476.9278148013,3111.29873668426,-2818.21677313916,98760,1646,12476.9278148013,3111.29873668426,-2803.78268612662
2020-01-02 03:28:00,NA,NA,-2827.22541730851,12522.3084019382,3335.82426558572,-2827.22541730851,98820,1647,12516.9969076627,3343.07288587787,-2827.22541730851
2020-01-02 03:29:00,NA,NA,-2845.27651492248,12564.2809925956,3558.51756436983,-2845.27651492248,98880,1648,12548.1574804685,3569.14539761729,-2845.27651492248
2020-01-02 03:30:00,NA,NA,-2800.15254654734,12625.5503795956,3780.89182063144,-2800.15254654734,98940,1649,12572.2272921567,3790.36241745366,-2800.15254654734
2020-01-02 03:31:00,NA,NA,-2738.29215041567,12664.6252397459,4013.44357297233,-2738.29215041567,99000,1650,12591.0176159034,4007.56564982051,-2738.29215041567
2020-01-02 03:32:00,NA,NA,-2708.00349917972,12693.5011109668,4245.55702464147,-2708.00349917972,99060,1651,12606.3348959159,4221.59312788205,-2708.00349917972
2020-01-02 03:33:00,NA,NA,-2646.27046198158,12714.658987818,4488.42105402562,-2646.27046198158,99120,1652,12619.9823997639,4433.27998005271,-2646.27046198158
2020-01-02 03:34:00,NA,NA,-2618.25580470524,12719.4641003474,4715.80122049605,-2618.25580470524,99180,1653,12633.761867806,4643.45919386909,-2618.25580470524
2020-01-02 03:35:00,NA,NA,-2614.08933394911,12705.9470791656,4931.97445536377,-2614.08933394911,99240,1654,12649.4751612188,4852.96237790802,-2614.08933394911
2020-01-02 03:36:00,NA,NA,-2617.89175037035,12696.8476836483,5126.05392271664,-2617.89175037035,99300,1655,12668.9259101393,5062.62052244592,-2617.89175037035
2020-01-02 03:37:00,NA,NA,-2614.12953116386,12699.7577113525,5304.86565795523,-2614.12953116386,99360,1656,12693.9211634255,5273.26475955422,-2614.12953116386
2020-01-02 03:38:00,12726.2730415457,5485.72712332545,NA,12726.2730415457,5485.72712332545,-2639.24260421319,99420,1657,12726.2730415457,5485.72712332545,-2636.14206750351
2020-01-02 03:39:00,NA,NA,-2661.34224187616,12757.2789169484,5697.68061997772,-2661.34224187616,99480,1658,12766.4499639336,5696.79376693958,-2661.34224187616
2020-01-02 03:40:00,12809.5255397487,5887.05864503586,NA,12809.5255397487,5887.05864503586,-2660.06774482833,99540,1659,12809.5255397487,5887.05864503586,-2656.56859987748
2020-01-02 03:41:00,12850.1447747247,6046.09761707002,NA,12850.1447747247,6046.09761707002,-2626.05708095336,99600,1660,12850.1447747247,6046.09761707002,-2619.89536204005
2020-01-02 03:42:00,NA,NA,-2555.76984474861,12895.5455556564,6214.60734347424,-2555.76984474861,99660,1661,12887.6241743385,6205.20393785975,-2555.76984474861
2020-01-02 03:43:00,NA,NA,-2477.92315454694,12928.9705472945,6390.30099798953,-2477.92315454694,99720,1662,12926.1842483936,6366.91601085712,-2477.92315454694
2020-01-02 03:44:00,NA,NA,-2424.36063056977,12981.0453230213,6552.56503876088,-2424.36063056977,99780,1663,12971.0433765898,6523.32425197439,-2424.36063056977
2020-01-02 03:45:00,NA,NA,-2381.81953275323,13036.0504671806,6677.80140601996,-2381.81953275323,99840,1664,13027.4257016419,6666.51422434069,-2381.81953275323
2020-01-02 03:46:00,13100.5659073959,6788.55939923264,NA,13100.5659073959,6788.55939923264,-2371.80079090868,99900,1665,13100.5659073959,6788.55939923264,-2356.31492604291
2020-01-02 03:47:00,NA,NA,-2340.2443197367,13190.5143678133,6883.71613784319,-2340.2443197367,99960,1666,13193.3895767282,6884.90174846936,-2340.2443197367
2020-01-02 03:48:00,NA,NA,-2326.2290632705,13300.2456531291,6958.63731099755,-2326.2290632705,100020,1667,13299.5421531943,6964.51172289207,-2326.2290632705
2020-01-02 03:49:00,13410.356845828,7039.7323083791,NA,13410.356845828,7039.7323083791,-2336.72156048248,100080,1668,13410.356845828,7039.7323083791,-2325.59837147101
2020-01-02 03:50:00,NA,NA,-2334.11838026754,13530.5539105236,7123.75728195626,-2334.11838026754,100140,1669,13518.6510686111,7120.65698020404,-2334.11838026754
2020-01-02 03:51:00,NA,NA,-2347.6099708114,13665.483495775,7205.3078349099,-2347.6099708114,100200,1670,13623.1599679057,7208.40203111039,-2347.6099708114
2020-01-02 03:52:00,NA,NA,-2366.89603703575,13796.6661349747,7289.19729172151,-2366.89603703575,100260,1671,13724.0951692459,7301.84449738171,-2366.89603703575
2020-01-02 03:53:00,NA,NA,-2351.13575046265,13920.3150261074,7388.29340865194,-2351.13575046265,100320,1672,13821.6650293338,7399.86662680598,-2351.13575046265
2020-01-02 03:54:00,NA,NA,-2315.2781934362,14048.8012351071,7503.09445639056,-2315.2781934362,100380,1673,13916.0748266275,7501.35485614408,-2315.2781934362
2020-01-02 03:55:00,NA,NA,-2304.22920027637,14176.0622511062,7628.75578392109,-2304.22920027637,100440,1674,14007.5269491083,7605.19879253548,-2304.22920027637
2020-01-02 03:56:00,NA,NA,-2295.44722774511,14281.7837557198,7739.26162643823,-2295.44722774511,100500,1675,14096.2210794028,7710.29019782122,-2295.44722774511
2020-01-02 03:57:00,NA,NA,-2279.70951577135,14358.9501412011,7852.90674416269,-2279.70951577135,100560,1676,14182.354377431,7815.52197484372,-2279.70951577135
2020-01-02 03:58:00,NA,NA,-2257.2049541043,14414.2324862355,7955.70845783152,-2257.2049541043,100620,1677,14266.1216607466,7919.78715479258,-2257.2049541043
2020-01-02 03:59:00,NA,NA,-2231.31892296258,14466.3394903186,8054.91469032359,-2231.31892296258,100680,1678,14347.7155827347,8021.97788466898,-2231.31892296258
2020-01-02 04:00:00,NA,NA,-2179.33768886227,14521.3845769267,8163.54393630016,-2179.33768886227,100740,1679,14427.32680883,8120.98441394171,-2179.33768886227
2020-01-02 04:01:00,NA,NA,-2195.59628380494,14589.2517792705,8265.94751323504,-2195.59628380494,100800,1680,14505.144190917,8215.69407946783,-2195.59628380494
2020-01-02 04:02:00,NA,NA,-2230.48922483756,14632.6803483184,8347.51674565517,-2230.48922483756,100860,1681,14581.3549400707,8304.99028774923,-2230.48922483756
2020-01-02 04:03:00,NA,NA,-2249.32674945744,14672.2867668722,8408.72626973354,-2249.32674945744,100920,1682,14656.1447977976,8387.75149359409,-2249.32674945744
2020-01-02 04:04:00,14729.698205931,8462.85017424908,NA,14729.698205931,8462.85017424908,-2259.95298063386,100980,1683,14729.698205931,8462.85017424908,-2255.0739072099
2020-01-02 04:05:00,NA,NA,-2260.71292219906,14770.2411764362,8520.83497445192,-2260.71292219906,101040,1684,14802.0672235809,8529.49168473002,-2260.71292219906
2020-01-02 04:06:00,NA,NA,-2271.00735346174,14824.2648282576,8573.83962001046,-2271.00735346174,101100,1685,14872.7777954764,8588.23325222056,-2271.00735346174
2020-01-02 04:07:00,NA,NA,-2272.83109933744,14886.4941627407,8628.04972768025,-2272.83109933744,101160,1686,14941.2230976973,8639.96476289646,-2272.83109933744
2020-01-02 04:08:00,NA,NA,-2289.11835269364,14970.7212121533,8679.97055725048,-2289.11835269364,101220,1687,15006.7942341886,8685.56969091906,-2289.11835269364
2020-01-02 04:09:00,NA,NA,-2267.41536934685,15063.8425063536,8729.98665859335,-2267.41536934685,101280,1688,15068.8796798381,8725.92590656231,-2267.41536934685
2020-01-02 04:10:00,15126.864721134,8761.90647918913,NA,15126.864721134,8761.90647918913,-2251.97971644249,101340,1689,15126.864721134,8761.90647918913,-2259.85792647348
2020-01-02 04:11:00,NA,NA,-2258.76433695282,15186.0304674585,8788.52034489566,-2258.76433695282,101400,1690,15180.7472325924,8793.87124865127,-2258.76433695282
2020-01-02 04:12:00,NA,NA,-2246.93536643482,15243.452568658,8811.11354158373,-2246.93536643482,101460,1691,15232.9868040917,8820.13937845072,-2246.93536643482
2020-01-02 04:13:00,NA,NA,-2257.51206609764,15290.8133769205,8841.22507348804,-2257.51206609764,101520,1692,15286.6578617763,8838.51559254458,-2257.51206609764
2020-01-02 04:14:00,15344.8361417343,8846.79739565884,NA,15344.8361417343,8846.79739565884,-2293.91729970189,101580,1693,15344.8361417343,8846.79739565884,-2289.4452529101
2020-01-02 04:15:00,NA,NA,-2312.0485297997,15399.6009980377,8845.87122104344,-2312.0485297997,101640,1694,15409.0469587339,8843.64003335672,-2312.0485297997
2020-01-02 04:16:00,NA,NA,-2311.34322470092,15453.4986810113,8833.97377163888,-2311.34322470092,101700,1695,15474.6026829035,8831.15634315277,-2311.34322470092
2020-01-02 04:17:00,NA,NA,-2337.32059485246,15514.5322554275,8815.99898553254,-2337.32059485246,101760,1696,15535.2623702012,8812.3176039125,-2337.32059485246
2020-01-02 04:18:00,NA,NA,-2375.02859348696,15575.6024448131,8793.63112945935,-2375.02859348696,101820,1697,15584.7805970825,8790.08928184926,-2375.02859348696
2020-01-02 04:19:00,NA,NA,-2404.22155339913,15612.4523773703,8774.04302523519,-2404.22155339913,101880,1698,15616.9017481223,8767.43374303221,-2404.22155339913
2020-01-02 04:20:00,15625.3542942037,8747.31296301169,NA,15625.3542942037,8747.31296301169,-2415.62755195083,101940,1699,15625.3542942037,8747.31296301169,-2409.13472158564
2020-01-02 04:21:00,15611.4240299029,8733.08075513122,NA,15611.4240299029,8733.08075513122,-2390.67704183588,102000,1700,15611.4240299029,8733.08075513122,-2390.88951623489
2020-01-02 04:22:00,NA,NA,-2354.10267291326,15599.6193597444,8738.57016145215,-2354.10267291326,102060,1701,15600.4023940315,8729.04265649939,-2354.10267291326
2020-01-02 04:23:00,NA,NA,-2309.87044287592,15601.3210462863,8744.33644784415,-2309.87044287592,102120,1702,15599.996627139,8737.45569144475,-2309.87044287592
2020-01-02 04:24:00,15611.6325126234,8759.97646504815,NA,15611.6325126234,8759.97646504815,-2281.82645644959,102180,1703,15611.6325126234,8759.97646504815,-2284.19056369967
2020-01-02 04:25:00,NA,NA,-2251.65789947234,15629.8502459748,8812.90531576827,-2251.65789947234,102240,1704,15636.1255108686,8797.48650540688,-2251.65789947234
2020-01-02 04:26:00,NA,NA,-2189.91285433498,15672.110647795,8880.52076428263,-2189.91285433498,102300,1705,15671.8173774902,8847.72898000417,-2189.91285433498
2020-01-02 04:27:00,NA,NA,-2135.30866223989,15743.2237593652,8950.68092782221,-2135.30866223989,102360,1706,15716.4387765205,8907.67072396729,-2135.30866223989
2020-01-02 04:28:00,NA,NA,-2098.32703573246,15788.1894057679,9011.72157340878,-2098.32703573246,102420,1707,15767.7285397867,8974.28744421013,-2098.32703573246
2020-01-02 04:29:00,NA,NA,-2098.11964277805,15832.3030024378,9070.66011250598,-2098.11964277805,102480,1708,15823.4315984935,9044.56095298943,-2098.11964277805
2020-01-02 04:30:00,15881.2969205133,9115.47640718433,NA,15881.2969205133,9115.47640718433,-2102.37534763091,102540,1709,15881.2969205133,9115.47640718433,-2107.15506611735
2020-01-02 04:31:00,NA,NA,-2104.38293587606,15945.8575987648,9172.10898174953,-2104.38293587606,102600,1710,15939.6339123544,9184.51702235701,-2104.38293587606
2020-01-02 04:32:00,NA,NA,-2081.88496436866,16010.734875206,9236.59853910033,-2081.88496436866,102660,1711,15998.9863588002,9251.15427711845,-2081.88496436866
2020-01-02 04:33:00,NA,NA,-2059.05970266869,16070.9064123585,9312.4280908953,-2059.05970266869,102720,1712,16060.4574353878,9315.35492333582,-2059.05970266869
2020-01-02 04:34:00,16125.1522558327,9377.08348410109,NA,16125.1522558327,9377.08348410109,-2033.75074810969,102780,1713,16125.1522558327,9377.08348410109,-2043.47229014907
2020-01-02 04:35:00,16193.8804060206,9437.40304700232,NA,16193.8804060206,9437.40304700232,-2043.92122496106,102840,1714,16193.8804060206,9437.40304700232,-2040.57840516348
2020-01-02 04:36:00,NA,NA,-2057.23498705253,16264.8119869707,9502.76360672645,-2057.23498705253,102900,1715,16267.6331833465,9496.83959390307,-2057.23498705253
2020-01-02 04:37:00,16352.5961923287,9537.26092307033,NA,16352.5961923287,9537.26092307033,-2099.12778993896,102960,1716,16352.5961923287,9537.26092307033,-2098.59335628045
2020-01-02 04:38:00,NA,NA,-2159.85412934097,16457.4475392361,9539.94684581035,-2159.85412934097,103020,1717,16454.0351232143,9544.297937221,-2159.85412934097
2020-01-02 04:39:00,16568.0216910158,9538.43192133043,NA,16568.0216910158,9538.43192133043,-2229.96534398284,103080,1718,16568.0216910158,9538.43192133043,-2230.66943406924
2020-01-02 04:40:00,NA,NA,-2285.74680542202,16683.3941123923,9551.54779944908,-2285.74680542202,103140,1719,16688.6366208859,9543.28744652073,-2285.74680542202
2020-01-02 04:41:00,NA,NA,-2313.56981311236,16797.9299797867,9567.08022983292,-2313.56981311236,103200,1720,16811.1655006461,9560.23890070557,-2313.56981311236
2020-01-02 04:42:00,NA,NA,-2342.47163086501,16904.963598327,9580.67604179501,-2342.47163086501,103260,1721,16931.1953557635,9585.10699527606,-2342.47163086501
2020-01-02 04:43:00,NA,NA,-2324.40426481425,17003.2923612564,9593.66068447128,-2324.40426481425,103320,1722,17044.310925159,9613.71968259885,-2324.40426481425
2020-01-02 04:44:00,NA,NA,-2307.09756780976,17135.2278695964,9625.69623597894,-2307.09756780976,103380,1723,17146.0906226982,9641.90833977992,-2307.09756780976
2020-01-02 04:45:00,17232.1024928932,9665.50395568516,NA,17232.1024928932,9665.50395568516,-2291.84776408655,103440,1724,17232.1024928932,9665.50395568516,-2302.36699752749
2020-01-02 04:46:00,NA,NA,-2304.61105515443,17306.176364181,9679.46623172995,-2304.61105515443,103500,1725,17301.2336453187,9680.51146486936,-2304.61105515443
2020-01-02 04:47:00,17365.6903132474,9683.64056573596,NA,17365.6903132474,9683.64056573596,-2316.61863082379,103560,1726,17365.6903132474,9683.64056573596,-2308.74429179648
2020-01-02 04:48:00,17432.8203604773,9679.26635323888,NA,17432.8203604773,9679.26635323888,-2316.31053971319,103620,1727,17432.8203604773,9679.26635323888,-2310.10795925656
2020-01-02 04:49:00,NA,NA,-2303.96217937841,17487.6448715002,9690.45320517377,-2303.96217937841,103680,1728,17483.9816405404,9693.21947096231,-2303.96217937841
2020-01-02 04:50:00,NA,NA,-2288.6672532382,17515.6475301862,9726.76575578592,-2288.6672532382,103740,1729,17519.3685812492,9724.71811791457,-2288.6672532382
2020-01-02 04:51:00,17545.9205621041,9764.46510212163,NA,17545.9205621041,9764.46510212163,-2279.47916795321,103800,1730,17545.9205621041,9764.46510212163,-2276.7536824062
2020-01-02 04:52:00,NA,NA,-2286.56886715401,17577.18334198,9794.5612026682,-2286.56886715401,103860,1731,17569.1303448889,9804.60396827179,-2286.56886715401
2020-01-02 04:53:00,NA,NA,-2337.7474846596,17591.9112370404,9829.12782834716,-2337.7474846596,103920,1732,17588.7332214383,9843.01165390754,-2337.7474846596
2020-01-02 04:54:00,17603.022646048,9878.99670584112,NA,17603.022646048,9878.99670584112,-2435.17259917529,103980,1733,17603.022646048,9878.99670584112,-2437.84640797685
2020-01-02 04:55:00,NA,NA,-2546.59885076645,17607.25504325,9908.43854867001,-2546.59885076645,104040,1734,17610.6743510832,9911.55980371961,-2546.59885076645
2020-01-02 04:56:00,NA,NA,-2622.09993380577,17609.4617382821,9933.88696821835,-2622.09993380577,104100,1735,17611.9066220891,9938.47583592327,-2622.09993380577
2020-01-02 04:57:00,NA,NA,-2665.69193782929,17601.4045507259,9969.64290799773,-2665.69193782929,104160,1736,17607.319009749,9957.20887267792,-2665.69193782929
2020-01-02 04:58:00,17597.5057412156,9965.21549857128,NA,17597.5057412156,9965.21549857128,-2695.33646354537,104220,1737,17597.5057412156,9965.21549857128,-2697.59705258707
2020-01-02 04:59:00,NA,NA,-2724.78761377035,17582.283039474,9960.65807148337,-2724.78761377035,104280,1738,17581.7947154243,9964.63512052223,-2724.78761377035
2020-01-02 05:00:00,17554.462009394,9976.37069183402,NA,17554.462009394,9976.37069183402,-2764.78112864172,104340,1739,17554.462009394,9976.37069183402,-2749.39023369415
2020-01-02 05:01:00,17512.1016111692,10014.9703733425,NA,17512.1016111692,10014.9703733425,-2779.00155898448,104400,1740,17512.1016111692,10014.9703733425,-2771.19781588766
2020-01-02 05:02:00,NA,NA,-2789.29711598213,17477.4243703857,10032.4262053009,-2789.29711598213,104460,1741,17463.1934730678,10057.6216795313,-2789.29711598213
2020-01-02 05:03:00,NA,NA,-2801.55070323658,17453.1197353743,10048.2674924444,-2801.55070323658,104520,1742,17409.9559015492,10097.8648123688,-2801.55070323658
2020-01-02 05:04:00,NA,NA,-2810.96395757861,17417.0027919185,10070.1270943417,-2810.96395757861,104580,1743,17352.1419167238,10136.0893774539,-2810.96395757861
2020-01-02 05:05:00,NA,NA,-2831.48951221553,17370.093053526,10087.4836379478,-2831.48951221553,104640,1744,17289.5003523021,10172.6831340303,-2831.48951221553
2020-01-02 05:06:00,NA,NA,-2811.66616466344,17299.4114669414,10123.7231565522,-2811.66616466344,104700,1745,17221.775626062,10208.0323496859,-2811.66616466344
2020-01-02 05:07:00,NA,NA,-2782.07887182515,17211.9728423572,10177.6942970477,-2782.07887182515,104760,1746,17148.7075061347,10242.5221536683,-2782.07887182515
2020-01-02 05:08:00,NA,NA,-2764.242071569,17115.4349225465,10229.4077960863,-2764.242071569,104820,1747,17070.0308730038,10276.5368891575,-2764.242071569
2020-01-02 05:09:00,NA,NA,-2755.82495947108,17016.2223082715,10290.3973828776,-2755.82495947108,104880,1748,16985.4754770206,10310.4604648192,-2755.82495947108
2020-01-02 05:10:00,NA,NA,-2804.67011235145,16914.781866471,10333.614779491,-2804.67011235145,104940,1749,16894.7656912213,10344.6767059615,-2804.67011235145
2020-01-02 05:11:00,16797.6202592206,10379.569705615,NA,16797.6202592206,10379.569705615,-2802.89348423857,105000,1750,16797.6202592206,10379.569705615,-2818.60927147415
2020-01-02 05:12:00,NA,NA,-2812.1728143999,16694.1752831347,10414.8235706444,-2812.1728143999,105060,1751,16694.1471807838,10415.3554835238,-2812.1728143999
2020-01-02 05:13:00,NA,NA,-2819.95397810658,16610.41742857,10455.2879584786,-2819.95397810658,105120,1752,16586.0293101915,10451.5760760406,-2819.95397810658
2020-01-02 05:14:00,NA,NA,-2805.61798268395,16533.625068381,10522.5405081795,-2805.61798268395,105180,1753,16475.3403939497,10487.6052252761,-2805.61798268395
2020-01-02 05:15:00,NA,NA,-2753.72592858644,16413.8301125514,10559.2932954944,-2753.72592858644,105240,1754,16364.151827061,10522.8164981443,-2753.72592858644
2020-01-02 05:16:00,NA,NA,-2724.54527829019,16272.4790194087,10564.2885875416,-2724.54527829019,105300,1755,16254.5345477001,10556.5827133838,-2724.54527829019
2020-01-02 05:17:00,16148.5609314564,10588.2753678916,NA,16148.5609314564,10588.2753678916,-2723.65085027443,105360,1756,16148.5609314564,10588.2753678916,-2723.22757547004
2020-01-02 05:18:00,NA,NA,-2708.08125782348,16049.7936756441,10623.3964448065,-2708.08125782348,105420,1757,16050.0639935049,10618.0531745854,-2708.08125782348
2020-01-02 05:19:00,15969.9131400857,10649.2296911782,NA,15969.9131400857,10649.2296911782,-2639.3238460873,105480,1758,15969.9131400857,10649.2296911782,-2648.98024061608
2020-01-02 05:20:00,NA,NA,-2593.49126623084,15914.1730869512,10688.4653198782,-2593.49126623084,105540,1759,15914.9721386679,10686.6661575161,-2593.49126623084
2020-01-02 05:21:00,15869.0078269495,10738.2588372956,NA,15869.0078269495,10738.2588372956,-2586.30160009622,105600,1760,15869.0078269495,10738.2588372956,-2585.29841827816
2020-01-02 05:22:00,NA,NA,-2574.17254360906,15804.2881002846,10826.3970338772,-2574.17254360906,105660,1761,15814.4966421666,10810.3387289152,-2574.17254360906
2020-01-02 05:23:00,NA,NA,-2532.03970893253,15734.3611476437,10915.0404480752,-2532.03970893253,105720,1762,15751.8325128803,10899.9131113548,-2532.03970893253
2020-01-02 05:24:00,NA,NA,-2546.47007396744,15667.6047373598,11008.8737620419,-2546.47007396744,105780,1763,15685.8830308035,11001.6697619156,-2546.47007396744
2020-01-02 05:25:00,NA,NA,-2527.39929293638,15610.8296055465,11110.0173557008,-2527.39929293638,105840,1764,15621.5127831519,11110.3076007065,-2527.39929293638
2020-01-02 05:26:00,15563.5878022372,11220.5318415635,NA,15563.5878022372,11220.5318415635,-2491.90740003035,105900,1765,15563.5878022372,11220.5318415635,-2497.39426141674
2020-01-02 05:27:00,NA,NA,-2481.26853816749,15542.4993162153,11315.0861680994,-2481.26853816749,105960,1766,15516.0381662813,11327.9354449915,-2481.26853816749
2020-01-02 05:28:00,NA,NA,-2480.87041907751,15527.8283836505,11394.389525843,-2480.87041907751,106020,1767,15479.0358726802,11431.6541379659,-2480.87041907751
2020-01-02 05:29:00,NA,NA,-2465.49993520073,15501.2678859986,11482.8604273914,-2465.49993520073,106080,1768,15451.8207190061,11531.7065727848,-2465.49993520073
2020-01-02 05:30:00,NA,NA,-2444.63942540173,15501.1377905854,11582.081894443,-2444.63942540173,106140,1769,15433.64145521,11628.1080482181,-2444.63942540173
2020-01-02 05:31:00,NA,NA,-2410.83660464616,15487.1329390571,11673.2154591725,-2410.83660464616,106200,1770,15423.7550963415,11720.8705235129,-2410.83660464616
2020-01-02 05:32:00,NA,NA,-2384.05069177224,15471.7680639403,11771.3898133147,-2384.05069177224,106260,1771,15421.426242918,11810.0026293374,-2384.05069177224
2020-01-02 05:33:00,NA,NA,-2360.88343524221,15460.2883124109,11863.2832864361,-2360.88343524221,106320,1772,15425.9264082477,11895.5096756776,-2360.88343524221
2020-01-02 05:34:00,NA,NA,-2390.10065661024,15459.6671303499,11960.7002252983,-2390.10065661024,106380,1773,15436.5333520819,11977.3936566959,-2390.10065661024
2020-01-02 05:35:00,NA,NA,-2412.6644966779,15456.0910904169,12057.6084817988,-2412.6644966779,106440,1774,15452.5304199837,12055.6532525568,-2412.6644966779
2020-01-02 05:36:00,NA,NA,-2436.40795763595,15454.6019251555,12141.7420313527,-2436.40795763595,106500,1775,15473.2058878071,12130.2838282198,-2436.40795763595
2020-01-02 05:37:00,NA,NA,-2520.5218851502,15463.8054212624,12220.9972017191,-2520.5218851502,106560,1776,15497.8523106868,12201.2774292012,-2520.5218851502
2020-01-02 05:38:00,NA,NA,-2604.31380794818,15488.646243527,12288.7548363257,-2604.31380794818,106620,1777,15525.7658759434,12268.6227742978,-2604.31380794818
2020-01-02 05:39:00,NA,NA,-2701.89664911171,15530.6406333626,12354.1390859412,-2701.89664911171,106680,1778,15556.2457593102,12332.3052452695,-2701.89664911171
2020-01-02 05:40:00,NA,NA,-2777.43075207779,15567.8761225968,12405.5924813944,-2777.43075207779,106740,1779,15588.5934838946,12392.3068734677,-2777.43075207779
2020-01-02 05:41:00,NA,NA,-2829.99349802914,15598.1475041403,12459.4882363053,-2829.99349802914,106800,1780,15622.1122812864,12448.6063233999,-2829.99349802914
2020-01-02 05:42:00,NA,NA,-2867.80758024266,15658.9471505687,12515.6543757088,-2867.80758024266,106860,1781,15656.1064542289,12501.1788732149,-2867.80758024266
2020-01-02 05:43:00,NA,NA,-2903.84090727197,15679.693288358,12556.0254619681,-2903.84090727197,106920,1782,15689.8807402697,12549.9963920898,-2903.84090727197
2020-01-02 05:44:00,15722.73967581,12595.0273144992,NA,15722.73967581,12595.0273144992,-2925.3000515241,106980,1783,15722.73967581,12595.0273144992,-2937.66154332519
2020-01-02 05:45:00,NA,NA,-2994.9778414981,15760.6637549638,12635.7392244133,-2994.9778414981,107040,1784,15754.3040311356,12636.1308621817,-2994.9778414981
2020-01-02 05:46:00,NA,NA,-3084.5418461572,15786.9563380317,12678.8691983457,-3084.5418461572,107100,1785,15785.4617353535,12672.7396478366,-3084.5418461572
2020-01-02 05:47:00,NA,NA,-3141.69024888409,15812.1533942961,12699.9975812842,-3141.69024888409,107160,1786,15817.4174170549,12704.1764226421,-3141.69024888409
2020-01-02 05:48:00,NA,NA,-3194.98754675004,15845.0819019231,12719.0263528745,-3194.98754675004,107220,1787,15851.3764349537,12729.7592067911,-3194.98754675004
2020-01-02 05:49:00,NA,NA,-3265.90143261972,15890.4654410578,12748.1966534796,-3265.90143261972,107280,1788,15888.5459803514,12748.8006657592,-3265.90143261972
2020-01-02 05:50:00,NA,NA,-3291.13121614332,15932.2679195358,12761.706379357,-3291.13121614332,107340,1789,15930.136181315,12760.6074816319,-3291.13121614332
2020-01-02 05:51:00,15977.3612095538,12764.4797189457,NA,15977.3612095538,12764.4797189457,-3318.9408985606,107400,1790,15977.3612095538,12764.4797189457,-3318.65565913253
2020-01-02 05:52:00,NA,NA,-3344.81482275225,16043.3786282533,12761.9457244332,-3344.81482275225,107460,1791,16030.6370419498,12760.6039413575,-3344.81482275225
2020-01-02 05:53:00,NA,NA,-3347.30047457091,16114.7615165216,12755.9765634605,-3347.30047457091,107520,1792,16087.1716472664,12752.7348163158,-3347.30047457091
2020-01-02 05:54:00,NA,NA,-3327.83092521041,16174.995138184,12750.3228020418,-3327.83092521041,107580,1793,16143.3726270031,12745.5171147954,-3327.83092521041
2020-01-02 05:55:00,NA,NA,-3311.24766051889,16217.2608066452,12749.7149289965,-3311.24766051889,107640,1794,16195.6472769406,12743.5962043855,-3311.24766051889
2020-01-02 05:56:00,16240.399301042,12751.6222981904,NA,16240.399301042,12751.6222981904,-3310.1252721359,107700,1795,16240.399301042,12751.6222981904,-3307.04959841206
2020-01-02 05:57:00,NA,NA,-3308.93173950696,16267.2802042444,12764.0300262524,-3308.93173950696,107760,1796,16274.7747241132,12772.5430378446,-3308.93173950696
2020-01-02 05:58:00,NA,NA,-3313.24059721903,16285.0355813874,12800.6897670629,-3313.24059721903,107820,1797,16298.907023547,12802.4708657764,-3313.24059721903
2020-01-02 05:59:00,NA,NA,-3323.40795654312,16290.6570062316,12854.6935444511,-3323.40795654312,107880,1798,16313.6695068708,12835.8147948907,-3323.40795654312
2020-01-02 06:00:00,NA,NA,-3303.00450199933,16308.2860054174,12878.2069940234,-3303.00450199933,107940,1799,16319.926910988,12866.9869619884,-3303.00450199933
2020-01-02 06:01:00,16318.5361932533,12890.3975167202,NA,16318.5361932533,12890.3975167202,-3241.67998006648,108000,1800,16318.5361932533,12890.3975167202,-3245.16118272338
2020-01-02 06:02:00,NA,NA,-3151.6262737147,16304.9655951373,12904.9245911567,-3151.6262737147,108060,1801,16310.0809979878,12902.4887476385,-3151.6262737147
2020-01-02 06:03:00,NA,NA,-3041.50050059898,16289.7076822624,12914.3117363441,-3041.50050059898,108120,1802,16294.073187906,12907.8499183474,-3041.50050059898
2020-01-02 06:04:00,NA,NA,-2981.82938433389,16266.3034870215,12921.0213953908,-2981.82938433389,108180,1803,16269.7513976102,12913.1033744121,-2981.82938433389
2020-01-02 06:05:00,16236.3466565751,12924.8713639551,NA,16236.3466565751,12924.8713639551,-2944.78969377108,108240,1804,16236.3466565751,12924.8713639551,-2951.69843166764
2020-01-02 06:06:00,NA,NA,-2935.34910194211,16187.7637680949,12941.8090487162,-2935.34910194211,108300,1805,16193.2589405916,12948.276773458,-2935.34910194211
2020-01-02 06:07:00,NA,NA,-2923.11616262204,16139.383174081,12981.7998310457,-2923.11616262204,108360,1806,16140.5884175456,12982.4315750871,-2923.11616262204
2020-01-02 06:08:00,NA,NA,-2899.78877403198,16073.771735758,13022.1805737047,-2899.78877403198,108420,1807,16078.6037414313,13024.9522552157,-2899.78877403198
2020-01-02 06:09:00,NA,NA,-2862.20495904739,15997.5976516401,13067.4304382034,-2862.20495904739,108480,1808,16007.5650463393,13073.4629523447,-2862.20495904739
2020-01-02 06:10:00,NA,NA,-2788.15506535701,15929.674403562,13121.6971992976,-2788.15506535701,108540,1809,15927.7241845816,13125.593283835,-2788.15506535701
2020-01-02 06:11:00,15839.3249571119,13178.9761777369,NA,15839.3249571119,13178.9761777369,-2680.24660224321,108600,1810,15839.3249571119,13178.9761777369,-2690.9749209412
2020-01-02 06:12:00,NA,NA,-2621.50699231138,15731.4577815909,13230.8782520136,-2621.50699231138,108660,1811,15743.7140551913,13231.4488203252,-2621.50699231138
2020-01-02 06:13:00,NA,NA,-2611.5629726305,15633.0620171208,13286.1038888253,-2611.5629726305,108720,1812,15646.6746513501,13281.6600529873,-2611.5629726305
2020-01-02 06:14:00,NA,NA,-2604.07063241585,15547.2066282486,13337.4069458049,-2604.07063241585,108780,1813,15555.0993297081,13328.4597609285,-2604.07063241585
2020-01-02 06:15:00,NA,NA,-2586.94397779262,15471.60865605,13372.5692851142,-2586.94397779262,108840,1814,15475.8856735482,13370.694708609,-2586.94397779262
2020-01-02 06:16:00,15415.9425741925,13407.2074849602,NA,15415.9425741925,13407.2074849602,-2550.87671915707,108900,1815,15415.9425741925,13407.2074849602,-2551.1595834502
2020-01-02 06:17:00,NA,NA,-2511.76615634559,15378.3859414003,13442.684012906,-2511.76615634559,108960,1816,15379.7999413194,13438.3681135467,-2511.76615634559
2020-01-02 06:18:00,NA,NA,-2477.17923420365,15355.9756620037,13467.457131155,-2477.17923420365,109020,1817,15362.4225822196,13470.6726793979,-2477.17923420365
2020-01-02 06:19:00,15356.395863943,13512.1509843527,NA,15356.395863943,13512.1509843527,-2417.86611234504,109080,1818,15356.395863943,13512.1509843527,-2416.22073810583
2020-01-02 06:20:00,NA,NA,-2350.0847683838,15355.9855245812,13564.1855972577,-2350.0847683838,109140,1819,15353.2550224206,13564.436775933,-2350.0847683838
2020-01-02 06:21:00,15340.2956854759,13603.5547208187,NA,15340.2956854759,13603.5547208187,-2299.56898224117,109200,1820,15340.2956854759,13603.5547208187,-2309.46244469786
2020-01-02 06:22:00,15311.7309044462,13613.6656845337,NA,15311.7309044462,13613.6656845337,-2292.78333440449,109260,1821,15311.7309044462,13613.6656845337,-2297.75311483794
2020-01-02 06:23:00,NA,NA,-2312.85770012972,15290.0240423308,13623.206358384,-2312.85770012972,109320,1822,15287.2292735286,13627.1183283373,-2312.85770012972
2020-01-02 06:24:00,15268.5314878606,13650.8186909712,NA,15268.5314878606,13650.8186909712,-2354.4908591698,109380,1823,15268.5314878606,13650.8186909712,-2347.03279013543
2020-01-02 06:25:00,NA,NA,-2364.77231461416,15248.8998266592,13686.6813031743,-2364.77231461416,109440,1824,15251.6347857667,13682.0605229533,-2364.77231461416
2020-01-02 06:26:00,NA,NA,-2350.47605525974,15237.7858459107,13726.0137636212,-2350.47605525974,109500,1825,15235.4604761323,13719.6544376358,-2350.47605525974
2020-01-02 06:27:00,NA,NA,-2357.55993352292,15235.3375216818,13776.6119953756,-2357.55993352292,109560,1826,15219.6611009863,13762.7943341798,-2357.55993352292
2020-01-02 06:28:00,NA,NA,-2339.12526158959,15242.5284587581,13824.1301478362,-2339.12526158959,109620,1827,15203.8895452461,13810.6791847863,-2339.12526158959
2020-01-02 06:29:00,NA,NA,-2347.57402546555,15256.8720794075,13832.6211490237,-2347.57402546555,109680,1828,15187.7987192258,13862.5123018545,-2347.57402546555
2020-01-02 06:30:00,NA,NA,-2413.46402603346,15253.6365802252,13851.5077771957,-2413.46402603346,109740,1829,15171.0412411648,13917.5006092232,-2413.46402603346
2020-01-02 06:31:00,NA,NA,-2475.09971451805,15239.5095763515,13905.7874355373,-2475.09971451805,109800,1830,15153.2691194851,13974.8539167374,-2475.09971451805
2020-01-02 06:32:00,NA,NA,-2522.70981312912,15193.4539533569,13971.2845350197,-2522.70981312912,109860,1831,15134.1334344909,14033.7841974618,-2522.70981312912
2020-01-02 06:33:00,NA,NA,-2505.83039850814,15170.8850198938,14026.7106406843,-2505.83039850814,109920,1832,15113.2840192171,14093.5048668766,-2505.83039850814
2020-01-02 06:34:00,NA,NA,-2478.60240418968,15150.6805248261,14090.7171526528,-2478.60240418968,109980,1833,15090.3691391364,14153.2300633935,-2478.60240418968
2020-01-02 06:35:00,NA,NA,-2493.4205744872,15112.2789932711,14153.8054062717,-2493.4205744872,110040,1834,15065.0351704327,14212.1739295336,-2493.4205744872
2020-01-02 06:36:00,NA,NA,-2550.13530637509,15066.9778786903,14223.6752722058,-2550.13530637509,110100,1835,15036.9262765455,14269.5498931103,-2550.13530637509
2020-01-02 06:37:00,NA,NA,-2579.06886377082,15027.7084582893,14287.7042486346,-2579.06886377082,110160,1836,15005.6840826901,14324.5699477579,-2579.06886377082
2020-01-02 06:38:00,NA,NA,-2588.36304166933,14993.4926432867,14337.12211125,-2588.36304166933,110220,1837,14970.9473480559,14376.4439321484,-2588.36304166933
2020-01-02 06:39:00,NA,NA,-2637.22683850092,14940.7517310538,14401.2770036788,-2637.22683850092,110280,1838,14932.3516353835,14424.3788072379,-2637.22683850092
2020-01-02 06:40:00,14889.5289776171,14467.5779308801,NA,14889.5289776171,14467.5779308801,-2717.28472872953,110340,1839,14889.5289776171,14467.5779308801,-2703.41587450746
2020-01-02 06:41:00,NA,NA,-2775.1060738402,14826.8158833275,14538.8235516977,-2775.1060738402,110400,1840,14842.1292020121,14505.5274227387,-2775.1060738402
2020-01-02 06:42:00,NA,NA,-2846.62019093592,14759.8553846538,14593.0436535558,-2846.62019093592,110460,1841,14789.8845946469,14538.8570270595,-2846.62019093592
2020-01-02 06:43:00,NA,NA,-2899.74423632233,14710.749433026,14631.9772315351,-2899.74423632233,110520,1842,14732.5446688856,14568.4793549709,-2899.74423632233
2020-01-02 06:44:00,NA,NA,-2929.59874499715,14664.1932032838,14641.4765065307,-2929.59874499715,110580,1843,14669.8542772835,14595.3036266723,-2929.59874499715
2020-01-02 06:45:00,NA,NA,-2955.76868612322,14599.2968565849,14644.1829870487,-2955.76868612322,110640,1844,14601.553378282,14620.2365030824,-2955.76868612322
2020-01-02 06:46:00,NA,NA,-2911.33573713175,14529.6560441279,14666.9541620374,-2911.33573713175,110700,1845,14527.3767983728,14644.1829151415,-2911.33573713175
2020-01-02 06:47:00,NA,NA,-2893.86199648752,14452.8443719344,14709.4688722392,-2893.86199648752,110760,1846,14447.0539895571,14668.0468915373,-2893.86199648752
2020-01-02 06:48:00,NA,NA,-2877.15072659134,14376.7622750249,14742.9111199167,-2877.15072659134,110820,1847,14360.3087818852,14692.7323856067,-2877.15072659134
2020-01-02 06:49:00,NA,NA,-2843.35464818871,14306.1740012271,14786.4502516171,-2843.35464818871,110880,1848,14266.8591308512,14719.1441021714,-2843.35464818871
2020-01-02 06:50:00,NA,NA,-2830.08875805598,14237.4413293335,14830.0260733103,-2830.08875805598,110940,1849,14166.4168594128,14748.1883250609,-2830.08875805598
2020-01-02 06:51:00,NA,NA,-2810.56854946699,14146.5806234831,14848.5553690129,-2810.56854946699,111000,1850,14058.6873944012,14780.7737460812,-2810.56854946699
2020-01-02 06:52:00,NA,NA,-2810.67055913932,14040.5610028535,14867.7691055339,-2810.67055913932,111060,1851,13943.3694970797,14817.812296186,-2810.67055913932
2020-01-02 06:53:00,NA,NA,-2791.98535630146,13894.4276466012,14904.4494894585,-2791.98535630146,111120,1852,13820.1549876042,14860.2199796112,-2791.98535630146
2020-01-02 06:54:00,NA,NA,-2745.40775021312,13742.0542369616,14950.285110418,-2745.40775021312,111180,1853,13688.7284631359,14908.9177117357,-2745.40775021312
2020-01-02 06:55:00,NA,NA,-2708.81560937692,13568.6349765402,14981.9630967673,-2708.81560937692,111240,1854,13548.7670093454,14964.8321614343,-2708.81560937692
2020-01-02 06:56:00,13399.9399050467,15028.8965986937,NA,13399.9399050467,15028.8965986937,-2692.65754168069,111300,1855,13399.9399050467,15028.8965986937,-2694.91116874539
2020-01-02 06:57:00,NA,NA,-2680.19553633796,13221.5046394983,15089.9242826074,-2680.19553633796,111360,1856,13243.9166701206,15100.4380638739,-2680.19553633796
2020-01-02 06:58:00,NA,NA,-2640.05138181387,13064.4642984702,15166.0639594276,-2640.05138181387,111420,1857,13090.3940121887,15172.3354032139,-2640.05138181387
2020-01-02 06:59:00,NA,NA,-2575.54840440046,12937.7968781508,15233.7942010703,-2575.54840440046,111480,1858,12951.0792771545,15235.8541038978,-2575.54840440046
2020-01-02 07:00:00,12837.6928088598,15282.2519877196,NA,12837.6928088598,15282.2519877196,-2475.70517439297,111540,1859,12837.6928088598,15282.2519877196,-2496.93761613438
2020-01-02 07:01:00,12753.2694265816,15306.9946103627,NA,12753.2694265816,15306.9946103627,-2385.46367881995,111600,1860,12753.2694265816,15306.9946103627,-2411.15193516744
2020-01-02 07:02:00,NA,NA,-2323.77010592932,12675.372727937,15330.608830819,-2323.77010592932,111660,1861,12672.9490147941,15319.9817147505,-2323.77010592932
2020-01-02 07:03:00,NA,NA,-2242.41200682703,12603.7603554082,15329.1641359985,-2242.41200682703,111720,1862,12590.8358044265,15325.5637981007,-2242.41200682703
2020-01-02 07:04:00,NA,NA,-2191.66988789276,12526.6214117171,15321.7824426107,-2191.66988789276,111780,1863,12507.9495280051,15325.6442231679,-2191.66988789276
2020-01-02 07:05:00,NA,NA,-2216.03495945349,12433.9317068518,15320.6791388172,-2216.03495945349,111840,1864,12425.309210942,15322.1213204029,-2216.03495945349
2020-01-02 07:06:00,12343.9341037087,15316.8901244693,NA,12343.9341037087,15316.8901244693,-2300.89434918202,111900,1865,12343.9341037087,15316.8901244693,-2300.90663828457
2020-01-02 07:07:00,NA,NA,-2395.2615127872,12256.4027436458,15313.7758052656,-2395.2615127872,111960,1866,12264.6885195426,15311.5994360519,-2395.2615127872
2020-01-02 07:08:00,NA,NA,-2466.27266646791,12187.3587504787,15324.231973703,-2466.27266646791,112020,1867,12187.8143125506,15306.9192704078,-2466.27266646791
2020-01-02 07:09:00,NA,NA,-2561.3676054927,12112.8240641274,15326.0180135168,-2561.3676054927,112080,1868,12113.3994113451,15303.275529856,-2561.3676054927
2020-01-02 07:10:00,12041.5339940776,15301.0950648251,NA,12041.5339940776,15301.0950648251,-2704.97706707936,112140,1869,12041.5339940776,15301.0950648251,-2692.69936787922
2020-01-02 07:11:00,NA,NA,-2825.53625026508,11971.8707919108,15289.5648814553,-2825.53625026508,112200,1870,11972.3551511509,15301.0807458787,-2825.53625026508
2020-01-02 07:12:00,11906.1807596772,15305.0362026544,NA,11906.1807596772,15305.0362026544,-2930.86608270176,112260,1871,11906.1807596772,15305.0362026544,-2925.62848224788
2020-01-02 07:13:00,NA,NA,-2994.64407586514,11837.9400900317,15319.5244368042,-2994.64407586514,112320,1872,11843.3453144872,15314.5619328428,-2994.64407586514
2020-01-02 07:14:00,NA,NA,-3036.44415849784,11796.4684547917,15334.2803332189,-3036.44415849784,112380,1873,11784.0635152382,15329.3376574748,-3036.44415849784
2020-01-02 07:15:00,NA,NA,-3044.07912124363,11762.1771785662,15356.2476909263,-3044.07912124363,112440,1874,11728.522601622,15348.5664550777,-3044.07912124363
2020-01-02 07:16:00,NA,NA,-3047.41685940003,11720.2375797202,15381.1904365469,-3047.41685940003,112500,1875,11676.9132352201,15371.4554774575,-3047.41685940003
2020-01-02 07:17:00,NA,NA,-3057.66660135429,11669.9057428273,15415.3232533026,-3057.66660135429,112560,1876,11629.4296738447,15397.2152243883,-3057.66660135429
2020-01-02 07:18:00,NA,NA,-3071.35521435946,11623.9350315418,15434.2520381247,-3071.35521435946,112620,1877,11586.2699492044,15425.0588214438,-3071.35521435946
2020-01-02 07:19:00,NA,NA,-3115.63293526952,11573.4109748384,15447.6634377795,-3115.63293526952,112680,1878,11547.6360480313,15454.2013002427,-3115.63293526952
2020-01-02 07:20:00,NA,NA,-3148.23079324759,11518.4677322987,15474.4129642787,-3148.23079324759,112740,1879,11513.7340968294,15483.8588804429,-3148.23079324759
2020-01-02 07:21:00,11484.7745504123,15513.2482528237,NA,11484.7745504123,15513.2482528237,-3181.49825597147,112800,1880,11484.7745504123,15513.2482528237,-3181.42253359218
2020-01-02 07:22:00,NA,NA,-3218.71457989385,11463.4907987662,15549.6987018785,-3218.71457989385,112860,1881,11460.9976716783,15539.7410383852,-3218.71457989385
2020-01-02 07:23:00,11442.7496187648,15553.3265698629,NA,11442.7496187648,15553.3265698629,-3270.66645446187,112920,1882,11442.7496187648,15553.3265698629,-3255.02539237648
2020-01-02 07:24:00,11427.4683905605,15550.6809365036,NA,11427.4683905605,15550.6809365036,-3294.54645233384,112980,1883,11427.4683905605,15550.6809365036,-3281.14196195413
2020-01-02 07:25:00,NA,NA,-3286.24568186873,11400.1876841721,15563.3826276193,-3286.24568186873,113040,1884,11404.042655473,15555.5561467896,-3286.24568186873
2020-01-02 07:26:00,NA,NA,-3273.15695815845,11366.185045434,15583.5060734417,-3273.15695815845,113100,1885,11371.2257834355,15571.9156947708,-3273.15695815845
2020-01-02 07:27:00,NA,NA,-3271.35291641721,11328.9991189791,15614.9344735747,-3271.35291641721,113160,1886,11330.9650703317,15596.6492085997,-3271.35291641721
2020-01-02 07:28:00,NA,NA,-3238.03620477427,11281.1333932322,15639.3506200178,-3238.03620477427,113220,1887,11285.2010030746,15626.6539760058,-3238.03620477427
2020-01-02 07:29:00,11235.869034785,15658.832106051,NA,11235.869034785,15658.832106051,-3225.2267531128,113280,1888,11235.869034785,15658.832106051,-3229.99782561355
2020-01-02 07:30:00,NA,NA,-3234.86088821816,11185.9448221345,15672.3387883779,-3234.86088821816,113340,1889,11184.5080164474,15690.4636878603,-3234.86088821816
2020-01-02 07:31:00,NA,NA,-3230.26027626215,11129.2332396477,15686.6667130058,-3230.26027626215,113400,1890,11131.0815153967,15720.3323487654,-3230.26027626215
2020-01-02 07:32:00,NA,NA,-3255.79049569507,11079.2363349882,15703.6835108638,-3255.79049569507,113460,1891,11075.1578698335,15747.5960955663,-3255.79049569507
2020-01-02 07:33:00,NA,NA,-3339.67208833163,11012.7171871039,15720.2617657534,-3339.67208833163,113520,1892,11016.3031336439,15771.4105521702,-3339.67208833163
2020-01-02 07:34:00,NA,NA,-3462.15668613078,10948.0048534729,15732.1689882687,-3462.15668613078,113580,1893,10954.0806795546,15790.9281873056,-3462.15668613078
2020-01-02 07:35:00,NA,NA,-3560.03640935047,10901.2913475304,15750.1825645057,-3560.03640935047,113640,1894,10888.050799782,15805.29753932,-3560.03640935047
2020-01-02 07:36:00,NA,NA,-3595.65335858201,10837.8169512296,15787.0440626153,-3595.65335858201,113700,1895,10817.7703038514,15813.6624373707,-3595.65335858201
2020-01-02 07:37:00,10742.7921132245,15815.1612183038,NA,10742.7921132245,15815.1612183038,-3671.63256025477,113760,1896,10742.7921132245,15815.1612183038,-3641.90986351288
2020-01-02 07:38:00,NA,NA,-3683.69108581572,10642.306726311,15821.299382446,-3683.69108581572,113820,1897,10662.9360097842,15809.1510648778,-3683.69108581572
2020-01-02 07:39:00,NA,NA,-3699.92193914555,10514.6667267844,15801.7820820639,-3699.92193914555,113880,1898,10579.1019918408,15795.8828368447,-3699.92193914555
2020-01-02 07:40:00,NA,NA,-3740.50886109392,10395.422499043,15785.7963923697,-3740.50886109392,113940,1899,10492.4575748082,15775.8258792679,-3740.50886109392
2020-01-02 07:41:00,NA,NA,-3776.5121183643,10288.527077445,15768.1018405856,-3776.5121183643,114000,1900,10404.1677035159,15749.4433275086,-3776.5121183643
2020-01-02 07:42:00,NA,NA,-3793.87089438116,10206.7163436943,15741.2912457795,-3793.87089438116,114060,1901,10315.3958177977,15717.1925309272,-3793.87089438116
2020-01-02 07:43:00,NA,NA,-3777.95410243823,10134.6336612018,15719.5413561301,-3777.95410243823,114120,1902,10227.3049166735,15679.525471234,-3777.95410243823
2020-01-02 07:44:00,NA,NA,-3759.58731149699,10061.8802088264,15685.4781981965,-3759.58731149699,114180,1903,10141.0586221289,15636.8891759206,-3759.58731149699
2020-01-02 07:45:00,NA,NA,-3763.6492894772,10002.0504827018,15636.7745688482,-3763.6492894772,114240,1904,10057.822243467,15589.7261271574,-3763.6492894772
2020-01-02 07:46:00,NA,NA,-3796.23685582072,9946.46002776157,15576.0239409867,-3796.23685582072,114300,1905,9978.76384320296,15538.4746665308,-3796.23685582072
2020-01-02 07:47:00,NA,NA,-3874.32370849909,9891.89767740334,15495.988249897,-3874.32370849909,114360,1906,9905.05530547881,15483.5693959928,-3874.32370849909
2020-01-02 07:48:00,NA,NA,-3931.10311661718,9834.71136252212,15420.0941542593,-3931.10311661718,114420,1907,9837.87340797412,15425.4415753897,-3931.10311661718
2020-01-02 07:49:00,9778.40089829292,15364.5195169324,NA,9778.40089829292,15364.5195169324,-3988.73392995817,114480,1908,9778.40089829292,15364.5195169324,-3999.85705790456
2020-01-02 07:50:00,9724.0465595506,15303.5775105075,NA,9724.0465595506,15303.5775105075,-4064.15097097097,114540,1909,9724.0465595506,15303.5775105075,-4086.75787300458
2020-01-02 07:51:00,NA,NA,-4182.66328475524,9667.04302183338,15273.3204974055,-4182.66328475524,114600,1910,9661.15247629893,15251.9483857232,-4182.66328475524
2020-01-02 07:52:00,NA,NA,-4276.88867322432,9595.52521768985,15233.499043388,-4276.88867322432,114660,1911,9588.48617083235,15209.9774704048,-4276.88867322432
2020-01-02 07:53:00,NA,NA,-4352.34906580086,9511.42618039898,15182.4586646041,-4352.34906580086,114720,1912,9508.85960577553,15175.1829192375,-4352.34906580086
2020-01-02 07:54:00,NA,NA,-4393.19696723198,9424.91133660986,15146.7474899201,-4393.19696723198,114780,1913,9425.07837723367,15145.0894509882,-4393.19696723198
2020-01-02 07:55:00,NA,NA,-4376.80625727092,9334.77462328761,15114.7761242613,-4376.80625727092,114840,1914,9339.94428127358,15117.2260842531,-4376.80625727092
2020-01-02 07:56:00,9256.25787672454,15089.1238772704,NA,9256.25787672454,15089.1238772704,-4307.97408689896,114900,1915,9256.25787672454,15089.1238772704,-4313.84649243718
2020-01-02 07:57:00,NA,NA,-4261.33081978411,9179.62120064052,15072.5132515309,-4261.33081978411,114960,1916,9176.27722159966,15058.7080792369,-4261.33081978411
2020-01-02 07:58:00,NA,NA,-4269.6656615348,9113.41822231981,15075.0964559432,-4269.6656615348,115020,1917,9100.08836320682,15025.4795332022,-4269.6656615348
2020-01-02 07:59:00,NA,NA,-4322.39761643387,9059.48134396791,15083.9901822599,-4322.39761643387,115080,1918,9027.23699233213,14989.3309179187,-4322.39761643387
2020-01-02 08:00:00,NA,NA,-4388.25692347596,9006.34081544366,15083.8361997444,-4388.25692347596,115140,1919,8957.2718525045,14950.1522410448,-4388.25692347596
2020-01-02 08:01:00,NA,NA,-4441.64132204968,8937.52445361588,15045.8665234575,-4441.64132204968,115200,1920,8889.74432723212,14907.8307385986,-4441.64132204968
2020-01-02 08:02:00,NA,NA,-4487.7043362076,8892.69060391109,14999.423208679,-4487.7043362076,115260,1921,8824.20802965986,14862.2507718333,-4487.7043362076
2020-01-02 08:03:00,NA,NA,-4551.45295788262,8847.66478848645,14934.7931137993,-4551.45295788262,115320,1922,8760.21839426531,14813.2937214741,-4551.45295788262
2020-01-02 08:04:00,NA,NA,-4623.2338475109,8784.71575657598,14853.1945381488,-4623.2338475109,115380,1923,8697.33227022034,14760.837879224,-4623.2338475109
2020-01-02 08:05:00,NA,NA,-4666.28110798789,8731.24835806476,14746.7923142621,-4666.28110798789,115440,1924,8635.10751604615,14704.7583364433,-4666.28110798789
2020-01-02 08:06:00,NA,NA,-4677.4514067875,8680.06178812775,14661.1774367781,-4677.4514067875,115500,1925,8573.10259519123,14644.9268698992,-4677.4514067875
2020-01-02 08:07:00,NA,NA,-4659.84663320206,8631.80031492117,14564.4963074741,-4659.84663320206,115560,1926,8510.8761721625,14581.2118244838,-4659.84663320206
2020-01-02 08:08:00,NA,NA,-4615.18813998075,8573.40886930785,14456.4412435073,-4615.18813998075,115620,1927,8447.98670884008,14513.4779927919,-4615.18813998075
2020-01-02 08:09:00,NA,NA,-4553.98830995924,8486.56809830014,14359.9027248729,-4553.98830995924,115680,1928,8383.99206060663,14441.5864914496,-4553.98830995924
2020-01-02 08:10:00,NA,NA,-4521.86617812532,8386.60603923578,14262.144673735,-4521.86617812532,115740,1929,8318.44907192177,14365.3946340792,-4521.86617812532
2020-01-02 08:11:00,NA,NA,-4530.92366398365,8276.91119356028,14174.6703623589,-4530.92366398365,115800,1930,8250.91317097178,14284.7558007869,-4530.92366398365
2020-01-02 08:12:00,NA,NA,-4572.7538332765,8176.19732290353,14100.9567377665,-4572.7538332765,115860,1931,8180.93796302369,14199.5193040508,-4572.7538332765
2020-01-02 08:13:00,NA,NA,-4624.72682655556,8089.04051805485,14038.0973231762,-4624.72682655556,115920,1932,8108.07482211194,14109.5302508896,-4624.72682655556
2020-01-02 08:14:00,NA,NA,-4687.06076130495,8010.77964270788,13964.6168050923,-4687.06076130495,115980,1933,8031.87248068409,14014.6294011829,-4687.06076130495
2020-01-02 08:15:00,NA,NA,-4696.46125474932,7924.00574342997,13882.1370801039,-4696.46125474932,116040,1934,7951.87661683022,13914.6530220167,-4696.46125474932
2020-01-02 08:16:00,NA,NA,-4690.99774260787,7854.15509203716,13796.8374140593,-4690.99774260787,116100,1935,7867.62943871846,13809.4327379182,-4690.99774260787
2020-01-02 08:17:00,7778.66926585666,13698.7953768446,NA,7778.66926585666,13698.7953768446,-4714.57950068497,116160,1936,7778.66926585666,13698.7953768446,-4703.89272381502
2020-01-02 08:18:00,NA,NA,-4719.05268349985,7703.38783589453,13597.1180601714,-4719.05268349985,116220,1937,7685.1139854056,13583.2262281786,-4719.05268349985
2020-01-02 08:19:00,NA,NA,-4713.51204226252,7606.2902728369,13478.3347454457,-4713.51204226252,116280,1938,7589.41290205485,13465.859856563,-4713.51204226252
2020-01-02 08:20:00,NA,NA,-4685.0005926403,7496.23228973988,13358.0460040334,-4685.0005926403,116340,1939,7494.59723521756,13350.4925979822,-4685.0005926403
2020-01-02 08:21:00,NA,NA,-4656.3737918049,7405.64357786311,13248.5185865937,-4656.3737918049,116400,1940,7403.69901465071,13240.9226175867,-4656.3737918049
2020-01-02 08:22:00,7319.75385371357,13140.9533836909,NA,7319.75385371357,13140.9533836909,-4621.70104310612,116460,1941,7319.75385371357,13140.9533836909,-4638.56147355489
2020-01-02 08:23:00,NA,NA,-4625.81179935115,7240.38039397984,13044.6922921861,-4625.81179935115,116520,1942,7244.29462330544,13053.1436658224,-4625.81179935115
2020-01-02 08:24:00,7172.82526909877,12975.0492036114,NA,7172.82526909877,12975.0492036114,-4619.5205198144,116580,1943,7172.82526909877,12975.0492036114,-4612.71113431545
2020-01-02 08:25:00,NA,NA,-4607.54341763201,7108.39122059509,12894.3658133762,-4607.54341763201,116640,1944,7100.26564356156,12903.5755698662,-4607.54341763201
2020-01-02 08:26:00,NA,NA,-4615.32636609363,7073.75672816148,12808.6613892801,-4615.32636609363,116700,1945,7025.22021014754,12838.0122065401,-4615.32636609363
2020-01-02 08:27:00,NA,NA,-4612.0126258641,7034.7792959416,12746.6986117843,-4612.0126258641,116760,1946,6947.21251725499,12778.2483887135,-4612.0126258641
2020-01-02 08:28:00,NA,NA,-4590.26670481138,6983.84097085848,12698.5872458117,-4590.26670481138,116820,1947,6865.76340342227,12724.1786964311,-4590.26670481138
2020-01-02 08:29:00,NA,NA,-4605.26292570894,6913.74378199416,12676.964033775,-4605.26292570894,116880,1948,6780.3905591811,12675.7029181833,-4605.26292570894
2020-01-02 08:30:00,NA,NA,-4581.23361767446,6841.24554531052,12655.5747429236,-4581.23361767446,116940,1949,6690.6080859402,12632.725959215,-4581.23361767446
2020-01-02 08:31:00,NA,NA,-4552.60110429035,6766.44961149495,12620.3533128701,-4552.60110429035,117000,1950,6595.92605156338,12595.1577545298,-4552.60110429035
2020-01-02 08:32:00,NA,NA,-4515.70431168492,6662.23415171306,12587.377362669,-4515.70431168492,117060,1951,6495.85004224816,12562.9131865001,-4515.70431168492
2020-01-02 08:33:00,NA,NA,-4479.56173539195,6526.15489616506,12552.6047334176,-4479.56173539195,117120,1952,6389.88071030012,12535.9120070063,-4479.56173539195
2020-01-02 08:34:00,NA,NA,-4440.63932901071,6376.91989173076,12526.7528490367,-4440.63932901071,117180,1953,6277.51331739108,12514.0787640303,-4440.63932901071
2020-01-02 08:35:00,NA,NA,-4336.30168576091,6207.23049909295,12502.7349691447,-4336.30168576091,117240,1954,6158.23727288461,12497.3427326385,-4336.30168576091
2020-01-02 08:36:00,6031.53566680723,12485.6378502878,NA,6031.53566680723,12485.6378502878,-4288.75712157484,117300,1955,6031.53566680723,12485.6378502878,-4278.81001146922
2020-01-02 08:37:00,NA,NA,-4264.05211710012,5897.22666395584,12469.2073741151,-4264.05211710012,117360,1956,5897.28438074633,12478.8399139166,-4264.05211710012
2020-01-02 08:38:00,NA,NA,-4253.37196665888,5774.96670897237,12471.2385601257,-4253.37196665888,117420,1957,5756.95079687628,12476.5782282053,-4253.37196665888
2020-01-02 08:39:00,NA,NA,-4236.46752614021,5636.01745387652,12481.1455813137,-4236.46752614021,117480,1958,5612.39631488135,12478.4235058627,-4236.46752614021
2020-01-02 08:40:00,NA,NA,-4203.39175956846,5482.79773237399,12484.5657024826,-4203.39175956846,117540,1959,5465.47847375942,12483.9502162241,-4203.39175956846
2020-01-02 08:41:00,NA,NA,-4197.43848610465,5330.58532303764,12495.3288740698,-4197.43848610465,117600,1960,5318.05265091346,12492.736195993,-4197.43848610465
2020-01-02 08:42:00,5171.97375923231,12504.3622630894,NA,5171.97375923231,12504.3622630894,-4249.87175107638,117660,1961,5171.97375923231,12504.3622630894,-4240.31934936722
2020-01-02 08:43:00,NA,NA,-4305.46226479293,5039.66951194196,12505.4477205101,-4305.46226479293,117720,1962,5028.87865600325,12518.4647919252,-4305.46226479293
2020-01-02 08:44:00,NA,NA,-4361.86321953526,4898.3250322104,12487.3097510069,-4361.86321953526,117780,1963,4889.52973650161,12534.8942671382,-4361.86321953526
2020-01-02 08:45:00,NA,NA,-4405.76742187133,4769.73374868204,12474.0620770333,-4405.76742187133,117840,1964,4754.47353478734,12553.5562613118,-4405.76742187133
2020-01-02 08:46:00,NA,NA,-4443.91176552258,4651.10941827982,12477.3966892867,-4443.91176552258,117900,1965,4624.26051154893,12574.3583891555,-4443.91176552258
2020-01-02 08:47:00,NA,NA,-4429.17360747304,4531.49700612567,12505.2748832666,-4429.17360747304,117960,1966,4499.44555757892,12597.2102229653,-4429.17360747304
2020-01-02 08:48:00,NA,NA,-4391.94379982281,4412.26464444286,12546.2091644808,-4391.94379982281,118020,1967,4380.58850131298,12622.0232099017,-4391.94379982281
2020-01-02 08:49:00,NA,NA,-4371.65975260776,4304.46931774851,12601.2030910376,-4371.65975260776,118080,1968,4268.25462089116,12648.7105909857,-4371.65975260776
2020-01-02 08:50:00,NA,NA,-4355.10900622243,4177.72932782936,12664.2379315338,-4355.10900622243,118140,1969,4163.01516120692,12677.1873217393,-4355.10900622243
2020-01-02 08:51:00,4065.44785641549,12707.3699943931,NA,4065.44785641549,12707.3699943931,-4318.60746284274,118200,1970,4065.44785641549,12707.3699943931,-4318.64025599417
2020-01-02 08:52:00,3976.62340376857,12739.9614840013,NA,3976.62340376857,12739.9614840013,-4268.35501623332,118260,1971,3976.62340376857,12739.9614840013,-4271.45038981186
2020-01-02 08:53:00,NA,NA,-4231.01128932682,3896.89715084108,12789.3986573448,-4231.01128932682,118320,1972,3898.18124798278,12777.3345956672,-4231.01128932682
2020-01-02 08:54:00,NA,NA,-4211.85349837711,3821.97651291869,12853.2881290749,-4211.85349837711,118380,1973,3826.72353645164,12816.7657293509,-4211.85349837711
2020-01-02 08:55:00,NA,NA,-4211.5806519776,3757.18694827032,12892.1917689882,-4211.5806519776,118440,1974,3757.47568348473,12854.0618591595,-4211.5806519776
2020-01-02 08:56:00,NA,NA,-4211.88844764463,3676.03269176685,12913.6013444136,-4211.88844764463,118500,1975,3685.66512393019,12885.0280055502,-4211.88844764463
2020-01-02 08:57:00,NA,NA,-4209.27359786908,3599.86845592673,12917.0812271576,-4209.27359786908,118560,1976,3606.51694785576,12905.4633983467,-4209.27359786908
2020-01-02 08:58:00,3515.24953308502,12911.1576344347,NA,3515.24953308502,12911.1576344347,-4185.31694019822,118620,1977,3515.24953308502,12911.1576344347,-4197.72948802173
2020-01-02 08:59:00,NA,NA,-4180.20146758551,3403.88706272801,12876.0583237443,-4180.20146758551,118680,1978,3409.18066115785,12899.1516149875,-4180.20146758551
2020-01-02 09:00:00,NA,NA,-4162.18885553429,3281.80844257818,12837.6291388136,-4162.18885553429,118740,1979,3294.05691820858,12871.5294333651,-4162.18885553429
2020-01-02 09:01:00,NA,NA,-4139.7361601014,3142.77430962058,12798.368208802,-4139.7361601014,118800,1980,3177.72709490149,12831.6256829658,-4139.7361601014
2020-01-02 09:02:00,NA,NA,-4099.75948943314,3024.26159299168,12760.1549776677,-4099.75948943314,118860,1981,3068.03887986634,12782.763723489,-4099.75948943314
2020-01-02 09:03:00,NA,NA,-4093.92604035003,2940.66517651177,12722.6044399488,-4093.92604035003,118920,1982,2972.84603770729,12728.2587208687,-4093.92604035003
2020-01-02 09:04:00,NA,NA,-4086.30517588586,2886.9500761684,12670.8949629157,-4086.30517588586,118980,1983,2900.01559263009,12671.4206796181,-4086.30517588586
2020-01-02 09:05:00,2857.43502424996,12615.5574704501,NA,2857.43502424996,12615.5574704501,-4073.00857570986,119040,1984,2857.43502424996,12615.5574704501,-4069.82164977247
2020-01-02 09:06:00,2845.3970075027,12563.4627581411,NA,2845.3970075027,12563.4627581411,-4045.2012589154,119100,1985,2845.3970075027,12563.4627581411,-4041.99250291371
2020-01-02 09:07:00,NA,NA,-3996.92696627701,2843.32728087857,12506.6280865135,-3996.92696627701,119160,1986,2839.94089434131,12515.7609931838,-3996.92696627701
2020-01-02 09:08:00,NA,NA,-3934.79358596012,2848.97402887622,12473.3056244761,-3934.79358596012,119220,1987,2834.33087285224,12472.1168222907,-3934.79358596012
2020-01-02 09:09:00,NA,NA,-3881.8786123768,2846.9137661468,12439.7670310166,-3881.8786123768,119280,1988,2828.041028056,12432.0864281381,-3881.8786123768
2020-01-02 09:10:00,NA,NA,-3856.28072767171,2843.46997335472,12413.6480341506,-3856.28072767171,119340,1989,2820.54482300666,12395.2292989575,-3856.28072767171
2020-01-02 09:11:00,NA,NA,-3845.6917232406,2834.67754806851,12385.889539753,-3845.6917232406,119400,1990,2811.31461721224,12361.107825539,-3845.6917232406
2020-01-02 09:12:00,NA,NA,-3862.9170888945,2809.90594160129,12334.5845530963,-3862.9170888945,119460,1991,2799.82118402635,12329.2869009399,-3862.9170888945
2020-01-02 09:13:00,2785.53322658114,12299.3335224926,NA,2785.53322658114,12299.3335224926,-3877.47063691111,119520,1992,2785.53322658114,12299.3335224926,-3874.1692938686
2020-01-02 09:14:00,2774.55272324296,12269.3440843727,NA,2774.55272324296,12269.3440843727,-3856.8756100639,119580,1993,2774.55272324296,12269.3440843727,-3864.4433728848
2020-01-02 09:15:00,NA,NA,-3826.67036214643,2805.50293214919,12242.4267215031,-3826.67036214643,119640,1994,2791.06879560791,12233.6393124524,-3826.67036214643
2020-01-02 09:16:00,NA,NA,-3771.10752432806,2854.82166618327,12199.5655355386,-3771.10752432806,119700,1995,2832.08827637687,12193.5183069794,-3771.10752432806
2020-01-02 09:17:00,NA,NA,-3749.82332119077,2895.00892697122,12151.1002252106,-3749.82332119077,119760,1996,2886.17998334769,12152.3900099811,-3749.82332119077
2020-01-02 09:18:00,2941.92469023121,12113.6624425878,NA,2941.92469023121,12113.6624425878,-3724.54490060618,119820,1997,2941.92469023121,12113.6624425878,-3719.28322903434
2020-01-02 09:19:00,NA,NA,-3668.60245335394,2985.02925590175,12074.1936646336,-3668.60245335394,119880,1998,2991.90977738917,12077.3695371718,-3668.60245335394
2020-01-02 09:20:00,3044.73847651753,12030.041690281,NA,3044.73847651753,12030.041690281,-3598.32085318942,119940,1999,3044.73847651753,12030.041690281,-3604.60781830546
2020-01-02 09:21:00,3107.39775930681,11962.9352710651,NA,3107.39775930681,11962.9352710651,-3535.81739595907,120000,2000,3107.39775930681,11962.9352710651,-3542.72189507327
2020-01-02 09:22:00,NA,NA,-3500.82406973106,3153.07748386079,11887.1708863927,-3500.82406973106,120060,2001,3168.26893112544,11894.429003662,-3500.82406973106
2020-01-02 09:23:00,NA,NA,-3492.27309028927,3212.36607585944,11820.888707486,-3492.27309028927,120120,2002,3225.63726949088,11829.7698312453,-3492.27309028927
2020-01-02 09:24:00,NA,NA,-3501.38340025623,3290.02319629074,11771.6363242425,-3501.38340025623,120180,2003,3281.66706231145,11768.8977448986,-3501.38340025623
2020-01-02 09:25:00,NA,NA,-3483.26134825919,3363.75359929545,11734.7821431369,-3483.26134825919,120240,2004,3338.52137352202,11711.7561998309,-3483.26134825919
2020-01-02 09:26:00,NA,NA,-3420.63922576275,3421.83570748764,11685.9100590883,-3420.63922576275,120300,2005,3398.36402156021,11658.2920635944,-3420.63922576275
2020-01-02 09:27:00,NA,NA,-3327.42622745186,3474.91944228485,11629.6165657277,-3327.42622745186,120360,2006,3463.36155854106,11608.4555674665,-3327.42622745186
2020-01-02 09:28:00,NA,NA,-3256.32871591766,3546.11153000964,11578.511038593,-3256.32871591766,120420,2007,3535.68525194842,11562.2002609182,-3256.32871591766
2020-01-02 09:29:00,3617.5130706498,11519.4829691215,NA,3617.5130706498,11519.4829691215,-3254.54758138622,120480,2008,3617.5130706498,11519.4829691215,-3244.89054432155
2020-01-02 09:30:00,NA,NA,-3257.7307437274,3693.72429980277,11461.4477647285,-3257.7307437274,120540,2009,3710.49962995736,11480.3430350852,-3257.7307437274
2020-01-02 09:31:00,NA,NA,-3255.26535668628,3766.13572192503,11388.5474885067,-3255.26535668628,120600,2010,3814.18146862602,11445.1402156142,-3255.26535668628
2020-01-02 09:32:00,NA,NA,-3257.61571404083,3842.88709926647,11328.2324748838,-3257.61571404083,120660,2011,3927.57286509257,11414.3171512739,-3257.61571404083
2020-01-02 09:33:00,NA,NA,-3303.4033390233,3937.60920203282,11261.7681535276,-3303.4033390233,120720,2012,4049.69697921132,11388.3204889216,-3303.4033390233
2020-01-02 09:34:00,NA,NA,-3348.74346532047,4045.57718482362,11218.1732210916,-3348.74346532047,120780,2013,4179.5849586141,11367.6012901879,-3348.74346532047
2020-01-02 09:35:00,NA,NA,-3395.70388882354,4158.0415856532,11197.9480907144,-3395.70388882354,120840,2014,4316.27505248205,11352.6154440366,-3395.70388882354
2020-01-02 09:36:00,NA,NA,-3434.25662456946,4276.94138949993,11197.127790719,-3434.25662456946,120900,2015,4458.81173182788,11343.8240837488,-3434.25662456946
2020-01-02 09:37:00,NA,NA,-3531.82000434111,4412.4088374019,11220.5460933729,-3531.82000434111,120960,2016,4606.24481547465,11341.69400871,-3531.82000434111
2020-01-02 09:38:00,NA,NA,-3613.56918710539,4569.88873434269,11258.0234809845,-3613.56918710539,121020,2017,4757.62860092869,11346.6981113809,-3613.56918710539
2020-01-02 09:39:00,NA,NA,-3671.79358985832,4772.94078825651,11295.1959280337,-3671.79358985832,121080,2018,4912.02099935059,11359.3158098448,-3671.79358985832
2020-01-02 09:40:00,NA,NA,-3724.41735534119,4979.8898139684,11336.1788018763,-3724.41735534119,121140,2019,5068.48267383234,11380.0334863232,-3724.41735534119
2020-01-02 09:41:00,NA,NA,-3779.07682027851,5184.73728026024,11381.0599892311,-3779.07682027851,121200,2020,5226.07618019227,11409.3449320638,-3779.07682027851
2020-01-02 09:42:00,NA,NA,-3791.454080357,5375.5315702046,11430.369671605,-3791.454080357,121260,2021,5383.86510950148,11447.7517990045,-3791.454080357
2020-01-02 09:43:00,5540.91323155748,11495.7640586295,NA,5540.91323155748,11495.7640586295,-3848.5310987984,121320,2022,5540.91323155748,11495.7640586295,-3850.89417332786
2020-01-02 09:44:00,NA,NA,-3931.34783966992,5696.2275307319,11557.9803601406,-3931.34783966992,121380,2023,5697.87607848938,11553.7195525382,-3931.34783966992
2020-01-02 09:45:00,5861.77915889245,11621.2415227518,NA,5861.77915889245,11621.2415227518,-3986.2801502568,121440,2024,5861.77915889245,11621.2415227518,-3981.46851463508
2020-01-02 09:46:00,NA,NA,-4011.07334045019,6035.48661403122,11697.6320331828,-4011.07334045019,121500,2025,6039.34731178496,11697.6208793659,-4011.07334045019
2020-01-02 09:47:00,NA,NA,-4034.72469374598,6207.53840154862,11772.0639158959,-4034.72469374598,121560,2026,6229.7196828595,11781.5159278582,-4034.72469374598
2020-01-02 09:48:00,NA,NA,-4040.87265483245,6413.67955916315,11853.3666742854,-4040.87265483245,121620,2027,6430.14767264642,11871.431681261,-4040.87265483245
2020-01-02 09:49:00,NA,NA,-4037.2476386465,6630.37484065841,11930.491995856,-4037.2476386465,121680,2028,6637.89187968393,11965.8786598149,-4037.2476386465
2020-01-02 09:50:00,NA,NA,-3991.11296144185,6850.95243774675,12021.9088249909,-3991.11296144185,121740,2029,6850.21959451487,12063.3715283937,-3991.11296144185
2020-01-02 09:51:00,NA,NA,-3977.4624122063,7053.62384010045,12131.462813353,-3977.4624122063,121800,2030,7064.402300046,12162.4277378516,-3977.4624122063
2020-01-02 09:52:00,NA,NA,-3994.22607094774,7269.14504107937,12249.1105609217,-3994.22607094774,121860,2031,7277.71317578106,12261.566168939,-3994.22607094774
2020-01-02 09:53:00,7487.42460361744,12359.3057775332,NA,7487.42460361744,12359.3057775332,-4014.29271075082,121920,2032,7487.42460361744,12359.3057775332,-4024.93980242759
2020-01-02 09:54:00,NA,NA,-4038.23711716219,7703.57288328346,12479.5595510628,-4038.23711716219,121980,2033,7691.45086991856,12454.5735380458,-4038.23711716219
2020-01-02 09:55:00,NA,NA,-4014.46921372106,7916.75307759024,12568.1976934073,-4014.46921372106,122040,2034,7890.28196739729,12547.9314315983,-4014.46921372106
2020-01-02 09:56:00,NA,NA,-3985.6599409221,8107.73365177521,12643.3935030564,-3985.6599409221,122100,2035,8085.04833416241,12640.3489908579,-3985.6599409221
2020-01-02 09:57:00,8276.87669054699,12732.7948885662,NA,8276.87669054699,12732.7948885662,-3938.15108848724,122160,2036,8276.87669054699,12732.7948885662,-3942.16333332633
2020-01-02 09:58:00,NA,NA,-3906.99344853814,8447.40697679059,12819.6653436611,-3906.99344853814,122220,2037,8466.15182835634,12825.6591062009,-3906.99344853814
2020-01-02 09:59:00,NA,NA,-3891.3832296125,8632.10071482531,12918.1993105712,-3891.3832296125,122280,2038,8650.29910318744,12917.0170326027,-3891.3832296125
2020-01-02 10:00:00,NA,NA,-3840.73960380464,8807.50024841081,13011.4131523959,-3840.73960380464,122340,2039,8825.99993860412,13004.3639615264,-3840.73960380464
2020-01-02 10:01:00,8989.92803160529,13085.1915174302,NA,8989.92803160529,13085.1915174302,-3793.00746954125,122400,2040,8989.92803160529,13085.1915174302,-3792.61878923887
2020-01-02 10:02:00,NA,NA,-3754.27282822236,9155.68238914559,13169.7781674359,-3754.27282822236,122460,2041,9139.66941480195,13157.7527289144,-3754.27282822236
2020-01-02 10:03:00,NA,NA,-3716.09640052397,9319.99494587876,13241.4718424789,-3716.09640052397,122520,2042,9276.48973022893,13223.3626741525,-3716.09640052397
2020-01-02 10:04:00,NA,NA,-3660.54895195781,9476.61126836712,13306.5432496314,-3660.54895195781,122580,2043,9402.56590341457,13284.0974396103,-3660.54895195781
2020-01-02 10:05:00,NA,NA,-3577.93173029777,9620.09380246857,13357.7842091672,-3577.93173029777,122640,2044,9520.06503241223,13342.0286526955,-3577.93173029777
2020-01-02 10:06:00,NA,NA,-3498.64440829371,9726.4092575068,13422.3202271666,-3498.64440829371,122700,2045,9631.14637007934,13399.2253766452,-3498.64440829371
2020-01-02 10:07:00,NA,NA,-3374.40103145813,9835.49118709507,13502.6557091742,-3374.40103145813,122760,2046,9737.96329912167,13457.7560030544,-3374.40103145813
2020-01-02 10:08:00,NA,NA,-3255.85643296523,9916.25107327577,13558.4779926848,-3255.85643296523,122820,2047,9842.66530176579,13519.6901437978,-3255.85643296523
2020-01-02 10:09:00,NA,NA,-3182.9229708405,9986.96899747938,13612.6314617145,-3182.9229708405,122880,2048,9947.39992586461,13587.100524072,-3182.9229708405
2020-01-02 10:10:00,10054.3147492349,13662.0648782899,NA,10054.3147492349,13662.0648782899,-3104.20550483284,122940,2049,10054.3147492349,13662.0648782899,-3105.61583154377
2020-01-02 10:11:00,NA,NA,-3032.63833825831,10127.9108228131,13719.4623991925,-3032.63833825831,123000,2050,10164.9457852103,13746.0174925146,-3032.63833825831
2020-01-02 10:12:00,NA,NA,-2983.34447863128,10232.990509526,13782.2870745392,-2983.34447863128,123060,2051,10278.3780996627,13837.7993247862,-2983.34447863128
2020-01-02 10:13:00,NA,NA,-2930.01647581259,10345.0794952116,13868.1316305005,-2930.01647581259,123120,2052,10393.0857635834,13935.6081392789,-2930.01647581259
2020-01-02 10:14:00,NA,NA,-2831.82012461624,10478.8471392486,13990.2205186876,-2831.82012461624,123180,2053,10507.5440143665,14037.6472129095,-2831.82012461624
2020-01-02 10:15:00,NA,NA,-2708.052909358,10607.9894392417,14115.0129160314,-2708.052909358,123240,2054,10620.2278611251,14142.1236918509,-2708.052909358
2020-01-02 10:16:00,10729.6106898131,14247.2469516345,NA,10729.6106898131,14247.2469516345,-2622.55119430666,123300,2055,10729.6106898131,14247.2469516345,-2616.61122556638
2020-01-02 10:17:00,NA,NA,-2565.46168171633,10858.6385621591,14354.9141303887,-2565.46168171633,123360,2056,10834.5130463484,14351.3932189839,-2565.46168171633
2020-01-02 10:18:00,NA,NA,-2551.39805782611,10985.5607862952,14459.2045941836,-2551.39805782611,123420,2057,10935.1521603685,14453.602896415,-2551.39805782611
2020-01-02 10:19:00,NA,NA,-2565.00240724878,11092.9715954144,14548.4874672502,-2565.00240724878,123480,2058,11032.0915411662,14553.0808749948,-2565.00240724878
2020-01-02 10:20:00,NA,NA,-2549.09296618792,11183.8090089046,14651.8141161097,-2549.09296618792,123540,2059,11125.8913139745,14649.0295469911,-2549.09296618792
2020-01-02 10:21:00,NA,NA,-2501.78423391109,11266.7644190511,14735.6086350263,-2501.78423391109,123600,2060,11217.1087323013,14740.6480763354,-2501.78423391109
2020-01-02 10:22:00,NA,NA,-2478.6219899084,11344.9047164496,14790.1115558749,-2478.6219899084,123660,2061,11306.2986876377,14827.1316661216,-2478.6219899084
2020-01-02 10:23:00,NA,NA,-2469.99449388893,11392.5894681023,14848.6159926224,-2469.99449388893,123720,2062,11394.0142170086,14907.6708224762,-2469.99449388893
2020-01-02 10:24:00,NA,NA,-2466.52886000955,11460.3091307706,14921.6869609027,-2466.52886000955,123780,2063,11480.8070088273,14981.4506141284,-2466.52886000955
2020-01-02 10:25:00,NA,NA,-2507.14835555507,11560.6384214112,15014.3002322746,-2507.14835555507,123840,2064,11567.2279075181,15047.6499270049,-2507.14835555507
2020-01-02 10:26:00,NA,NA,-2567.42903579747,11662.0484491757,15095.8022253297,-2567.42903579747,123900,2065,11653.8274173675,15105.4407131675,-2567.42903579747
2020-01-02 10:27:00,11741.1562060645,15153.9872334081,NA,11741.1562060645,15153.9872334081,-2643.12071327504,123960,2066,11741.1562060645,15153.9872334081,-2650.19937129069
2020-01-02 10:28:00,NA,NA,-2722.28001978555,11814.8030123925,15208.5829324227,-2722.28001978555,124020,2067,11829.654006659,15193.094319322,-2722.28001978555
2020-01-02 10:29:00,NA,NA,-2748.18977205598,11907.8261403019,15249.3293285969,-2748.18977205598,124080,2068,11919.3151948253,15225.1543923777,-2748.18977205598
2020-01-02 10:30:00,NA,NA,-2740.54443051244,12004.0090177968,15257.550089873,-2740.54443051244,124140,2069,12010.0236097516,15253.2024532991,-2740.54443051244
2020-01-02 10:31:00,12101.6640485666,15280.2698334686,NA,12101.6640485666,15280.2698334686,-2722.36516054571,124200,2070,12101.6640485666,15280.2698334686,-2730.23993315563
2020-01-02 10:32:00,NA,NA,-2719.54349474256,12206.6233645459,15308.8568436075,-2719.54349474256,124260,2071,12193.7386643844,15309.3584553626,-2719.54349474256
2020-01-02 10:33:00,NA,NA,-2707.29269537113,12304.083712797,15339.5446436553,-2707.29269537113,124320,2072,12284.2159510335,15343.3580374952,-2707.29269537113
2020-01-02 10:34:00,12370.6794447378,15385.1342803026,NA,12370.6794447378,15385.1342803026,-2681.14762214948,124380,2073,12370.6794447378,15385.1342803026,-2705.49089187796
2020-01-02 10:35:00,NA,NA,-2708.506262796,12452.9478256852,15432.3551842831,-2708.506262796,124440,2074,12452.243972318,15436.0282136418,-2708.506262796
2020-01-02 10:36:00,12534.1600115738,15491.2617888682,NA,12534.1600115738,15491.2617888682,-2714.0813047652,124500,2075,12534.1600115738,15491.2617888682,-2703.51990765679
2020-01-02 10:37:00,NA,NA,-2670.27242923953,12614.8675920933,15539.5064408722,-2670.27242923953,124560,2076,12621.87046323,15545.5323642852,-2670.27242923953
2020-01-02 10:38:00,NA,NA,-2584.18068619951,12703.3311233591,15579.7483121771,-2584.18068619951,124620,2077,12715.451832482,15597.5494858504,-2584.18068619951
2020-01-02 10:39:00,NA,NA,-2440.52837853878,12769.060275144,15620.0642753228,-2440.52837853878,124680,2078,12813.6431340614,15647.0238593446,-2440.52837853878
2020-01-02 10:40:00,NA,NA,-2324.20360549458,12841.314970188,15664.0688244617,-2324.20360549458,124740,2079,12915.1875994829,15693.6638646143,-2324.20360549458
2020-01-02 10:41:00,NA,NA,-2270.04876065825,12926.5598052808,15707.280642201,-2270.04876065825,124800,2080,13018.8315273417,15737.1752888636,-2270.04876065825
2020-01-02 10:42:00,NA,NA,-2222.70070881072,13017.9602773053,15715.0497819847,-2222.70070881072,124860,2081,13123.3231365354,15777.2610575547,-2222.70070881072
2020-01-02 10:43:00,NA,NA,-2174.9274714346,13127.4357614374,15730.4190264831,-2174.9274714346,124920,2082,13227.411421262,15813.6209626856,-2174.9274714346
2020-01-02 10:44:00,NA,NA,-2120.95372616431,13228.9299057273,15762.8239239495,-2120.95372616431,124980,2083,13329.8450067338,15845.9513881974,-2120.95372616431
2020-01-02 10:45:00,NA,NA,-2055.74101377695,13327.4724233134,15781.7913134865,-2055.74101377695,125040,2084,13429.3710045548,15873.945032264,-2055.74101377695
2020-01-02 10:46:00,NA,NA,-2014.28833406538,13426.5107741544,15796.0891607091,-2014.28833406538,125100,2085,13524.7338667155,15897.2906262082,-2014.28833406538
2020-01-02 10:47:00,NA,NA,-1982.59317410131,13528.4754451289,15813.9482154722,-1982.59317410131,125160,2086,13614.6742371545,15915.6726497892,-1982.59317410131
2020-01-02 10:48:00,NA,NA,-1939.03581407119,13632.3846586143,15849.3219590768,-1939.03581407119,125220,2087,13697.9277998373,15928.7710426008,-1939.03581407119
2020-01-02 10:49:00,NA,NA,-1943.17170063229,13745.5841217922,15890.4881840134,-1943.17170063229,125280,2088,13773.2241222979,15936.2609113161,-1943.17170063229
2020-01-02 10:50:00,13839.2854935858,15937.8122325115,NA,13839.2854935858,15937.8122325115,-1920.42700206948,125340,2089,13839.2854935858,15937.8122325115,-1934.15371905102
2020-01-02 10:51:00,NA,NA,-1914.09160747453,13899.5410737635,15965.056787625,-1914.09160747453,125400,2090,13895.7495736606,15932.9499109504,-1914.09160747453
2020-01-02 10:52:00,NA,NA,-1907.11461561545,13931.8472068288,15970.8340015984,-1907.11461561545,125460,2091,13945.9406850074,15920.6343983684,-1907.11461561545
2020-01-02 10:53:00,NA,NA,-1913.39013510723,13976.5908717891,15947.0558436208,-1913.39013510723,125520,2092,13994.1012294727,15899.6796869071,-1913.39013510723
2020-01-02 10:54:00,NA,NA,-1915.77009593457,14041.9671944276,15897.1850692937,-1915.77009593457,125580,2093,14044.471752219,15868.8918661294,-1915.77009593457
2020-01-02 10:55:00,NA,NA,-1930.94106470631,14100.8239970148,15845.9359945484,-1930.94106470631,125640,2094,14101.2948203516,15827.068031103,-1930.94106470631
2020-01-02 10:56:00,14168.8189034696,15772.9951821646,NA,14168.8189034696,15772.9951821646,-1970.87667208562,125700,2095,14168.8189034696,15772.9951821646,-1972.98534784538
2020-01-02 10:57:00,NA,NA,-2046.40885853147,14253.5858274692,15689.2663024085,-2046.40885853147,125760,2096,14248.6396186415,15708.7810897672,-2046.40885853147
2020-01-02 10:58:00,14331.7127788291,15649.852758106,NA,14331.7127788291,15649.852758106,-2174.82886707407,125820,2097,14331.7127788291,15649.852758106,-2148.1829702293
2020-01-02 10:59:00,NA,NA,-2247.53590914562,14405.1269923381,15626.8757514933,-2247.53590914562,125880,2098,14410.1987797004,15609.2445237793,-2247.53590914562
2020-01-02 11:00:00,NA,NA,-2318.50057563547,14488.8675581626,15595.2755287573,-2318.50057563547,125940,2099,14491.7115244998,15577.0885115167,-2318.50057563547
2020-01-02 11:01:00,14587.7319370586,15537.7950966898,NA,14587.7319370586,15537.7950966898,-2381.96165697214,126000,2100,14587.7319370586,15537.7950966898,-2376.82790532808
2020-01-02 11:02:00,NA,NA,-2426.30397914218,14697.1745950365,15484.1156221445,-2426.30397914218,126060,2101,14704.969765876,15480.7646265013,-2426.30397914218
2020-01-02 11:03:00,14831.0154991728,15415.368151959,NA,14831.0154991728,15415.368151959,-2473.1262001616,126120,2102,14831.0154991728,15415.368151959,-2461.57688977348
2020-01-02 11:04:00,NA,NA,-2465.37341463312,14960.0842133925,15347.7393714858,-2465.37341463312,126180,2103,14951.6255217592,15352.7344681448,-2465.37341463312
2020-01-02 11:05:00,NA,NA,-2435.47502158511,15070.0472229753,15290.6190512144,-2435.47502158511,126240,2104,15064.320932051,15291.0698809697,-2435.47502158511
2020-01-02 11:06:00,15169.5578748375,15225.3504755421,NA,15169.5578748375,15225.3504755421,-2416.62956230108,126300,2105,15169.5578748375,15225.3504755421,-2423.41752712474
2020-01-02 11:07:00,NA,NA,-2408.77134864501,15251.7795398671,15138.1537321472,-2408.77134864501,126360,2106,15267.7507821271,15151.5663639545,-2408.77134864501
2020-01-02 11:08:00,NA,NA,-2369.14441337071,15314.658275247,15045.0433332104,-2369.14441337071,126420,2107,15359.1680738892,15069.7714140869,-2369.14441337071
2020-01-02 11:09:00,NA,NA,-2348.29016103793,15364.3459614137,14947.9390188775,-2348.29016103793,126480,2108,15444.0370809007,14981.0299004616,-2348.29016103793
2020-01-02 11:10:00,NA,NA,-2329.42556710272,15424.1294355731,14826.096996315,-2329.42556710272,126540,2109,15522.5791441453,14886.3997434492,-2329.42556710272
2020-01-02 11:11:00,NA,NA,-2263.58146337956,15474.6573926249,14694.8477347845,-2263.58146337956,126600,2110,15595.0098173486,14786.9334771023,-2263.58146337956
2020-01-02 11:12:00,NA,NA,-2188.74944392635,15506.8162540859,14568.237790847,-2188.74944392635,126660,2111,15661.5390641652,14683.6792119367,-2188.74944392635
2020-01-02 11:13:00,NA,NA,-2097.0558963741,15554.6447212773,14438.2175698877,-2097.0558963741,126720,2112,15722.371450241,14577.6815936443,-2097.0558963741
2020-01-02 11:14:00,NA,NA,-2043.68595297133,15621.0178219642,14326.4552243354,-2043.68595297133,126780,2113,15777.7063303341,14469.9827586286,-2043.68595297133
2020-01-02 11:15:00,NA,NA,-2005.83942840587,15706.5636967197,14207.6570569414,-2005.83942840587,126840,2114,15827.7380306669,14361.623287242,-2005.83942840587
2020-01-02 11:16:00,NA,NA,-2002.00829927274,15781.5476893834,14098.3239796836,-2002.00829927274,126900,2115,15872.656026677,14253.6431555978,-2002.00829927274
2020-01-02 11:17:00,NA,NA,-2051.25310146332,15863.6542900583,14005.4606694772,-2051.25310146332,126960,2116,15912.6451163306,14147.0826868287,-2051.25310146332
2020-01-02 11:18:00,NA,NA,-2135.30106804831,15938.2110099419,13924.6448373943,-2135.30106804831,127020,2117,15947.8855891576,14042.9835026619,-2135.30106804831
2020-01-02 11:19:00,NA,NA,-2195.79338581981,15995.8261995376,13841.1744784511,-2195.79338581981,127080,2118,15978.5533911613,13942.3894761829,-2195.79338581981
2020-01-02 11:20:00,NA,NA,-2211.08813306347,16040.5534106614,13756.6431074052,-2211.08813306347,127140,2119,16004.8202857558,13846.3476866568,-2211.08813306347
2020-01-02 11:21:00,NA,NA,-2256.6570287019,16060.1232418204,13672.6813123788,-2256.6570287019,127200,2120,16026.8540108777,13755.9093772838,-2256.6570287019
2020-01-02 11:22:00,NA,NA,-2321.82543290102,16059.877671918,13618.8453627242,-2321.82543290102,127260,2121,16044.8184324143,13672.1309167625,-2321.82543290102
2020-01-02 11:23:00,NA,NA,-2391.24485684314,16055.7163281759,13570.6336455427,-2391.24485684314,127320,2122,16058.8736940916,13596.0747655417,-2391.24485684314
2020-01-02 11:24:00,16069.1763639561,13528.8104476442,NA,16069.1763639561,13528.8104476442,-2391.0605860095,127380,2123,16069.1763639561,13528.8104476442,-2416.37527749135
2020-01-02 11:25:00,NA,NA,-2415.42769510846,16082.2650586259,13470.8376928008,-2415.42769510846,127440,2124,16076.1333343156,13470.1262758238,-2415.42769510846
2020-01-02 11:26:00,NA,NA,-2416.44025037842,16084.3777666482,13414.7267324944,-2416.44025037842,127500,2125,16081.1635103546,13414.6611621511,-2416.44025037842
2020-01-02 11:27:00,16085.9377912275,13355.7677097683,NA,16085.9377912275,13355.7677097683,-2399.89123615035,127560,2126,16085.9377912275,13355.7677097683,-2415.30167669519
2020-01-02 11:28:00,NA,NA,-2429.4993158513,16093.9504119258,13276.0756334755,-2429.4993158513,127620,2127,16091.3665961932,13288.3776084751,-2429.4993158513
2020-01-02 11:29:00,NA,NA,-2468.89553195579,16103.2579889081,13204.8418116698,-2468.89553195579,127680,2128,16095.3198190653,13213.7439592822,-2468.89553195579
2020-01-02 11:30:00,NA,NA,-2494.46869388355,16099.3743625275,13131.5576596145,-2494.46869388355,127740,2129,16094.9057570396,13134.6954588987,-2494.46869388355
2020-01-02 11:31:00,16087.2287119518,13054.0567660334,NA,16087.2287119518,13054.0567660334,-2527.04283625531,127800,2130,16087.2287119518,13054.0567660334,-2508.64520584282
2020-01-02 11:32:00,NA,NA,-2513.97211618042,16080.3174044606,12971.5796716045,-2513.97211618042,127860,2131,16069.9708154441,12974.1729567234,-2513.97211618042
2020-01-02 11:33:00,NA,NA,-2514.88460543437,16086.4165579544,12890.1363877893,-2514.88460543437,127920,2132,16043.143435505,12895.4771960474,-2514.88460543437
2020-01-02 11:34:00,NA,NA,-2527.08121689192,16101.8225385335,12809.5698203538,-2527.08121689192,127980,2133,16007.3336577095,12817.9256070243,-2527.08121689192
2020-01-02 11:35:00,NA,NA,-2527.10157379346,16109.4437679714,12737.1898844825,-2527.10157379346,128040,2134,15963.1203512643,12741.4753592005,-2527.10157379346
2020-01-02 11:36:00,NA,NA,-2508.17136160937,16118.0941862733,12650.9340700337,-2508.17136160937,128100,2135,15911.0746986512,12666.0846294942,-2508.17136160937
2020-01-02 11:37:00,NA,NA,-2490.40872752491,16113.1389198174,12571.0800243587,-2490.40872752491,128160,2136,15851.7607181247,12591.7125639462,-2490.40872752491
2020-01-02 11:38:00,NA,NA,-2466.88924093994,16080.5078662532,12477.6638450245,-2466.88924093994,128220,2137,15785.735779634,12518.3192403539,-2466.88924093994
2020-01-02 11:39:00,NA,NA,-2423.44325959515,16030.8295958771,12391.6684122422,-2423.44325959515,128280,2138,15713.5511146565,12445.865631757,-2423.44325959515
2020-01-02 11:40:00,NA,NA,-2414.60566153419,15973.6222335901,12307.2059051498,-2414.60566153419,128340,2139,15635.7523204107,12374.3135707406,-2414.60566153419
2020-01-02 11:41:00,NA,NA,-2393.19665510145,15896.7428432771,12220.6681931319,-2393.19665510145,128400,2140,15552.8798589148,12303.6257145247,-2393.19665510145
2020-01-02 11:42:00,NA,NA,-2399.28755747073,15798.6431941386,12149.9441527353,-2399.28755747073,128460,2141,15465.4695513454,12233.7655108079,-2399.28755747073
2020-01-02 11:43:00,NA,NA,-2408.76054641696,15697.4919311926,12096.2099482406,-2408.76054641696,128520,2142,15374.0530681515,12164.6971643333,-2408.76054641696
2020-01-02 11:44:00,NA,NA,-2368.98486092872,15582.4144807912,12037.6119659462,-2368.98486092872,128580,2143,15279.1584153705,12096.3856041475,-2368.98486092872
2020-01-02 11:45:00,NA,NA,-2307.04163766034,15458.1647183462,11977.2907824915,-2307.04163766034,128640,2144,15181.3104175922,12028.7964515216,-2307.04163766034
2020-01-02 11:46:00,NA,NA,-2245.49692177181,15321.5841051145,11921.6984710955,-2245.49692177181,128700,2145,15081.0311980131,11961.8959885054,-2245.49692177181
2020-01-02 11:47:00,NA,NA,-2191.53993162519,15168.5802264818,11869.0317069689,-2191.53993162519,128760,2146,14978.8406560185,11895.6511270862,-2191.53993162519
2020-01-02 11:48:00,NA,NA,-2139.91509511374,15028.4724537218,11830.5360765356,-2139.91509511374,128820,2147,14875.2569427314,11830.0293789236,-2139.91509511374
2020-01-02 11:49:00,NA,NA,-2056.47672606334,14896.1217169182,11796.170808366,-2056.47672606334,128880,2148,14770.7969349612,11764.9988256324,-2056.47672606334
2020-01-02 11:50:00,NA,NA,-1968.11132284651,14765.9512280921,11747.7104342522,-1968.11132284651,128940,2149,14665.9767079878,11700.5280895878,-1968.11132284651
2020-01-02 11:51:00,NA,NA,-1910.07141178035,14627.5296883097,11684.781397902,-1910.07141178035,129000,2150,14561.3120076113,11636.5863052242,-1910.07141178035
2020-01-02 11:52:00,NA,NA,-1903.01823743304,14488.0692581021,11599.3459419627,-1903.01823743304,129060,2151,14457.3187219014,11573.1430908027,-1903.01823743304
2020-01-02 11:53:00,NA,NA,-1932.08391966521,14365.6952858844,11516.3408893356,-1932.08391966521,129120,2152,14354.5133530761,11510.1685206216,-1932.08391966521
2020-01-02 11:54:00,14253.4134899426,11447.6330976436,NA,14253.4134899426,11447.6330976436,-1954.77325169428,129180,2153,14253.4134899426,11447.6330976436,-1984.38851314123
2020-01-02 11:55:00,14150.7860528634,11383.0508207933,NA,14150.7860528634,11383.0508207933,-2003.62072183082,129240,2154,14150.7860528634,11383.0508207933,-2045.06128870915
2020-01-02 11:56:00,14034.4521719202,11306.0901797257,NA,14034.4521719202,11306.0901797257,-2082.25265969831,129300,2155,14034.4521719202,11306.0901797257,-2098.16884290585
2020-01-02 11:57:00,NA,NA,-2127.34004135177,13902.8821385521,11210.7628094537,-2127.34004135177,129360,2156,13910.6088571543,11212.8670022439,-2127.34004135177
2020-01-02 11:58:00,NA,NA,-2113.59700775201,13756.6292205647,11094.1560262261,-2113.59700775201,129420,2157,13783.0258043917,11105.3766520391,-2113.59700775201
2020-01-02 11:59:00,NA,NA,-2054.27914336282,13625.9685792741,10953.041446375,-2054.27914336282,129480,2158,13653.3479697803,10986.5788880395,-2054.27914336282
2020-01-02 12:00:00,NA,NA,-2017.94976800589,13495.7605872567,10830.0923615529,-2017.94976800589,129540,2159,13523.2183933448,10859.423126046,-2017.94976800589
2020-01-02 12:01:00,NA,NA,-2008.87022102191,13366.875277906,10692.0323131966,-2008.87022102191,129600,2160,13394.2797020185,10726.8511369539,-2008.87022102191
2020-01-02 12:02:00,NA,NA,-1998.02764521583,13240.1879558667,10554.524493428,-1998.02764521583,129660,2161,13268.1756121581,10591.7997376379,-1998.02764521583
2020-01-02 12:03:00,NA,NA,-2011.20953836931,13097.055218536,10436.8953813069,-2011.20953836931,129720,2162,13146.5524330352,10457.2034772517,-2011.20953836931
2020-01-02 12:04:00,NA,NA,-2015.48949346707,12974.6201929509,10325.5516532809,-2015.48949346707,129780,2163,13031.0605726973,10325.9973214368,-2015.48949346707
2020-01-02 12:05:00,NA,NA,-2006.15329357622,12893.2406391497,10202.6750613794,-2006.15329357622,129840,2164,12923.3560475757,10201.119336909,-2006.15329357622
2020-01-02 12:06:00,NA,NA,-2000.92003168621,12815.5194819294,10104.5390147665,-2000.92003168621,129900,2165,12825.1019972254,10085.513378879,-2000.92003168621
2020-01-02 12:07:00,NA,NA,-1968.95638334556,12730.3942704673,10018.4425824832,-1968.95638334556,129960,2166,12737.97020558,9982.13178376731,-1968.95638334556
2020-01-02 12:08:00,NA,NA,-1937.82661411873,12649.7269450948,9917.74978223353,-1937.82661411873,130020,2167,12663.6426301152,9893.93806967842,-1937.82661411873
2020-01-02 12:09:00,12603.8129403177,9823.90964710205,NA,12603.8129403177,9823.90964710205,-1935.83353729366,130080,2168,12603.8129403177,9823.90964710205,-1933.40464669497
2020-01-02 12:10:00,NA,NA,-1945.94107313512,12560.3049559351,9775.5858082736,-1945.94107313512,130140,2169,12559.2606231211,9773.5405818428,-1945.94107313512
2020-01-02 12:11:00,NA,NA,-1968.79845605085,12523.7666081685,9735.15591414117,-1968.79845605085,130200,2170,12527.0691964914,9738.34280741427,-1968.79845605085
2020-01-02 12:12:00,12503.4060439096,9712.3421773119,NA,12503.4060439096,9712.3421773119,-2008.23787457597,130260,2171,12503.4060439096,9712.3421773119,-2022.8296588996
2020-01-02 12:13:00,NA,NA,-2079.66238018703,12494.8994281832,9674.496048745,-2079.66238018703,130320,2172,12484.994333532,9690.185479185,-2079.66238018703
2020-01-02 12:14:00,NA,NA,-2100.39175945542,12479.7544778093,9660.7126815479,-2100.39175945542,130380,2173,12470.7540754586,9668.97321820212,-2100.39175945542
2020-01-02 12:15:00,NA,NA,-2070.57207056407,12455.3346237724,9647.86073743274,-2070.57207056407,130440,2174,12460.1570807766,9646.41928552798,-2070.57207056407
2020-01-02 12:16:00,NA,NA,-2023.94163099921,12440.9887560787,9636.08812618739,-2023.94163099921,130500,2175,12452.6784930746,9620.23634466047,-2023.94163099921
2020-01-02 12:17:00,NA,NA,-2019.89447386922,12449.2119191132,9610.35134376619,-2019.89447386922,130560,2176,12447.7963083124,9588.13373933222,-2019.89447386922
2020-01-02 12:18:00,NA,NA,-2001.34146881432,12444.6197284386,9562.69003323638,-2001.34146881432,130620,2177,12444.9908973396,9547.81539832637,-2001.34146881432
2020-01-02 12:19:00,12443.7445305919,9496.97773531706,NA,12443.7445305919,9496.97773531706,-1983.12304325185,130680,2178,12443.7445305919,9496.97773531706,-1981.01837428467
2020-01-02 12:20:00,NA,NA,-1976.36671420431,12445.203627476,9425.76141834641,-1976.36671420431,130740,2179,12443.6653928425,9434.63919839237,-1976.36671420431
2020-01-02 12:21:00,NA,NA,-1990.88348447026,12438.9428983493,9357.4230611605,-1990.88348447026,130800,2180,12444.860712861,9365.13458485335,-1990.88348447026
2020-01-02 12:22:00,NA,NA,-1992.35637207555,12439.0126131899,9277.65662569014,-1992.35637207555,130860,2181,12447.5633738762,9294.12379181532,-1992.35637207555
2020-01-02 12:23:00,12452.0076379495,9227.26533953328,NA,12452.0076379495,9227.26533953328,-1944.92020095419,130920,2182,12452.0076379495,9227.26533953328,-1955.05157135861
2020-01-02 12:24:00,NA,NA,-1940.76978457429,12469.547587307,9179.06298634967,-1940.76978457429,130980,2183,12458.5098586786,9168.81998973833,-1940.76978457429
2020-01-02 12:25:00,NA,NA,-1990.87360142596,12471.0349542803,9121.04663349769,-1990.87360142596,131040,2184,12467.7102812351,9117.44971432848,-1990.87360142596
2020-01-02 12:26:00,NA,NA,-2019.60956091417,12480.3331535953,9075.13330324747,-2019.60956091417,131100,2185,12480.3321182377,9070.42140064456,-2019.60956091417
2020-01-02 12:27:00,12497.1017120887,9025.00590723974,NA,12497.1017120887,9025.00590723974,-2071.23486749555,131160,2186,12497.1017120887,9025.00590723974,-2061.90116688324
2020-01-02 12:28:00,NA,NA,-2097.38437158546,12518.4068324946,8979.53844465596,-2097.38437158546,131220,2187,12517.8038479486,8978.75196629395,-2097.38437158546
2020-01-02 12:29:00,NA,NA,-2094.4766390887,12562.8026189749,8935.73332902135,-2094.4766390887,131280,2188,12538.4453292836,8930.31318774661,-2094.4766390887
2020-01-02 12:30:00,NA,NA,-2075.90904119449,12579.0340048289,8896.31634517715,-2075.90904119449,131340,2189,12554.0875522444,8878.61758056893,-2075.90904119449
2020-01-02 12:31:00,NA,NA,-2055.47422097455,12574.3702135438,8843.66306883167,-2055.47422097455,131400,2190,12559.7873392321,8822.5901744053,-2055.47422097455
2020-01-02 12:32:00,12550.5924176553,8761.1520364242,NA,12550.5924176553,8761.1520364242,-2001.06582494134,131460,2191,12550.5924176553,8761.1520364242,-2023.2036683445
2020-01-02 12:33:00,NA,NA,-1992.09827716049,12505.2204788682,8676.39548785493,-1992.09827716049,131520,2192,12524.3255365704,8694.52528955278,-1992.09827716049
2020-01-02 12:34:00,NA,NA,-1974.42426831083,12467.6661998236,8594.92113914868,-1974.42426831083,131580,2193,12489.9489248799,8628.15157052605,-1974.42426831083
2020-01-02 12:35:00,NA,NA,-1953.15438138022,12448.4056272788,8545.58444015493,-1953.15438138022,131640,2194,12459.206038765,8568.77875296824,-1953.15438138022
2020-01-02 12:36:00,NA,NA,-1924.94125517185,12435.5327747077,8511.57332323567,-1924.94125517185,131700,2195,12443.8436601537,8523.16111544367,-1924.94125517185
2020-01-02 12:37:00,12455.6226409605,8498.06551922554,NA,12455.6226409605,8498.06551922554,-1907.03911210383,131760,2196,12455.6226409605,8498.06551922554,-1909.89806264428
2020-01-02 12:38:00,NA,NA,-1890.30756692294,12502.3678117508,8511.12411775061,-1890.30756692294,131820,2197,12499.9402529559,8496.58698468886,-1890.30756692294
2020-01-02 12:39:00,NA,NA,-1845.52512802868,12563.3222964487,8518.5021261051,-1845.52512802868,131880,2198,12556.6687310649,8507.07900728305,-1845.52512802868
2020-01-02 12:40:00,12599.3032555754,8514.21542038241,NA,12599.3032555754,8514.21542038241,-1795.46672672141,131940,2199,12599.3032555754,8514.21542038241,-1787.37130699807
2020-01-02 12:41:00,12613.2739610858,8508.66869114829,NA,12613.2739610858,8508.66869114829,-1713.1426214228,132000,2200,12613.2739610858,8508.66869114829,-1728.079254893
2020-01-02 12:42:00,NA,NA,-1677.88387571673,12630.3159617089,8493.9491827821,-1677.88387571673,132060,2201,12623.7275205257,8501.5224543828,-1677.88387571673
2020-01-02 12:43:00,NA,NA,-1635.53372122756,12645.1556654336,8470.68628739194,-1635.53372122756,132120,2202,12635.5504099927,8495.51930883235,-1635.53372122756
2020-01-02 12:44:00,NA,NA,-1571.87710540367,12646.8498906137,8461.48314491645,-1571.87710540367,132180,2203,12645.5795188355,8489.81774333777,-1571.87710540367
2020-01-02 12:45:00,NA,NA,-1517.41636178385,12651.4737462885,8470.8581382602,-1517.41636178385,132240,2204,12650.6500950189,8483.57652245654,-1517.41636178385
2020-01-02 12:46:00,NA,NA,-1490.23686976272,12653.6884632216,8467.35729471586,-1490.23686976272,132300,2205,12647.592850471,8475.95391700695,-1490.23686976272
2020-01-02 12:47:00,12633.2310622493,8466.10693416339,NA,12633.2310622493,8466.10693416339,-1504.92867085016,132360,2206,12633.2310622493,8466.10693416339,-1478.71937424523
2020-01-02 12:48:00,12605.5691032517,8452.96859215722,NA,12605.5691032517,8452.96859215722,-1488.18665460854,132420,2207,12605.5691032517,8452.96859215722,-1464.45508472024
2020-01-02 12:49:00,NA,NA,-1428.46168596232,12566.2842611556,8440.66638286516,-1428.46168596232,132480,2208,12567.233296867,8435.397449261,-1428.46168596232
2020-01-02 12:50:00,NA,NA,-1373.7648402961,12521.5659816739,8419.66759836494,-1373.7648402961,132540,2209,12521.5042275253,8415.29184055104,-1373.7648402961
2020-01-02 12:51:00,NA,NA,-1361.36232747002,12473.3389362904,8393.6767359643,-1361.36232747002,132600,2210,12471.523869253,8395.36419193474,-1361.36232747002
2020-01-02 12:52:00,NA,NA,-1349.34853300194,12416.4911422922,8380.90939597727,-1349.34853300194,132660,2211,12420.4303076807,8378.32709254194,-1349.34853300194
2020-01-02 12:53:00,12371.3606105323,8366.89577585803,NA,12371.3606105323,8366.89577585803,-1314.69885081662,132720,2212,12371.3606105323,8366.89577585803,-1303.47883448565
2020-01-02 12:54:00,NA,NA,-1221.7084309136,12330.1409691441,8343.94468402476,-1221.7084309136,132780,2213,12326.805711315,8362.86905749611,-1221.7084309136
2020-01-02 12:55:00,NA,NA,-1121.81355511365,12297.6016857252,8325.13872403793,-1121.81355511365,132840,2214,12286.6686120145,8364.36617486969,-1121.81355511365
2020-01-02 12:56:00,NA,NA,-1066.59046774704,12265.8201187483,8333.51068299126,-1066.59046774704,132900,2215,12250.2083706372,8368.58987347969,-1066.59046774704
2020-01-02 12:57:00,12216.6874083474,8372.74539244097,NA,12216.6874083474,8372.74539244097,-1056.37407784468,132960,2216,12216.6874083474,8372.74539244097,-1058.13456629288
2020-01-02 12:58:00,NA,NA,-1033.75859930271,12155.7509702699,8411.99147628907,-1033.75859930271,133020,2217,12185.4807207883,8374.52987184042,-1033.75859930271
2020-01-02 12:59:00,NA,NA,-963.728611050441,12144.1579937723,8446.75400854136,-963.728611050441,133080,2218,12156.4049847934,8373.60622726251,-963.728611050441
2020-01-02 13:00:00,NA,NA,-946.651295180439,12146.2573345123,8464.34384574127,-946.651295180439,133140,2219,12129.3887127111,8370.12686007029,-946.651295180439
2020-01-02 13:01:00,NA,NA,-927.551909438508,12134.5016968337,8481.60348692347,-927.551909438508,133200,2220,12104.3623006993,8364.24183386375,-927.551909438508
2020-01-02 13:02:00,NA,NA,-900.720182169735,12132.3603666012,8486.64830476987,-900.720182169735,133260,2221,12081.2579650389,8356.09901178275,-900.720182169735
2020-01-02 13:03:00,NA,NA,-925.889109384112,12117.0878128304,8498.11067635559,-925.889109384112,133320,2222,12060.0096801273,8345.84419176724,-925.889109384112
2020-01-02 13:04:00,NA,NA,-945.31511907301,12107.3291424396,8517.8457902208,-945.31511907301,133380,2223,12040.5531180824,8333.62123992257,-945.31511907301
2020-01-02 13:05:00,NA,NA,-946.807101968613,12099.0290858947,8549.78274360893,-946.807101968613,133440,2224,12022.825589901,8319.57222211565,-946.807101968613
2020-01-02 13:06:00,NA,NA,-977.531259833506,12091.6972284161,8576.32100309819,-977.531259833506,133500,2225,12006.7659881164,8303.83753392324,-977.531259833506
2020-01-02 13:07:00,NA,NA,-989.449035787771,12078.8826921015,8581.3878861968,-989.449035787771,133560,2226,11992.3147309034,8286.55602905189,-989.449035787771
2020-01-02 13:08:00,NA,NA,-992.400458679495,12052.1676216433,8592.65405381543,-992.400458679495,133620,2227,11979.4137075786,8267.86514634713,-992.400458679495
2020-01-02 13:09:00,NA,NA,-1046.1043226098,12025.0929377067,8592.70393144275,-1046.1043226098,133680,2228,11968.0062254468,8247.90103550827,-1046.1043226098
2020-01-02 13:10:00,NA,NA,-1085.97759287173,11991.8281096516,8578.02238501691,-1085.97759287173,133740,2229,11958.0369579441,8226.79868162389,-1085.97759287173
2020-01-02 13:11:00,NA,NA,-1071.55243429341,11977.7296584243,8555.45214276066,-1071.55243429341,133800,2230,11949.4518940314,8204.69202864199,-1071.55243429341
2020-01-02 13:12:00,NA,NA,-1039.18233830451,11947.145071947,8563.62504787371,-1039.18233830451,133860,2231,11942.1982887903,8181.71410188766,-1039.18233830451
2020-01-02 13:13:00,NA,NA,-1022.81198494686,11899.2171779001,8574.12396850988,-1022.81198494686,133920,2232,11936.2246151778,8157.99712974051,-1022.81198494686
2020-01-02 13:14:00,NA,NA,-1028.73252077793,11865.7960869674,8558.65595768803,-1028.73252077793,133980,2233,11931.4805168946,8133.67266458311,-1028.73252077793
2020-01-02 13:15:00,NA,NA,-989.535687746611,11842.0147328048,8529.76946968401,-989.535687746611,134040,2234,11927.9167623251,8108.87170313102,-989.535687746611
2020-01-02 13:16:00,NA,NA,-955.681213200344,11825.900358243,8506.51516767839,-955.681213200344,134100,2235,11925.4851995047,8083.72480625457,-955.681213200344
2020-01-02 13:17:00,NA,NA,-934.614425344857,11803.2319140111,8472.01673639934,-934.614425344857,134160,2236,11924.1387120761,8058.36221840193,-934.614425344857
2020-01-02 13:18:00,NA,NA,-902.803135688096,11768.9613664819,8442.74474448991,-902.803135688096,134220,2237,11923.8311761922,8032.91398673281,-902.803135688096
2020-01-02 13:19:00,NA,NA,-879.878329204189,11741.8250883635,8415.49590438117,-879.878329204189,134280,2238,11924.5174183267,8007.51008007158,-879.878329204189
2020-01-02 13:20:00,NA,NA,-819.735108401407,11716.5151286747,8401.86809542427,-819.735108401407,134340,2239,11926.1531739545,7982.28050778884,-819.735108401407
2020-01-02 13:21:00,NA,NA,-760.03218132974,11692.535164923,8400.33185309361,-760.03218132974,134400,2240,11928.6950470629,7957.35543872001,-760.03218132974
2020-01-02 13:22:00,NA,NA,-749.473701901958,11664.4973623551,8385.25790715135,-749.473701901958,134460,2241,11932.1004704579,7932.86532022978,-749.473701901958
2020-01-02 13:23:00,NA,NA,-784.781294962774,11654.9781909455,8350.54916022664,-784.781294962774,134520,2242,11936.3276668282,7908.94099753135,-784.781294962774
2020-01-02 13:24:00,NA,NA,-810.475596173276,11654.3029237011,8314.07720065515,-810.475596173276,134580,2243,11941.3356105315,7885.71383336957,-810.475596173276
2020-01-02 13:25:00,NA,NA,-862.116750350386,11652.9263170054,8281.96504925878,-862.116750350386,134640,2244,11947.0839900693,7863.31582817743,-862.116750350386
2020-01-02 13:26:00,NA,NA,-928.00945432766,11661.0045763115,8229.76246433695,-928.00945432766,134700,2245,11953.5331712135,7841.8797408159,-928.00945432766
2020-01-02 13:27:00,NA,NA,-968.082441725027,11667.7348793084,8170.36441410099,-968.082441725027,134760,2246,11960.6441607537,7821.53921000743,-968.082441725027
2020-01-02 13:28:00,NA,NA,-1013.05680528964,11662.8339386552,8115.07337016397,-1013.05680528964,134820,2247,11968.3785708306,7802.42887657427,-1013.05680528964
2020-01-02 13:29:00,NA,NA,-1062.51233939931,11676.9619388958,8057.33722252837,-1062.51233939931,134880,2248,11976.6985838223,7784.68450659346,-1062.51233939931
2020-01-02 13:30:00,NA,NA,-1118.81205377615,11709.4216940866,7991.96832987896,-1118.81205377615,134940,2249,11985.5669177533,7768.44311558101,-1118.81205377615
2020-01-02 13:31:00,NA,NA,-1185.48578803352,11741.2196450377,7943.68559981801,-1185.48578803352,135000,2250,11994.9467921927,7753.84309381896,-1185.48578803352
2020-01-02 13:32:00,NA,NA,-1275.25036210964,11795.2431865018,7898.02911422282,-1275.25036210964,135060,2251,12004.8018946116,7741.02433293993,-1275.25036210964
2020-01-02 13:33:00,NA,NA,-1385.37416963289,11830.4776549474,7852.221152103,-1385.37416963289,135120,2252,12015.0963471683,7730.12835388493,-1385.37416963289
2020-01-02 13:34:00,NA,NA,-1453.40232547172,11858.4977776253,7823.60423202934,-1453.40232547172,135180,2253,12025.7946738908,7721.29843635155,-1453.40232547172
2020-01-02 13:35:00,NA,NA,-1511.88108163826,11902.1530515879,7800.86148249869,-1511.88108163826,135240,2254,12036.8617682275,7714.67974985074,-1511.88108163826
2020-01-02 13:36:00,NA,NA,-1577.65620643474,11954.7770796517,7773.95240198779,-1577.65620643474,135300,2255,12048.2628609355,7710.41948649234,-1577.65620643474
2020-01-02 13:37:00,NA,NA,-1622.20722179932,12020.0712720363,7737.37143471737,-1622.20722179932,135360,2256,12059.9634882772,7708.66699562058,-1622.20722179932
2020-01-02 13:38:00,NA,NA,-1638.98773694487,12067.5139317153,7719.40784723787,-1638.98773694487,135420,2257,12071.9294604968,7709.57392042277,-1638.98773694487
2020-01-02 13:39:00,12084.1268305472,7713.29433663624,NA,12084.1268305472,7713.29433663624,-1642.10348682394,135480,2258,12084.1268305472,7713.29433663624,-1630.56601631903
2020-01-02 13:40:00,NA,NA,-1612.32950290656,12103.8714773675,7719.16828036145,-1612.32950290656,135540,2259,12095.1648637118,7717.36126569756,-1612.32950290656
2020-01-02 13:41:00,12098.2235169379,7708.81305082802,NA,12098.2235169379,7708.81305082802,-1601.27551043033,135600,2260,12098.2235169379,7708.81305082802,-1598.36028507739
2020-01-02 13:42:00,NA,NA,-1585.33966166313,12075.9672068253,7675.56496577634,-1585.33966166313,135660,2261,12088.4526691646,7675.93549640483,-1585.33966166313
2020-01-02 13:43:00,12074.3279671058,7622.52339255986,NA,12074.3279671058,7622.52339255986,-1574.46141356461,135720,2262,12074.3279671058,7622.52339255986,-1570.18951218142
2020-01-02 13:44:00,NA,NA,-1568.10111736841,12065.2254522596,7558.42466191846,-1568.10111736841,135780,2263,12065.975635338,7556.98485314231,-1568.10111736841
2020-01-02 13:45:00,NA,NA,-1583.15526264235,12071.9658981635,7496.70456177574,-1583.15526264235,135840,2264,12066.8082200128,7490.71495269167,-1583.15526264235
2020-01-02 13:46:00,NA,NA,-1589.14619002255,12077.0661894797,7438.98553014939,-1589.14619002255,135900,2265,12078.5670083679,7435.85757671894,-1589.14619002255
2020-01-02 13:47:00,12103.003282555,7404.56705217301,NA,12103.003282555,7404.56705217301,-1671.02541919807,135960,2266,12103.003282555,7404.56705217301,-1651.23726927037
2020-01-02 13:48:00,12138.3693369711,7396.9665322192,NA,12138.3693369711,7396.9665322192,-1774.79618361532,136020,2267,12138.3693369711,7396.9665322192,-1748.52349193988
2020-01-02 13:49:00,NA,NA,-1831.21771233072,12189.296314321,7390.67490762882,-1831.21771233072,136080,2268,12172.2109295766,7375.72258106667,-1831.21771233072
2020-01-02 13:50:00,NA,NA,-1873.90485908123,12227.2736072663,7364.15495448956,-1873.90485908123,136140,2269,12201.8682420094,7334.3780614651,-1873.90485908123
2020-01-02 13:51:00,NA,NA,-1920.61991696056,12237.0325813042,7311.4671314383,-1920.61991696056,136200,2270,12228.0040762794,7277.19233300978,-1920.61991696056
2020-01-02 13:52:00,NA,NA,-1957.8565249587,12251.4391338486,7246.66503668238,-1957.8565249587,136260,2271,12251.2780132861,7208.41026522444,-1957.8565249587
2020-01-02 13:53:00,NA,NA,-2038.30890457613,12272.3326993267,7172.65232314455,-2038.30890457613,136320,2272,12272.3470162025,7132.266120764,-2038.30890457613
2020-01-02 13:54:00,NA,NA,-2112.74897261194,12286.1805026846,7087.2724438031,-2112.74897261194,136380,2273,12291.8660314049,7052.98742852548,-2112.74897261194
2020-01-02 13:55:00,NA,NA,-2203.76538997307,12300.8957806046,7011.43609325131,-2203.76538997307,136440,2274,12310.4885875484,6974.79885054175,-2203.76538997307
2020-01-02 13:56:00,NA,NA,-2268.29299295583,12333.6348400466,6931.875115737,-2268.29299295583,136500,2275,12328.8673933437,6901.92604623865,-2268.29299295583
2020-01-02 13:57:00,NA,NA,-2319.09517843915,12366.0643364333,6866.99202706774,-2319.09517843915,136560,2276,12347.6549345834,6838.59953760112,-2319.09517843915
2020-01-02 13:58:00,12367.5040709633,6789.05857878671,NA,12367.5040709633,6789.05857878671,-2374.67669505333,136620,2277,12367.5040709633,6789.05857878671,-2368.49167182068
2020-01-02 13:59:00,NA,NA,-2402.05612975829,12363.967161629,6731.29329551568,-2402.05612975829,136680,2278,12389.0179380265,6756.38577909914,-2402.05612975829
2020-01-02 14:00:00,NA,NA,-2417.08722938762,12377.6591437666,6691.45159188834,-2417.08722938762,136740,2279,12412.5984043892,6739.00194674528,-2417.08722938762
2020-01-02 14:01:00,NA,NA,-2453.73057426301,12406.9413267982,6688.29072823246,-2453.73057426301,136800,2280,12438.5985345905,6734.17262394508,-2453.73057426301
2020-01-02 14:02:00,NA,NA,-2478.36434395024,12447.9857928667,6707.88387734427,-2478.36434395024,136860,2281,12467.3736065445,6739.17483627821,-2478.36434395024
2020-01-02 14:03:00,NA,NA,-2509.14134345391,12487.3990166792,6750.30602057116,-2509.14134345391,136920,2282,12499.2814364591,6751.29460195901,-2509.14134345391
2020-01-02 14:04:00,12534.6827061099,6767.82444939699,NA,12534.6827061099,6767.82444939699,-2535.22967748129,136980,2283,12534.6827061099,6767.82444939699,-2537.05517007255
2020-01-02 14:05:00,NA,NA,-2547.9644754929,12594.4012120678,6785.14747881069,-2547.9644754929,137040,2284,12572.447604686,6786.63955248456,-2547.9644754929
2020-01-02 14:06:00,NA,NA,-2531.46566499199,12634.9717925862,6806.0798607429,-2531.46566499199,137100,2285,12605.4734561542,6807.93172922237,-2531.46566499199
2020-01-02 14:07:00,NA,NA,-2491.39267847589,12653.4281199605,6833.76868039252,-2491.39267847589,137160,2286,12625.1595595143,6832.47367614685,-2491.39267847589
2020-01-02 14:08:00,NA,NA,-2445.63962261357,12642.8467153524,6869.73863616611,-2445.63962261357,137220,2287,12622.8930102535,6861.04106256545,-2445.63962261357
2020-01-02 14:09:00,12590.0408226826,6894.41323997177,NA,12590.0408226826,6894.41323997177,-2406.74708834492,137280,2288,12590.0408226826,6894.41323997177,-2391.64312246528
2020-01-02 14:10:00,12526.8858022684,6932.95803837991,NA,12526.8858022684,6932.95803837991,-2357.18271201857,137340,2289,12526.8858022684,6932.95803837991,-2345.8993806423
2020-01-02 14:11:00,NA,NA,-2332.25210561976,12476.9084083742,6992.53792221399,-2332.25210561976,137400,2290,12461.7698465209,6975.28890467537,-2332.25210561976
2020-01-02 14:12:00,NA,NA,-2344.63142505182,12435.3960939968,7049.73335694201,-2344.63142505182,137460,2291,12401.2157893208,7019.22532407092,-2344.63142505182
2020-01-02 14:13:00,NA,NA,-2303.04598790831,12362.7375077503,7088.51508058811,-2303.04598790831,137520,2292,12344.0607303074,7062.49287765577,-2303.04598790831
2020-01-02 14:14:00,12289.1448780582,7102.81653435291,NA,12289.1448780582,7102.81653435291,-2289.21183115541,137580,2293,12289.1448780582,7102.81653435291,-2274.43341738761
2020-01-02 14:15:00,NA,NA,-2270.7454288224,12222.3713513365,7099.05142229207,-2270.7454288224,137640,2294,12235.40267364,7138.47177520484,-2270.7454288224
2020-01-02 14:16:00,NA,NA,-2280.93425660047,12145.9847722607,7093.98111866159,-2280.93425660047,137700,2295,12182.138385988,7169.94273274255,-2280.93425660047
2020-01-02 14:17:00,NA,NA,-2292.82933693064,12077.9510814473,7118.32291807405,-2292.82933693064,137760,2296,12128.748905196,7198.26291657329,-2292.82933693064
2020-01-02 14:18:00,NA,NA,-2283.314695751,12013.9079354022,7140.07377267901,-2283.314695751,137820,2297,12074.6310066916,7224.4629544027,-2283.314695751
2020-01-02 14:19:00,NA,NA,-2322.2244504366,11945.4925618815,7167.53066482787,-2322.2244504366,137880,2298,12019.1807995215,7249.57153475069,-2322.2244504366
2020-01-02 14:20:00,NA,NA,-2393.20682343164,11875.1573232956,7214.83835283521,-2393.20682343164,137940,2299,11961.7931739988,7274.61634787592,-2393.20682343164
2020-01-02 14:21:00,NA,NA,-2421.80286200246,11809.2424078467,7270.16049674632,-2421.80286200246,138000,2300,11901.8612482271,7300.62502578833,-2421.80286200246
2020-01-02 14:22:00,NA,NA,-2406.95504634164,11749.9552499787,7313.27787681647,-2406.95504634164,138060,2301,11838.7758129987,7328.62608220992,-2406.95504634164
2020-01-02 14:23:00,NA,NA,-2417.3356595367,11702.414172558,7345.1973766375,-2417.3356595367,138120,2302,11771.9247745624,7359.64985334318,-2417.3356595367
2020-01-02 14:24:00,NA,NA,-2428.64587466158,11668.1650182434,7385.25815662811,-2428.64587466158,138180,2303,11700.6925947503,7394.72944030752,-2428.64587466158
2020-01-02 14:25:00,NA,NA,-2428.91239580671,11608.5338498267,7429.31665538552,-2428.91239580671,138240,2304,11624.4597279536,7434.9016541053,-2428.91239580671
2020-01-02 14:26:00,11542.6020544324,7481.20796398203,NA,11542.6020544324,7481.20796398203,-2476.23680166364,138300,2305,11542.6020544324,7481.20796398203,-2477.1968639458
2020-01-02 14:27:00,NA,NA,-2540.9100716498,11464.321367412,7553.10726972412,-2540.9100716498,138360,2306,11454.9456297472,7534.26647190937,-2540.9100716498
2020-01-02 14:28:00,NA,NA,-2570.77367047858,11374.6878852148,7642.33713303095,-2570.77367047858,138420,2307,11363.1325688763,7592.98546616988,-2570.77367047858
2020-01-02 14:29:00,NA,NA,-2575.18358352512,11289.9480232039,7714.19389033349,-2575.18358352512,138480,2308,11269.256503296,7655.84943648291,-2575.18358352512
2020-01-02 14:30:00,NA,NA,-2604.44523872262,11209.0996883439,7781.48835206673,-2604.44523872262,138540,2309,11175.409177714,7721.34666382057,-2604.44523872262
2020-01-02 14:31:00,NA,NA,-2665.60792626996,11133.2922858852,7840.70297484052,-2665.60792626996,138600,2310,11083.6823633376,7787.96783764719,-2665.60792626996
2020-01-02 14:32:00,NA,NA,-2755.71104098556,11040.8696755079,7896.27890280148,-2755.71104098556,138660,2311,10996.1697711667,7854.20467538195,-2755.71104098556
2020-01-02 14:33:00,NA,NA,-2831.1966338369,10949.232218551,7946.00830295052,-2831.1966338369,138720,2312,10914.9689670733,7918.54854279626,-2831.1966338369
2020-01-02 14:34:00,NA,NA,-2897.4919584207,10852.9817953976,7976.74644405804,-2897.4919584207,138780,2313,10842.1832904141,7979.48907408598,-2897.4919584207
2020-01-02 14:35:00,10779.9237779276,8035.51279035778,NA,10779.9237779276,8035.51279035778,-2976.28006512556,138840,2314,10779.9237779276,8035.51279035778,-2968.22911492933
2020-01-02 14:36:00,NA,NA,-3027.47349994552,10745.245948211,8091.77013253994,-3027.47349994552,138900,2315,10729.8055552607,8085.86388508746,-3027.47349994552
2020-01-02 14:37:00,NA,NA,-3062.07054995247,10734.5723255777,8138.10368718309,-3062.07054995247,138960,2316,10691.4326051898,8132.830181854,-3062.07054995247
2020-01-02 14:38:00,NA,NA,-3088.8143532606,10720.2927130806,8178.38378975769,-3088.8143532606,139020,2317,10663.9141173326,8179.45857778902,-3088.8143532606
2020-01-02 14:39:00,NA,NA,-3091.40432832784,10708.0252818357,8233.38196725807,-3091.40432832784,139080,2318,10646.3692098886,8228.79566145676,-3091.40432832784
2020-01-02 14:40:00,NA,NA,-3075.66203397552,10683.2861581943,8284.28821307807,-3075.66203397552,139140,2319,10637.9261238192,8283.89049941465,-3075.66203397552
2020-01-02 14:41:00,NA,NA,-3085.24622863455,10653.7530868229,8348.93750754984,-3085.24622863455,139200,2320,10637.7214254422,8347.79742510121,-3085.24622863455
2020-01-02 14:42:00,10644.8992166505,8423.57883256887,NA,10644.8992166505,8423.57883256887,-3096.19301730188,139260,2321,10644.8992166505,8423.57883256887,-3103.5778022355
2020-01-02 14:43:00,NA,NA,-3137.93964198309,10658.2894152251,8498.08587912255,-3137.93964198309,139320,2322,10658.5003566941,8512.8181087271,-3137.93964198309
2020-01-02 14:44:00,10677.1315796911,8611.15120359284,NA,10677.1315796911,8611.15120359284,-3221.06926006642,139380,2323,10677.1315796911,8611.15120359284,-3202.40535313945
2020-01-02 14:45:00,NA,NA,-3291.36225392919,10696.5181733092,8721.45719601133,-3291.36225392919,139440,2324,10700.3153428605,8714.04281592804,-3291.36225392919
2020-01-02 14:46:00,10731.6629207759,8822.20324281467,NA,10731.6629207759,8822.20324281467,-3382.74095489204,139500,2325,10731.6629207759,8822.20324281467,-3390.80134797412
2020-01-02 14:47:00,NA,NA,-3469.38167264073,10775.4695714003,8905.6385953092,-3469.38167264073,139560,2326,10774.4699693911,8937.02227127783,-3469.38167264073
2020-01-02 14:48:00,NA,NA,-3501.25177739176,10829.9549785167,8991.14973627589,-3501.25177739176,139620,2327,10826.6655605641,9057.35314815034,-3501.25177739176
2020-01-02 14:49:00,NA,NA,-3512.04282254789,10908.3433552524,9112.29029895235,-3512.04282254789,139680,2328,10884.8431509447,9181.41853526377,-3512.04282254789
2020-01-02 14:50:00,NA,NA,-3545.66620797053,10986.4912611789,9232.75193154822,-3545.66620797053,139740,2329,10945.6016686393,9307.4445103996,-3545.66620797053
2020-01-02 14:51:00,NA,NA,-3563.96284410035,11050.6419375796,9363.25032100423,-3563.96284410035,139800,2330,11005.5424021835,9433.65894456451,-3563.96284410035
2020-01-02 14:52:00,NA,NA,-3585.42858952629,11102.1914099748,9517.43895594166,-3585.42858952629,139860,2331,11061.2658917852,9558.28988102291,-3585.42858952629
2020-01-02 14:53:00,NA,NA,-3596.28960886612,11126.728008485,9660.40316085529,-3596.28960886612,139920,2332,11109.3688198889,9679.56391450283,-3596.28960886612
2020-01-02 14:54:00,11146.4408982105,9795.70456908082,NA,11146.4408982105,9795.70456908082,-3561.87510710558,139980,2333,11146.4408982105,9795.70456908082,-3563.44754669995
2020-01-02 14:55:00,NA,NA,-3523.7113679463,11175.1990589511,9905.00818932063,-3523.7113679463,140040,2334,11172.8459130417,9905.97063100718,-3523.7113679463
2020-01-02 14:56:00,11204.0752480157,10013.7755351251,NA,11204.0752480157,10013.7755351251,-3514.86571536215,140100,2335,11204.0752480157,10013.7755351251,-3518.16523620549
2020-01-02 14:57:00,NA,NA,-3529.78294520822,11246.5165306123,10114.8117993884,-3529.78294520822,140160,2336,11255.2968114918,10122.5303073903,-3529.78294520822
2020-01-02 14:58:00,NA,NA,-3548.82493462722,11305.2575699462,10227.9173096129,-3548.82493462722,140220,2337,11325.2478229782,10231.4861879632,-3548.82493462722
2020-01-02 14:59:00,NA,NA,-3618.91376042174,11378.9338800808,10351.5114800432,-3618.91376042174,140280,2338,11408.5705822264,10338.8544854826,-3618.91376042174
2020-01-02 15:00:00,NA,NA,-3691.47917980935,11462.412605723,10460.4512088616,-3691.47917980935,140340,2339,11499.9196198081,10442.8450561957,-3691.47917980935
2020-01-02 15:01:00,NA,NA,-3750.95045840643,11548.7815299969,10554.2898188827,-3750.95045840643,140400,2340,11593.9568074333,10541.6646665403,-3750.95045840643
2020-01-02 15:02:00,NA,NA,-3830.98518408276,11640.1032124861,10630.3363163752,-3830.98518408276,140460,2341,11685.3464752101,10633.5153529173,-3830.98518408276
2020-01-02 15:03:00,NA,NA,-3930.28953953098,11739.2002409814,10692.7266314319,-3930.28953953098,140520,2342,11768.7505311738,10716.5927771303,-3930.28953953098
2020-01-02 15:04:00,11838.823578602,10789.0845759881,NA,11838.823578602,10789.0845759881,-3997.58613873211,140580,2343,11838.823578602,10789.0845759881,-3987.69830229935
2020-01-02 15:05:00,NA,NA,-4004.08133314268,11896.8215161,10876.4757382562,-4004.08133314268,140640,2344,11891.7476947216,10849.7644651095,-4004.08133314268
2020-01-02 15:06:00,NA,NA,-3996.0398049234,11928.6857636389,10937.6414375551,-3996.0398049234,140700,2345,11929.8482230063,10899.7785096403,-3996.0398049234
2020-01-02 15:07:00,NA,NA,-3958.69615593526,11950.8627752626,10967.7152781505,-3958.69615593526,140760,2346,11956.9766124921,10940.8587778681,-3958.69615593526
2020-01-02 15:08:00,NA,NA,-3875.32080205591,11966.7279096195,10981.2051524225,-3875.32080205591,140820,2347,11976.9742764478,10974.7291665053,-3875.32080205591
2020-01-02 15:09:00,NA,NA,-3811.73352109492,12006.3779288593,10989.3090032409,-3811.73352109492,140880,2348,11993.6761060727,11003.1069775591,-3811.73352109492
2020-01-02 15:10:00,NA,NA,-3753.6781805075,12021.3520920108,11001.0956046105,-3753.6781805075,140940,2349,12010.913978197,11027.7044891268,-3753.6781805075
2020-01-02 15:11:00,NA,NA,-3697.6528499033,12029.0725644391,11029.4375224853,-3697.6528499033,141000,2350,12032.5202602374,11050.2305215948,-3697.6528499033
2020-01-02 15:12:00,NA,NA,-3660.08672222667,12066.2452567794,11065.9904011582,-3660.08672222667,141060,2351,12062.3313156115,11072.3920006778,-3660.08672222667
2020-01-02 15:13:00,12104.1910128113,11095.8955187248,NA,12104.1910128113,11095.8955187248,-3594.77560793595,141120,2352,12104.1910128113,11095.8955187248,-3583.33481778328
2020-01-02 15:14:00,NA,NA,-3484.62521372288,12138.0829520116,11137.2950173981,-3484.62521372288,141180,2353,12160.9262166956,11122.0880635828,-3484.62521372288
2020-01-02 15:15:00,NA,NA,-3404.78252663281,12190.8631945811,11182.2701083224,-3404.78252663281,141240,2354,12231.2651143721,11150.8756886374,-3404.78252663281
2020-01-02 15:16:00,NA,NA,-3373.39104772554,12255.7286706519,11215.8919891422,-3373.39104772554,141300,2355,12312.9203157643,11181.805989783,-3373.39104772554
2020-01-02 15:17:00,NA,NA,-3373.22055545748,12333.6917027639,11259.0252326805,-3373.22055545748,141360,2356,12403.6147816707,11214.428522797,-3373.22055545748
2020-01-02 15:18:00,NA,NA,-3334.43867677843,12410.6665780167,11288.6646406267,-3334.43867677843,141420,2357,12501.0797409013,11248.2943913045,-3334.43867677843
2020-01-02 15:19:00,NA,NA,-3268.77717341933,12517.1011867954,11341.0779311127,-3268.77717341933,141480,2358,12603.0526150566,11282.9558361758,-3268.77717341933
2020-01-02 15:20:00,NA,NA,-3165.2464563644,12645.9248268423,11390.2930989229,-3165.2464563644,141540,2359,12707.2749489712,11317.9658259662,-3165.2464563644
2020-01-02 15:21:00,NA,NA,-3087.87928476937,12758.440954848,11399.2635816452,-3087.87928476937,141600,2360,12811.4903449293,11352.8776480205,-3087.87928476937
2020-01-02 15:22:00,NA,NA,-3066.45522128119,12866.6588608212,11425.4873022835,-3066.45522128119,141660,2361,12913.4423987605,11387.2444998693,-3066.45522128119
2020-01-02 15:23:00,NA,NA,-3086.32336157569,12975.6904093738,11432.9907406209,-3086.32336157569,141720,2362,13010.8726359282,11420.6190805429,-3086.32336157569
2020-01-02 15:24:00,NA,NA,-3126.921024962,13074.0594450261,11439.8178125467,-3126.921024962,141780,2363,13101.5184457253,11452.5531814296,-3126.921024962
2020-01-02 15:25:00,NA,NA,-3119.21593868753,13175.8924024162,11470.9453174546,-3119.21593868753,141840,2364,13183.1110116841,11482.5972763027,-3119.21593868753
2020-01-02 15:26:00,13253.3732363108,11510.3001101437,NA,13253.3732363108,11510.3001101437,-3093.63037894707,141900,2365,13253.3732363108,11510.3001101437,-3081.34653857179
2020-01-02 15:27:00,NA,NA,-3048.386115974,13300.1647015498,11557.7985120145,-3048.386115974,141960,2366,13311.3125709168,11535.1332349707,-3048.386115974
2020-01-02 15:28:00,NA,NA,-3036.21228798959,13356.8577629914,11592.9073721901,-3036.21228798959,142020,2367,13361.1050822676,11556.2653578845,-3036.21228798959
2020-01-02 15:29:00,NA,NA,-3005.37244394612,13405.3928106363,11614.4627331132,-3005.37244394612,142080,2368,13408.214296647,11572.7867483226,-3005.37244394612
2020-01-02 15:30:00,NA,NA,-2954.62387985982,13459.233895032,11601.5766624562,-2954.62387985982,142140,2369,13458.1012867885,11583.783458092,-2954.62387985982
2020-01-02 15:31:00,13516.2296668671,11588.336485469,NA,13516.2296668671,11588.336485469,-2933.6861842164,142200,2370,13516.2296668671,11588.336485469,-2912.88997750721
2020-01-02 15:32:00,13583.486105189,11585.3400123256,NA,13583.486105189,11585.3400123256,-2868.8089624632,142260,2371,13583.486105189,11585.3400123256,-2867.25239088116
2020-01-02 15:33:00,NA,NA,-2792.03232456356,13647.7175955946,11581.232122854,-2792.03232456356,142320,2372,13646.2716773819,11573.4206334399,-2792.03232456356
2020-01-02 15:34:00,NA,NA,-2672.19298773087,13705.8446666035,11564.3073403117,-2672.19298773087,142380,2373,13701.7789461132,11552.8681110779,-2672.19298773087
2020-01-02 15:35:00,NA,NA,-2538.11614711659,13771.7180896127,11519.1485107093,-2538.11614711659,142440,2374,13751.0386549143,11524.4273509192,-2538.11614711659
2020-01-02 15:36:00,NA,NA,-2417.14111301181,13829.3911425201,11475.3715218603,-2417.14111301181,142500,2375,13795.0758326282,11488.8360429798,-2417.14111301181
2020-01-02 15:37:00,NA,NA,-2313.12708570128,13895.9033174097,11419.2526770852,-2313.12708570128,142560,2376,13834.9107311208,11446.8253366283,-2313.12708570128
2020-01-02 15:38:00,NA,NA,-2258.58577300451,13946.2753203336,11367.9708842615,-2258.58577300451,142620,2377,13871.5597585186,11399.1205094263,-2258.58577300451
2020-01-02 15:39:00,NA,NA,-2260.85274325465,13976.7091053409,11317.5011771314,-2260.85274325465,142680,2378,13906.0364089136,11346.4416305595,-2260.85274325465
2020-01-02 15:40:00,NA,NA,-2284.09121771423,14010.4787061372,11270.4760570604,-2284.09121771423,142740,2379,13939.3521893986,11289.5042194924,-2284.09121771423
2020-01-02 15:41:00,NA,NA,-2307.50939271818,14040.4380605711,11235.0852868908,-2307.50939271818,142800,2380,13972.5175452831,11229.0199004547,-2307.50939271818
2020-01-02 15:42:00,NA,NA,-2353.35653979434,14063.6905094961,11187.8314788812,-2353.35653979434,142860,2381,14006.5427843379,11165.6970533624,-2353.35653979434
2020-01-02 15:43:00,NA,NA,-2405.5237271614,14084.9513786379,11124.5440030782,-2405.5237271614,142920,2382,14042.4390009136,11100.2414617697,-2405.5237271614
2020-01-02 15:44:00,NA,NA,-2411.70932530867,14106.5840277692,11044.2959780812,-2411.70932530867,142980,2383,14081.2190007794,11033.3569584449,-2411.70932530867
2020-01-02 15:45:00,14123.8982275261,10965.7460691618,NA,14123.8982275261,10965.7460691618,-2406.39912626654,143040,2384,14123.8982275261,10965.7460691618,-2407.772202393
2020-01-02 15:46:00,NA,NA,-2384.44620388107,14158.2075536527,10893.1235212282,-2384.44620388107,143100,2385,14170.9204843099,10898.0782459762,-2384.44620388107
2020-01-02 15:47:00,NA,NA,-2348.23245386874,14204.937125401,10823.3914161774,-2348.23245386874,143160,2386,14220.4326137084,10830.8932453656,-2348.23245386874
2020-01-02 15:48:00,NA,NA,-2396.68797821921,14240.5921196229,10739.5891051332,-2396.68797821921,143220,2387,14270.0085295757,10764.6988557309,-2396.68797821921
2020-01-02 15:49:00,NA,NA,-2469.4075506525,14262.2591335757,10677.6902359957,-2469.4075506525,143280,2388,14317.2222037484,10700.0037716465,-2469.4075506525
2020-01-02 15:50:00,NA,NA,-2511.11955587665,14297.873006215,10636.5389700786,-2511.11955587665,143340,2389,14359.6454470593,10637.3180591476,-2511.11955587665
2020-01-02 15:51:00,NA,NA,-2558.27648261069,14334.2419865453,10586.945828733,-2558.27648261069,143400,2390,14394.8456883419,10577.1536222742,-2558.27648261069
2020-01-02 15:52:00,NA,NA,-2619.16115275899,14383.1295757078,10531.6122936838,-2619.16115275899,143460,2391,14420.3837494079,10520.0246712989,-2619.16115275899
2020-01-02 15:53:00,14433.8116139698,10466.4481930679,NA,14433.8116139698,10466.4481930679,-2662.09961089064,143520,2392,14433.8116139698,10466.4481930679,-2663.99706426838
2020-01-02 15:54:00,NA,NA,-2697.53809514511,14447.055093765,10396.851981546,-2697.53809514511,143580,2393,14432.9908509843,10416.2413830885,-2697.53809514511
2020-01-02 15:55:00,NA,NA,-2721.26063090178,14429.5579434403,10336.1870241362,-2721.26063090178,143640,2394,14417.052702195,10366.4122266197,-2721.26063090178
2020-01-02 15:56:00,NA,NA,-2718.03049457913,14394.4521856261,10288.4948638345,-2718.03049457913,143700,2395,14385.4352395358,10313.2660128112,-2718.03049457913
2020-01-02 15:57:00,NA,NA,-2764.64216613387,14337.8619906214,10243.1272648715,-2764.64216613387,143760,2396,14337.5621927087,10253.1049960197,-2764.64216613387
2020-01-02 15:58:00,14272.8424223002,10182.2250137109,NA,14272.8424223002,10182.2250137109,-2816.0562399694,143820,2397,14272.8424223002,10182.2250137109,-2822.67398712004
2020-01-02 15:59:00,NA,NA,-2865.86770546288,14197.203310459,10106.6318825206,-2865.86770546288,143880,2398,14191.2169310865,10097.844324067,-2865.86770546288
2020-01-02 16:00:00,NA,NA,-2884.17557288429,14108.2532706439,10021.166682268,-2884.17557288429,143940,2399,14094.801563355,10000.8979071168,-2884.17557288429
2020-01-02 16:01:00,NA,NA,-2877.4210752933,14007.3549618036,9912.00895948457,-2877.4210752933,144000,2400,13986.2461823513,9893.24147053104,-2877.4210752933
2020-01-02 16:02:00,NA,NA,-2844.83981102973,13914.7045685585,9782.10285180067,-2844.83981102973,144060,2401,13868.1895469334,9776.72092551084,-2844.83981102973
2020-01-02 16:03:00,NA,NA,-2813.80372899648,13813.0447663834,9635.96972475335,-2813.80372899648,144120,2402,13743.2617253641,9653.17407537366,-2813.80372899648
2020-01-02 16:04:00,NA,NA,-2795.98642236666,13698.109644147,9501.85892897918,-2795.98642236666,144180,2403,13614.0865010266,9524.43229660077,-2795.98642236666
2020-01-02 16:05:00,NA,NA,-2841.59054016461,13558.5986382635,9361.21090399339,-2841.59054016461,144240,2404,13483.2837723779,9392.32221398984,-2841.59054016461
2020-01-02 16:06:00,NA,NA,-2925.68471570862,13428.9747108079,9225.58887664517,-2925.68471570862,144300,2405,13353.471949346,9258.66737145641,-2925.68471570862
2020-01-02 16:07:00,NA,NA,-3015.08435478205,13291.1376068729,9100.37374486,-3015.08435478205,144360,2406,13227.270348365,9125.28990001522,-3015.08435478205
2020-01-02 16:08:00,NA,NA,-3092.51509731179,13152.308435788,8974.0220938914,-3092.51509731179,144420,2407,13107.3015882389,8994.01218446829,-3092.51509731179
2020-01-02 16:09:00,NA,NA,-3130.62484990298,13021.6225623888,8872.76240202674,-3130.62484990298,144480,2408,12996.1939890263,8866.65853032478,-3130.62484990298
2020-01-02 16:10:00,12896.5839761412,8745.05683247757,NA,12896.5839761412,8745.05683247757,-3128.19165590967,144540,2409,12896.5839761412,8745.05683247757,-3128.18987301725
2020-01-02 16:11:00,NA,NA,-3124.77948006036,12787.3127782601,8605.31010447416,-3124.77948006036,144600,2410,12810.2222640645,8630.19578469363,-3124.77948006036
2020-01-02 16:12:00,NA,NA,-3150.54573812975,12714.4253019413,8489.46242462707,-3150.54573812975,144660,2411,12735.2866114478,8519.69224168163,-3150.54573812975
2020-01-02 16:13:00,NA,NA,-3175.5704730257,12657.4245129968,8402.74538568761,-3175.5704730257,144720,2412,12669.0690028008,8410.32258139364,-3175.5704730257
2020-01-02 16:14:00,12608.8693966756,8298.86421838966,NA,12608.8693966756,8298.86421838966,-3202.20151306185,144780,2413,12608.8693966756,8298.86421838966,-3198.41539734027
2020-01-02 16:15:00,12550.7814164364,8183.48425747803,NA,12550.7814164364,8183.48425747803,-3218.57431255356,144840,2414,12550.7814164364,8183.48425747803,-3211.60677718621
2020-01-02 16:16:00,NA,NA,-3202.41822462963,12481.1337337644,8065.60965509236,-3202.41822462963,144900,2415,12487.8847779598,8067.09300198972,-3202.41822462963
2020-01-02 16:17:00,NA,NA,-3160.12052437782,12400.5981252684,7939.44627177046,-3160.12052437782,144960,2416,12419.3702659975,7950.71178441194,-3160.12052437782
2020-01-02 16:18:00,NA,NA,-3093.92622170409,12324.7941783251,7815.6506497287,-3093.92622170409,145020,2417,12346.2552682539,7834.54207163348,-3093.92622170409
2020-01-02 16:19:00,NA,NA,-3042.86437452638,12262.1991920534,7689.0556978393,-3042.86437452638,145080,2418,12269.5529642102,7718.78552387128,-3042.86437452638
2020-01-02 16:20:00,NA,NA,-3020.66903182989,12170.0815906754,7580.25362192291,-3020.66903182989,145140,2419,12190.2732520614,7603.64417922583,-3020.66903182989
2020-01-02 16:21:00,NA,NA,-3008.87115260101,12075.4173867833,7474.27455924103,-3008.87115260101,145200,2420,12109.4236725016,7489.32063850796,-3008.87115260101
2020-01-02 16:22:00,NA,NA,-2992.22167671805,12009.4500800704,7389.39238838383,-2992.22167671805,145260,2421,12028.0103303248,7376.01825056583,-2992.22167671805
2020-01-02 16:23:00,NA,NA,-2949.39809354112,11926.9360079117,7296.0978108833,-2949.39809354112,145320,2422,11947.0388147061,7263.94129829121,-2949.39809354112
2020-01-02 16:24:00,NA,NA,-2878.96046290297,11849.1039010967,7191.00524962344,-2878.96046290297,145380,2423,11867.5151190064,7153.29518547783,-2878.96046290297
2020-01-02 16:25:00,NA,NA,-2818.39337177255,11776.5138166221,7087.89901070232,-2818.39337177255,145440,2424,11790.4465609465,7044.28662470402,-2818.39337177255
2020-01-02 16:26:00,NA,NA,-2749.05731670844,11712.4609525577,6987.40635757546,-2749.05731670844,145500,2425,11716.8427039919,6937.12382641187,-2749.05731670844
2020-01-02 16:27:00,NA,NA,-2710.28762191245,11635.6878152489,6879.60347033253,-2710.28762191245,145560,2426,11647.7162807913,6832.01668935617,-2710.28762191245
2020-01-02 16:28:00,NA,NA,-2689.95720624502,11553.4223490695,6771.80052531524,-2689.95720624502,145620,2427,11584.0841195143,6729.17699259744,-2689.95720624502
2020-01-02 16:29:00,NA,NA,-2677.60886974587,11496.3316662219,6656.91927589844,-2677.60886974587,145680,2428,11526.968073935,6628.81858921474,-2677.60886974587
2020-01-02 16:30:00,NA,NA,-2685.48745822686,11456.086330304,6547.19876294081,-2685.48745822686,145740,2429,11477.3959581128,6531.15760191547,-2685.48745822686
2020-01-02 16:31:00,11436.4024865246,6436.4126207212,NA,11436.4024865246,6436.4126207212,-2666.21243923576,145800,2430,11436.4024865246,6436.4126207212,-2673.65935918386
2020-01-02 16:32:00,NA,NA,-2615.42701786992,11426.5887969943,6345.82820461478,-2615.42701786992,145860,2431,11404.8138396202,6344.73989538484,-2615.42701786992
2020-01-02 16:33:00,NA,NA,-2509.09614366959,11425.009395109,6276.19159549387,-2509.09614366959,145920,2432,11382.5992387647,6256.03844384627,-2509.09614366959
2020-01-02 16:34:00,NA,NA,-2406.42307873646,11437.7673923325,6217.4899086298,-2406.42307873646,145980,2433,11369.5201012664,6170.14499438302,-2406.42307873646
2020-01-02 16:35:00,NA,NA,-2300.50256899155,11449.2855725637,6165.88170386685,-2300.50256899155,146040,2434,11365.3462007002,6086.89884372015,-2300.50256899155
2020-01-02 16:36:00,NA,NA,-2205.36219387264,11477.659846313,6117.41961464967,-2205.36219387264,146100,2435,11369.8554562438,6006.14171003794,-2205.36219387264
2020-01-02 16:37:00,NA,NA,-2102.20354723134,11488.5700096035,6069.83480921222,-2102.20354723134,146160,2436,11382.8337295242,5927.71758819415,-2102.20354723134
2020-01-02 16:38:00,NA,NA,-1955.55513039771,11467.3411809834,6013.72796336835,-1955.55513039771,146220,2437,11404.0746287388,5851.47260702822,-1955.55513039771
2020-01-02 16:39:00,NA,NA,-1818.32170787521,11443.9917887638,5933.19696652813,-1818.32170787521,146280,2438,11433.3793198649,5777.2548886171,-1818.32170787521
2020-01-02 16:40:00,NA,NA,-1657.07591967393,11457.7513177352,5836.20413997518,-1657.07591967393,146340,2439,11470.556344784,5704.91440935416,-1657.07591967393
2020-01-02 16:41:00,NA,NA,-1516.17236998167,11493.2490947534,5716.83209844498,-1516.17236998167,146400,2440,11515.4214461542,5634.30286272405,-1516.17236998167
2020-01-02 16:42:00,NA,NA,-1386.25586407481,11557.2418728404,5585.74802069107,-1386.25586407481,146460,2441,11567.797398869,5565.2735236482,-1386.25586407481
2020-01-02 16:43:00,11627.5138479499,5497.68111427667,NA,11627.5138479499,5497.68111427667,-1292.95374904221,146520,2442,11627.5138479499,5497.68111427667,-1297.19615499137
2020-01-02 16:44:00,NA,NA,-1234.37294692927,11697.9616218179,5408.44373110097,-1234.37294692927,146580,2443,11694.1094564868,5431.84603529585,-1234.37294692927
2020-01-02 16:45:00,NA,NA,-1187.20642429133,11759.7314113821,5321.88387965752,-1187.20642429133,146640,2444,11765.9383416868,5369.94783721369,-1187.20642429133
2020-01-02 16:46:00,NA,NA,-1187.98812304902,11817.8559471845,5250.88225630298,-1187.98812304902,146700,2445,11841.0617132774,5314.63403663912,-1187.98812304902
2020-01-02 16:47:00,NA,NA,-1176.87440626791,11875.6091958271,5212.3761697865,-1176.87440626791,146760,2446,11917.5437942194,5268.55817340803,-1176.87440626791
2020-01-02 16:48:00,NA,NA,-1163.28500702343,11956.5644095953,5203.68355603212,-1163.28500702343,146820,2447,11993.4500500892,5234.38223759391,-1163.28500702343
2020-01-02 16:49:00,NA,NA,-1142.23295184856,12051.172556896,5202.16556200059,-1142.23295184856,146880,2448,12066.8454196049,5214.77910433564,-1142.23295184856
2020-01-02 16:50:00,12135.7925446592,5212.43497865232,NA,12135.7925446592,5212.43497865232,-1130.27861407787,146940,2449,12135.7925446592,5212.43497865232,-1115.17250945632
2020-01-02 16:51:00,NA,NA,-1093.46096436648,12196.5157642127,5219.89573517182,-1093.46096436648,147000,2450,12198.7111706832,5228.39727029335,-1093.46096436648
2020-01-02 16:52:00,NA,NA,-1082.66781721846,12261.8962321927,5241.99955570482,-1082.66781721846,147060,2451,12255.4602840423,5257.1115038843,-1082.66781721846
2020-01-02 16:53:00,NA,NA,-1076.50463203227,12329.8610270283,5281.22807884037,-1076.50463203227,147120,2452,12306.2543990744,5291.38028906414,-1076.50463203227
2020-01-02 16:54:00,NA,NA,-1108.811635218,12370.2724909366,5323.88781662406,-1108.811635218,147180,2453,12351.3025830422,5324.01131517579,-1108.811635218
2020-01-02 16:55:00,NA,NA,-1154.7387708177,12390.1584072016,5360.257851516,-1154.7387708177,147240,2454,12390.8086474167,5347.81077270121,-1154.7387708177
2020-01-02 16:56:00,12424.9713343145,5355.57677327206,NA,12424.9713343145,5355.57677327206,-1225.10711884323,147300,2455,12424.9713343145,5355.57677327206,-1228.09234757953
2020-01-02 16:57:00,NA,NA,-1308.64358430487,12471.064221175,5322.85121397044,-1308.64358430487,147360,2456,12453.6891648396,5342.8296762449,-1308.64358430487
2020-01-02 16:58:00,NA,NA,-1373.70473271245,12482.5276401193,5299.33147719792,-1373.70473271245,147420,2457,12475.6742905623,5316.01923329737,-1373.70473271245
2020-01-02 16:59:00,NA,NA,-1427.44957279317,12484.3312405915,5277.04200307043,-1427.44957279317,147480,2458,12489.3373692935,5284.31924329867,-1427.44957279317
2020-01-02 17:00:00,12493.0814462542,5256.89903402075,NA,12493.0814462542,5256.89903402075,-1419.2151692942,147540,2459,12493.0814462542,5256.89903402075,-1442.05673895685
2020-01-02 17:01:00,12490.6347438303,5238.93416849062,NA,12490.6347438303,5238.93416849062,-1437.88141931295,147600,2460,12490.6347438303,5238.93416849062,-1448.57725393023
2020-01-02 17:02:00,NA,NA,-1496.63103080797,12477.9991035131,5236.46089095198,-1496.63103080797,147660,2461,12501.6162670174,5222.07895175861,-1496.63103080797
2020-01-02 17:03:00,NA,NA,-1600.90260301464,12469.3694723846,5230.88902335215,-1600.90260301464,147720,2462,12529.2244071841,5203.83767099275,-1600.90260301464
2020-01-02 17:04:00,NA,NA,-1667.86702697219,12475.4996638333,5215.11308299347,-1667.86702697219,147780,2463,12571.231229395,5184.17489428062,-1667.86702697219
2020-01-02 17:05:00,NA,NA,-1706.28063772102,12504.5096862447,5204.3174639279,-1706.28063772102,147840,2464,12625.4219695615,5163.05388936294,-1706.28063772102
2020-01-02 17:06:00,NA,NA,-1723.51934636662,12551.6544650298,5194.5160590276,-1723.51934636662,147900,2465,12689.5930081736,5140.43659009902,-1723.51934636662
2020-01-02 17:07:00,NA,NA,-1735.43754218007,12613.0425829397,5177.53533177919,-1735.43754218007,147960,2466,12761.5498545721,5116.28356166732,-1735.43754218007
2020-01-02 17:08:00,NA,NA,-1720.73013878396,12671.8205596318,5135.99402432961,-1720.73013878396,148020,2467,12839.1051396341,5090.55396450397,-1720.73013878396
2020-01-02 17:09:00,NA,NA,-1716.325962618,12751.0138162806,5095.18945457753,-1716.325962618,148080,2468,12920.0766149916,5063.20551695234,-1716.325962618
2020-01-02 17:10:00,NA,NA,-1699.37241386268,12838.0114925691,5081.58362146641,-1699.37241386268,148140,2469,13002.2851569417,5034.19445659173,-1699.37241386268
2020-01-02 17:11:00,NA,NA,-1674.25330225142,12935.7649375546,5054.51104396421,-1674.25330225142,148200,2470,13083.5527732191,5003.47550021046,-1674.25330225142
2020-01-02 17:12:00,NA,NA,-1651.60437315081,13032.1488825278,4991.68169222367,-1651.60437315081,148260,2471,13161.7006108039,4971.00180238729,-1651.60437315081
2020-01-02 17:13:00,NA,NA,-1613.93626556511,13127.2562971161,4938.10546471273,-1613.93626556511,148320,2472,13234.5469629438,4936.72491264353,-1613.93626556511
2020-01-02 17:14:00,NA,NA,-1600.24880832306,13208.2531765325,4884.81419263954,-1600.24880832306,148380,2473,13299.9052735653,4900.59473112663,-1600.24880832306
2020-01-02 17:15:00,NA,NA,-1595.67358591053,13286.439635619,4810.14532881647,-1595.67358591053,148440,2474,13355.5821372501,4862.55946278501,-1595.67358591053
2020-01-02 17:16:00,NA,NA,-1590.35526127931,13360.6040301432,4769.21534974901,-1590.35526127931,148500,2475,13399.3752929459,4822.5655699921,-1590.35526127931
2020-01-02 17:17:00,NA,NA,-1554.83522146176,13418.1099662139,4745.00913360292,-1554.83522146176,148560,2476,13429.0716095769,4780.55772357638,-1554.83522146176
2020-01-02 17:18:00,13442.445061712,4736.47875221259,NA,13442.445061712,4736.47875221259,-1533.51654411524,148620,2477,13442.445061712,4736.47875221259,-1531.99831510947
2020-01-02 17:19:00,NA,NA,-1521.58803148521,13447.0156865063,4712.60425679288,-1521.58803148521,148680,2478,13438.5274205412,4690.09548188093,-1521.58803148521
2020-01-02 17:20:00,NA,NA,-1515.67236448515,13423.2748157432,4681.89100033537,-1515.67236448515,148740,2479,13421.4257806295,4640.4761649811,-1515.67236448515
2020-01-02 17:21:00,NA,NA,-1533.80308160304,13386.1130405101,4640.63868879433,-1533.80308160304,148800,2480,13396.5079009834,4586.51198420639,-1533.80308160304
2020-01-02 17:22:00,NA,NA,-1571.22137812003,13350.2120351633,4559.85943590544,-1571.22137812003,148860,2481,13369.1343918546,4527.0901477572,-1571.22137812003
2020-01-02 17:23:00,13344.6636179075,4461.09287158224,NA,13344.6636179075,4461.09287158224,-1613.72004211162,148920,2482,13344.6636179075,4461.09287158224,-1620.84226118187
2020-01-02 17:24:00,NA,NA,-1662.82900930566,13361.9072985932,4368.411624637,-1662.82900930566,148980,2483,13327.432175473,4387.86640845909,-1662.82900930566
2020-01-02 17:25:00,NA,NA,-1677.10412770739,13382.0394044884,4295.69917774287,-1677.10412770739,149040,2484,13317.6854005445,4308.63068927825,-1677.10412770739
2020-01-02 17:26:00,NA,NA,-1687.7734369748,13393.8178868144,4228.45288152068,-1687.7734369748,149100,2485,13314.6510533709,4225.07019755435,-1687.7734369748
2020-01-02 17:27:00,NA,NA,-1778.02977382969,13390.7929217412,4157.1695703763,-1778.02977382969,149160,2486,13317.5630340748,4138.86546105182,-1778.02977382969
2020-01-02 17:28:00,NA,NA,-1863.28112127156,13398.9623097352,4073.24768056489,-1863.28112127156,149220,2487,13325.6606818343,4051.69458899178,-1863.28112127156
2020-01-02 17:29:00,NA,NA,-1956.73757065743,13388.6792793644,3975.23999043165,-1956.73757065743,149280,2488,13338.1880790999,3965.23480699863,-1956.73757065743
2020-01-02 17:30:00,NA,NA,-2026.17213879936,13390.2156799324,3879.69674797912,-2026.17213879936,149340,2489,13354.3933601568,3881.16399123747,-2026.17213879936
2020-01-02 17:31:00,NA,NA,-2031.1834875717,13388.3089563217,3809.42301404045,-2031.1834875717,149400,2490,13373.5280233969,3801.16220314742,-2031.1834875717
2020-01-02 17:32:00,NA,NA,-2001.91284716414,13417.1135335979,3734.30285497713,-2001.91284716414,149460,2491,13394.8462466698,3726.91322617497,-2001.91284716414
2020-01-02 17:33:00,NA,NA,-1937.93977709776,13447.5341835183,3672.86796574639,-1937.93977709776,149520,2492,13417.6042050842,3660.1061059126,-1937.93977709776
2020-01-02 17:34:00,NA,NA,-1931.68381166575,13466.962018538,3610.50097111272,-1931.68381166575,149580,2493,13441.0593906372,3602.43669505146,-1931.68381166575
2020-01-02 17:35:00,NA,NA,-1950.63454583288,13475.6398240225,3553.90545646476,-1950.63454583288,149640,2494,13464.4699330483,3555.60920456108,-1950.63454583288
2020-01-02 17:36:00,13487.0939211762,3521.33776251475,NA,13487.0939211762,3521.33776251475,-1984.76944614049,149700,2495,13487.0939211762,3521.33776251475,-1961.80518587945
2020-01-02 17:37:00,13506.143040988,3499.68100008223,NA,13506.143040988,3499.68100008223,-1981.04750361657,149760,2496,13506.143040988,3499.68100008223,-1958.37093301458
2020-01-02 17:38:00,NA,NA,-1936.91713461378,13510.8427100183,3473.9260588198,-1936.91713461378,149820,2497,13512.9280121159,3484.73278429761,-1936.91713461378
2020-01-02 17:39:00,NA,NA,-1899.45661330416,13501.708387972,3459.39514698288,-1899.45661330416,149880,2498,13505.8447281069,3471.69398436635,-1899.45661330416
2020-01-02 17:40:00,NA,NA,-1869.85745093545,13483.4746006237,3461.36862620953,-1869.85745093545,149940,2499,13485.5618088477,3456.4591454906,-1869.85745093545
2020-01-02 17:41:00,13452.7357999775,3434.92080332568,NA,13452.7357999775,3434.92080332568,-1857.45415410361,150000,2500,13452.7357999775,3434.92080332568,-1856.80639803286
2020-01-02 17:42:00,NA,NA,-1829.16308827922,13410.4982951341,3366.06155192478,-1829.16308827922,150060,2501,13408.2619803667,3404.03002737927,-1829.16308827922
2020-01-02 17:43:00,NA,NA,-1757.49048615992,13354.9868486019,3315.3301688884,-1757.49048615992,150120,2502,13354.0258447231,3364.9867271301,-1757.49048615992
2020-01-02 17:44:00,NA,NA,-1675.69979952378,13299.9098323541,3273.59664818177,-1675.69979952378,150180,2503,13292.1541617385,3320.04765288475,-1675.69979952378
2020-01-02 17:45:00,NA,NA,-1653.55633991324,13232.3513759319,3248.27841351216,-1653.55633991324,150240,2504,13224.7667159566,3271.46416225667,-1653.55633991324
2020-01-02 17:46:00,13153.9782468257,3221.48427952276,NA,13153.9782468257,3221.48427952276,-1608.19162054382,150300,2505,13153.9782468257,3221.48427952276,-1621.42903243124
2020-01-02 17:47:00,NA,NA,-1587.29413697391,13079.5621494603,3192.27318007171,-1587.29413697391,150360,2506,13081.6553928803,3171.75924628455,-1587.29413697391
2020-01-02 17:48:00,NA,NA,-1573.75237497444,13011.7010291309,3137.54710815227,-1573.75237497444,150420,2507,13008.6833831332,3121.5584053294,-1573.75237497444
2020-01-02 17:49:00,12935.7018619109,3069.55515789276,NA,12935.7018619109,3069.55515789276,-1532.2147791768,150480,2508,12935.7018619109,3069.55515789276,-1549.92870283564
2020-01-02 17:50:00,NA,NA,-1517.13799569944,12855.5528205388,3000.57093707683,-1517.13799569944,150540,2509,12863.3754091035,3014.51199624093,-1517.13799569944
2020-01-02 17:51:00,NA,NA,-1486.5146614699,12793.6339106649,2934.3090763365,-1486.5146614699,150600,2510,12792.4689851669,2955.55160750988,-1486.5146614699
2020-01-02 17:52:00,NA,NA,-1463.84617311233,12732.7916159363,2853.28544403623,-1463.84617311233,150660,2511,12723.7737935695,2891.88383398398,-1463.84617311233
2020-01-02 17:53:00,NA,NA,-1449.35513167884,12676.8795484456,2760.63580999548,-1449.35513167884,150720,2512,12658.0830605225,2822.71421176692,-1449.35513167884
2020-01-02 17:54:00,NA,NA,-1412.65356640544,12603.3562834987,2659.24029354432,-1412.65356640544,150780,2513,12596.1927605089,2747.24324424624,-1412.65356640544
2020-01-02 17:55:00,NA,NA,-1385.87154533991,12527.1465420811,2551.48836727573,-1385.87154533991,150840,2514,12538.9023443362,2664.66567085686,-1385.87154533991
2020-01-02 17:56:00,NA,NA,-1369.60493342997,12467.3490779725,2461.26524595281,-1369.60493342997,150900,2515,12487.0154703748,2574.16973054703,-1369.60493342997
2020-01-02 17:57:00,NA,NA,-1365.64750082828,12432.7750731412,2398.8678999714,-1365.64750082828,150960,2516,12441.3407396494,2474.93641928679,-1365.64750082828
2020-01-02 17:58:00,NA,NA,-1330.36192791052,12399.087139069,2337.23221238245,-1330.36192791052,151020,2517,12402.6924354527,2366.13874094531,-1330.36192791052
2020-01-02 17:59:00,12371.8912681592,2246.94095085403,NA,12371.8912681592,2246.94095085403,-1259.76601621472,151080,2518,12371.8912681592,2246.94095085403,-1272.7051128886
2020-01-02 18:00:00,NA,NA,-1202.59006685637,12347.5216234896,2114.66781595798,-1202.59006685637,151140,2519,12347.9189227534,2116.33704817939,-1202.59006685637
2020-01-02 18:01:00,NA,NA,-1127.99425648702,12321.7053106533,1967.49321197221,-1127.99425648702,151200,2520,12322.3781784359,1972.66759343295,-1127.99425648702
2020-01-02 18:02:00,12285.0241748121,1814.10044775806,NA,12285.0241748121,1814.10044775806,-1050.79700762223,151260,2521,12285.0241748121,1814.10044775806,-1065.28108618072
2020-01-02 18:03:00,12232.7773584747,1643.83589323,NA,12232.7773584747,1643.83589323,-1016.60467504579,151320,2522,12232.7773584747,1643.83589323,-1020.66001625069
2020-01-02 18:04:00,NA,NA,-997.932846425828,12191.6313303267,1475.75171850887,-997.932846425828,151380,2523,12186.1422656601,1480.14082200323,-997.932846425828
2020-01-02 18:05:00,NA,NA,-989.387101209865,12163.8886674198,1312.86527888153,-989.387101209865,151440,2524,12152.3714893567,1325.90200061848,-989.387101209865
2020-01-02 18:06:00,12133.6213285742,1178.90703377021,NA,12133.6213285742,1178.90703377021,-962.221767280891,151500,2525,12133.6213285742,1178.90703377021,-955.578156669958
2020-01-02 18:07:00,NA,NA,-917.90925721274,12137.2396912892,1049.85850913882,-917.90925721274,151560,2526,12130.9949719736,1037.35984529037,-917.90925721274
2020-01-02 18:08:00,NA,NA,-894.579513032288,12149.5087101279,925.261259814251,-894.579513032288,151620,2527,12141.3427602143,901.10819108831,-894.579513032288
2020-01-02 18:09:00,NA,NA,-844.729736860966,12162.7381783905,802.025726953916,-844.729736860966,151680,2528,12160.4600537818,770.414364686231,-844.729736860966
2020-01-02 18:10:00,NA,NA,-789.101980989946,12192.4295590783,667.836481549191,-789.101980989946,151740,2529,12184.1502342254,645.545743432853,-789.101980989946
2020-01-02 18:11:00,12208.2208654776,526.775033027612,NA,12208.2208654776,526.775033027612,-685.91239605637,151800,2530,12208.2208654776,526.775033027612,-699.168297322516
2020-01-02 18:12:00,NA,NA,-603.156945347176,12212.8170014702,394.34532601504,-603.156945347176,151860,2531,12229.342371227,414.242054444882,-603.156945347176
2020-01-02 18:13:00,NA,NA,-533.339085259082,12214.5170075708,277.143007937854,-533.339085259082,151920,2532,12247.6326838639,307.538459333754,-533.339085259082
2020-01-02 18:14:00,NA,NA,-469.083375861281,12211.7569354486,155.510021069505,-469.083375861281,151980,2533,12264.0696577046,206.122769619866,-469.083375861281
2020-01-02 18:15:00,NA,NA,-405.331704859486,12228.886108342,57.0826162083125,-405.331704859486,152040,2534,12279.6294519472,109.458344028611,-405.331704859486
2020-01-02 18:16:00,NA,NA,-322.811144679683,12248.0132212142,-22.1515901101743,-322.811144679683,152100,2535,12295.287423544,17.0128872044213,-322.811144679683
2020-01-02 18:17:00,NA,NA,-259.826503103062,12270.1017502504,-93.4244381967545,-259.826503103062,152160,2536,12312.0190193397,-71.7420371765684,-259.826503103062
2020-01-02 18:18:00,NA,NA,-204.260690069949,12314.5308829813,-165.271219874468,-204.260690069949,152220,2537,12330.8006682943,-157.331489762402,-204.260690069949
2020-01-02 18:19:00,12352.6106746083,-240.277635793184,NA,12352.6106746083,-240.277635793184,-151.477253656071,152280,2538,12352.6106746083,-240.277635793184,-146.305605078906
2020-01-02 18:20:00,NA,NA,-78.9776344873426,12393.3551320132,-312.744217965155,-78.9776344873426,152340,2539,12378.7331114329,-321.255701853938,-78.9776344873426
2020-01-02 18:21:00,NA,NA,-1.54534085918039,12442.9027476922,-402.02000071468,-1.54534085918039,152400,2540,12411.6680490852,-401.561059780838,-1.5453408591804
2020-01-02 18:22:00,NA,NA,60.7936863515735,12473.5256882468,-488.10875217319,60.7936863515735,152460,2541,12454.224790676,-482.643945901307,60.7936863515735
2020-01-02 18:23:00,12509.2214410221,-565.955308044373,NA,12509.2214410221,-565.955308044373,91.6401690842496,152520,2542,12509.2214410221,-565.955308044373,98.0182149812163
2020-01-02 18:24:00,NA,NA,142.17633410631,12572.7273361239,-643.176147637683,142.17633410631,152580,2543,12577.9522533429,-652.473777015445,142.17633410631
2020-01-02 18:25:00,12655.5828406261,-741.283408616265,NA,12655.5828406261,-741.283408616265,216.935800523594,152640,2544,12655.5828406261,-741.283408616265,220.078779382788
2020-01-02 18:26:00,NA,NA,297.708956000324,12725.1419198527,-850.256084346515,297.708956000324,152700,2545,12737.0833321393,-831.467332010879,297.708956000324
2020-01-02 18:27:00,NA,NA,338.712595557374,12778.2704490332,-959.985111810768,338.712595557374,152760,2546,12822.7540583168,-923.99534878911,338.712595557374
2020-01-02 18:28:00,NA,NA,349.280098772246,12852.7116718263,-1062.46350272109,349.280098772246,152820,2547,12914.2307704103,-1020.31073841286,349.280098772246
2020-01-02 18:29:00,NA,NA,322.115596982552,12940.049059166,-1161.16362357503,322.115596982552,152880,2548,13013.1545310046,-1121.86024515141,322.115596982552
2020-01-02 18:30:00,NA,NA,272.711927411471,13054.9684828667,-1243.10388831605,272.711927411471,152940,2549,13121.1732148356,-1230.09540120791,272.711927411471
2020-01-02 18:31:00,NA,NA,200.52900237939,13190.2675265047,-1349.6533784391,200.52900237939,153000,2550,13239.9430159897,-1346.4738543446,200.52900237939
2020-01-02 18:32:00,NA,NA,125.055336336288,13347.991101642,-1487.24010079137,125.055336336288,153060,2551,13371.129962757,-1472.46070113651,125.055336336288
2020-01-02 18:33:00,NA,NA,85.7334496112911,13501.8233547903,-1625.30179921923,85.7334496112911,153120,2552,13516.4114414984,-1609.52982705447,85.7334496112911
2020-01-02 18:34:00,13677.4777309133,-1759.16525459614,NA,13677.4777309133,-1759.16525459614,54.6775144937792,153180,2553,13677.4777309133,-1759.16525459614,43.118110480968
2020-01-02 18:35:00,13852.6299589739,-1921.55301880588,NA,13852.6299589739,-1921.55301880588,18.028132422004,153240,2554,13852.6299589739,-1921.55301880588,-7.08203320574606
2020-01-02 18:36:00,14029.8467973403,-2089.20650611532,NA,14029.8467973403,-2089.20650611532,-11.7199883895366,153300,2555,14029.8467973403,-2089.20650611532,-54.1386164400377
2020-01-02 18:37:00,NA,NA,-87.1413846821179,14180.8689259412,-2264.27334576769,-87.1413846821179,153360,2556,14206.54119285,-2247.3551170321,-87.1413846821179
2020-01-02 18:38:00,NA,NA,-107.40511380343,14338.7575946859,-2446.50949597558,-107.40511380343,153420,2557,14382.2724530406,-2393.99697648703,-107.40511380343
2020-01-02 18:39:00,NA,NA,-152.877793712971,14504.9563851711,-2615.32949600933,-152.877793712971,153480,2558,14556.3158177256,-2530.92540074663,-152.877793712971
2020-01-02 18:40:00,NA,NA,-214.636921567552,14673.2016389661,-2771.8906013488,-214.636921567552,153540,2559,14727.9449828696,-2659.92482124648,-214.636921567552
2020-01-02 18:41:00,NA,NA,-270.691618048964,14846.8478236304,-2915.35423515551,-270.691618048964,153600,2560,14896.4314361454,-2782.77241693686,-270.691618048964
2020-01-02 18:42:00,NA,NA,-308.759839968557,15034.368127359,-3052.99459942984,-308.759839968557,153660,2561,15061.0437905558,-2901.23973986787,-308.759839968557
2020-01-02 18:43:00,NA,NA,-287.364185165436,15216.4621060993,-3180.41735484903,-287.364185165436,153720,2562,15221.047115438,-3017.09433561113,-287.364185165436
2020-01-02 18:44:00,NA,NA,-240.845262777743,15383.4443350621,-3269.92070321266,-240.845262777743,153780,2563,15375.7022642299,-3132.1013600135,-240.845262777743
2020-01-02 18:45:00,NA,NA,-160.666602426037,15538.3112312615,-3343.69367325678,-160.666602426037,153840,2564,15524.2651983804,-3248.0251937649,-160.666602426037
2020-01-02 18:46:00,NA,NA,-35.478612686315,15674.7727458604,-3411.57660301066,-35.478612686315,153900,2565,15665.9863067862,-3366.6310562575,-35.478612686315
2020-01-02 18:47:00,15800.1097201303,-3489.68662021295,NA,15800.1097201303,-3489.68662021295,136.233140408476,153960,2566,15800.1097201303,-3489.68662021295,136.79566781472
2020-01-02 18:48:00,NA,NA,327.282320042819,15898.4341141776,-3592.60103247818,327.282320042819,154020,2567,15926.0236151799,-3618.59039135396,327.282320042819
2020-01-02 18:49:00,NA,NA,515.780990260286,15967.407703609,-3694.56624473869,515.780990260286,154080,2568,16043.71266908,-3753.25320930391,515.780990260286
2020-01-02 18:50:00,NA,NA,717.263796912609,16051.2797729553,-3802.00030289411,717.263796912609,154140,2569,16153.3050301369,-3893.21794702317,717.263796912609
2020-01-02 18:51:00,NA,NA,876.758309834771,16132.5045280591,-3932.73392990361,876.758309834771,154200,2570,16254.9214405747,-4038.03232721558,876.758309834771
2020-01-02 18:52:00,NA,NA,1012.71144677982,16224.0993139876,-4064.07603182794,1012.71144677982,154260,2571,16348.67534703,-4187.24850854709,1012.71144677982
2020-01-02 18:53:00,NA,NA,1118.44741734213,16329.0870171868,-4213.92064694112,1118.44741734213,154320,2572,16434.6730043352,-4340.42267599136,1118.44741734213
2020-01-02 18:54:00,NA,NA,1210.94313900121,16398.0736033719,-4378.03166176935,1210.94313900121,154380,2573,16513.0135727165,-4497.11463486756,1210.94313900121
2020-01-02 18:55:00,NA,NA,1269.59791645496,16439.2748078758,-4567.9785446657,1269.59791645496,154440,2574,16583.7892085001,-4656.88740819295,1269.59791645496
2020-01-02 18:56:00,NA,NA,1279.34173540351,16502.2113141851,-4770.87169913201,1279.34173540351,154500,2575,16647.0851484093,-4819.30683698041,1279.34173540351
2020-01-02 18:57:00,NA,NA,1271.43760169654,16564.4645022907,-4982.17469255036,1271.43760169654,154560,2576,16702.979787533,-4983.94118311454,1271.43760169654
2020-01-02 18:58:00,NA,NA,1276.91000212008,16635.372001674,-5161.45886573454,1276.91000212008,154620,2577,16751.5447510343,-5150.36073444269,1276.91000212008
2020-01-02 18:59:00,NA,NA,1273.51331441024,16701.7861057208,-5334.90078873164,1273.51331441024,154680,2578,16792.8449596672,-5318.13741171951,1273.51331441024
2020-01-02 19:00:00,NA,NA,1294.85021215652,16766.6566367179,-5506.746977722,1294.85021215652,154740,2579,16826.9386891599,-5486.84437704544,1294.85021215652
2020-01-02 19:01:00,NA,NA,1330.98233146255,16834.2410059565,-5674.11022276699,1330.98233146255,154800,2580,16853.8776235202,-5656.05564344074,1330.98233146255
2020-01-02 19:02:00,16873.706902311,-5825.34568519804,NA,16873.706902311,-5825.34568519804,1406.67398027983,154860,2581,16873.706902311,-5825.34568519804,1393.67911173096
2020-01-02 19:03:00,NA,NA,1449.65124967481,16885.2031260929,-5994.41718263928,1449.65124967481,154920,2582,16885.7659822115,-5993.11567178685,1449.65124967481
2020-01-02 19:04:00,16886.5903631602,-6153.07165883666,NA,16886.5903631602,-6153.07165883666,1464.30213219415,154980,2583,16886.5903631602,-6153.07165883666,1459.84021158371
2020-01-02 19:05:00,NA,NA,1421.70588958874,16863.3121659601,-6309.731035402,1421.70588958874,155040,2584,16873.1546834491,-6299.49328651605,1421.70588958874
2020-01-02 19:06:00,NA,NA,1353.28714956582,16830.6885008855,-6460.8475935422,1353.28714956582,155100,2585,16847.0151379032,-6433.66457678261,1353.28714956582
2020-01-02 19:07:00,NA,NA,1308.25814014462,16782.801805696,-6593.90097653722,1308.25814014462,155160,2586,16810.8648957407,-6558.61245485502,1308.25814014462
2020-01-02 19:08:00,NA,NA,1290.60758726209,16746.7350382989,-6716.60050271339,1290.60758726209,155220,2587,16767.3879694488,-6677.35540962317,1290.60758726209
2020-01-02 19:09:00,NA,NA,1299.78662901401,16706.160987469,-6813.00424469935,1299.78662901401,155280,2588,16719.2616700095,-6792.906254679,1299.78662901401
2020-01-02 19:10:00,NA,NA,1312.63764147124,16651.7948755052,-6918.03362505537,1312.63764147124,155340,2589,16669.1590558357,-6908.27488408839,1312.63764147124
2020-01-02 19:11:00,NA,NA,1305.88369432479,16613.7499078247,-7043.30447773946,1305.88369432479,155400,2590,16619.7513777955,-7026.47102549303,1305.88369432479
2020-01-02 19:12:00,16573.7105225779,-7150.50699306426,NA,16573.7105225779,-7150.50699306426,1324.24494048766,155460,2591,16573.7105225779,-7150.50699306426,1303.15648930778
2020-01-02 19:13:00,16531.0593324065,-7282.09074527038,NA,16531.0593324065,-7282.09074527038,1312.14947178759,155520,2592,16531.0593324065,-7282.09074527038,1303.51988962254
2020-01-02 19:14:00,NA,NA,1296.29676818134,16483.2105536248,-7421.69143691846,1296.29676818134,155580,2593,16483.6478738518,-7417.35492819809,1296.29676818134
2020-01-02 19:15:00,NA,NA,1274.96221411753,16431.844219424,-7548.44530709541,1274.96221411753,155640,2594,16430.4026150315,-7549.75304674795,1274.96221411753
2020-01-02 19:16:00,16372.6777953167,-7672.39279592204,NA,16372.6777953167,-7672.39279592204,1258.45032169026,155700,2595,16372.6777953167,-7672.39279592204,1248.09172534015
2020-01-02 19:17:00,16312.215177582,-7781.62635481015,NA,16312.215177582,-7781.62635481015,1233.64309046146,155760,2596,16312.215177582,-7781.62635481015,1218.50015394564
2020-01-02 19:18:00,NA,NA,1186.34422849312,16270.7024809612,-7890.96415933727,1186.34422849312,155820,2597,16251.7535305007,-7884.78999238391,1186.34422849312
2020-01-02 19:19:00,NA,NA,1150.46331519222,16243.8943731676,-8005.15475439266,1150.46331519222,155880,2598,16192.15495668,-7984.39590522651,1150.46331519222
2020-01-02 19:20:00,NA,NA,1106.77106054493,16200.4487169027,-8116.13322900751,1106.77106054493,155940,2599,16133.7153020491,-8080.93514517026,1106.77106054493
2020-01-02 19:21:00,NA,NA,1058.20270104711,16139.7516762096,-8214.10618849636,1058.20270104711,156000,2600,16076.731472616,-8174.89595904875,1058.20270104711
2020-01-02 19:22:00,NA,NA,1009.55264870354,16067.848010649,-8312.20951360052,1009.55264870354,156060,2601,16021.5017060569,-8266.76423528629,1009.55264870354
2020-01-02 19:23:00,NA,NA,962.339366374601,15995.225015248,-8400.89647964148,962.339366374601,156120,2602,15968.3258445098,-8357.02394832783,962.339366374601
2020-01-02 19:24:00,NA,NA,924.359450368153,15911.6066502579,-8487.23714856509,924.359450368153,156180,2603,15917.505608835,-8446.1576013204,924.359450368153
2020-01-02 19:25:00,NA,NA,863.596843435972,15847.5337933846,-8570.60892943817,863.596843435972,156240,2604,15869.3448745935,-8534.64666745037,863.596843435972
2020-01-02 19:26:00,NA,NA,818.177266153387,15802.8430930797,-8649.26350298906,818.177266153387,156300,2605,15824.1499499981,-8622.97203033976,818.177266153387
2020-01-02 19:27:00,NA,NA,791.391342622048,15776.951918012,-8721.90762071262,791.391342622048,156360,2606,15782.2298560889,-8711.61442390397,791.391342622048
2020-01-02 19:28:00,15743.8966093911,-8801.05487207318,NA,15743.8966093911,-8801.05487207318,721.136262850026,156420,2607,15743.8966093911,-8801.05487207318,729.421760943765
2020-01-02 19:29:00,NA,NA,633.695996054068,15706.2611954846,-8890.88161501858,633.695996054068,156480,2608,15709.0740209445,-8892.21347780049,633.695996054068
2020-01-02 19:30:00,NA,NA,526.022478577608,15671.9362501693,-8992.23575013091,526.022478577608,156540,2609,15676.123095782,-8987.76539358735,526.022478577608
2020-01-02 19:31:00,15643.0150645885,-9090.82814192897,NA,15643.0150645885,-9090.82814192897,445.008780716521,156600,2610,15643.0150645885,-9090.82814192897,438.545608183427
2020-01-02 19:32:00,NA,NA,388.625914781668,15613.2004408373,-9182.13312257118,388.625914781668,156660,2611,15608.3609776626,-9202.93163448761,388.625914781668
2020-01-02 19:33:00,NA,NA,371.853233054191,15576.151407287,-9284.08526989881,371.853233054191,156720,2612,15573.3304429117,-9319.23583456419,371.853233054191
2020-01-02 19:34:00,NA,NA,338.815370742228,15529.1840453609,-9397.01853305798,338.815370742228,156780,2613,15539.7326874216,-9433.31006746334,338.815370742228
2020-01-02 19:35:00,NA,NA,320.068224310812,15498.4239592522,-9513.39409479418,320.068224310812,156840,2614,15509.3782491496,-9538.72161772036,320.068224310812
2020-01-02 19:36:00,15484.0806329445,-9629.02984532692,NA,15484.0806329445,-9629.02984532692,295.812225434916,156900,2615,15484.0806329445,-9629.02984532692,313.118666715074
2020-01-02 19:37:00,NA,NA,322.987929487103,15466.3453502306,-9701.01270020501,322.987929487103,156960,2616,15465.2849260055,-9699.20908650722,322.987929487103
2020-01-02 19:38:00,NA,NA,346.992746924958,15472.7272916369,-9756.48452257867,346.992746924958,157020,2617,15452.9499223181,-9749.93069172692,346.992746924958
2020-01-02 19:39:00,NA,NA,347.234732479323,15502.0535918728,-9795.95424598337,347.234732479323,157080,2618,15446.6672838422,-9783.27700061048,347.234732479323
2020-01-02 19:40:00,NA,NA,347.825928778151,15525.867937709,-9812.62351032557,347.825928778151,157140,2619,15446.0342087033,-9801.31445956739,347.825928778151
2020-01-02 19:41:00,NA,NA,350.245540668116,15539.0888525678,-9817.64155645017,350.245540668116,157200,2620,15450.6530626739,-9806.095512142,350.245540668116
2020-01-02 19:42:00,NA,NA,366.508200198599,15545.2536483056,-9808.32584616075,366.508200198599,157260,2621,15460.1310154411,-9799.66047640225,366.508200198599
2020-01-02 19:43:00,NA,NA,366.872027289108,15575.0386222601,-9801.99820972765,366.872027289108,157320,2622,15474.0796812787,-9784.03941121528,366.872027289108
2020-01-02 19:44:00,NA,NA,306.966201662468,15603.0887311486,-9776.19590318082,306.966201662468,157380,2623,15492.1147637885,-9761.25397313157,306.966201662468
2020-01-02 19:45:00,NA,NA,237.922652578334,15616.0521132259,-9749.321487806,237.922652578334,157440,2624,15513.8557043846,-9733.31926558036,237.922652578334
2020-01-02 19:46:00,NA,NA,211.417213667305,15608.1527442838,-9722.19650828743,211.417213667305,157500,2625,15538.9253341976,-9702.24568206937,211.417213667305
2020-01-02 19:47:00,15566.949529079,-9670.04074507566,NA,15566.949529079,-9670.04074507566,176.219997293666,157560,2626,15566.949529079,-9670.04074507566,192.158759187105
2020-01-02 19:48:00,NA,NA,154.912015901383,15520.9156284459,-9599.30615031827,154.912015901383,157620,2627,15597.5538093761,-9638.54338686709,154.912015901383
2020-01-02 19:49:00,NA,NA,96.4832176938753,15500.7685920639,-9527.09045660064,96.4832176938753,157680,2628,15630.3538233828,-9608.92293464201,96.4832176938753
2020-01-02 19:50:00,NA,NA,45.1598272154691,15497.8857833707,-9457.21270934454,45.1598272154691,157740,2629,15664.9641706715,-9582.18287733881,45.1598272154691
2020-01-02 19:51:00,NA,NA,-32.6217450972928,15486.3101470447,-9410.68168940291,-32.6217450972928,157800,2630,15701.0011067077,-9559.32933877989,-32.6217450972928
2020-01-02 19:52:00,NA,NA,-99.5308178757467,15491.9616663273,-9365.41089132747,-99.5308178757467,157860,2631,15738.082191826,-9541.37199790127,-99.5308178757467
2020-01-02 19:53:00,NA,NA,-141.394918609435,15536.569838826,-9349.97213711587,-141.394918609435,157920,2632,15775.825941416,-9529.325012269,-141.394918609435
2020-01-02 19:54:00,NA,NA,-182.798398290092,15609.2056209467,-9381.15461657729,-182.798398290092,157980,2633,15813.8514769825,-9524.20794570417,-182.798398290092
2020-01-02 19:55:00,NA,NA,-235.086720377552,15687.0066709646,-9420.49388521466,-235.086720377552,158040,2634,15851.7781777596,-9527.04670085863,-235.086720377552
2020-01-02 19:56:00,NA,NA,-303.368533113064,15759.6027718587,-9467.33853918277,-303.368533113064,158100,2635,15889.2253325607,-9538.87445759198,-303.368533113064
2020-01-02 19:57:00,NA,NA,-321.794933328552,15835.7399778098,-9519.77362917708,-321.794933328552,158160,2636,15925.8117915457,-9560.73261800705,-321.794933328552
2020-01-02 19:58:00,NA,NA,-301.219069811023,15921.4399210172,-9581.00770032421,-301.219069811023,158220,2637,15961.1556175862,-9593.67175900748,-301.219069811023
2020-01-02 19:59:00,15994.8737369116,-9638.75259324841,NA,15994.8737369116,-9638.75259324841,-278.006856369058,158280,2638,15994.8737369116,-9638.75259324841,-264.490348129501
2020-01-02 20:00:00,16025.3804390413,-9691.02804294079,NA,16025.3804390413,-9691.02804294079,-230.758568962609,158340,2639,16025.3804390413,-9691.02804294079,-218.486886284514
2020-01-02 20:01:00,NA,NA,-166.397577946986,16050.5173893245,-9719.43228425707,-166.397577946986,158400,2640,16047.9874282083,-9728.4138768772,-166.397577946986
2020-01-02 20:02:00,NA,NA,-112.784339956518,16064.506464546,-9741.07849685163,-112.784339956518,158460,2641,16063.6190351005,-9750.52645374588,-112.784339956518
2020-01-02 20:03:00,16074.8983818064,-9763.90111932158,NA,16074.8983818064,-9763.90111932158,-55.2328731453746,158520,2642,16074.8983818064,-9763.90111932158,-67.7813357827947
2020-01-02 20:04:00,NA,NA,-38.6913079342974,16064.7338659108,-9787.49134316319,-38.6913079342974,158580,2643,16083.9589929574,-9773.92002227485,-38.6913079342974
2020-01-02 20:05:00,NA,NA,-36.152297745184,16040.5249535032,-9786.88377956637,-36.152297745184,158640,2644,16090.9898076139,-9781.3812105738,-36.152297745184
2020-01-02 20:06:00,NA,NA,-79.2662981541682,16032.7204898092,-9760.82260874485,-79.2662981541682,158700,2645,16095.6922909134,-9785.93518666479,-79.2662981541682
2020-01-02 20:07:00,NA,NA,-158.77074609606,16032.9092701631,-9750.68500959564,-158.77074609606,158760,2646,16097.7657781505,-9787.22979362196,-158.77074609606
2020-01-02 20:08:00,NA,NA,-235.875829517528,16018.0743204666,-9728.76374551864,-235.875829517528,158820,2647,16096.9071998155,-9784.90989310025,-235.875829517528
2020-01-02 20:09:00,NA,NA,-262.383942157244,16018.5592659878,-9707.39100496435,-262.383942157244,158880,2648,16092.8108044002,-9778.61704051882,-262.383942157244
2020-01-02 20:10:00,NA,NA,-293.447149289886,16032.3391683931,-9692.27925951142,-293.447149289886,158940,2649,16085.1678787409,-9767.98915720879,-293.447149289886
2020-01-02 20:11:00,NA,NA,-313.495668875364,16041.5486474263,-9678.6750538766,-313.495668875364,159000,2650,16073.6664656481,-9752.66019923181,-313.495668875364
2020-01-02 20:12:00,NA,NA,-292.661952743973,16041.9228560501,-9664.94500450772,-292.661952743973,159060,2651,16057.991078567,-9732.25982256885,-292.661952743973
2020-01-02 20:13:00,NA,NA,-232.744273213613,16020.8691699612,-9653.48914080432,-232.744273213613,159120,2652,16037.8224130085,-9706.41304437402,-232.744273213613
2020-01-02 20:14:00,NA,NA,-187.597406247363,16003.2713010603,-9644.38680244343,-187.597406247363,159180,2653,16012.8370544861,-9674.73989998424,-187.597406247363
2020-01-02 20:15:00,15982.707182694,-9636.85509537125,NA,15982.707182694,-9636.85509537125,-123.029420189918,159240,2654,15982.707182694,-9636.85509537125,-134.177152777147
2020-01-02 20:16:00,NA,NA,-93.7219305475811,15946.0062807363,-9619.4984565763,-93.7219305475811,159300,2655,15947.3683537169,-9592.72887219456,-93.7219305475811
2020-01-02 20:17:00,NA,NA,-94.022595840226,15904.0713863409,-9572.62932487499,-94.022595840226,159360,2656,15907.8237354838,-9543.77069815323,-94.022595840226
2020-01-02 20:18:00,NA,NA,-114.654116574078,15844.904737888,-9521.65076526739,-114.654116574078,159420,2657,15865.3407295696,-9491.7468370528,-114.654116574078
2020-01-02 20:19:00,NA,NA,-139.995642405167,15801.6842283429,-9464.27132007672,-139.995642405167,159480,2658,15821.1840499485,-9438.420748731,-139.995642405167
2020-01-02 20:20:00,NA,NA,-191.069008232823,15763.8547024297,-9395.75824564768,-191.069008232823,159540,2659,15776.6168798121,-9385.55470205884,-191.069008232823
2020-01-02 20:21:00,NA,NA,-207.438887574025,15732.567652232,-9348.65893395446,-207.438887574025,159600,2660,15732.902026977,-9334.9113868477,-207.438887574025
2020-01-02 20:22:00,15691.3030789539,-9288.255526151,NA,15691.3030789539,-9288.255526151,-192.395909503657,159660,2661,15691.3030789539,-9288.255526151,-187.904418135996
2020-01-02 20:23:00,NA,NA,-154.524983148205,15655.3525478965,-9235.97479817706,-154.524983148205,159720,2662,15652.8979500294,-9245.49879080082,-154.524983148205
2020-01-02 20:24:00,15618.0170070982,-9199.12927779821,NA,15618.0170070982,-9199.12927779821,-114.971879679502,159780,2663,15618.0170070982,-9199.12927779821,-123.492606567617
2020-01-02 20:25:00,15581.9722016355,-9147.98718818197,NA,15581.9722016355,-9147.98718818197,-85.9834998588173,159840,2664,15581.9722016355,-9147.98718818197,-88.1803209178876
2020-01-02 20:26:00,NA,NA,-35.9912927255226,15520.5829076795,-9114.94815408114,-35.9912927255226,159900,2665,15527.9424612159,-9115.21785876342,-35.9912927255226
2020-01-02 20:27:00,15463.0777754919,-9098.03216817514,NA,15463.0777754919,-9098.03216817514,61.3379196355854,159960,2666,15463.0777754919,-9098.03216817514,38.6204796992173
2020-01-02 20:28:00,NA,NA,110.296617927116,15412.688184397,-9089.8878438224,110.296617927116,160020,2667,15399.3051860825,-9086.85169018747,110.296617927116
2020-01-02 20:29:00,NA,NA,165.305804652319,15392.6558244006,-9087.23034448535,165.305804652319,160080,2668,15338.8799136789,-9079.05138303848,165.305804652319
2020-01-02 20:30:00,NA,NA,242.665543404657,15365.2546103273,-9106.77693218016,242.665543404657,160140,2669,15281.6421467001,-9073.74619086942,242.665543404657
2020-01-02 20:31:00,NA,NA,301.606123648812,15331.8768497215,-9124.92436768658,301.606123648812,160200,2670,15227.434989199,-9070.05334004287,301.606123648812
2020-01-02 20:32:00,NA,NA,312.663390251486,15276.9181538887,-9110.3838426137,312.663390251486,160260,2671,15176.104317319,-9067.09153164234,312.663390251486
2020-01-02 20:33:00,NA,NA,341.54950792686,15205.8268270687,-9083.7606366988,341.54950792686,160320,2672,15127.4986383083,-9063.98013535661,341.54950792686
2020-01-02 20:34:00,NA,NA,410.083758336477,15132.0231977112,-9073.41041959804,410.083758336477,160380,2673,15081.4689519479,-9059.83838397885,410.083758336477
2020-01-02 20:35:00,NA,NA,478.413618458337,15064.5550450388,-9067.68489548467,478.413618458337,160440,2674,15037.8686142595,-9053.78456778048,478.413618458337
2020-01-02 20:36:00,NA,NA,500.744131757678,15004.5436195302,-9049.35419272219,500.744131757678,160500,2675,14996.553203371,-9044.9352280223,500.744131757678
2020-01-02 20:37:00,NA,NA,512.680565007459,14961.6513821503,-9037.47789374915,512.680565007459,160560,2676,14957.3803874134,-9032.40434886524,512.680565007459
2020-01-02 20:38:00,14920.2097943316,-9015.30254694163,NA,14920.2097943316,-9015.30254694163,527.551628717627,160620,2677,14920.2097943316,-9015.30254694163,525.310024974011
2020-01-02 20:39:00,NA,NA,523.771480940723,14867.3631280126,-8992.7262803973,523.771480940723,160680,2678,14885.1593876615,-8993.5699094896,523.771480940723
2020-01-02 20:40:00,NA,NA,501.856993377397,14835.8548696121,-8965.417864931,501.856993377397,160740,2679,14853.3751344838,-8970.47704717782,501.856993377397
2020-01-02 20:41:00,NA,NA,483.151404675922,14827.7939871958,-8940.19964050407,483.151404675922,160800,2680,14826.2624943977,-8950.12697799508,483.151404675922
2020-01-02 20:42:00,NA,NA,436.467018566319,14811.8509004671,-8926.28206456969,436.467018566319,160860,2681,14805.231200405,-8936.62522944961,436.467018566319
2020-01-02 20:43:00,NA,NA,384.614599321682,14792.7394124161,-8925.97623659381,384.614599321682,160920,2682,14791.6965482807,-8934.08359367578,384.614599321682
2020-01-02 20:44:00,14787.0806910898,-8946.62388836076,NA,14787.0806910898,-8946.62388836076,389.753471525111,160980,2683,14787.0806910898,-8946.62388836076,359.623490448926
2020-01-02 20:45:00,14791.2309422461,-8971.91463992627,NA,14791.2309422461,-8971.91463992627,348.004036394398,161040,2684,14791.2309422461,-8971.91463992627,344.749989134499
2020-01-02 20:46:00,NA,NA,311.092741244613,14786.9669515395,-8981.89754280606,311.092741244613,161100,2685,14798.9638513549,-8987.72965111401,311.092741244613
2020-01-02 20:47:00,NA,NA,255.59508396731,14799.7257640502,-9014.28638140676,255.59508396731,161160,2686,14808.6904817917,-8989.22066410211,255.59508396731
2020-01-02 20:48:00,NA,NA,251.805076386839,14837.2364558399,-9028.18696633351,251.805076386839,161220,2687,14820.1172202619,-8977.48946668673,251.805076386839
2020-01-02 20:49:00,NA,NA,281.066478014251,14882.3870893786,-9015.83530289436,281.066478014251,161280,2688,14832.9520086078,-8953.62575184951,281.066478014251
2020-01-02 20:50:00,NA,NA,315.530719168138,14927.4914471589,-9009.41431828038,315.530719168138,161340,2689,14846.9040766087,-8918.70811489049,315.530719168138
2020-01-02 20:51:00,NA,NA,382.871406976349,14975.5942538242,-8981.64828419162,382.871406976349,161400,2690,14861.6836760031,-8873.80504011129,382.871406976349
2020-01-02 20:52:00,NA,NA,416.715520976627,15011.3899137381,-8919.32907935441,416.715520976627,161460,2691,14877.0018154546,-8819.97587819066,416.715520976627
2020-01-02 20:53:00,NA,NA,435.489086321937,15027.2126554479,-8858.19052664295,435.489086321937,161520,2692,14892.5699962122,-8758.27181518459,435.489086321937
2020-01-02 20:54:00,NA,NA,457.478168887496,15013.705982357,-8774.45152743784,457.478168887496,161580,2693,14908.0999482224,-8689.73683404915,457.478168887496
2020-01-02 20:55:00,NA,NA,479.998972106534,14999.413241679,-8683.3170128157,479.998972106534,161640,2694,14923.3033664506,-8615.4086695701,479.998972106534
2020-01-02 20:56:00,NA,NA,495.461803814984,14983.02984701,-8588.36617111859,495.461803814984,161700,2695,14937.8916471713,-8536.31975757475,495.461803814984
2020-01-02 20:57:00,NA,NA,519.259155063843,14987.4787155883,-8516.55065275418,519.259155063843,161760,2696,14951.5756239843,-8453.4981792955,519.259155063843
2020-01-02 20:58:00,NA,NA,525.339495754475,14983.2127143218,-8431.18526876473,525.339495754475,161820,2697,14964.0653033169,-8367.96860174935,525.339495754475
2020-01-02 20:59:00,NA,NA,486.688823086535,14975.733270024,-8328.28001334083,486.688823086535,161880,2698,14975.0695991697,-8280.75321499385,486.688823086535
2020-01-02 21:00:00,NA,NA,459.890411889099,14971.8014723246,-8211.77897384966,459.890411889099,161940,2699,14984.2960668619,-8192.87266711711,459.890411889099
2020-01-02 21:01:00,14991.4506355354,-8105.34699781707,NA,14991.4506355354,-8105.34699781707,450.218007356988,162000,2700,14991.4506355354,-8105.34699781707,456.876447871337
2020-01-02 21:02:00,NA,NA,458.594040812996,14992.6805778525,-8011.16403327224,458.594040812996,162060,2701,14996.0480847478,-8019.44763313428,458.594040812996
2020-01-02 21:03:00,NA,NA,449.750174107185,14985.5060772051,-7941.77932196906,449.750174107185,162120,2702,14996.8438019194,-7937.45177989923,449.750174107185
2020-01-02 21:04:00,14992.4004414004,-7861.89127783459,NA,14992.4004414004,-7861.89127783459,426.338808072454,162180,2703,14992.4004414004,-7861.89127783459,441.390028734862
2020-01-02 21:05:00,NA,NA,442.228943311661,14978.7534804065,-7789.33794729166,442.228943311661,162240,2704,14981.9681735931,-7794.16221736029,442.228943311661
2020-01-02 21:06:00,NA,NA,459.41775694877,14953.2664303354,-7746.29909910484,459.41775694877,162300,2705,14967.5610512552,-7731.1010986072,459.41775694877
2020-01-02 21:07:00,NA,NA,495.185580549696,14926.6975660883,-7689.04109477177,495.185580549696,162360,2706,14951.8817990117,-7668.40705544817,495.185580549696
2020-01-02 21:08:00,NA,NA,524.420753295935,14917.7694371031,-7612.05441654396,524.420753295935,162420,2707,14937.6319782655,-7601.77955675756,524.420753295935
2020-01-02 21:09:00,14927.5144582431,-7526.91447291246,NA,14927.5144582431,-7526.91447291246,515.423907101542,162480,2708,14927.5144582431,-7526.91447291246,524.300091126793
2020-01-02 21:10:00,14922.5681949061,-7442.59931879317,NA,14922.5681949061,-7442.59931879317,515.937897105169,162540,2709,14922.5681949061,-7442.59931879317,511.34138208635
2020-01-02 21:11:00,NA,NA,511.578533151525,14909.3889712527,-7360.40058341178,511.578533151525,162600,2710,14918.0127599687,-7357.75945536437,511.578533151525
2020-01-02 21:12:00,NA,NA,547.556379836787,14901.6868751326,-7270.81256628726,547.556379836787,162660,2711,14910.7884045754,-7275.41533784371,547.556379836787
2020-01-02 21:13:00,NA,NA,610.400766960721,14894.2713569324,-7193.14842811455,610.400766960721,162720,2712,14898.6799025316,-7196.33890623277,610.400766960721
2020-01-02 21:14:00,14879.4675594821,-7121.3050896514,NA,14879.4675594821,-7121.3050896514,644.56999657266,162780,2713,14879.4675594821,-7121.3050896514,642.10224907611
2020-01-02 21:15:00,NA,NA,644.495720538823,14853.3340073401,-7046.10417411985,644.495720538823,162840,2714,14851.3870512662,-7050.84984702008,644.495720538823
2020-01-02 21:16:00,NA,NA,643.331293350254,14805.5541264152,-6990.54460942698,643.331293350254,162900,2715,14814.5134987956,-6984.54260875913,643.331293350254
2020-01-02 21:17:00,NA,NA,669.241713609607,14756.5974487817,-6940.09276236475,669.241713609607,162960,2716,14769.3758457083,-6921.71393187361,669.241713609607
2020-01-02 21:18:00,NA,NA,691.990169969897,14717.5246641836,-6877.58950186232,691.990169969897,163020,2717,14716.4954762915,-6861.69755513481,691.990169969897
2020-01-02 21:19:00,NA,NA,701.548674504361,14670.3055411505,-6829.12902687025,701.548674504361,163080,2718,14656.3866925439,-6803.829789648,701.548674504361
2020-01-02 21:20:00,NA,NA,696.721753519761,14612.9448795755,-6760.72215525625,696.721753519761,163140,2719,14589.5571846456,-6747.44891178577,696.721753519761
2020-01-02 21:21:00,NA,NA,661.829787029406,14545.4063544751,-6701.8529249105,661.829787029406,163200,2720,14516.5084953586,-6691.89455791888,661.829787029406
2020-01-02 21:22:00,NA,NA,573.705257924181,14477.3681024694,-6661.78490032248,573.705257924181,163260,2721,14437.7364787943,-6636.50712039017,573.705257924181
2020-01-02 21:23:00,NA,NA,528.206766977815,14385.8743682016,-6609.53174059459,528.206766977815,163320,2722,14353.7317539751,-6580.62714417953,528.206766977815
2020-01-02 21:24:00,NA,NA,538.702849766143,14275.3441387619,-6545.57190953898,538.702849766143,163380,2723,14264.9801536032,-6523.59472370784,538.702849766143
2020-01-02 21:25:00,14171.9631684516,-6464.74889922851,NA,14171.9631684516,-6464.74889922851,521.060583769222,163440,2724,14171.9631684516,-6464.74889922851,543.545534101286
2020-01-02 21:26:00,NA,NA,528.113628667512,14074.7785533039,-6402.36341410158,528.113628667512,163500,2725,14075.8040119278,-6403.58188192278,528.113628667512
2020-01-02 21:27:00,13980.2056380126,-6340.20310609184,NA,13980.2056380126,-6340.20310609184,511.51126262734,163560,2726,13980.2056380126,-6340.20310609184,499.341041615758
2020-01-02 21:28:00,NA,NA,490.437896268986,13892.6439135194,-6275.35977595668,490.437896268986,163620,2727,13888.856851467,-6274.85363539297,490.437896268986
2020-01-02 21:29:00,NA,NA,513.536778116347,13803.0160185246,-6219.08687069318,513.536778116347,163680,2728,13802.8090794206,-6207.6880220462,513.536778116347
2020-01-02 21:30:00,NA,NA,501.62738502273,13707.6197370585,-6153.56185239842,501.62738502273,163740,2729,13722.4583125412,-6138.83797988239,501.62738502273
2020-01-02 21:31:00,NA,NA,477.02423598189,13633.3664156785,-6084.0290843135,477.02423598189,163800,2730,13648.2057527225,-6068.43368186573,477.02423598189
2020-01-02 21:32:00,NA,NA,424.886586572895,13579.8682095085,-6004.54939534375,424.886586572895,163860,2731,13580.4581799717,-5996.60387924522,424.886586572895
2020-01-02 21:33:00,13519.6283244535,-5923.47601934574,NA,13519.6283244535,-5923.47601934574,348.64353764832,163920,2732,13519.6283244535,-5923.47601934574,359.661582073092
2020-01-02 21:34:00,NA,NA,315.294977757616,13470.8812463261,-5845.17288165851,315.294977757616,163980,2733,13465.5075141467,-5850.10743651351,315.294977757616
2020-01-02 21:35:00,NA,NA,321.722121253798,13421.7214239346,-5783.39570664762,321.722121253798,164040,2734,13415.3821795533,-5781.27971380432,321.722121253798
2020-01-02 21:36:00,13365.9146762579,-5722.70966355498,NA,13365.9146762579,-5722.70966355498,388.196704469289,164100,2735,13365.9146762579,-5722.70966355498,379.704614801382
2020-01-02 21:37:00,NA,NA,472.324147814343,13324.985902485,-5673.23232085649,472.324147814343,164160,2736,13314.4376950759,-5678.6533479432,472.324147814343
2020-01-02 21:38:00,NA,NA,573.082423219065,13268.7678593029,-5637.81555510281,573.082423219065,164220,2737,13260.9611471348,-5647.49930159557,573.082423219065
2020-01-02 21:39:00,NA,NA,656.360776371649,13226.8611994585,-5601.98681612607,656.360776371649,164280,2738,13206.1628476964,-5626.17772982813,656.360776371649
2020-01-02 21:40:00,NA,NA,771.675295552866,13178.8938639952,-5566.84499775774,771.675295552866,164340,2739,13150.7194030345,-5611.62783148359,771.675295552866
2020-01-02 21:41:00,NA,NA,855.163832276428,13110.8857263142,-5555.24416064926,855.163832276428,164400,2740,13095.3068293585,-5600.79499915463,855.163832276428
2020-01-02 21:42:00,NA,NA,956.370460132948,13046.9471501339,-5571.52287015868,956.370460132948,164460,2741,13040.6011711618,-5590.62802516805,956.370460132948
2020-01-02 21:43:00,12987.2791195942,-5578.07631068452,NA,12987.2791195942,-5578.07631068452,1043.1675481264,164520,2742,12987.2791195942,-5578.07631068452,1043.67182540487
2020-01-02 21:44:00,NA,NA,1102.51095877579,12927.458426379,-5574.37208680497,1102.51095877579,164580,2743,12936.2074325747,-5560.85015402836,1102.51095877579
2020-01-02 21:45:00,NA,NA,1139.09684778794,12890.9110599848,-5558.64037913721,1139.09684778794,164640,2744,12889.0101661773,-5539.70803167581,1139.09684778794
2020-01-02 21:46:00,12847.5037224565,-5516.16791573881,NA,12847.5037224565,-5516.16791573881,1172.38789614556,164700,2745,12847.5037224565,-5516.16791573881,1180.54493788462
2020-01-02 21:47:00,NA,NA,1209.0502740224,12804.9177859055,-5474.78735624706,1209.0502740224,164760,2746,12813.1011015802,-5491.67995116077,1209.0502740224
2020-01-02 21:48:00,NA,NA,1215.2674479088,12753.9063765249,-5447.06829940941,1215.2674479088,164820,2747,12785.587297125,-5467.43086825957,1215.2674479088
2020-01-02 21:49:00,NA,NA,1252.68318776263,12703.2388328043,-5431.80504668065,1252.68318776263,164880,2748,12764.3449978374,-5444.54198196935,1252.68318776263
2020-01-02 21:50:00,NA,NA,1294.95093523003,12681.9246335663,-5408.00054529872,1294.95093523003,164940,2749,12748.762629072,-5424.13585159944,1294.95093523003
2020-01-02 21:51:00,NA,NA,1314.18118270328,12691.7826796017,-5414.5485664566,1314.18118270328,165000,2750,12738.2337932974,-5407.33730758217,1314.18118270328
2020-01-02 21:52:00,NA,NA,1328.83147994542,12697.6493644724,-5406.65018459069,1328.83147994542,165060,2751,12732.1567154073,-5395.27448031767,1328.83147994542
2020-01-02 21:53:00,NA,NA,1353.67611690092,12698.8614875011,-5386.88703983557,1353.67611690092,165120,2752,12729.9336922733,-5389.07983204739,1353.67611690092
2020-01-02 21:54:00,NA,NA,1347.31325511425,12707.9481303126,-5393.14909544336,1347.31325511425,165180,2753,12730.9705460262,-5389.89119269543,1347.31325511425
2020-01-02 21:55:00,12734.6760805634,-5398.85280062296,NA,12734.6760805634,-5398.85280062296,1331.70354038611,165240,2754,12734.6760805634,-5398.85280062296,1339.38252974273
2020-01-02 21:56:00,NA,NA,1325.03400385808,12752.8942135356,-5400.44916539637,1325.03400385808,165300,2755,12740.5600591772,-5416.75062452995,1325.03400385808
2020-01-02 21:57:00,NA,NA,1289.81277957967,12771.6986289676,-5415.42136525184,1289.81277957967,165360,2756,12748.5283298331,-5442.9158427298,1289.81277957967
2020-01-02 21:58:00,NA,NA,1240.27480084059,12778.7933973856,-5444.82089950649,1240.27480084059,165420,2757,12758.5871660448,-5476.32147343507,1240.27480084059
2020-01-02 21:59:00,NA,NA,1184.97692358881,12773.3827669,-5482.63908945776,1184.97692358881,165480,2758,12770.7447536065,-5515.94715763304,1184.97692358881
2020-01-02 22:00:00,NA,NA,1150.29069674415,12782.0801895463,-5536.34102305335,1150.29069674415,165540,2759,12785.0111980512,-5560.77822571114,1150.29069674415
2020-01-02 22:01:00,12801.398533886,-5609.80476934109,NA,12801.398533886,-5609.80476934109,1135.49411079214,165600,2760,12801.398533886,-5609.80476934109,1142.80387394153
2020-01-02 22:02:00,NA,NA,1149.11292885393,12837.3551571276,-5680.38201100267,1149.11292885393,165660,2761,12819.9054883024,-5662.10064729603,1149.11292885393
2020-01-02 22:03:00,NA,NA,1158.35915445797,12884.334245797,-5740.24520084644,1158.35915445797,165720,2762,12840.4717358181,-5717.06244250775,1158.35915445797
2020-01-02 22:04:00,NA,NA,1176.08245720157,12931.5175203983,-5803.6937649622,1176.08245720157,165780,2763,12863.0235880453,-5774.16910716596,1176.08245720157
2020-01-02 22:05:00,NA,NA,1175.6672793069,12970.0931960622,-5860.93694004248,1175.6672793069,165840,2764,12887.4891728714,-5832.90155536959,1175.6672793069
2020-01-02 22:06:00,NA,NA,1118.50962811198,12996.662226805,-5918.19875946011,1118.50962811198,165900,2765,12913.7983686842,-5892.742188289,1118.50962811198
2020-01-02 22:07:00,NA,NA,1095.12619372982,13008.8466415278,-5986.57155179291,1095.12619372982,165960,2766,12941.8827402228,-5953.17442071847,1095.12619372982
2020-01-02 22:08:00,NA,NA,1098.62258607717,13027.2120719531,-6072.84758759288,1098.62258607717,166020,2767,12971.6754759761,-6013.682208559,1098.62258607717
2020-01-02 22:09:00,NA,NA,1117.85930369826,13046.2416428459,-6129.4634938141,1117.85930369826,166080,2768,13003.1113270677,-6073.74957679693,1117.85930369826
2020-01-02 22:10:00,NA,NA,1148.69721002024,13059.6422688687,-6168.46350935791,1148.69721002024,166140,2769,13036.1265475718,-6132.86014754603,1148.69721002024
2020-01-02 22:11:00,NA,NA,1136.5709352157,13076.9966171431,-6199.90489517028,1136.5709352157,166200,2770,13070.658836204,-6190.49666772124,1136.5709352157
2020-01-02 22:12:00,NA,NA,1130.67185892904,13110.7695627887,-6243.44945400334,1130.67185892904,166260,2771,13106.6472793336,-6246.14053591181,1130.67185892904
2020-01-02 22:13:00,13144.0322952662,-6299.27132802119,NA,13144.0322952662,-6299.27132802119,1108.43208770483,166320,2772,13144.0322952662,-6299.27132802119,1106.91042553392
2020-01-02 22:14:00,NA,NA,1081.96404878412,13200.4741388181,-6339.25126806821,1081.96404878412,166380,2773,13182.0031310106,-6349.35193067766,1081.96404878412
2020-01-02 22:15:00,NA,NA,1073.30957747405,13245.2583090114,-6382.81080363732,1073.30957747405,166440,2774,13216.7396359276,-6395.78487519781,1073.30957747405
2020-01-02 22:16:00,NA,NA,1041.02114527463,13253.3269772482,-6429.99767056915,1041.02114527463,166500,2775,13243.6662511055,-6437.95496514267,1041.02114527463
2020-01-02 22:17:00,NA,NA,975.136680235145,13263.590224697,-6465.36368858181,975.136680235145,166560,2776,13258.2002731069,-6475.24310470733,975.136680235145
2020-01-02 22:18:00,13255.747662467,-6507.02573249733,NA,13255.747662467,-6507.02573249733,890.1783418146,166620,2777,13255.747662467,-6507.02573249733,876.811371522411
2020-01-02 22:19:00,NA,NA,800.511458852327,13231.0958790898,-6559.56541121689,800.511458852327,166680,2778,13233.1000349361,-6532.91945432744,800.511458852327
2020-01-02 22:20:00,NA,NA,776.261618339953,13195.0531295788,-6622.62573992562,776.261618339953,166740,2779,13192.6355606061,-6553.51634618155,776.261618339953
2020-01-02 22:21:00,NA,NA,706.152262007322,13160.5216913881,-6684.23852223226,706.152262007322,166800,2780,13138.1173008433,-6569.64884096695,706.152262007322
2020-01-02 22:22:00,NA,NA,589.627072399372,13115.9816735111,-6712.88182500612,589.627072399372,166860,2781,13073.2954622847,-6582.14528805803,589.627072399372
2020-01-02 22:23:00,NA,NA,488.522474426126,13040.6850402487,-6701.71216563649,488.522474426126,166920,2782,13001.9108272256,-6591.83071101225,488.522474426126
2020-01-02 22:24:00,NA,NA,379.884265354797,12956.7061965327,-6661.48081998215,379.884265354797,166980,2783,12927.6981752745,-6599.52756221336,379.884265354797
2020-01-02 22:25:00,NA,NA,286.054906781927,12878.8816985442,-6637.75417103852,286.054906781927,167040,2784,12854.3896995116,-6606.0564751604,286.054906781927
2020-01-02 22:26:00,NA,NA,266.376634072461,12788.3229331013,-6619.36906573187,266.376634072461,167100,2785,12785.7184202834,-6612.23701509275,266.376634072461
2020-01-02 22:27:00,12725.4215997555,-6618.88842863812,NA,12725.4215997555,-6618.88842863812,252.656897919692,167160,2786,12725.4215997555,-6618.88842863812,259.269453682834
2020-01-02 22:28:00,NA,NA,265.045909972793,12668.1056534926,-6639.37467207143,265.045909972793,167220,2787,12675.9515932065,-6625.84053139604,265.045909972793
2020-01-02 22:29:00,NA,NA,285.828323798927,12622.9373601591,-6651.038137313,285.828323798927,167280,2788,12634.6001546493,-6628.96378448563,285.828323798927
2020-01-02 22:30:00,NA,NA,259.306992840756,12583.0210379186,-6637.32332236602,259.306992840756,167340,2789,12597.3738984692,-6623.13528337302,259.306992840756
2020-01-02 22:31:00,12560.2832117564,-6603.22393438716,NA,12560.2832117564,-6603.22393438716,214.005579715018,167400,2790,12560.2832117564,-6603.22393438716,220.829972245812
2020-01-02 22:32:00,NA,NA,206.630102604083,12502.3911107482,-6565.15238034685,206.630102604083,167460,2791,12520.5036280279,-6566.82139182338,206.630102604083
2020-01-02 22:33:00,NA,NA,224.267942060453,12457.0207276751,-6507.78340832803,224.267942060453,167520,2792,12479.8685260972,-6522.4472466931,224.267942060453
2020-01-02 22:34:00,NA,NA,219.460708479088,12430.1338169142,-6472.68132758025,219.460708479088,167580,2793,12441.3755249155,-6481.34942743155,219.460708479088
2020-01-02 22:35:00,12408.0242033265,-6454.77886122362,NA,12408.0242033265,-6454.77886122362,217.447536741837,167640,2794,12408.0242033265,-6454.77886122362,209.181221748413
2020-01-02 22:36:00,12378.4523565707,-6449.49035031674,NA,12378.4523565707,-6449.49035031674,223.316998260622,167700,2795,12378.4523565707,-6449.49035031674,206.247065689442
2020-01-02 22:37:00,NA,NA,216.600956870135,12324.2282854972,-6451.69667300006,216.600956870135,167760,2796,12338.3638354932,-6456.00930649499,216.600956870135
2020-01-02 22:38:00,12287.2046153195,-6467.5213633293,NA,12287.2046153195,-6467.5213633293,239.212929635532,167820,2797,12287.2046153195,-6467.5213633293,246.363452781331
2020-01-02 22:39:00,NA,NA,300.407236047184,12249.6387273257,-6496.01032209942,300.407236047184,167880,2798,12228.2744444794,-6479.81359717476,300.407236047184
2020-01-02 22:40:00,NA,NA,377.721822396266,12205.0547863864,-6503.52820704265,377.721822396266,167940,2799,12162.2040425251,-6491.90294114052,377.721822396266
2020-01-02 22:41:00,NA,NA,464.675026524277,12127.6486742447,-6520.9820754384,464.675026524277,168000,2800,12088.9521458988,-6503.6133916339,464.675026524277
2020-01-02 22:42:00,NA,NA,574.691747337948,12039.4552624774,-6530.06214712033,574.691747337948,168060,2801,12008.4709217556,-6514.76859845889,574.691747337948
2020-01-02 22:43:00,NA,NA,670.633715479481,11947.7248405063,-6512.50001428581,670.633715479481,168120,2802,11920.7059244464,-6525.19170351567,670.633715479481
2020-01-02 22:44:00,NA,NA,738.022157806825,11843.7675001377,-6516.87780158667,738.022157806825,168180,2803,11825.5960457885,-6534.70517903415,738.022157806825
2020-01-02 22:45:00,NA,NA,776.804976444354,11748.0729799473,-6533.64999389994,776.804976444354,168240,2804,11723.0734592064,-6543.13066519368,776.804976444354
2020-01-02 22:46:00,NA,NA,775.026209921147,11628.7250663944,-6547.09578466066,775.026209921147,168300,2805,11613.0635577108,-6550.28880698087,775.026209921147
2020-01-02 22:47:00,NA,NA,766.806674651058,11511.8086706924,-6563.70951610508,766.806674651058,168360,2806,11495.4848856702,-6555.99909013654,766.806674651058
2020-01-02 22:48:00,NA,NA,752.260113062839,11380.1506936413,-6560.70164031606,752.260113062839,168420,2807,11370.2490643122,-6560.07967604202,752.260113062839
2020-01-02 22:49:00,11237.2607108911,-6562.34723539374,NA,11237.2607108911,-6562.34723539374,751.030211443545,168480,2808,11237.2607108911,-6562.34723539374,736.716277432634
2020-01-02 22:50:00,NA,NA,713.95866875625,11104.629464848,-6583.49243432431,713.95866875625,168540,2809,11097.0268958819,-6563.05279038122,713.95866875625
2020-01-02 22:51:00,NA,NA,688.765048387949,10977.9450393817,-6596.81126857776,688.765048387949,168600,2810,10952.4863504033,-6564.19005404468,688.765048387949
2020-01-02 22:52:00,NA,NA,704.852445212777,10847.9581220676,-6610.33963924424,704.852445212777,168660,2811,10807.1834085699,-6568.18914457618,704.852445212777
2020-01-02 22:53:00,NA,NA,740.44242415231,10705.0819233728,-6616.82677023533,740.44242415231,168720,2812,10664.6617076136,-6577.48279831352,740.44242415231
2020-01-02 22:54:00,NA,NA,799.8639331263,10550.3906120611,-6619.71697744182,799.8639331263,168780,2813,10528.4674291348,-6594.50859481512,799.8639331263
2020-01-02 22:55:00,10402.152542702,-6621.71118643219,NA,10402.152542702,-6621.71118643219,869.92063391307,168840,2814,10402.152542702,-6621.71118643219,880.219650909152
2020-01-02 22:56:00,NA,NA,966.643696025713,10277.8812200582,-6631.39046184331,966.643696025713,168900,2815,10288.3705330348,-6660.48575616218,966.643696025713
2020-01-02 22:57:00,NA,NA,1039.15824557301,10180.5729408051,-6652.07573676723,1039.15824557301,168960,2816,10186.1560967286,-6708.00276652347,1039.15824557301
2020-01-02 22:58:00,NA,NA,1070.25427319197,10089.8193944171,-6693.99768707683,1070.25427319197,169020,2817,10093.646991636,-6760.38190093579,1070.25427319197
2020-01-02 22:59:00,NA,NA,1054.03746215924,10008.8610867709,-6753.15874920987,1054.03746215924,169080,2818,10008.9898528998,-6813.74728970469,1054.03746215924
2020-01-02 23:00:00,NA,NA,1021.17826410915,9926.625915424,-6825.39762492867,1021.17826410915,169140,2819,9930.33849766301,-6864.2239648464,1021.17826410915
2020-01-02 23:01:00,NA,NA,1076.08077336152,9859.16767020281,-6892.31299973158,1076.08077336152,169200,2820,9855.85223638932,-6907.93431574288,1076.08077336152
2020-01-02 23:02:00,9783.69418920838,-6940.99454236089,NA,9783.69418920838,-6940.99454236089,1143.61128725985,169260,2821,9783.69418920838,-6940.99454236089,1130.41357116972
2020-01-02 23:03:00,NA,NA,1149.07022532459,9712.53622469397,-6965.01497044346,1149.07022532459,169320,2822,9712.32247749434,-6960.57302800751,1149.07022532459
2020-01-02 23:04:00,NA,NA,1139.52326469324,9631.39086572798,-6974.15060375897,1139.52326469324,169380,2823,9641.36748224988,-6968.07371779481,1139.52326469324
2020-01-02 23:05:00,NA,NA,1149.75426196483,9557.04529226845,-6963.13841560175,1149.75426196483,169440,2824,9570.75283688504,-6965.95143144511,1149.75426196483
2020-01-02 23:06:00,NA,NA,1168.36464425253,9497.95363783623,-6929.90886146669,1168.36464425253,169500,2825,9500.40248607607,-6956.65218676583,1168.36464425253
2020-01-02 23:07:00,NA,NA,1169.48145597979,9434.34387667131,-6894.8871908213,1169.48145597979,169560,2826,9430.24061622287,-6942.61543704025,1169.48145597979
2020-01-02 23:08:00,NA,NA,1165.36227540562,9370.63306185159,-6845.42468283254,1165.36227540562,169620,2827,9360.19158611024,-6926.27630236074,1165.36227540562
2020-01-02 23:09:00,NA,NA,1150.90074406821,9322.92725861046,-6821.18714959898,1150.90074406821,169680,2828,9290.17985772328,-6910.06779700074,1150.90074406821
2020-01-02 23:10:00,NA,NA,1148.971291108,9251.13113417888,-6830.12941812412,1148.971291108,169740,2829,9220.12992715581,-6896.4230548634,1148.971291108
2020-01-02 23:11:00,NA,NA,1169.94212711536,9161.27802874075,-6859.15363907104,1169.94212711536,169800,2830,9149.96625554915,-6887.7775550417,1169.94212711536
2020-01-02 23:12:00,9079.61319999854,-6886.57134952532,NA,9079.61319999854,-6886.57134952532,1153.43196685,169860,2831,9079.61319999854,-6886.57134952532,1162.74878264095
2020-01-02 23:13:00,NA,NA,1129.01158264611,8998.83811133714,-6922.24386073775,1129.01158264611,169920,2832,9008.9851169291,-6894.18538540363,1129.01158264611
2020-01-02 23:14:00,NA,NA,1078.80631134354,8917.15976398553,-6939.56560396019,1078.80631134354,169980,2833,8937.95679916998,-6907.74484439379,1078.80631134354
2020-01-02 23:15:00,NA,NA,1001.94805011615,8850.14458427058,-6935.8911993077,1001.94805011615,170040,2834,8866.39284527322,-6923.31443814714,1001.94805011615
2020-01-02 23:16:00,8794.15736377692,-6936.96071639084,NA,8794.15736377692,-6936.96071639084,921.774287497583,170100,2835,8794.15736377692,-6936.96071639084,927.418587924657
2020-01-02 23:17:00,NA,NA,855.379171663242,8726.51075090071,-6942.448155554,855.379171663242,170160,2836,8722.47235632684,-6945.28452647553,855.379171663242
2020-01-02 23:18:00,8657.99460812969,-6947.0261735719,NA,8657.99460812969,-6947.0261735719,775.08367113296,170220,2837,8657.99460812969,-6947.0261735719,780.301544838607
2020-01-02 23:19:00,NA,NA,717.048486333339,8619.28498839532,-6947.73360468598,717.048486333339,170280,2838,8607.13880708177,-6941.77378912086,717.048486333339
2020-01-02 23:20:00,NA,NA,673.505072685137,8602.19020656008,-6941.3053215041,673.505072685137,170340,2839,8569.90301019319,-6930.38033064715,673.505072685137
2020-01-02 23:21:00,NA,NA,625.033702341211,8587.84424676691,-6936.67410171745,625.033702341211,170400,2840,8544.69053623728,-6914.01092838675,625.033702341211
2020-01-02 23:22:00,NA,NA,594.603640909414,8563.67697190491,-6923.67438282582,594.603640909414,170460,2841,8529.91570186212,-6893.82616107376,594.603640909414
2020-01-02 23:23:00,NA,NA,574.792091628325,8542.12801169318,-6885.9942489427,574.792091628325,170520,2842,8524.0023709535,-6870.98311761064,574.792091628325
2020-01-02 23:24:00,8525.38251290687,-6846.63645546289,NA,8525.38251290687,-6846.63645546289,520.911370105899,170580,2843,8525.38251290687,-6846.63645546289,531.135192702633
2020-01-02 23:25:00,NA,NA,487.657144436831,8510.80849532318,-6819.51085927973,487.657144436831,170640,2844,8532.72014148232,-6821.87707495799,487.657144436831
2020-01-02 23:26:00,NA,NA,471.029935059654,8528.05633749223,-6776.27689280143,471.029935059654,170700,2845,8545.58625465951,-6797.54596002672,471.029935059654
2020-01-02 23:27:00,NA,NA,465.816855144005,8538.81258580504,-6752.60096197871,465.816855144005,170760,2846,8563.78228210967,-6774.42210448017,465.816855144005
2020-01-02 23:28:00,NA,NA,486.067402391788,8566.72625233599,-6738.17260142568,486.067402391788,170820,2847,8587.11452886901,-6753.28560654478,486.067402391788
2020-01-02 23:29:00,NA,NA,506.159150493802,8593.58423734623,-6716.95324797899,506.159150493802,170880,2848,8615.39399808846,-6734.91838237625,506.159150493802
2020-01-02 23:30:00,NA,NA,503.920459081643,8622.79065502458,-6712.4818994714,503.920459081643,170940,2849,8648.43621813833,-6720.1048812527,503.920459081643
2020-01-02 23:31:00,NA,NA,497.436152520127,8659.52686789122,-6716.94655130563,497.436152520127,171000,2850,8686.06107386287,-6709.63280309217,497.436152520127
2020-01-02 23:32:00,NA,NA,464.810799125246,8708.07008882308,-6701.3929437251,464.810799125246,171060,2851,8728.09264182407,-6704.2938189473,464.810799125246
2020-01-02 23:33:00,NA,NA,445.375649151556,8758.62583589402,-6704.43937342676,445.375649151556,171120,2852,8774.35902938166,-6704.88429513451,445.375649151556
2020-01-02 23:34:00,8824.69221746143,-6712.2060216593,NA,8824.69221746143,-6712.2060216593,433.435791743579,171180,2853,8824.69221746143,-6712.2060216593,441.884448025099
2020-01-02 23:35:00,NA,NA,448.755211866302,8887.5873401942,-6728.00326477433,448.755211866302,171240,2854,8879.13720308256,-6726.68502786128,448.755211866302
2020-01-02 23:36:00,NA,NA,454.634476942314,8949.75359365544,-6752.82341904301,454.634476942314,171300,2855,8938.57996885923,-6747.22614998259,454.634476942314
2020-01-02 23:37:00,NA,NA,425.716623452901,9018.84504029152,-6773.04732125268,425.716623452901,171360,2856,9004.12036713178,-6772.35785325235,425.716623452901
2020-01-02 23:38:00,NA,NA,359.333766161573,9074.4758346771,-6787.45230322927,359.333766161573,171420,2857,9076.86382804557,-6800.61280174833,359.333766161573
2020-01-02 23:39:00,9157.92237054479,-6830.52651623312,NA,9157.92237054479,-6830.52651623312,285.134145242413,171480,2858,9157.92237054479,-6830.52651623312,269.303699072701
2020-01-02 23:40:00,NA,NA,171.957240231075,9255.91303349577,-6889.38995019683,171.957240231075,171540,2859,9247.58332714943,-6860.91331816884,171.957240231075
2020-01-02 23:41:00,NA,NA,99.7567799478564,9347.91216050545,-6943.23060909444,99.7567799478564,171600,2860,9342.81257838904,-6891.69714701604,99.7567799478564
2020-01-02 23:42:00,NA,NA,107.308147464291,9434.47186904245,-6968.11806073244,107.308147464291,171660,2861,9439.74880769898,-6923.07958935141,107.308147464291
2020-01-02 23:43:00,NA,NA,133.625125793436,9528.89595969699,-7002.77793486179,133.625125793436,171720,2862,9534.53225936824,-6955.26277937318,133.625125793436
2020-01-02 23:44:00,NA,NA,216.017819003203,9616.85927399782,-7039.23414674207,216.017819003203,171780,2863,9623.30120811861,-6988.44958376186,216.017819003203
2020-01-02 23:45:00,NA,NA,349.861740072472,9676.40969411413,-7075.56618046362,349.861740072472,171840,2864,9702.18842687825,-7022.84378722996,349.861740072472
2020-01-02 23:46:00,NA,NA,489.375558791602,9736.38059426157,-7103.18319513594,489.375558791602,171900,2865,9767.31764950232,-7058.6502789161,489.375558791602
2020-01-02 23:47:00,NA,NA,612.17111825735,9794.08918403525,-7124.1534975676,612.17111825735,171960,2866,9814.80002521369,-7096.07523979157,612.17111825735
2020-01-02 23:48:00,NA,NA,716.913396576809,9827.73166893398,-7149.87822512839,716.913396576809,172020,2867,9840.73056152502,-7135.32633124971,716.913396576809
2020-01-02 23:49:00,9841.1845523912,-7176.61288505004,NA,9841.1845523912,-7176.61288505004,800.403296519197,172080,2868,9841.1845523912,-7176.61288505004,786.413277690258
2020-01-02 23:50:00,9821.83754502814,-7217.66365079054,NA,9821.83754502814,-7217.66365079054,844.279213373531,172140,2869,9821.83754502814,-7217.66365079054,835.165775045454
2020-01-02 23:51:00,NA,NA,886.799063220995,9807.06446698073,-7243.17889534405,886.799063220995,172200,2870,9816.87780955189,-7249.54474229701,886.799063220995
2020-01-02 23:52:00,NA,NA,947.851899553098,9808.02570682536,-7261.60482116942,947.851899553098,172260,2871,9830.26785990016,-7273.90329305405,947.851899553098
2020-01-02 23:53:00,NA,NA,982.390174053978,9839.83516045328,-7290.85939046896,982.390174053978,172320,2872,9856.02183515789,-7295.64736863313,982.390174053978
2020-01-02 23:54:00,9888.16518329277,-7319.68264389507,NA,9888.16518329277,-7319.68264389507,1029.0870599007,172380,2873,9888.16518329277,-7319.68264389507,1022.07765778088
2020-01-02 23:55:00,NA,NA,1049.92726810853,9924.46566441046,-7346.93444944822,1049.92726810853,172440,2874,9923.19451008707,-7349.63463901234,1049.92726810853
2020-01-02 23:56:00,9967.47077174468,-7384.00504759271,NA,9967.47077174468,-7384.00504759271,1042.98673163216,172500,2875,9967.47077174468,-7384.00504759271,1039.01058969334
2020-01-02 23:57:00,10024.2496239192,-7419.95535663367,NA,10024.2496239192,-7419.95535663367,993.079387776121,172560,2876,10024.2496239192,-7419.95535663367,998.178073267312
2020-01-02 23:58:00,NA,NA,944.027405249928,10060.7511647832,-7445.80167774615,944.027405249928,172620,2877,10078.6217132058,-7454.95872573547,944.027405249928
2020-01-02 23:59:00,NA,NA,876.82078203785,10122.9487555922,-7477.28524622683,876.82078203785,172680,2878,10126.6607155415,-7488.65848062608,876.82078203785
2020-01-03 00:01:00,NA,NA,643.305393541437,10285.4583930994,-7568.51553502986,643.305393541437,172800,2879,10204.568936478,-7552.94760015446,643.305393541437
2020-01-03 00:02:00,NA,NA,575.096520138459,10358.9877092888,-7621.8166075185,575.096520138459,172860,2880,10234.8390747998,-7583.93485055095,575.096520138459
2020-01-03 00:03:00,NA,NA,528.959439801924,10406.1323699636,-7679.9322149871,528.959439801924,172920,2881,10259.5783319433,-7614.4146222012,528.959439801924
2020-01-03 00:04:00,NA,NA,541.401831803795,10439.5277926181,-7737.45431612035,541.401831803795,172980,2882,10278.9741652686,-7644.58433526647,541.401831803795
2020-01-03 00:05:00,NA,NA,513.63934177774,10463.3875751888,-7801.010459069,513.63934177774,173040,2883,10293.2091445255,-7674.64112631536,513.63934177774
2020-01-03 00:06:00,NA,NA,483.847967263133,10466.1240988094,-7850.07555958804,483.847967263133,173100,2884,10302.4611188553,-7704.78202864169,483.847967263133
2020-01-03 00:07:00,NA,NA,419.444182003395,10467.2570378828,-7909.70469180356,419.444182003395,173160,2885,10306.9033794715,-7735.20415248827,419.444182003395
2020-01-03 00:08:00,NA,NA,351.121209559885,10461.5917405274,-7964.67325952311,351.121209559885,173220,2886,10306.7048181707,-7766.10486534116,351.121209559885
2020-01-03 00:09:00,NA,NA,281.346305353717,10451.5552043127,-8032.14567406155,281.346305353717,173280,2887,10302.0300818191,-7797.68197245949,281.346305353717
2020-01-03 00:10:00,NA,NA,253.099748474653,10430.6377371723,-8074.69647499833,253.099748474653,173340,2888,10293.0397229542,-7830.13389780578,253.099748474653
2020-01-03 00:11:00,NA,NA,190.811169278068,10393.0318558721,-8103.13591661723,190.811169278068,173400,2889,10279.8903466427,-7863.6598655423,190.811169278068
2020-01-03 00:12:00,NA,NA,117.182297787069,10341.8470686704,-8137.14621395525,117.182297787069,173460,2890,10262.7347537268,-7898.46008225942,117.182297787069
2020-01-03 00:13:00,NA,NA,45.6067467169086,10269.3308429386,-8162.69848204366,45.6067467169086,173520,2891,10241.7220805902,-7934.73592010267,45.6067467169086
2020-01-03 00:14:00,NA,NA,5.49379884732122,10224.2144601601,-8179.20421093036,5.49379884732122,173580,2892,10216.9979355727,-7972.69010096596,5.49379884732122
2020-01-03 00:15:00,NA,NA,-14.532760926747,10195.7481119985,-8193.98542935563,-14.532760926747,173640,2893,10188.7045321577,-8012.52688191948,-14.532760926747
2020-01-03 00:16:00,NA,NA,-19.7339037187178,10175.7606321563,-8221.72370338349,-19.7339037187178,173700,2894,10156.9808190537,-8054.45224204179,-19.7339037187178
2020-01-03 00:17:00,NA,NA,-15.2107682498567,10155.8493091779,-8244.10831177142,-15.2107682498567,173760,2895,10121.9626072902,-8098.67407082711,-15.2107682498567
2020-01-03 00:18:00,NA,NA,-8.26310510633419,10123.6030169701,-8239.68848398086,-8.26310510633419,173820,2896,10083.7826944433,-8145.40235834002,-8.26310510633419
2020-01-03 00:19:00,NA,NA,19.4356531950052,10082.2913597202,-8257.46733196822,19.4356531950052,173880,2897,10042.5709861045,-8194.84938729164,19.4356531950052
2020-01-03 00:20:00,NA,NA,19.4636517657918,10017.4654454065,-8288.61181099646,19.4636517657918,173940,2898,9998.4546147047,-8247.2299272128,19.4636517657918
2020-01-03 00:21:00,NA,NA,-9.39197885376697,9951.17445957136,-8311.02266336642,-9.39197885376697,174000,2899,9951.55805580154,-8302.76143090201,-9.39197885376697
2020-01-03 00:22:00,9902.00324193613,-8361.66423332768,NA,9902.00324193613,-8361.66423332768,-29.1477239337115,174060,2900,9902.00324193613,-8361.66423332768,-27.2637282642093
2020-01-03 00:23:00,NA,NA,-31.6762199977024,9850.75576249551,-8441.47296616728,-31.6762199977024,174120,2901,9849.92578345228,-8423.87067493318,-31.6762199977024
2020-01-03 00:24:00,NA,NA,-34.9649584657322,9800.47408665096,-8499.9393060679,-34.9649584657322,174180,2902,9795.52342259864,-8488.15175238665,-34.9649584657322
2020-01-03 00:25:00,NA,NA,-55.6289917600648,9746.2003995672,-8546.12880555852,-55.6289917600648,174240,2903,9739.00788322905,-8552.98928277262,-55.6289917600648
2020-01-03 00:26:00,NA,NA,-96.2599742052224,9688.98027937172,-8591.32043501694,-96.2599742052224,174300,2904,9680.58895626903,-8616.86559195024,-96.2599742052224
2020-01-03 00:27:00,NA,NA,-175.66018166752,9635.20265712668,-8650.9318117413,-175.66018166752,174360,2905,9620.47469163227,-8678.26212639463,-175.66018166752
2020-01-03 00:28:00,NA,NA,-215.7969424569,9563.04254530439,-8708.22795907014,-215.7969424569,174420,2906,9558.87158852408,-8735.65806421903,-215.7969424569
2020-01-03 00:29:00,NA,NA,-212.096712135268,9496.94663827339,-8777.54474112246,-212.096712135268,174480,2907,9495.98478432507,-8787.52892410949,-212.096712135268
2020-01-03 00:30:00,NA,NA,-277.454951769306,9432.986206274,-8833.83720309553,-277.454951769306,174540,2908,9432.01824222893,-8832.34517090609,-277.454951769306
2020-01-03 00:31:00,9367.17493780606,-8868.57081655776,NA,9367.17493780606,-8868.57081655776,-298.42810594437,174600,2909,9367.17493780606,-8868.57081655776,-303.740667921865
2020-01-03 00:32:00,NA,NA,-299.773329797378,9294.44768710695,-8896.93613247008,-299.773329797378,174660,2910,9301.98967959457,-8896.87292484039,-299.773329797378
2020-01-03 00:33:00,9238.32756407703,-8926.75535696601,NA,9238.32756407703,-8926.75535696601,-316.588253683241,174720,2911,9238.32756407703,-8926.75535696601,-309.654906157702
2020-01-03 00:34:00,NA,NA,-327.697335211642,9184.91204360412,-8965.45781836251,-327.697335211642,174780,2912,9177.06938180282,-8966.19710971017,-327.697335211642
2020-01-03 00:35:00,9113.82454272274,-9008.23635272295,NA,9113.82454272274,-9008.23635272295,-339.011056511796,174840,2913,9113.82454272274,-9008.23635272295,-339.34154618921
2020-01-03 00:36:00,NA,NA,-342.769201900959,9063.55774691497,-9033.67895463692,-342.769201900959,174900,2914,9044.39562211536,-9044.30437249392,-342.769201900959
2020-01-03 00:37:00,NA,NA,-333.633798529744,9029.36027439238,-9050.54182510276,-333.633798529744,174960,2915,8970.6330898961,-9074.33923516228,-333.633798529744
2020-01-03 00:38:00,NA,NA,-299.933786749148,8977.88013140045,-9093.51013827303,-299.933786749148,175020,2916,8895.89676952315,-9100.40145048377,-299.933786749148
2020-01-03 00:39:00,NA,NA,-269.05391279202,8912.24762080438,-9141.68728135473,-269.05391279202,175080,2917,8823.5455941676,-9124.54789466391,-269.05391279202
2020-01-03 00:40:00,NA,NA,-239.132449544509,8817.57804512023,-9170.49575616037,-239.132449544509,175140,2918,8756.94067908824,-9148.83369178763,-239.132449544509
2020-01-03 00:41:00,NA,NA,-210.417604817666,8733.18789036824,-9193.6444777566,-210.417604817666,175200,2919,8699.44839596607,-9175.31409360412,-210.417604817666
2020-01-03 00:42:00,NA,NA,-178.561775607006,8666.37606008033,-9224.82628735338,-178.561775607006,175260,2920,8654.44345205764,-9206.04635943001,-178.561775607006
2020-01-03 00:43:00,NA,NA,-107.010865030294,8628.53846430755,-9252.0748341651,-107.010865030294,175320,2921,8625.31197698241,-9243.09163789271,-107.010865030294
2020-01-03 00:44:00,8615.45461996483,-9288.51685223421,NA,8615.45461996483,-9288.51685223421,6.41351020226583,175380,2922,8615.45461996483,-9288.51685223421,-11.1119478779582
2020-01-03 00:45:00,NA,NA,85.523132165556,8637.48843010483,-9334.26196901377,85.523132165556,175440,2923,8626.35840353875,-9343.40355259767,85.523132165556
2020-01-03 00:46:00,NA,NA,174.3895952075,8679.62429026327,-9393.044142467,174.3895952075,175500,2924,8651.80396139077,-9404.86960959444,174.3895952075
2020-01-03 00:47:00,NA,NA,278.0310845602,8694.43384167036,-9469.08321591758,278.0310845602,175560,2925,8683.6539751099,-9469.04587560976,278.0310845602
2020-01-03 00:48:00,NA,NA,352.188629762313,8708.65437943917,-9537.91814559027,352.188629762313,175620,2926,8713.77698325188,-9532.06568151503,352.188629762313
2020-01-03 00:49:00,8734.03994377721,-9590.06129994882,NA,8734.03994377721,-9590.06129994882,375.160476132638,175680,2927,8734.03994377721,-9590.06129994882,367.518529428204
2020-01-03 00:50:00,NA,NA,362.54297938173,8745.30871891455,-9636.72571370813,362.54297938173,175740,2928,8739.72929568665,-9640.46184161957,362.54297938173
2020-01-03 00:51:00,NA,NA,373.952280479773,8739.21299610389,-9686.57826422125,373.952280479773,175800,2929,8739.8327786324,-9685.89544425852,373.952280479773
2020-01-03 00:52:00,8746.76152360473,-9730.28713585228,NA,8746.76152360473,-9730.28713585228,376.934418323379,175860,2930,8746.76152360473,-9730.28713585228,378.797130671587
2020-01-03 00:53:00,NA,NA,368.385102343158,8780.41207312809,-9767.43737328193,368.385102343158,175920,2931,8769.61719399618,-9775.58486877581,368.385102343158
2020-01-03 00:54:00,NA,NA,339.013306392855,8813.7842314337,-9812.61628548051,339.013306392855,175980,2932,8804.25256447349,-9815.83256787579,339.013306392855
2020-01-03 00:55:00,8843.21547429361,-9843.09341323692,NA,8843.21547429361,-9843.09341323692,289.356928760263,176040,2933,8843.21547429361,-9843.09341323692,281.267805625703
2020-01-03 00:56:00,8880.2502112123,-9853.96767054164,NA,8880.2502112123,-9853.96767054164,205.550333925978,176100,2934,8880.2502112123,-9853.96767054164,196.26023547476
2020-01-03 00:57:00,NA,NA,87.0646067286946,8935.78793735812,-9863.56312607816,87.0646067286946,176160,2935,8913.93762879373,-9860.02235793947,87.0646067286946
2020-01-03 00:58:00,NA,NA,-45.769666957655,8996.31569307189,-9854.5774933872,-45.769666957655,176220,2936,8944.32060921324,-9864.5086262095,-45.769666957655
2020-01-03 00:59:00,NA,NA,-198.222954101042,9064.02214628251,-9838.73719684939,-198.222954101042,176280,2937,8971.5071583492,-9867.46123217862,-198.222954101042
2020-01-03 01:00:00,NA,NA,-333.979996796503,9127.79275505868,-9828.89220221087,-333.979996796503,176340,2938,8995.60235821138,-9868.9135297696,-333.979996796503
2020-01-03 01:01:00,NA,NA,-435.162776645789,9139.04224109249,-9817.46225963115,-435.162776645789,176400,2939,9016.70846313153,-9868.89750055465,-435.162776645789
2020-01-03 01:02:00,NA,NA,-532.231052267188,9122.95813940455,-9779.16154102213,-532.231052267188,176460,2940,9034.92499331494,-9867.4437830215,-532.231052267188
2020-01-03 01:03:00,NA,NA,-603.174786040589,9112.85455815088,-9767.59415476765,-603.174786040589,176520,2941,9050.34882587979,-9864.58170060407,-603.174786040589
2020-01-03 01:04:00,NA,NA,-652.148500963029,9103.25702313901,-9783.3772108337,-652.148500963029,176580,2942,9063.07428347488,-9860.33928850757,-652.148500963029
2020-01-03 01:05:00,NA,NA,-686.712286418651,9096.42314805254,-9802.55613587125,-686.712286418651,176640,2943,9073.19322055875,-9854.7433193541,-686.712286418651
2020-01-03 01:06:00,NA,NA,-706.348822499741,9121.41933242862,-9812.08625854019,-706.348822499741,176700,2944,9080.79510742014,-9847.81932767266,-706.348822499741
2020-01-03 01:07:00,NA,NA,-670.189628000454,9129.6539713077,-9819.79310915401,-670.189628000454,176760,2945,9085.96711201712,-9839.59163325625,-670.189628000454
2020-01-03 01:08:00,NA,NA,-604.477279210622,9131.23539402169,-9842.98858874779,-604.477279210622,176820,2946,9088.79417970988,-9830.08336340773,-604.477279210622
2020-01-03 01:09:00,NA,NA,-518.0142056132,9126.86643923873,-9868.73305438374,-518.0142056132,176880,2947,9089.35911096026,-9819.31647409462,-518.0142056132
2020-01-03 01:10:00,NA,NA,-472.576185036085,9119.23514862812,-9869.36336647017,-472.576185036085,176940,2948,9087.74263706926,-9807.31177003245,-472.576185036085
2020-01-03 01:11:00,NA,NA,-472.447325152658,9122.44445895968,-9852.19153309048,-472.447325152658,177000,2949,9084.02349402169,-9794.08892371498,-472.447325152658
2020-01-03 01:12:00,NA,NA,-546.131108364999,9130.27206046424,-9819.05847089233,-546.131108364999,177060,2950,9078.27849450574,-9779.66649340873,-546.131108364999
2020-01-03 01:13:00,NA,NA,-590.484099578775,9102.47913405081,-9775.05199660782,-590.484099578775,177120,2951,9070.58259817317,-9764.06194012823,-590.484099578775
2020-01-03 01:14:00,NA,NA,-614.668066664578,9062.83593957999,-9747.96714709717,-614.668066664578,177180,2952,9061.00898020455,-9747.29164360769,-614.668066664578
2020-01-03 01:15:00,NA,NA,-608.639544577249,9033.60176614759,-9727.47605872724,-608.639544577249,177240,2953,9049.62909824222,-9729.37091728352,-608.639544577249
2020-01-03 01:16:00,9036.51275775212,-9710.31402230152,NA,9036.51275775212,-9710.31402230152,-634.944377395765,177300,2954,9036.51275775212,-9710.31402230152,-634.917274720496
2020-01-03 01:17:00,NA,NA,-673.54796498351,9063.65786495289,-9711.86931627854,-673.54796498351,177360,2955,9021.75297156822,-9690.10658797438,-673.54796498351
2020-01-03 01:18:00,NA,NA,-680.901263126293,9078.04718806219,-9707.35755097674,-680.901263126293,177420,2956,9005.54043623383,-9668.62281544304,-680.901263126293
2020-01-03 01:19:00,NA,NA,-640.573359687073,9060.5423777681,-9702.3200396284,-640.573359687073,177480,2957,8988.08931463385,-9645.7081452378,-640.573359687073
2020-01-03 01:20:00,NA,NA,-579.343838030421,9037.59617976632,-9689.40555230372,-579.343838030421,177540,2958,8969.61263673357,-9621.20670899963,-579.343838030421
2020-01-03 01:21:00,NA,NA,-530.792527469701,9006.97017806431,-9681.94701847523,-530.792527469701,177600,2959,8950.32249444229,-9594.96118693418,-530.792527469701
2020-01-03 01:22:00,NA,NA,-531.953703189269,8974.78592952696,-9666.07553047116,-531.953703189269,177660,2960,8930.43023561096,-9566.81266392047,-531.953703189269
2020-01-03 01:23:00,NA,NA,-554.437324457668,8954.90782978037,-9638.5971588256,-554.437324457668,177720,2961,8910.14665734941,-9536.60048415682,-554.437324457668
2020-01-03 01:24:00,NA,NA,-523.054371138777,8928.39307782564,-9573.93553785744,-523.054371138777,177780,2962,8889.68219884006,-9504.16210421299,-523.054371138777
2020-01-03 01:25:00,NA,NA,-500.979874359218,8900.15492807834,-9518.36989557421,-500.979874359218,177840,2963,8869.24713382452,-9469.33294435493,-500.979874359218
2020-01-03 01:26:00,NA,NA,-495.951750175778,8864.59782462302,-9447.57564270107,-495.951750175778,177900,2964,8849.05176293887,-9431.94623800642,-495.951750175778
2020-01-03 01:27:00,8829.30660607375,-9391.83287921008,NA,8829.30660607375,-9391.83287921008,-470.093936659469,177960,2965,8829.30660607375,-9391.83287921008,-473.407473923041
2020-01-03 01:28:00,NA,NA,-459.113298790505,8811.25644699713,-9350.53837510311,-459.113298790505,178020,2966,8809.42018134295,-9350.57825095864,-459.113298790505
2020-01-03 01:29:00,8785.59107507786,-9316.79494816619,NA,8785.59107507786,-9316.79494816619,-483.117039074568,178080,2967,8785.59107507786,-9316.79494816619,-486.460995412617
2020-01-03 01:30:00,NA,NA,-549.149783100723,8758.2922406199,-9306.69182832934,-549.149783100723,178140,2968,8753.8532411232,-9299.97759441396,-549.149783100723
2020-01-03 01:31:00,NA,NA,-631.045591818151,8711.50751432775,-9310.60727984533,-631.045591818151,178200,2969,8712.79907169561,-9306.10901042598,-631.045591818151
2020-01-03 01:32:00,8661.6538234963,-9340.31122433964,NA,8661.6538234963,-9340.31122433964,-720.840315043262,178260,2970,8661.6538234963,-9340.31122433964,-713.236864139936
2020-01-03 01:33:00,8604.64482379913,-9399.78450351038,NA,8604.64482379913,-9399.78450351038,-791.911730429433,178320,2971,8604.64482379913,-9399.78450351038,-782.09977109382
2020-01-03 01:34:00,NA,NA,-824.897894569136,8557.2575675627,-9466.77210854717,-824.897894569136,178380,2972,8560.90887025846,-9457.22468061076,-824.897894569136
2020-01-03 01:35:00,NA,NA,-833.289957905914,8527.67424391846,-9512.136970132,-833.289957905914,178440,2973,8534.08008730922,-9506.43428614238,-833.289957905914
2020-01-03 01:36:00,NA,NA,-821.299368091202,8507.13392162585,-9517.89907030003,-821.299368091202,178500,2974,8522.67677315373,-9548.47198755971,-821.299368091202
2020-01-03 01:37:00,NA,NA,-820.827679774057,8518.94417218275,-9527.92016425535,-820.827679774057,178560,2975,8525.23133614124,-9584.38989207829,-820.827679774057
2020-01-03 01:38:00,NA,NA,-883.82439122493,8552.02171460284,-9525.63407366428,-883.82439122493,178620,2976,8540.28895192977,-9615.23450919161,-883.82439122493
2020-01-03 01:39:00,NA,NA,-981.69156345522,8599.83321231849,-9507.50393585507,-981.69156345522,178680,2977,8566.40623266241,-9642.04770793659,-981.69156345522
2020-01-03 01:40:00,NA,NA,-1076.62327696316,8641.51458072833,-9518.75513113457,-1076.62327696316,178740,2978,8602.14990666942,-9665.8676698921,-1076.62327696316
2020-01-03 01:41:00,NA,NA,-1181.8078985195,8694.20222479192,-9551.56842868307,-1181.8078985195,178800,2979,8646.09550744593,-9687.72983879796,-1181.8078985195
2020-01-03 01:42:00,NA,NA,-1261.27246657379,8764.11007042427,-9610.01848921417,-1261.27246657379,178860,2980,8696.82607069324,-9708.66786766718,-1261.27246657379
2020-01-03 01:43:00,NA,NA,-1314.63560555635,8832.8245637228,-9670.70028765325,-1314.63560555635,178920,2981,8752.93083822707,-9729.71456425935,-1314.63560555635
2020-01-03 01:44:00,NA,NA,-1350.7270454805,8898.4048339665,-9722.61874016284,-1350.7270454805,178980,2982,8813.00396756487,-9751.90283578052,-1350.7270454805
2020-01-03 01:45:00,NA,NA,-1387.61675104513,8958.22853609665,-9760.77506452356,-1387.61675104513,179040,2983,8875.64324601099,-9776.26663367406,-1387.61675104513
2020-01-03 01:46:00,NA,NA,-1489.5128434547,9003.31295100759,-9790.05296030877,-1489.5128434547,179100,2984,8939.44880806273,-9803.84189936659,-1489.5128434547
2020-01-03 01:47:00,NA,NA,-1573.16708713072,9057.10603040712,-9834.92681977518,-1573.16708713072,179160,2985,9003.02185496386,-9835.66751183438,-1573.16708713072
2020-01-03 01:48:00,NA,NA,-1644.27781796596,9094.96538158584,-9876.12235280136,-1644.27781796596,179220,2986,9064.96337523411,-9872.78623785668,-1644.27781796596
2020-01-03 01:49:00,NA,NA,-1679.70544165683,9121.76665932071,-9909.94361745542,-1679.70544165683,179280,2987,9123.87286500434,-9916.24568582537,-1679.70544165683
2020-01-03 01:50:00,9178.34704698667,-9967.09926398335,NA,9178.34704698667,-9967.09926398335,-1710.27885695906,179340,2988,9178.34704698667,-9967.09926398335,-1698.91229773574
2020-01-03 01:51:00,NA,NA,-1709.89090945668,9246.38841295206,-10049.1580267854,-1709.89090945668,179400,2989,9226.96597704111,-10025.8570788116,-1709.89090945668
2020-01-03 01:52:00,NA,NA,-1718.59551685073,9297.60047239417,-10119.2210671999,-1718.59551685073,179460,2990,9268.2539123054,-10090.8361067141,-1718.59551685073
2020-01-03 01:53:00,NA,NA,-1735.69946000173,9345.51729791441,-10178.5168681261,-1735.69946000173,179520,2991,9300.71579255214,-10159.8089515462,-1735.69946000173
2020-01-03 01:54:00,NA,NA,-1733.09507396727,9363.75568684262,-10239.1502103657,-1733.09507396727,179580,2992,9322.84848404231,-10230.5518700251,-1733.09507396727
2020-01-03 01:55:00,NA,NA,-1737.17477166196,9352.6546763762,-10302.7784460999,-1737.17477166196,179640,2993,9333.13940476125,-10300.8427377251,-1737.17477166196
2020-01-03 01:56:00,9330.0651409255,-10368.4590165542,NA,9330.0651409255,-10368.4590165542,-1702.84502254245,179700,2994,9330.0651409255,-10368.4590165542,-1694.01777553295
2020-01-03 01:57:00,NA,NA,-1615.59545223182,9305.92539630521,-10446.7760825853,-1615.59545223182,179760,2995,9313.77124040475,-10431.9141359075,-1615.59545223182
2020-01-03 01:58:00,NA,NA,-1532.07663852727,9282.75965542103,-10501.7102863404,-1532.07663852727,179820,2996,9291.11621391436,-10492.6715106095,-1532.07663852727
2020-01-03 01:59:00,9270.63393954517,-10552.9305019687,NA,9270.63393954517,-10552.9305019687,-1456.93805608789,179880,2997,9270.63393954517,-10552.9305019687,-1451.96345473857
2020-01-03 02:00:00,NA,NA,-1375.32792207122,9271.40682025634,-10601.7167834398,-1375.32792207122,179940,2998,9259.2083741147,-10614.4679774253,-1375.32792207122
2020-01-03 02:01:00,NA,NA,-1301.8577311727,9281.6532674988,-10645.0365835179,-1301.8577311727,180000,2999,9257.12381718279,-10677.3737435772,-1301.8577311727
2020-01-03 02:02:00,NA,NA,-1235.82336411351,9309.60949675996,-10701.0371274438,-1235.82336411351,180060,3000,9263.02120486475,-10741.3168211092,-1235.82336411351
2020-01-03 02:03:00,NA,NA,-1189.77624556261,9326.48655149595,-10746.5964763053,-1189.77624556261,180120,3001,9275.5487743776,-10805.9671795745,-1189.77624556261
2020-01-03 02:04:00,NA,NA,-1142.58510063159,9330.85228286257,-10805.3721018337,-1142.58510063159,180180,3002,9293.36082747577,-10870.9954354712,-1142.58510063159
2020-01-03 02:05:00,NA,NA,-1052.09739636193,9339.88694249208,-10863.2207414491,-1052.09739636193,180240,3003,9315.11649953099,-10936.0725509486,-1052.09739636193
2020-01-03 02:06:00,NA,NA,-1006.91325721633,9360.48675992402,-10924.6978603715,-1006.91325721633,180300,3004,9339.47853304831,-11000.8695328349,-1006.91325721633
2020-01-03 02:07:00,NA,NA,-970.127484135429,9394.14006345442,-10985.5093196691,-970.127484135429,180360,3005,9365.11205448615,-11065.0571317079,-970.127484135429
2020-01-03 02:08:00,NA,NA,-954.521316352014,9415.57764393364,-11065.9990884769,-954.521316352014,180420,3006,9390.68335325852,-11128.3055407331,-954.521316352014
2020-01-03 02:09:00,NA,NA,-947.746091789384,9437.88143262754,-11164.6963107943,-947.746091789384,180480,3007,9414.85866180182,-11190.2840939914,-947.746091789384
2020-01-03 02:10:00,9436.30293558956,-11250.6609640216,NA,9436.30293558956,-11250.6609640216,-991.202112432883,180540,3008,9436.30293558956,-11250.6609640216,-987.00973024432
2020-01-03 02:11:00,NA,NA,-1045.02330876552,9414.04876125736,-11327.6070721518,-1045.02330876552,180600,3009,9453.89169668553,-11309.1932076145,-1045.02330876552
2020-01-03 02:12:00,NA,NA,-1090.54960861863,9402.93296008402,-11418.5454518013,-1090.54960861863,180660,3010,9467.34923774487,-11365.9976081286,-1090.54960861863
2020-01-03 02:13:00,NA,NA,-1134.94003478153,9406.35837911408,-11489.1629370694,-1134.94003478153,180720,3011,9476.60913625655,-11421.2797178134,-1134.94003478153
2020-01-03 02:14:00,NA,NA,-1129.85716448527,9413.69690815436,-11541.7569631553,-1129.85716448527,180780,3012,9481.60113006127,-11475.2436965194,-1129.85716448527
2020-01-03 02:15:00,NA,NA,-1110.38633743148,9432.37435657852,-11587.3550439046,-1110.38633743148,180840,3013,9482.25105313038,-11528.0924984334,-1110.38633743148
2020-01-03 02:16:00,NA,NA,-1113.03005085646,9458.31149425494,-11631.4848036346,-1113.03005085646,180900,3014,9478.48076774055,-11580.0280577151,-1113.03005085646
2020-01-03 02:17:00,NA,NA,-1127.88513400678,9476.65822032524,-11675.1868241183,-1127.88513400678,180960,3015,9470.20809300914,-11631.2514732028,-1127.88513400678
2020-01-03 02:18:00,NA,NA,-1158.22506643733,9477.69999037483,-11726.1367582879,-1158.22506643733,181020,3016,9457.34672972869,-11681.9631923549,-1158.22506643733
2020-01-03 02:19:00,NA,NA,-1170.47321983307,9463.37764999839,-11770.405282351,-1170.47321983307,181080,3017,9439.80618143293,-11732.3631945965,-1170.47321983307
2020-01-03 02:20:00,NA,NA,-1191.35115919307,9443.7794588853,-11800.4856252988,-1191.35115919307,181140,3018,9417.49167162277,-11782.6511742387,-1191.35115919307
2020-01-03 02:21:00,9390.30405707674,-11833.026723136,NA,9390.30405707674,-11833.026723136,-1217.0323644515,181200,3019,9390.30405707674,-11833.026723136,-1233.12746966934
2020-01-03 02:22:00,NA,NA,-1274.08259444267,9340.50998741955,-11867.6937522286,-1274.08259444267,181260,3020,9358.60510769253,-11883.7151593992,-1274.08259444267
2020-01-03 02:23:00,NA,NA,-1304.9331426704,9291.22723618034,-11909.1417512098,-1304.9331426704,181320,3021,9324.61403379786,-11935.044677057,-1304.9331426704
2020-01-03 02:24:00,NA,NA,-1370.32284423863,9263.39509669539,-11963.7760714687,-1370.32284423863,181380,3022,9291.01331899618,-11987.3697033486,-1370.32284423863
2020-01-03 02:25:00,NA,NA,-1432.79422789654,9250.3869855444,-12035.1690080281,-1432.79422789654,181440,3023,9260.48580437032,-12041.0455762012,-1432.79422789654
2020-01-03 02:26:00,NA,NA,-1436.3096847147,9233.45148621167,-12090.7975096797,-1436.3096847147,181500,3024,9235.71714235435,-12096.4288692137,-1436.3096847147
2020-01-03 02:27:00,9219.39825322065,-12153.8777177978,NA,9219.39825322065,-12153.8777177978,-1453.3652325072,181560,3025,9219.39825322065,-12153.8777177978,-1455.25133804642
2020-01-03 02:28:00,NA,NA,-1483.09142347037,9215.14222329239,-12207.7049198871,-1483.09142347037,181620,3026,9213.18555707149,-12213.3588465734,-1483.09142347037
2020-01-03 02:29:00,NA,NA,-1503.6240158777,9214.92789377415,-12274.79688212,-1503.6240158777,181680,3027,9214.57561087412,-12273.26756656,-1503.6240158777
2020-01-03 02:30:00,NA,NA,-1551.5135160048,9219.96572714848,-12331.4264021261,-1551.5135160048,181740,3028,9220.0296982148,-12331.6062801166,-1551.5135160048
2020-01-03 02:31:00,NA,NA,-1584.16361344369,9219.27212621809,-12393.5866288064,-1584.16361344369,181800,3029,9226.01281955958,-12386.3759532028,-1584.16361344369
2020-01-03 02:32:00,9228.990458888,-12435.5742869491,NA,9228.990458888,-12435.5742869491,-1644.44814550491,181860,3030,9228.990458888,-12435.5742869491,-1635.37963949629
2020-01-03 02:33:00,NA,NA,-1682.81745874361,9211.4902658875,-12462.6595440827,-1682.81745874361,181920,3031,9226.43032790113,-12477.8096189738,-1682.81745874361
2020-01-03 02:34:00,NA,NA,-1701.11898482161,9205.43745339458,-12501.7439787,-1701.11898482161,181980,3032,9219.81516508911,-12514.1469610096,-1701.11898482161
2020-01-03 02:35:00,NA,NA,-1723.72300543566,9208.48038936268,-12545.0814879629,-1723.72300543566,182040,3033,9211.62897606402,-12546.2616615266,-1723.72300543566
2020-01-03 02:36:00,9204.35432978468,-12575.8252067493,NA,9204.35432978468,-12575.8252067493,-1735.00894416715,182100,3034,9204.35432978468,-12575.8252067493,-1735.93703638
2020-01-03 02:37:00,NA,NA,-1731.10089595875,9190.95510289342,-12606.6212088015,-1731.10089595875,182160,3035,9199.66178825858,-12604.6382609308,-1731.10089595875
2020-01-03 02:38:00,NA,NA,-1705.84377855755,9185.616641464,-12643.1477229548,-1705.84377855755,182220,3036,9195.9727622663,-12635.0268721486,-1705.84377855755
2020-01-03 02:39:00,NA,NA,-1662.35194040325,9188.26416919669,-12677.4553771275,-1662.35194040325,182280,3037,9190.89673940145,-12669.4500420824,-1662.35194040325
2020-01-03 02:40:00,9182.04193813864,-12710.3704633604,NA,9182.04193813864,-12710.3704633604,-1648.44220802132,182340,3038,9182.04193813864,-12710.3704633604,-1646.7189646016
2020-01-03 02:41:00,NA,NA,-1642.18011422123,9167.18138719819,-12752.9657939165,-1642.18011422123,182400,3039,9167.4723003605,-12758.456087161,-1642.18011422123
2020-01-03 02:42:00,9147.0833442673,-12807.1783490882,NA,9147.0833442673,-12807.1783490882,-1640.73725387293,182460,3040,9147.0833442673,-12807.1783490882,-1620.24054277593
2020-01-03 02:43:00,NA,NA,-1583.13401414377,9117.77774275678,-12850.8345786573,-1583.13401414377,182520,3041,9121.54781639859,-12848.8193954819,-1583.13401414377
2020-01-03 02:44:00,NA,NA,-1531.1484250892,9079.4416519054,-12879.7519293008,-1531.1484250892,182580,3042,9092.82730598605,-12878.0982595767,-1531.1484250892
2020-01-03 02:45:00,NA,NA,-1453.90680809424,9043.29263612931,-12890.4764889521,-1453.90680809424,182640,3043,9063.20386107116,-12890.3334766269,-1453.90680809424
2020-01-03 02:46:00,NA,NA,-1412.57703390573,9020.37227627887,-12883.0224544806,-1412.57703390573,182700,3044,9034.95870409579,-12880.8279906662,-1412.57703390573
2020-01-03 02:47:00,9010.37431849727,-12844.864858678,NA,9010.37431849727,-12844.864858678,-1423.69930240346,182760,3045,9010.37431849727,-12844.864858678,-1410.44643396462
2020-01-03 02:48:00,NA,NA,-1457.27823783056,8989.48015356536,-12786.7470053864,-1457.27823783056,182820,3046,8991.38394379591,-12780.086970093,-1457.27823783056
2020-01-03 02:49:00,NA,NA,-1552.0043749445,8978.39491436664,-12705.476323737,-1552.0043749445,182880,3047,8978.51550218493,-12693.6474260519,-1552.0043749445
2020-01-03 02:50:00,NA,NA,-1632.93927041279,8971.12073080471,-12607.3647075813,-1632.93927041279,182940,3048,8971.94992458897,-12595.0635419604,-1632.93927041279
2020-01-03 02:51:00,8971.87390733381,-12493.8415259916,NA,8971.87390733381,-12493.8415259916,-1684.05383564396,183000,3049,8971.87390733381,-12493.8415259916,-1691.23671961397
2020-01-03 02:52:00,NA,NA,-1730.11013074017,8973.0809409616,-12384.8701183571,-1730.11013074017,183060,3050,8977.96132903403,-12397.4422483692,-1730.11013074017
2020-01-03 02:53:00,NA,NA,-1766.89868961969,8972.24621569987,-12299.3462055474,-1766.89868961969,183120,3051,8987.8165963163,-12305.1589128135,-1766.89868961969
2020-01-03 02:54:00,NA,NA,-1848.48875235226,9000.00950783298,-12209.4274494049,-1848.48875235226,183180,3052,8998.5288092325,-12214.2455619871,-1848.48875235226
2020-01-03 02:55:00,9007.18785123527,-12121.9574911817,NA,9007.18785123527,-12121.9574911817,-1918.0935644524,183240,3053,9007.18785123527,-12121.9574911817,-1918.72630423456
2020-01-03 02:56:00,NA,NA,-1988.164068048,9030.39733333075,-12018.260224925,-1988.164068048,183300,3054,9011.44723509925,-12026.1585344682,-1988.164068048
2020-01-03 02:57:00,NA,NA,-2080.38519653001,9052.30002535812,-11906.2068293756,-2080.38519653001,183360,3055,9011.21858291232,-11927.1486115802,-2080.38519653001
2020-01-03 02:58:00,NA,NA,-2173.43783435034,9074.28240561188,-11799.5290543301,-2173.43783435034,183420,3056,9006.97491805139,-11825.8345001178,-2173.43783435034
2020-01-03 02:59:00,NA,NA,-2252.41590672303,9096.28704191278,-11713.8952678469,-2252.41590672303,183480,3057,8999.18559133173,-11723.1208700405,-2252.41590672303
2020-01-03 03:00:00,NA,NA,-2313.90516256226,9104.56683551165,-11636.6876465387,-2313.90516256226,183540,3058,8988.31671037489,-11619.9111112228,-2313.90516256226
2020-01-03 03:01:00,NA,NA,-2383.39579510158,9104.63429684858,-11551.7146047467,-2383.39579510158,183600,3059,8974.83156596567,-11517.1081597851,-2383.39579510158
2020-01-03 03:02:00,NA,NA,-2471.95488782694,9122.48224903559,-11444.7558688536,-2471.95488782694,183660,3060,8959.19105582538,-11415.615324004,-2471.95488782694
2020-01-03 03:03:00,NA,NA,-2549.91448070777,9109.30968142491,-11331.9822226722,-2549.91448070777,183720,3061,8941.85410619356,-11316.3371105596,-2549.91448070777
2020-01-03 03:04:00,NA,NA,-2626.72668439848,9107.41560484333,-11215.6000667943,-2626.72668439848,183780,3062,8923.27809160531,-11220.1800518797,-2626.72668439848
2020-01-03 03:05:00,NA,NA,-2643.99256212393,9078.85926634828,-11117.9519921332,-2643.99256212393,183840,3063,8903.91925324863,-11128.0535353362,-2643.99256212393
2020-01-03 03:06:00,NA,NA,-2665.17799076505,9027.07165075309,-11045.1151114674,-2665.17799076505,183900,3064,8884.23311628487,-11040.8706350529,-2665.17799076505
2020-01-03 03:07:00,NA,NA,-2699.01087537017,8962.02849725827,-10977.1012776175,-2699.01087537017,183960,3065,8864.67490651402,-10959.5489470865,-2699.01087537017
2020-01-03 03:08:00,NA,NA,-2721.17987090765,8903.84058667844,-10872.9507411443,-2721.17987090765,184020,3066,8845.69996676615,-10885.0114287423,-2721.17987090765
2020-01-03 03:09:00,NA,NA,-2720.70197699637,8864.14002605726,-10788.9942270159,-2720.70197699637,184080,3067,8827.76417339977,-10818.187242796,-2720.70197699637
2020-01-03 03:10:00,NA,NA,-2729.46911362237,8830.36555016844,-10729.0781587149,-2729.46911362237,184140,3068,8811.3243532883,-10760.0126073895,-2729.46911362237
2020-01-03 03:11:00,NA,NA,-2730.23612541886,8810.25982880377,-10698.1561270017,-2730.23612541886,184200,3069,8796.83870167582,-10711.4316523824,-2730.23612541886
2020-01-03 03:12:00,8784.7672012846,-10673.3972829387,NA,8784.7672012846,-10673.3972829387,-2734.41557702026,184260,3070,8784.7672012846,-10673.3972829387,-2738.57879278023
2020-01-03 03:13:00,NA,NA,-2748.16953520615,8764.60479413084,-10649.4155683362,-2748.16953520615,184320,3071,8775.12462235374,-10645.9616996967,-2748.16953520615
2020-01-03 03:14:00,NA,NA,-2751.26001076053,8757.17746819343,-10622.4537356852,-2751.26001076053,184380,3072,8766.13819196875,-10625.5452262597,-2751.26001076053
2020-01-03 03:15:00,8755.58831656457,-10607.6642564759,NA,8755.58831656457,-10607.6642564759,-2755.97024039378,184440,3073,8755.58831656457,-10607.6642564759,-2765.81613057219
2020-01-03 03:16:00,8744.58361821652,-10590.1802892073,NA,8744.58361821652,-10590.1802892073,-2796.61356345723,184500,3074,8744.58361821652,-10590.1802892073,-2794.4478658488
2020-01-03 03:17:00,NA,NA,-2834.5929531859,8736.06948863584,-10576.7473289062,-2834.5929531859,184560,3075,8743.80148509361,-10577.865618717,-2834.5929531859
2020-01-03 03:18:00,8752.25755409735,-10567.995024792,NA,8752.25755409735,-10567.995024792,-2875.44399633197,184620,3076,8752.25755409735,-10567.995024792,-2884.24930610896
2020-01-03 03:19:00,NA,NA,-2941.53996609856,8774.51267076628,-10550.0952827493,-2941.53996609856,184680,3077,8766.03151870883,-10556.2214591599,-2941.53996609856
2020-01-03 03:20:00,NA,NA,-2986.51103694995,8801.53770739168,-10533.294127696,-2986.51103694995,184740,3078,8784.43056908233,-10541.5446125205,-2986.51103694995
2020-01-03 03:21:00,NA,NA,-2960.12486552238,8817.94670436566,-10506.4268827042,-2960.12486552238,184800,3079,8807.57174843938,-10523.7986007522,-2960.12486552238
2020-01-03 03:22:00,NA,NA,-2912.71367670004,8848.0992897143,-10500.7108572255,-2912.71367670004,184860,3080,8835.57643785712,-10502.8147322,-2912.71367670004
2020-01-03 03:23:00,8868.57046715581,-10478.4213534694,NA,8868.57046715581,-10478.4213534694,-2861.73641205665,184920,3081,8868.57046715581,-10478.4213534694,-2880.79983967321
2020-01-03 03:24:00,NA,NA,-2866.84107782853,8882.66792649612,-10457.8393863214,-2866.84107782853,184980,3082,8906.40922359496,-10450.4284720525,-2866.84107782853
2020-01-03 03:25:00,NA,NA,-2854.97217945658,8920.55900612706,-10424.881172083,-2854.97217945658,185040,3083,8947.85245084765,-10418.5819177225,-2854.97217945658
2020-01-03 03:26:00,NA,NA,-2817.5947123954,8969.96767199179,-10393.9658951546,-2817.5947123954,185100,3084,8991.38818442753,-10382.6087734946,-2817.5947123954
2020-01-03 03:27:00,NA,NA,-2824.63134502633,9023.3008731936,-10342.4168502176,-2824.63134502633,185160,3085,9035.50637370036,-10342.232347622,-2824.63134502633
2020-01-03 03:28:00,NA,NA,-2816.717228641,9083.70879755428,-10290.4587687865,-2816.717228641,185220,3086,9078.69750065065,-10297.1719206004,-2816.717228641
2020-01-03 03:29:00,9119.45119915386,-10247.1424884266,NA,9119.45119915386,-10247.1424884266,-2831.72560118112,185280,3087,9119.45119915386,-10247.1424884266,-2830.04660257929
2020-01-03 03:30:00,NA,NA,-2878.00701994058,9144.8690462704,-10206.0298614557,-2878.00701994058,185340,3088,9157.06911424177,-10193.7352250351,-2878.00701994058
2020-01-03 03:31:00,NA,NA,-2955.48162289085,9183.86394011595,-10155.403367805,-2955.48162289085,185400,3089,9194.10713531558,-10146.0614533052,-2955.48162289085
2020-01-03 03:32:00,9233.93486270124,-10115.1184662185,NA,9233.93486270124,-10115.1184662185,-3049.82753312701,185460,3090,9233.93486270124,-10115.1184662185,-3042.0310493769
2020-01-03 03:33:00,NA,NA,-3112.59378742152,9273.91496592898,-10083.2798094336,-3112.59378742152,185520,3091,9278.5513787854,-10106.3249886639,-3112.59378742152
2020-01-03 03:34:00,NA,NA,-3156.98676915957,9322.70554757051,-10088.3190252255,-3156.98676915957,185580,3092,9324.46761352108,-10102.7434844423,-3156.98676915957
2020-01-03 03:35:00,9366.82261544834,-10081.8473089913,NA,9366.82261544834,-10081.8473089913,-3194.34612796618,185640,3093,9366.82261544834,-10081.8473089913,-3214.39057107337
2020-01-03 03:36:00,9405.98655231796,-10026.8123352403,NA,9405.98655231796,-10026.8123352403,-3267.65963897186,185700,3094,9405.98655231796,-10026.8123352403,-3286.70820156643
2020-01-03 03:37:00,NA,NA,-3363.22601271717,9462.29744424341,-9944.96170023678,-3363.22601271717,185760,3095,9456.69011101207,-9945.14613220692,-3363.22601271717
2020-01-03 03:38:00,NA,NA,-3433.1142158702,9522.39524494951,-9859.49050493135,-3433.1142158702,185820,3096,9512.60756324906,-9856.00430245277,-3433.1142158702
2020-01-03 03:39:00,9560.84291220071,-9780.02405394299,NA,9560.84291220071,-9780.02405394299,-3473.68621035458,185880,3097,9560.84291220071,-9780.02405394299,-3487.76852626245
2020-01-03 03:40:00,9597.98478630624,-9723.90169303312,NA,9597.98478630624,-9723.90169303312,-3503.79698583045,185940,3098,9597.98478630624,-9723.90169303312,-3533.59028780911
2020-01-03 03:41:00,NA,NA,-3580.51968781308,9661.95586011491,-9649.22720558595,-3580.51968781308,186000,3099,9650.44337457304,-9650.44666302448,-3580.51968781308
2020-01-03 03:42:00,NA,NA,-3622.46554877534,9754.8142457701,-9547.35226968852,-3622.46554877534,186060,3100,9721.58641845544,-9556.13905279972,-3622.46554877534
2020-01-03 03:43:00,NA,NA,-3618.19119842332,9844.24946909115,-9450.05955057212,-3618.19119842332,186120,3101,9806.66209737388,-9449.34919064918,-3618.19119842332
2020-01-03 03:44:00,NA,NA,-3616.33939753344,9930.40263764968,-9342.58136125521,-3616.33939753344,186180,3102,9900.93133491921,-9338.43598801454,-3616.33939753344
2020-01-03 03:45:00,9999.66346364473,-9231.7545856214,NA,9999.66346364473,-9231.7545856214,-3643.93590892708,186240,3103,9999.66346364473,-9231.7545856214,-3643.18561255409
2020-01-03 03:46:00,NA,NA,-3676.16107822594,10076.7790780725,-9125.1645956618,-3676.16107822594,186300,3104,10098.9406198018,-9136.15823817931,-3676.16107822594
2020-01-03 03:47:00,NA,NA,-3688.24476769996,10177.8311991669,-9025.53383810195,-3688.24476769996,186360,3105,10198.0804744583,-9052.48703502668,-3688.24476769996
2020-01-03 03:48:00,NA,NA,-3683.53338627381,10281.9310962191,-8935.24065731325,-3683.53338627381,186420,3106,10297.2092958273,-8980.08621835326,-3683.53338627381
2020-01-03 03:49:00,NA,NA,-3686.4714139239,10408.5355905328,-8858.71958858336,-3686.4714139239,186480,3107,10396.4533421313,-8918.31133947333,-3686.4714139239
2020-01-03 03:50:00,NA,NA,-3660.20772839386,10516.2283535268,-8796.88580264135,-3660.20772839386,186540,3108,10495.9389770394,-8866.52766922617,-3660.20772839386
2020-01-03 03:51:00,NA,NA,-3689.70053761642,10621.5163997278,-8727.32702884685,-3689.70053761642,186600,3109,10595.7927852347,-8824.10961736163,-3689.70053761642
2020-01-03 03:52:00,NA,NA,-3740.65161875018,10714.4341827653,-8683.00166390309,-3740.65161875018,186660,3110,10696.1416881927,-8790.44016030235,-3740.65161875018
2020-01-03 03:53:00,NA,NA,-3767.50106899648,10806.9993359566,-8676.64260912923,-3767.50106899648,186720,3111,10797.1130602698,-8764.91027674859,-3767.50106899648
2020-01-03 03:54:00,NA,NA,-3818.88055425152,10903.7801860696,-8711.24792697748,-3818.88055425152,186780,3112,10898.8348452083,-8746.9183906059,-3818.88055425152
2020-01-03 03:55:00,NA,NA,-3878.92809901368,11002.1929810046,-8751.8798312369,-3878.92809901368,186840,3113,11001.4356731631,-8735.86982072484,-3878.92809901368
2020-01-03 03:56:00,NA,NA,-3904.14644248542,11104.4196630138,-8765.7326574761,-3904.14644248542,186900,3114,11105.044978357,-8731.1762369484,-3904.14644248542
2020-01-03 03:57:00,NA,NA,-3886.61018602493,11193.4043371165,-8753.58204189065,-3886.61018602493,186960,3115,11209.7931174716,-8732.25512196942,-3886.61018602493
2020-01-03 03:58:00,NA,NA,-3860.81170603177,11283.6127923208,-8741.83893390186,-3860.81170603177,187020,3116,11315.8114888825,-8738.52923850537,-3860.81170603177
2020-01-03 03:59:00,NA,NA,-3798.80837556897,11387.0656538673,-8748.11177971727,-3798.80837556897,187080,3117,11423.2326528476,-8749.42610130305,-3798.80837556897
2020-01-03 04:00:00,NA,NA,-3724.79255022844,11510.6627514886,-8761.52834240625,-3724.79255022844,187140,3118,11532.1904527581,-8764.37745349015,-3724.79255022844
2020-01-03 04:01:00,11642.8201375634,-8782.81874679466,NA,11642.8201375634,-8782.81874679466,-3625.45069971269,187200,3119,11642.8201375634,-8782.81874679466,-3646.34954987956
2020-01-03 04:02:00,NA,NA,-3593.5848803216,11793.0178828731,-8803.94811777271,-3593.5848803216,187260,3120,11755.4723210748,-8804.41748815876,-3593.5848803216
2020-01-03 04:03:00,NA,NA,-3588.87188892782,11906.6433342619,-8806.63905415112,-3588.87188892782,187320,3121,11871.3548499865,-8829.7595674873,-3588.87188892782
2020-01-03 04:04:00,NA,NA,-3594.67797620516,12022.2618927555,-8818.29089202523,-3594.67797620516,187380,3122,11991.8923634381,-8859.66316306646,-3594.67797620516
2020-01-03 04:05:00,NA,NA,-3591.9953105993,12141.4888891674,-8862.97706919382,-3591.9953105993,187440,3123,12118.513758812,-8894.9506257938,-3591.9953105993
2020-01-03 04:06:00,NA,NA,-3565.61166500947,12262.2559141912,-8927.64135228092,-3565.61166500947,187500,3124,12252.6534985977,-8936.44923128911,-3565.61166500947
2020-01-03 04:07:00,NA,NA,-3503.94674906231,12391.3007638977,-9007.59817406114,-3503.94674906231,187560,3125,12395.7529224328,-8984.99193656551,-3503.94674906231
2020-01-03 04:08:00,NA,NA,-3472.8842827491,12544.9195974766,-9061.41292498281,-3472.8842827491,187620,3126,12549.2615654567,-9041.41814191104,-3472.8842827491
2020-01-03 04:09:00,12714.6384841708,-9106.57445866995,NA,12714.6384841708,-9106.57445866995,-3458.33807615072,187680,3127,12714.6384841708,-9106.57445866995,-3469.02056590274
2020-01-03 04:10:00,12883.4064791598,-9182.79812176759,NA,12883.4064791598,-9182.79812176759,-3467.6070247934,187740,3128,12883.4064791598,-9182.79812176759,-3474.5762918691
2020-01-03 04:11:00,NA,NA,-3474.6083403769,13025.9434222395,-9286.65060767255,-3474.6083403769,187800,3129,13018.9269613949,-9275.77592800356,-3474.6083403769
2020-01-03 04:12:00,NA,NA,-3453.78976954123,13131.5629282103,-9394.72585882794,-3453.78976954123,187860,3130,13121.0890966339,-9382.32660867793,-3453.78976954123
2020-01-03 04:13:00,NA,NA,-3409.61810944453,13207.5308801866,-9505.60026047493,-3409.61810944453,187920,3131,13201.3773216288,-9496.68992347674,-3409.61810944453
2020-01-03 04:14:00,13271.2560661181,-9613.11277786262,NA,13271.2560661181,-9613.11277786262,-3389.59080126765,187980,3132,13271.2560661181,-9613.11277786262,-3382.93340936649
2020-01-03 04:15:00,NA,NA,-3379.48890824591,13336.2028359157,-9709.43932867173,-3379.48890824591,188040,3133,13340.4786264645,-9727.10460997273,-3379.48890824591
2020-01-03 04:16:00,NA,NA,-3381.20504156545,13384.3772006542,-9821.82890730402,-3381.20504156545,188100,3134,13411.9909355247,-9839.21546338343,-3381.20504156545
2020-01-03 04:17:00,NA,NA,-3337.52640203482,13444.109343999,-9945.86429014258,-3337.52640203482,188160,3135,13487.0394089259,-9951.25431127554,-3337.52640203482
2020-01-03 04:18:00,NA,NA,-3269.7530081237,13517.9027815864,-10072.5531091747,-3269.7530081237,188220,3136,13566.8736971955,-10065.0300613658,-3269.7530081237
2020-01-03 04:19:00,NA,NA,-3241.54357166739,13599.5179806644,-10179.4103807359,-3241.54357166739,188280,3137,13652.7478286621,-10182.3532103843,-3241.54357166739
2020-01-03 04:20:00,NA,NA,-3215.1010313675,13705.392581673,-10295.9081817476,-3215.1010313675,188340,3138,13745.9213564476,-10305.037500066,-3215.1010313675
2020-01-03 04:21:00,NA,NA,-3211.42778089584,13816.5280048367,-10420.9602221404,-3211.42778089584,188400,3139,13847.660510537,-10434.9015761325,-3211.42778089584
2020-01-03 04:22:00,NA,NA,-3225.52465450728,13937.7527469439,-10568.1818568866,-3225.52465450728,188460,3140,13959.2393559668,-10573.7706517697,-3225.52465450728
2020-01-03 04:23:00,14081.9409581869,-10723.4781771192,NA,14081.9409581869,-10723.4781771192,-3236.87945288785,188520,3141,14081.9409581869,-10723.4781771192,-3233.8986576941
2020-01-03 04:24:00,NA,NA,-3244.02240459108,14215.8928309513,-10885.786320291,-3244.02240459108,188580,3142,14216.8299214785,-10883.5271829494,-3244.02240459108
2020-01-03 04:25:00,14364.067418315,-11044.0683972187,NA,14364.067418315,-11044.0683972187,-3274.15867605489,188640,3143,14364.067418315,-11044.0683972187,-3267.24798454255
2020-01-03 04:26:00,NA,NA,-3295.60992115679,14527.1087019437,-11193.9022532409,-3295.60992115679,188700,3144,14522.8257474285,-11195.5560572485,-3295.60992115679
2020-01-03 04:27:00,NA,NA,-3319.18557824587,14695.5927761965,-11342.3974211306,-3319.18557824587,188760,3145,14689.2014520967,-11339.0101719094,-3319.18557824587
2020-01-03 04:28:00,NA,NA,-3344.33603008659,14857.0075079477,-11479.2807972587,-3344.33603008659,188820,3146,14858.5265075568,-11478.0867937359,-3344.33603008659
2020-01-03 04:29:00,15026.135586341,-11616.4379717913,NA,15026.135586341,-11616.4379717913,-3383.4650689161,188880,3147,15026.135586341,-11616.4379717913,-3393.19360769161
2020-01-03 04:30:00,15187.2010700672,-11755.7107511518,NA,15187.2010700672,-11755.7107511518,-3439.99602422789,188940,3148,15187.2010700672,-11755.7107511518,-3457.69554367738
2020-01-03 04:31:00,NA,NA,-3521.43709101303,15331.8908449844,-11882.5966994993,-3521.43709101303,189000,3149,15337.941334926,-11890.9962945991,-3521.43709101303
2020-01-03 04:32:00,NA,NA,-3572.65103153556,15465.4917170039,-11994.1871266589,-3572.65103153556,189060,3150,15481.1844785124,-12021.2220703575,-3572.65103153556
2020-01-03 04:33:00,NA,NA,-3609.40885971849,15614.6475225998,-12120.9612103587,-3609.40885971849,189120,3151,15621.4466353547,-12146.7719248071,-3609.40885971849
2020-01-03 04:34:00,15763.2412141212,-12268.0254272995,NA,15763.2412141212,-12268.0254272995,-3601.83517599147,189180,3152,15763.2412141212,-12268.0254272995,-3614.42119291992
2020-01-03 04:35:00,NA,NA,-3615.5215019797,15922.8958407563,-12388.2548067007,-3615.5215019797,189240,3153,15910.2772736021,-12385.2827639531,-3615.5215019797
2020-01-03 04:36:00,NA,NA,-3637.51654053175,16074.265852599,-12513.4797486672,-3637.51654053175,189300,3154,16063.0455122023,-12498.5386380364,-3637.51654053175
2020-01-03 04:37:00,NA,NA,-3659.59984150377,16228.142685586,-12656.4815261413,-3659.59984150377,189360,3155,16221.236122234,-12607.7086391186,-3659.59984150377
2020-01-03 04:38:00,NA,NA,-3703.10130923782,16386.0596023882,-12801.0782260986,-3703.10130923782,189420,3156,16384.5442560939,-12712.7046193966,-3703.10130923782
2020-01-03 04:39:00,NA,NA,-3741.89002636319,16549.8839647016,-12922.1640663568,-3741.89002636319,189480,3157,16552.6697472496,-12813.4346130861,-3741.89002636319
2020-01-03 04:40:00,NA,NA,-3782.08859091926,16696.7261090429,-13035.0735021584,-3782.08859091926,189540,3158,16725.316835632,-12909.8027523093,-3782.08859091926
2020-01-03 04:41:00,NA,NA,-3853.21908683246,16846.4950642195,-13127.7331369324,-3853.21908683246,189600,3159,16902.1938970825,-13001.7091794102,-3853.21908683246
2020-01-03 04:42:00,NA,NA,-3948.00232622149,17001.2574029347,-13220.5781391686,-3948.00232622149,189660,3160,17083.0131765931,-13089.0499556188,-3948.00232622149
2020-01-03 04:43:00,NA,NA,-4054.83844538171,17169.3658340393,-13313.944573002,-4054.83844538171,189720,3161,17267.4905250916,-13171.7169659813,-4054.83844538171
2020-01-03 04:44:00,NA,NA,-4105.95485545819,17381.0850086545,-13391.919167639,-4105.95485545819,189780,3162,17455.3451395264,-13249.5978204698,-4105.95485545819
2020-01-03 04:45:00,NA,NA,-4149.55871251727,17607.3745978091,-13437.5752204768,-4149.55871251727,189840,3163,17646.2993060143,-13322.5757511814,-4149.55871251727
2020-01-03 04:46:00,NA,NA,-4166.43869008496,17827.7515693075,-13468.0042992754,-4166.43869008496,189900,3164,17840.0781458154,-13390.5295055327,-4166.43869008496
2020-01-03 04:47:00,NA,NA,-4170.83963187615,18035.370051853,-13484.3348420051,-4170.83963187615,189960,3165,18036.4093639009,-13453.3332353516,-4170.83963187615
2020-01-03 04:48:00,18235.0229998859,-13510.8563817658,NA,18235.0229998859,-13510.8563817658,-4186.40792763174,190020,3166,18235.0229998859,-13510.8563817658,-4182.91645646493
2020-01-03 04:49:00,18436.6087231736,-13560.6143208698,NA,18436.6087231736,-13560.6143208698,-4202.13841344501,190080,3167,18436.6087231736,-13560.6143208698,-4200.85894788318
2020-01-03 04:50:00,NA,NA,-4217.92913644411,18642.9949033993,-13594.4107604774,-4217.92913644411,190140,3168,18643.0798288007,-13596.7011812429,-4217.92913644411
2020-01-03 04:51:00,18846.8733886926,-13634.7833657102,NA,18846.8733886926,-13634.7833657102,-4233.08770329414,190200,3169,18846.8733886926,-13634.7833657102,-4228.27881874018
2020-01-03 04:52:00,NA,NA,-4229.44271891521,19047.1280926247,-13679.7265606111,-4229.44271891521,190260,3170,19039.7615032545,-13692.3755454036,-4229.44271891521
2020-01-03 04:53:00,NA,NA,-4221.44012897256,19235.5642322204,-13750.5296535163,-4221.44012897256,190320,3171,19221.2943262924,-13770.4623167121,-4221.44012897256
2020-01-03 04:54:00,NA,NA,-4212.26488872634,19415.3903988289,-13853.5104744328,-4212.26488872634,190380,3172,19392.9585419065,-13865.9102364252,-4212.26488872634
2020-01-03 04:55:00,NA,NA,-4210.0639711885,19584.7448437666,-13964.4768221024,-4210.0639711885,190440,3173,19556.2318074708,-13975.60174183,-4210.0639711885
2020-01-03 04:56:00,NA,NA,-4207.4594075487,19746.8301445859,-14089.9230689005,-4207.4594075487,190500,3174,19712.5841053136,-14096.4322986826,-4207.4594075487
2020-01-03 04:57:00,NA,NA,-4187.39650856895,19883.5994196172,-14214.864068837,-4187.39650856895,190560,3175,19863.4790873042,-14225.3075614306,-4187.39650856895
2020-01-03 04:58:00,20010.3754136414,-14359.1405428119,NA,20010.3754136414,-14359.1405428119,-4175.84550978272,190620,3176,20010.3754136414,-14359.1405428119,-4175.92196846088
2020-01-03 04:59:00,NA,NA,-4155.27325526382,20149.7960867518,-14504.6076003117,-4155.27325526382,190680,3177,20154.9853130049,-14495.0834181351,-4155.27325526382
2020-01-03 05:00:00,NA,NA,-4105.19619278049,20295.5975715485,-14633.2964523272,-4105.19619278049,190740,3178,20300.0478746433,-14631.2288480817,-4105.19619278049
2020-01-03 05:01:00,NA,NA,-4047.19622230918,20443.4623705288,-14753.1114987132,-4047.19622230918,190800,3179,20448.559829553,-14765.9043075899,-4047.19622230918
2020-01-03 05:02:00,NA,NA,-3991.97816000828,20596.8038900332,-14880.8592374401,-3991.97816000828,190860,3180,20603.5210645422,-14897.4359268076,-3991.97816000828
2020-01-03 05:03:00,20767.9373659893,-15024.146960046,NA,20767.9373659893,-15024.146960046,-3959.90917051795,190920,3181,20767.9373659893,-15024.146960046,-3976.57548015872
2020-01-03 05:04:00,NA,NA,-3980.39617316796,20970.5313294725,-15158.4036282244,-3980.39617316796,190980,3182,20943.5134725252,-15144.9019354681,-3980.39617316796
2020-01-03 05:05:00,NA,NA,-3982.39531171548,21164.2679341172,-15263.1255205204,-3982.39531171548,191040,3183,21126.7253062803,-15260.7427666063,-3982.39531171548
2020-01-03 05:06:00,NA,NA,-4010.3281906718,21338.3411046242,-15374.8117632607,-4010.3281906718,191100,3184,21312.7460803409,-15373.2525552272,-4010.3281906718
2020-01-03 05:07:00,NA,NA,-4047.2356823237,21512.8916063309,-15484.0611845156,-4047.2356823237,191160,3185,21496.7515765485,-15484.011356464,-4047.2356823237
2020-01-03 05:08:00,NA,NA,-4074.07547782531,21673.857096511,-15599.6790291942,-4074.07547782531,191220,3186,21673.9157328683,-15594.5976240272,-4074.07547782531
2020-01-03 05:09:00,NA,NA,-4047.29848589984,21834.6948026363,-15708.2678219809,-4047.29848589984,191280,3187,21839.4062290961,-15706.5896539712,-4047.29848589984
2020-01-03 05:10:00,21988.3800668202,-15821.567028329,NA,21988.3800668202,-15821.567028329,-4092.9318095838,191340,3188,21988.3800668202,-15821.567028329,-4087.87810276149
2020-01-03 05:11:00,NA,NA,-4170.52984262743,22118.2399443934,-15932.7513445599,-4170.52984262743,191400,3189,22117.6027315692,-15940.7745982153,-4170.52984262743
2020-01-03 05:12:00,NA,NA,-4236.73250418706,22247.7140066829,-16070.7857146915,-4236.73250418706,191460,3190,22230.3163059665,-16064.1111767938,-4236.73250418706
2020-01-03 05:13:00,NA,NA,-4297.7554416826,22350.479512395,-16219.6461158414,-4297.7554416826,191520,3191,22331.37136066,-16191.1418945106,-4297.7554416826
2020-01-03 05:14:00,NA,NA,-4381.9393740202,22444.9219826338,-16337.4772175798,-4381.9393740202,191580,3192,22425.6078028876,-16321.4352609209,-4381.9393740202
2020-01-03 05:15:00,NA,NA,-4474.24615596333,22529.4080664291,-16457.7245233373,-4474.24615596333,191640,3193,22517.8593034402,-16454.5627699272,-4474.24615596333
2020-01-03 05:16:00,22612.9577179132,-16590.0985078098,NA,22612.9577179132,-16590.0985078098,-4538.92125315328,191700,3194,22612.9577179132,-16590.0985078098,-4543.78591444936
2020-01-03 05:17:00,NA,NA,-4575.46044293486,22708.5678637629,-16727.8583759066,-4575.46044293486,191760,3195,22713.8847388542,-16728.0307857846,-4575.46044293486
2020-01-03 05:18:00,22816.2159811653,-16869.9982729422,NA,22816.2159811653,-16869.9982729422,-4548.87066285859,191820,3196,22816.2159811653,-16869.9982729422,-4566.07431450304
2020-01-03 05:19:00,NA,NA,-4547.00483168365,22918.5538690654,-17034.7301878823,-4547.00483168365,191880,3197,22914.7378111865,-17017.5938157249,-4547.00483168365
2020-01-03 05:20:00,NA,NA,-4543.12587044186,22982.2309803047,-17217.5412283375,-4543.12587044186,191940,3198,23008.4822405447,-17170.5691721197,-4543.12587044186
2020-01-03 05:21:00,NA,NA,-4532.5797233325,23061.7268009157,-17403.0320087933,-4532.5797233325,192000,3199,23097.5391444034,-17328.2194853603,-4532.5797233325
2020-01-03 05:22:00,NA,NA,-4526.53588644885,23149.467255576,-17583.0771781249,-4526.53588644885,192060,3200,23181.9941101984,-17489.8441751031,-4526.53588644885
2020-01-03 05:23:00,NA,NA,-4531.54145234905,23255.8323631199,-17764.0378961475,-4531.54145234905,192120,3201,23261.9285159697,-17654.7462964101,-4531.54145234905
2020-01-03 05:24:00,NA,NA,-4544.47857989989,23358.5972741579,-17932.5112322214,-4544.47857989989,192180,3202,23337.4196048121,-17822.2319022086,-4544.47857989989
2020-01-03 05:25:00,NA,NA,-4565.98618851263,23446.1411022377,-18098.7107877783,-4565.98618851263,192240,3203,23408.5405555353,-17991.6094085206,-4565.98618851263
2020-01-03 05:26:00,NA,NA,-4639.43332431844,23528.5165627743,-18268.9463681209,-4639.43332431844,192300,3204,23475.3605496044,-18162.1889618665,-4639.43332431844
2020-01-03 05:27:00,NA,NA,-4752.6524454924,23595.2096889743,-18434.2942266111,-4752.6524454924,192360,3205,23537.9448344221,-18333.2818082549,-4752.6524454924
2020-01-03 05:28:00,NA,NA,-4855.63746467238,23639.6913452377,-18586.5457078153,-4855.63746467238,192420,3206,23596.3547830121,-18504.1996631814,-4855.63746467238
2020-01-03 05:29:00,NA,NA,-4939.1804583262,23687.2008160496,-18730.4437617014,-4939.1804583262,192480,3207,23650.6479501572,-18674.2540820584,-4939.1804583262
2020-01-03 05:30:00,NA,NA,-4995.69145558717,23727.0254889607,-18873.5433149756,-4995.69145558717,192540,3208,23700.8781250458,-18842.7558304986,-4995.69145558717
2020-01-03 05:31:00,NA,NA,-5079.00378007432,23761.5417582718,-19018.5752839951,-5079.00378007432,192600,3209,23747.0953804729,-19009.0142538771,-5079.00378007432
2020-01-03 05:32:00,23789.3461186419,-19172.3366455944,NA,23789.3461186419,-19172.3366455944,-5104.51646397978,192660,3210,23789.3461186419,-19172.3366455944,-5122.86896968957
2020-01-03 05:33:00,NA,NA,-5124.82829386807,23804.9851904041,-19327.975551023,-5124.82829386807,192720,3211,23827.6694618739,-19332.1206273416,-5124.82829386807
2020-01-03 05:34:00,NA,NA,-5112.69612499773,23823.3804940544,-19472.892469348,-5112.69612499773,192780,3212,23862.086331983,-19488.1326570144,-5112.69612499773
2020-01-03 05:35:00,NA,NA,-5116.7446631138,23854.5625458933,-19602.9022655037,-5116.7446631138,192840,3213,23892.610425009,-19640.2287564733,-5116.7446631138
2020-01-03 05:36:00,NA,NA,-5114.66500655231,23881.9707010236,-19744.8143689577,-5114.66500655231,192900,3214,23919.2518762378,-19788.2613656778,-5114.66500655231
2020-01-03 05:37:00,NA,NA,-5111.31376934597,23912.8239870709,-19895.9795426642,-5111.31376934597,192960,3215,23942.0172695033,-19932.0792077178,-5111.31376934597
2020-01-03 05:38:00,NA,NA,-5112.85053059491,23951.2638973632,-20035.9555406908,-5112.85053059491,193020,3216,23960.9096432183,-20071.5271504462,-5112.85053059491
2020-01-03 05:39:00,NA,NA,-5064.58692348883,23979.6817845425,-20188.4496894709,-5064.58692348883,193080,3217,23975.9284931577,-20206.4460645835,-5064.58692348883
2020-01-03 05:40:00,NA,NA,-4938.36889654252,23995.4540023899,-20328.0498641079,-4938.36889654252,193140,3218,23987.0697720005,-20336.6726781656,-4938.36889654252
2020-01-03 05:41:00,NA,NA,-4819.8042628019,24004.3076253395,-20455.0003272634,-4819.8042628019,193200,3219,23994.3258856292,-20462.0394272014,-4819.8042628019
2020-01-03 05:42:00,NA,NA,-4722.27767324981,24015.9772826868,-20560.2490408501,-4722.27767324981,193260,3220,23997.6856861856,-20582.3743024041,-4722.27767324981
2020-01-03 05:43:00,NA,NA,-4611.91882650242,24036.6521353581,-20661.0883674311,-4611.91882650242,193320,3221,23997.1344618744,-20697.500691857,-4611.91882650242
2020-01-03 05:44:00,NA,NA,-4480.58765575769,24049.2544682711,-20770.600624846,-4480.58765575769,193380,3222,23992.6539235075,-20807.2372194682,-4480.58765575769
2020-01-03 05:45:00,NA,NA,-4372.67859582884,24039.2391314995,-20907.2575607305,-4372.67859582884,193440,3223,23984.2221877759,-20911.397579068,-4372.67859582884
2020-01-03 05:46:00,NA,NA,-4290.10415027208,24023.9840247481,-21022.2401884462,-4290.10415027208,193500,3224,23971.8137572334,-21009.7903639966,-4290.10415027208
2020-01-03 05:47:00,NA,NA,-4228.15935623012,24002.8712020213,-21124.1520532837,-4228.15935623012,193560,3225,23955.3994969749,-21102.218892026,-4228.15935623012
2020-01-03 05:48:00,NA,NA,-4217.09655809726,23970.353042727,-21199.1120990787,-4217.09655809726,193620,3226,23934.9466079875,-21188.481025457,-4217.09655809726
2020-01-03 05:49:00,NA,NA,-4192.10999006138,23928.4242993958,-21266.747258566,-4192.10999006138,193680,3227,23910.4185971492,-21268.3689862254,-4192.10999006138
2020-01-03 05:50:00,23881.7752438499,-21341.6691658495,NA,23881.7752438499,-21341.6691658495,-4179.86997229801,193740,3228,23881.7752438499,-21341.6691658495,-4183.28495071324
2020-01-03 05:51:00,NA,NA,-4175.07965276852,23834.4129215662,-21420.2747511675,-4175.07965276852,193800,3229,23849.2744905013,-21409.5269217593,-4175.07965276852
2020-01-03 05:52:00,NA,NA,-4153.38258234092,23787.3543756867,-21491.6295608884,-4153.38258234092,193860,3230,23814.3785151436,-21478.5428512989,-4153.38258234092
2020-01-03 05:53:00,NA,NA,-4161.95565959452,23750.0021580785,-21573.1078320522,-4161.95565959452,193920,3231,23778.8492314185,-21556.6836046441,-4161.95565959452
2020-01-03 05:54:00,23744.4479739405,-21651.9241798306,NA,23744.4479739405,-21651.9241798306,-4154.72716442689,193980,3232,23744.4479739405,-21651.9241798306,-4158.47656253398
2020-01-03 05:55:00,NA,NA,-4144.69408247773,23723.0744691304,-21764.3666692798,-4144.69408247773,194040,3233,23711.8043709163,-21767.5727235903,-4144.69408247773
2020-01-03 05:56:00,23677.0184961409,-21888.2252181438,NA,23677.0184961409,-21888.2252181438,-4130.12664108189,194100,3234,23677.0184961409,-21888.2252181438,-4133.02388716278
2020-01-03 05:57:00,NA,NA,-4104.07488717238,23637.0578218075,-21996.3826220481,-4104.07488717238,194160,3235,23636.3333066895,-21997.7117211474,-4104.07488717238
2020-01-03 05:58:00,NA,NA,-4042.8153093332,23591.5127067007,-22080.2046258913,-4042.8153093332,194220,3236,23591.0969277249,-22095.500758933,-4042.8153093332
2020-01-03 05:59:00,NA,NA,-3984.96070925946,23557.5863637864,-22166.7158014311,-3984.96070925946,194280,3237,23543.9309029917,-22184.9621481999,-3984.96070925946
2020-01-03 06:00:00,NA,NA,-3965.07282273268,23519.1806756507,-22262.519224543,-3965.07282273268,194340,3238,23497.4550115004,-22269.4580887173,-3965.07282273268
2020-01-03 06:01:00,NA,NA,-3968.27938352263,23489.696886852,-22356.9183257881,-3968.27938352263,194400,3239,23454.2896638252,-22352.3462387424,-3968.27938352263
2020-01-03 06:02:00,NA,NA,-3966.76555002016,23442.6976705107,-22446.1076528502,-3966.76555002016,194460,3240,23417.0582989384,-22436.9827862138,-3966.76555002016
2020-01-03 06:03:00,NA,NA,-3978.62605782875,23400.3368271645,-22532.7268006964,-3978.62605782875,194520,3241,23388.3897838221,-22526.7255186004,-3978.62605782875
2020-01-03 06:04:00,23370.9208180494,-22624.9368942186,NA,23370.9208180494,-22624.9368942186,-3975.7012908427,194580,3242,23370.9208180494,-22624.9368942186,-3976.62186140631
2020-01-03 06:05:00,NA,NA,-3950.12341212732,23352.7350263584,-22723.4550277762,-3950.12341212732,194640,3243,23366.4577665973,-22734.1413695018,-3950.12341212732
2020-01-03 06:06:00,NA,NA,-3913.92494562516,23353.8928100729,-22848.781447127,-3913.92494562516,194700,3244,23373.4564230442,-22853.490310307,-3913.92494562516
2020-01-03 06:07:00,NA,NA,-3924.64866272662,23385.8230834638,-22992.8938744249,-3924.64866272662,194760,3245,23389.5424890575,-22981.2986170069,-3924.64866272662
2020-01-03 06:08:00,NA,NA,-3939.04723808251,23429.8633615678,-23136.8816237436,-3939.04723808251,194820,3246,23412.3499783427,-23115.8889277115,-3939.04723808251
2020-01-03 06:09:00,NA,NA,-3919.55605199975,23466.9166334221,-23282.0747566555,-3919.55605199975,194880,3247,23439.5190524608,-23255.5900839056,-3919.55605199975
2020-01-03 06:10:00,NA,NA,-3934.57671208019,23490.1989001316,-23415.3491114536,-3934.57671208019,194940,3248,23468.6938623177,-23398.7356018461,-3934.57671208019
2020-01-03 06:11:00,23497.5203933012,-23543.662148242,NA,23497.5203933012,-23543.662148242,-3929.76126280876,195000,3249,23497.5203933012,-23543.662148242,-3940.78024907361
2020-01-03 06:12:00,NA,NA,-3964.22525287312,23506.2313597937,-23665.4026507812,-3964.22525287312,195060,3250,23524.0939205438,-23688.891787524,-3964.22525287312
2020-01-03 06:13:00,NA,NA,-4026.0260000364,23514.8887165512,-23781.5207903935,-4026.0260000364,195120,3251,23548.3061743293,-23833.6819705915,-4026.0260000364
2020-01-03 06:14:00,NA,NA,-4051.78630086552,23512.1840781502,-23895.9221383524,-4051.78630086552,195180,3252,23570.4963331243,-23977.4735161584,-4051.78630086552
2020-01-03 06:15:00,NA,NA,-4061.60366779448,23500.2503961842,-24004.0435454543,-4061.60366779448,195240,3253,23591.0017258183,-24119.7063294688,-4061.60366779448
2020-01-03 06:16:00,NA,NA,-4013.68038613168,23487.5455671093,-24129.9728662602,-4013.68038613168,195300,3254,23610.1581402808,-24259.8188899633,-4013.68038613168
2020-01-03 06:17:00,NA,NA,-3953.59918890404,23480.0339862618,-24262.8669348741,-3953.59918890404,195360,3255,23628.3001305027,-24397.2477376625,-3953.59918890404
2020-01-03 06:18:00,NA,NA,-3919.75556205022,23487.9261283951,-24388.6468536589,-3919.75556205022,195420,3256,23645.7613226085,-24531.426957777,-3919.75556205022
2020-01-03 06:19:00,NA,NA,-3896.74610383233,23512.3795950711,-24508.8017319265,-3896.74610383233,195480,3257,23662.87472002,-24661.7876630714,-3896.74610383233
2020-01-03 06:20:00,NA,NA,-3899.70493824384,23543.8260701336,-24648.7306087488,-3899.70493824384,195540,3258,23679.9730080513,-24787.7574735101,-3899.70493824384
2020-01-03 06:21:00,NA,NA,-3896.15525882047,23580.7677840228,-24802.380736415,-3896.15525882047,195600,3259,23697.3888582124,-24908.7599927063,-3896.15525882047
2020-01-03 06:22:00,NA,NA,-3901.63834783177,23625.6530443639,-24939.6616157729,-3901.63834783177,195660,3260,23715.4552325005,-25024.2142806988,-3901.63834783177
2020-01-03 06:23:00,NA,NA,-3899.35924811853,23682.8017050051,-25095.991672821,-3899.35924811853,195720,3261,23734.5056879572,-25133.5343225718,-3899.35924811853
2020-01-03 06:24:00,23754.8746817701,-25236.1284924319,NA,23754.8746817701,-25236.1284924319,-3901.67808000712,195780,3262,23754.8746817701,-25236.1284924319,-3889.3599631598
2020-01-03 06:25:00,NA,NA,-3898.54473392036,23818.5580746962,-25365.6135927288,-3898.54473392036,195840,3263,23776.8528994814,-25331.5821221348,-3898.54473392036
2020-01-03 06:26:00,NA,NA,-3944.61142706576,23857.7645421315,-25475.8608366005,-3944.61142706576,195900,3264,23800.5525799285,-25420.2064844823,-3944.61142706576
2020-01-03 06:27:00,NA,NA,-4004.15778248093,23896.9488180985,-25561.1792516579,-4004.15778248093,195960,3265,23826.0425595487,-25502.4897143448,-4004.15778248093
2020-01-03 06:28:00,NA,NA,-4095.04784544695,23948.1682775736,-25653.6708265655,-4095.04784544695,196020,3266,23853.3933124107,-25578.9141463978,-4095.04784544695
2020-01-03 06:29:00,NA,NA,-4192.52025599261,23988.557174609,-25744.0115307345,-4192.52025599261,196080,3267,23882.6770146475,-25649.9567563327,-4192.52025599261
2020-01-03 06:30:00,NA,NA,-4294.27884218469,24033.0726053629,-25844.6973358988,-4294.27884218469,196140,3268,23913.9676104681,-25716.0895971444,-4294.27884218469
2020-01-03 06:31:00,NA,NA,-4381.13394881981,24081.4633149832,-25927.962148162,-4381.13394881981,196200,3269,23947.3408797887,-25777.7802309139,-4381.13394881981
2020-01-03 06:32:00,NA,NA,-4450.98004611009,24131.5837808212,-25997.1313087755,-4450.98004611009,196260,3270,23982.8745075454,-25835.4921564838,-4450.98004611009
2020-01-03 06:33:00,NA,NA,-4504.68052255846,24191.6519985659,-26059.2627758303,-4504.68052255846,196320,3271,24020.6481547505,-25889.6852334169,-4504.68052255846
2020-01-03 06:34:00,NA,NA,-4560.56119856273,24261.0775021017,-26105.3523667296,-4560.56119856273,196380,3272,24060.7435313557,-25940.8161026257,-4560.56119856273
2020-01-03 06:35:00,NA,NA,-4613.93086913448,24334.5331911344,-26155.196621969,-4613.93086913448,196440,3273,24103.2444709913,-25989.3386040584,-4613.93086913448
2020-01-03 06:36:00,NA,NA,-4691.75173377488,24398.6643216743,-26211.3720923649,-4691.75173377488,196500,3274,24148.2370076467,-26035.7041918219,-4691.75173377488
2020-01-03 06:37:00,NA,NA,-4774.31208301677,24471.8231292241,-26235.7930788136,-4774.31208301677,196560,3275,24195.8094543646,-26080.3623471239,-4774.31208301677
2020-01-03 06:38:00,NA,NA,-4833.73328743281,24536.1379755935,-26244.3873075947,-4833.73328743281,196620,3276,24246.0524840197,-26123.7609894093,-4833.73328743281
2020-01-03 06:39:00,NA,NA,-4907.52768402817,24580.1363950755,-26266.5397096115,-4907.52768402817,196680,3277,24299.0592122561,-26166.3468860683,-4907.52768402817
2020-01-03 06:40:00,NA,NA,-4976.21114102505,24608.8818070853,-26312.1452963433,-4976.21114102505,196740,3278,24354.925282659,-26208.5660610913,-4976.21114102505
2020-01-03 06:41:00,NA,NA,-4998.21278294976,24601.3972051937,-26339.3683669069,-4998.21278294976,196800,3279,24413.7489542386,-26250.8642030433,-4998.21278294976
2020-01-03 06:42:00,NA,NA,-5013.36064355226,24582.3847868615,-26371.5477839482,-5013.36064355226,196860,3280,24475.6311913071,-26293.6870727316,-5013.36064355226
2020-01-03 06:43:00,NA,NA,-5024.97060335622,24598.5058036958,-26403.134289979,-5024.97060335622,196920,3281,24540.6757558293,-26337.4809109396,-5024.97060335622
2020-01-03 06:44:00,NA,NA,-4982.47294362699,24638.0326875528,-26420.7110024252,-4982.47294362699,196980,3282,24608.9893023328,-26382.6928466,-4982.47294362699
2020-01-03 06:45:00,24680.6814754641,-26429.7713057796,NA,24680.6814754641,-26429.7713057796,-4977.73568512881,197040,3283,24680.6814754641,-26429.7713057796,-4967.45752257384
2020-01-03 06:46:00,NA,NA,-4964.77522539491,24725.3700148265,-26439.7033229233,-4964.77522539491,197100,3284,24755.7549622882,-26479.0359865755,-4964.77522539491
2020-01-03 06:47:00,NA,NA,-4942.30741948799,24791.4614230588,-26443.2891648863,-4942.30741948799,197160,3285,24833.7753315888,-26530.2868224439,-4942.30741948799
2020-01-03 06:48:00,NA,NA,-4927.55274714413,24872.1342343554,-26436.4495847764,-4927.55274714413,197220,3286,24914.2008011112,-26583.1951292637,-4927.55274714413
2020-01-03 06:49:00,NA,NA,-4908.21368976905,24965.6207728402,-26446.3679633466,-4908.21368976905,197280,3287,24996.4917885108,-26637.4337389837,-4908.21368976905
2020-01-03 06:50:00,NA,NA,-4877.21364489129,25040.370175484,-26453.6485428676,-4877.21364489129,197340,3288,25080.1104177835,-26692.6767003523,-4877.21364489129
2020-01-03 06:51:00,NA,NA,-4853.28837631605,25126.8252116834,-26477.8177775955,-4853.28837631605,197400,3289,25164.520027279,-26748.5989807733,-4853.28837631605
2020-01-03 06:52:00,NA,NA,-4782.71275892605,25208.7980478143,-26504.113639375,-4782.71275892605,197460,3290,25249.1846788231,-26804.8761690032,-4782.71275892605
2020-01-03 06:53:00,NA,NA,-4666.00879493595,25298.082209523,-26570.5575216511,-4666.00879493595,197520,3291,25333.5686675015,-26861.1841784158,-4666.00879493595
2020-01-03 06:54:00,NA,NA,-4541.16296183107,25381.5288877617,-26646.6598484401,-4541.16296183107,197580,3292,25417.1360316566,-26917.1989505631,-4541.16296183107
2020-01-03 06:55:00,NA,NA,-4468.99479684188,25444.378643243,-26712.8588687119,-4468.99479684188,197640,3293,25499.350062648,-26972.5961587624,-4468.99479684188
2020-01-03 06:56:00,NA,NA,-4384.8555125619,25476.8837173479,-26777.0884866066,-4384.8555125619,197700,3294,25579.6728139307,-27027.050911438,-4384.8555125619
2020-01-03 06:57:00,NA,NA,-4267.23145910202,25519.4953503611,-26857.0557754489,-4267.23145910202,197760,3295,25657.5646090003,-27080.2374549452,-4267.23145910202
2020-01-03 06:58:00,NA,NA,-4195.86063522928,25586.5603050265,-26947.2397486142,-4195.86063522928,197820,3296,25732.4835477556,-27131.8288756067,-4195.86063522928
2020-01-03 06:59:00,NA,NA,-4185.3447533435,25671.6186828524,-27029.9520574675,-4185.3447533435,197880,3297,25803.885010827,-27181.4968006873,-4185.3447533435
2020-01-03 07:00:00,NA,NA,-4207.33655262478,25773.9771381871,-27120.2223167626,-4207.33655262478,197940,3298,25871.2211614184,-27228.9110980344,-4207.33655262478
2020-01-03 07:01:00,NA,NA,-4279.19330446988,25881.6180918833,-27205.1176815238,-4279.19330446988,198000,3299,25933.940444205,-27273.7395741083,-4279.19330446988
2020-01-03 07:02:00,NA,NA,-4350.67869081118,25967.6545440273,-27284.8000970146,-4350.67869081118,198060,3300,25991.4870808305,-27315.6476701281,-4350.67869081118
2020-01-03 07:03:00,26043.3005615409,-27354.2981560532,NA,26043.3005615409,-27354.2981560532,-4427.04358479099,198120,3301,26043.3005615409,-27354.2981560532,-4426.03503181735
2020-01-03 07:04:00,NA,NA,-4482.97671224117,26102.4861344336,-27408.4860037154,-4482.97671224117,198180,3302,26089.1648326373,-27389.441284846,-4482.97671224117
2020-01-03 07:05:00,NA,NA,-4511.82507607717,26150.9399861178,-27443.6051381005,-4511.82507607717,198240,3303,26130.2572628229,-27421.1859683503,-4511.82507607717
2020-01-03 07:06:00,NA,NA,-4571.46532164864,26203.904308341,-27457.846868214,-4571.46532164864,198300,3304,26168.1005553306,-27449.7284719275,-4571.46532164864
2020-01-03 07:07:00,NA,NA,-4618.72808921493,26234.3163099434,-27459.2391506637,-4618.72808921493,198360,3305,26204.2144416323,-27475.262131917,-4618.72808921493
2020-01-03 07:08:00,NA,NA,-4636.3073623094,26256.3333663291,-27485.029934804,-4636.3073623094,198420,3306,26240.1170714813,-27497.9775324934,-4636.3073623094
2020-01-03 07:09:00,NA,NA,-4652.70079865771,26286.6949834396,-27513.8479883373,-4652.70079865771,198480,3307,26277.3264015229,-27518.0626799941,-4652.70079865771
2020-01-03 07:10:00,26317.3615837403,-27535.703174887,NA,26317.3615837403,-27535.703174887,-4615.16851314508,198540,3308,26317.3615837403,-27535.703174887,-4624.85060967388
2020-01-03 07:11:00,NA,NA,-4562.94587503011,26359.4718255443,-27550.670863235,-4562.94587503011,198600,3309,26361.7498580912,-27550.0060085399,-4562.94587503011
2020-01-03 07:12:00,26412.0444611101,-27555.7694281828,NA,26412.0444611101,-27555.7694281828,-4493.51028354542,198660,3310,26412.0444611101,-27555.7694281828,-4489.01291667013
2020-01-03 07:13:00,NA,NA,-4397.10078168498,26470.7286618593,-27543.2020460662,-4397.10078168498,198720,3311,26469.471718189,-27547.9236179806,-4397.10078168498
2020-01-03 07:14:00,NA,NA,-4290.84814776097,26524.6626750302,-27513.1817960552,-4290.84814776097,198780,3312,26533.9131425643,-27526.2510298342,-4290.84814776097
2020-01-03 07:15:00,NA,NA,-4220.85893798854,26589.4817292329,-27480.2765803856,-4220.85893798854,198840,3313,26604.9188467881,-27491.7375883469,-4220.85893798854
2020-01-03 07:16:00,26682.0449480044,-27445.3574722549,NA,26682.0449480044,-27445.3574722549,-4176.47974311666,198900,3314,26682.0449480044,-27445.3574722549,-4172.56579470663
2020-01-03 07:17:00,NA,NA,-4126.8483838444,26777.3317856749,-27392.3105088219,-4126.8483838444,198960,3315,26764.835548945,-27388.7985556075,-4126.8483838444
2020-01-03 07:18:00,NA,NA,-4068.19087478689,26876.3893191109,-27333.9523947789,-4068.19087478689,199020,3316,26852.7694806022,-27326.6377329965,-4068.19087478689
2020-01-03 07:19:00,NA,NA,-3992.65291839052,26963.8548781038,-27272.2340608544,-3992.65291839052,199080,3317,26945.3126679385,-27264.1713233592,-3992.65291839052
2020-01-03 07:20:00,NA,NA,-3935.74754983058,27048.2202451758,-27215.1090632011,-3935.74754983058,199140,3318,27041.9352521201,-27206.6953669212,-3935.74754983058
2020-01-03 07:21:00,27142.1111057465,-27159.5104693067,NA,27142.1111057465,-27159.5104693067,-3887.43600366642,199200,3319,27142.1111057465,-27159.5104693067,-3884.49576286383
2020-01-03 07:22:00,27245.3676553506,-27125.8528076932,NA,27245.3676553506,-27125.8528076932,-3841.30362164025,199260,3320,27245.3676553506,-27125.8528076932,-3843.64490566084
2020-01-03 07:23:00,NA,NA,-3827.43280319994,27345.9116972404,-27104.1316519406,-3827.43280319994,199320,3321,27351.1832715511,-27100.8392202751,-3827.43280319994
2020-01-03 07:24:00,NA,NA,-3841.85680744439,27457.5140577292,-27080.0450986639,-3841.85680744439,199380,3322,27458.0765283935,-27078.1767837039,-3841.85680744439
2020-01-03 07:25:00,27564.3138873289,-27051.7387599718,NA,27564.3138873289,-27051.7387599718,-3871.65163782812,199440,3323,27564.3138873289,-27051.7387599718,-3858.1838152881
2020-01-03 07:26:00,NA,NA,-3847.24129173193,27666.5419349995,-27011.8413974706,-3847.24129173193,199500,3324,27668.6377110235,-27016.9541233873,-3847.24129173193
2020-01-03 07:27:00,NA,NA,-3794.28227119629,27766.3615554898,-26958.5438999171,-3794.28227119629,199560,3325,27771.694704871,-26975.4811664471,-3794.28227119629
2020-01-03 07:28:00,NA,NA,-3726.7863582578,27867.2116688305,-26912.2524055747,-3726.7863582578,199620,3326,27874.60691755,-26930.5312291789,-3726.7863582578
2020-01-03 07:29:00,NA,NA,-3649.53835995958,27972.6972131584,-26878.6825160533,-3649.53835995958,199680,3327,27978.4962655982,-26885.3124715935,-3649.53835995958
2020-01-03 07:30:00,28084.4855595276,-26843.0328081665,NA,28084.4855595276,-26843.0328081665,-3581.69138007974,199740,3328,28084.4855595276,-26843.0328081665,-3577.75367579315
2020-01-03 07:31:00,NA,NA,-3518.85504013388,28192.0191030252,-26802.2453914049,-3518.85504013388,199800,3329,28193.1961163898,-26805.9332529398,-3518.85504013388
2020-01-03 07:32:00,NA,NA,-3474.37747030697,28316.5934717779,-26774.2419428444,-3474.37747030697,199860,3330,28303.2379931584,-26772.3810242995,-3474.37747030697
2020-01-03 07:33:00,NA,NA,-3443.75068106801,28426.9214963463,-26746.7025178981,-3443.75068106801,199920,3331,28412.7190512446,-26739.7769966244,-3443.75068106801
2020-01-03 07:34:00,28519.7466388439,-26705.5229111841,NA,28519.7466388439,-26705.5229111841,-3453.55711315446,199980,3332,28519.7466388439,-26705.5229111841,-3448.4222105296
2020-01-03 07:35:00,NA,NA,-3468.43924906962,28615.3470626594,-26668.1304178339,-3468.43924906962,200040,3333,28622.7013328402,-26666.9007864404,-3468.43924906962
2020-01-03 07:36:00,NA,NA,-3482.94818083592,28717.6519009937,-26621.0710467458,-3482.94818083592,200100,3334,28721.0619271288,-26620.7157691576,-3482.94818083592
2020-01-03 07:37:00,28814.5784859869,-26563.6478721309,NA,28814.5784859869,-26563.6478721309,-3495.33532154869,200160,3335,28814.5784859869,-26563.6478721309,-3510.68820082602
2020-01-03 07:38:00,NA,NA,-3559.71892451111,28899.8715899603,-26480.0373043783,-3559.71892451111,200220,3336,28903.235218014,-26493.8121241472,-3559.71892451111
2020-01-03 07:39:00,NA,NA,-3617.11036873503,28974.3829853863,-26402.788708872,-3617.11036873503,200280,3337,28987.9662310966,-26415.09202414,-3617.11036873503
2020-01-03 07:40:00,NA,NA,-3639.92487929529,29046.7412619027,-26330.0107193026,-3639.92487929529,200340,3338,29069.9406173191,-26332.8079135353,-3639.92487929529
2020-01-03 07:41:00,NA,NA,-3675.00804097037,29125.9031698626,-26251.4239651385,-3675.00804097037,200400,3339,29150.3249474729,-26252.2768744516,-3675.00804097037
2020-01-03 07:42:00,NA,NA,-3690.65693388479,29217.6735939031,-26173.1986942748,-3690.65693388479,200460,3340,29230.2843380806,-26178.8175931469,-3690.65693388479
2020-01-03 07:43:00,NA,NA,-3713.39974982063,29300.2698320344,-26115.7297247637,-3713.39974982063,200520,3341,29310.9835170974,-26117.7552249004,-3713.39974982063
2020-01-03 07:44:00,29393.587889263,-26074.4262648319,NA,29393.587889263,-26074.4262648319,-3739.86287338852,200580,3342,29393.587889263,-26074.4262648319,-3742.28604445824
2020-01-03 07:45:00,29477.3136266251,-26045.4619829681,NA,29477.3136266251,-26045.4619829681,-3775.82331385802,200640,3343,29477.3136266251,-26045.4619829681,-3766.21806542556
2020-01-03 07:46:00,NA,NA,-3774.6635051226,29538.5328531281,-25995.6519735948,-3774.6635051226,200700,3344,29555.9945098018,-26001.2158737945,-3774.6635051226
2020-01-03 07:47:00,NA,NA,-3764.72605112671,29604.1047451546,-25926.1148031571,-3764.72605112671,200760,3345,29631.192547626,-25937.6934773786,-3764.72605112671
2020-01-03 07:48:00,NA,NA,-3760.56750747221,29695.1476958524,-25849.8090757389,-3760.56750747221,200820,3346,29706.8874075263,-25859.479172463,-3760.56750747221
2020-01-03 07:49:00,29787.0592121959,-25771.1438990671,NA,29787.0592121959,-25771.1438990671,-3768.28594447372,200880,3347,29787.0592121959,-25771.1438990671,-3771.25210038908
2020-01-03 07:50:00,NA,NA,-3802.70510493263,29883.8873382986,-25676.9932933194,-3802.70510493263,200940,3348,29874.198638104,-25677.7240610007,-3802.70510493263
2020-01-03 07:51:00,NA,NA,-3860.72251676675,29966.9550516998,-25575.8228511642,-3860.72251676675,201000,3349,29964.8282945015,-25586.1503829972,-3860.72251676675
2020-01-03 07:52:00,30053.9804423474,-25503.8300003223,NA,30053.9804423474,-25503.8300003223,-3931.33744240934,201060,3350,30053.9804423474,-25503.8300003223,-3937.92656511061
2020-01-03 07:53:00,NA,NA,-3997.05101013654,30134.9369725584,-25439.5656800153,-3997.05101013654,201120,3351,30138.0602143053,-25436.8888274442,-3997.05101013654
2020-01-03 07:54:00,NA,NA,-4017.51693459251,30206.0176802727,-25384.0057514287,-4017.51693459251,201180,3352,30218.9652510529,-25386.3078678836,-4017.51693459251
2020-01-03 07:55:00,NA,NA,-4053.69466161608,30285.1923008407,-25367.2150592302,-4053.69466161608,201240,3353,30299.9645136012,-25351.7934078326,-4053.69466161608
2020-01-03 07:56:00,30384.3270497774,-25333.0664299124,NA,30384.3270497774,-25333.0664299124,-4093.8615278686,201300,3354,30384.3270497774,-25333.0664299124,-4096.06071194563
2020-01-03 07:57:00,NA,NA,-4123.75658861944,30489.1474501948,-25323.1832191634,-4123.75658861944,201360,3355,30474.3650873546,-25329.094331136,-4123.75658861944
2020-01-03 07:58:00,NA,NA,-4128.39984978024,30589.4249739508,-25333.1366052724,-4128.39984978024,201420,3356,30568.5562831025,-25335.7857594769,-4128.39984978024
2020-01-03 07:59:00,NA,NA,-4124.44768918673,30686.285915541,-25355.2316157763,-4124.44768918673,201480,3357,30664.4221974582,-25348.2910927181,-4124.44768918673
2020-01-03 08:00:00,NA,NA,-4094.02772562183,30771.5200562006,-25366.4607975735,-4094.02772562183,201540,3358,30759.485922445,-25361.7660259859,-4094.02772562183
2020-01-03 08:01:00,30851.2698160672,-25371.3671407532,NA,30851.2698160672,-25371.3671407532,-4098.93229472845,201600,3359,30851.2698160672,-25371.3671407532,-4091.42259903045
2020-01-03 08:02:00,NA,NA,-4096.06509963898,30907.3139271951,-25371.0954139541,-4096.06509963898,201660,3360,30938.0487049376,-25373.6336937659,-4096.06509963898
2020-01-03 08:03:00,NA,NA,-4080.99407719943,30986.8197841665,-25379.2066057854,-4080.99407719943,201720,3361,31021.1148515162,-25370.6433625765,-4080.99407719943
2020-01-03 08:04:00,NA,NA,-4079.02537455403,31085.4302035089,-25380.3616158929,-4079.02537455403,201780,3362,31102.512591043,-25365.8552342958,-4079.02537455403
2020-01-03 08:05:00,NA,NA,-4079.43535943511,31180.0650711287,-25376.7298549357,-4079.43535943511,201840,3363,31184.2847330261,-25362.7267521104,-4079.43535943511
2020-01-03 08:06:00,31268.4744297029,-25364.7168776896,NA,31268.4744297029,-25364.7168776896,-4075.38197930467,201900,3364,31268.4744297029,-25364.7168776896,-4076.72673614304
2020-01-03 08:07:00,NA,NA,-4053.89849896387,31368.6425489745,-25361.8762519359,-4053.89849896387,201960,3365,31357.0080033334,-25373.5272279369,-4053.89849896387
2020-01-03 08:08:00,NA,NA,-4007.97949401525,31462.1136913528,-25380.3397753285,-4007.97949401525,202020,3366,31451.3395632962,-25383.8172268116,-4007.97949401525
2020-01-03 08:09:00,31552.809483518,-25388.4856242261,NA,31552.809483518,-25388.4856242261,-4008.75327850296,202080,3367,31552.809483518,-25388.4856242261,-3994.25001995656
2020-01-03 08:10:00,NA,NA,-4011.45130800174,31643.776292021,-25381.7415534308,-4011.45130800174,202140,3368,31662.7269027342,-25382.008924117,-4011.45130800174
2020-01-03 08:11:00,NA,NA,-4041.88401891848,31753.3807874092,-25365.1351185683,-4041.88401891848,202200,3369,31782.2576217365,-25365.1853137423,-4041.88401891848
2020-01-03 08:12:00,NA,NA,-4071.73230945291,31896.482558656,-25335.297274021,-4071.73230945291,202260,3370,31912.5384734581,-25340.3864106889,-4071.73230945291
2020-01-03 08:13:00,NA,NA,-4095.99674702585,32044.3750941402,-25309.9401606004,-4095.99674702585,202320,3371,32054.7161246193,-25309.9765376732,-4095.99674702585
2020-01-03 08:14:00,NA,NA,-4144.11037314913,32213.9094655153,-25273.4572517896,-4144.11037314913,202380,3372,32209.9481242514,-25276.3148852678,-4144.11037314913
2020-01-03 08:15:00,32379.403962385,-25241.7576698358,NA,32379.403962385,-25241.7576698358,-4169.09378037389,202440,3373,32379.403962385,-25241.7576698358,-4179.02577724468
2020-01-03 08:16:00,NA,NA,-4190.2060042432,32557.1670485894,-25217.8365527954,-4190.2060042432,202500,3374,32559.5890560259,-25208.5034500836,-4190.2060042432
2020-01-03 08:17:00,32728.3094413276,-25178.124593634,NA,32728.3094413276,-25178.124593634,-4184.78896274065,202560,3375,32728.3094413276,-25178.124593634,-4176.32520772232
2020-01-03 08:18:00,NA,NA,-4125.94211260745,32858.6940940575,-25140.9488614764,-4125.94211260745,202620,3376,32864.1964643779,-25151.900551513,-4125.94211260745
2020-01-03 08:19:00,NA,NA,-4039.38051502959,32968.7098138943,-25123.9121956019,-4039.38051502959,202680,3377,32967.9039846531,-25130.559715589,-4039.38051502959
2020-01-03 08:20:00,NA,NA,-3974.49967821764,33053.2233207954,-25109.3086062186,-3974.49967821764,202740,3378,33045.5693053227,-25114.6962369449,-3974.49967821764
2020-01-03 08:21:00,NA,NA,-3979.527838382,33109.3595903186,-25101.2962890517,-3979.527838382,202800,3379,33103.3059089347,-25104.9092770813,-3979.527838382
2020-01-03 08:22:00,33147.2090497607,-25101.8035558303,NA,33147.2090497607,-25101.8035558303,-4054.83887499165,202860,3380,33147.2090497607,-25101.8035558303,-4054.84788109239
2020-01-03 08:23:00,NA,NA,-4137.10141685807,33189.8064115353,-25098.8270666484,-4137.10141685807,202920,3381,33182.5751731585,-25105.4619453098,-4137.10141685807
2020-01-03 08:24:00,NA,NA,-4165.36092544166,33229.2148104458,-25089.5068538861,-4165.36092544166,202980,3382,33211.5481468916,-25113.8615722041,-4165.36092544166
2020-01-03 08:25:00,NA,NA,-4155.13492700688,33252.2613129523,-25102.2956172163,-4155.13492700688,203040,3383,33235.4798335735,-25124.4559419607,-4155.13492700688
2020-01-03 08:26:00,NA,NA,-4148.51784790664,33262.9191781905,-25118.3253147156,-4148.51784790664,203100,3384,33255.7174846757,-25134.7005672012,-4148.51784790664
2020-01-03 08:27:00,33273.6049728708,-25142.050640346,NA,33273.6049728708,-25142.050640346,-4079.73809779676,203160,3385,33273.6049728708,-25142.050640346,-4091.66055333105
2020-01-03 08:28:00,NA,NA,-4021.77623317436,33294.763596737,-25141.8540576765,-4021.77623317436,203220,3386,33290.2375747671,-25144.4399477873,-4021.77623317436
2020-01-03 08:29:00,NA,NA,-3977.91072079149,33331.7767364046,-25138.014367819,-3977.91072079149,203280,3387,33305.7235878812,-25141.7227929922,-3977.91072079149
2020-01-03 08:30:00,NA,NA,-3918.10415538113,33350.4173103383,-25143.4710049482,-3918.10415538113,203340,3388,33319.9238142509,-25134.2300489671,-3918.10415538113
2020-01-03 08:31:00,NA,NA,-3892.84748543385,33376.6840906516,-25137.8283177612,-3892.84748543385,203400,3389,33332.6978797642,-25122.2882204275,-3892.84748543385
2020-01-03 08:32:00,NA,NA,-3903.31032436322,33400.482832693,-25117.4256204095,-3903.31032436322,203460,3390,33343.9041057786,-25106.2197425155,-3903.31032436322
2020-01-03 08:33:00,NA,NA,-3930.03067519294,33403.4100705914,-25079.9953550627,-3930.03067519294,203520,3391,33353.3993795363,-25086.3432757455,-3930.03067519294
2020-01-03 08:34:00,NA,NA,-3970.11889152287,33394.8090999857,-25025.8022310011,-3970.11889152287,203580,3392,33361.0390232641,-25062.9739974878,-3970.11889152287
2020-01-03 08:35:00,NA,NA,-4019.63591426477,33362.7624083125,-24975.3859971626,-4019.63591426477,203640,3393,33366.6766618409,-25036.4238902634,-4019.63591426477
2020-01-03 08:36:00,NA,NA,-4085.38030125515,33353.4289552011,-24933.9672949408,-4085.38030125515,203700,3394,33370.1640889109,-25007.0020271144,-4085.38030125515
2020-01-03 08:37:00,NA,NA,-4166.66829687673,33356.3559474149,-24907.5174613791,-4166.66829687673,203760,3395,33371.3511313223,-24975.0148543127,-4166.66829687673
2020-01-03 08:38:00,NA,NA,-4264.77364472528,33354.6695030537,-24872.0484073934,-4264.77364472528,203820,3396,33370.0855117661,-24940.7664716651,-4264.77364472528
2020-01-03 08:39:00,NA,NA,-4370.16951019111,33358.9542977413,-24843.0223344473,-4370.16951019111,203880,3397,33366.2127094901,-24904.5589106717,-4370.16951019111
2020-01-03 08:40:00,NA,NA,-4469.89155659981,33375.1806407151,-24830.2057398474,-4469.89155659981,203940,3398,33359.5758189606,-24866.6924107923,-4469.89155659981
2020-01-03 08:41:00,NA,NA,-4609.69943004354,33366.1727996601,-24811.0038991585,-4609.69943004354,204000,3399,33350.015406343,-24827.4656940736,-4609.69943004354
2020-01-03 08:42:00,33337.3693636691,-24787.1762383884,NA,33337.3693636691,-24787.1762383884,-4754.02653721538,204060,3400,33337.3693636691,-24787.1762383884,-4754.20708702534
2020-01-03 08:43:00,NA,NA,-4871.07427777208,33310.9864340737,-24747.1950894105,-4871.07427777208,204120,3401,33322.0432881482,-24746.6152344637,-4871.07427777208
2020-01-03 08:44:00,NA,NA,-4942.51074056321,33310.1923862721,-24704.0638950809,-4942.51074056321,204180,3402,33306.722540589,-24708.55245543,-4942.51074056321
2020-01-03 08:45:00,NA,NA,-4979.72082270014,33299.5356795914,-24676.8818203111,-4979.72082270014,204240,3403,33294.6630144741,-24676.2546451803,-4979.72082270014
2020-01-03 08:46:00,33289.1235868757,-24652.9938213961,NA,33289.1235868757,-24652.9938213961,-4988.87412467643,204300,3404,33289.1235868757,-24652.9938213961,-4991.39832464727
2020-01-03 08:47:00,NA,NA,-4976.1978308183,33274.0923767192,-24625.332017454,-4976.1978308183,204360,3405,33292.4242259028,-24640.714054875,-4976.1978308183
2020-01-03 08:48:00,NA,NA,-4934.15139657214,33283.435487674,-24610.2587019978,-4934.15139657214,204420,3406,33303.1133206628,-24636.024363351,-4934.15139657214
2020-01-03 08:49:00,NA,NA,-4880.99970454545,33296.0913365795,-24626.2239642285,-4880.99970454545,204480,3407,33318.8011470905,-24634.2044952937,-4880.99970454545
2020-01-03 08:50:00,NA,NA,-4836.8869595309,33319.0916568728,-24627.8713088335,-4836.8869595309,204540,3408,33337.1025532043,-24630.5368234946,-4836.8869595309
2020-01-03 08:51:00,33355.6347774159,-24620.3020300021,NA,33355.6347774159,-24620.3020300021,-4835.07469019704,204600,3409,33355.6347774159,-24620.3020300021,-4829.60886561054
2020-01-03 08:52:00,NA,NA,-4839.09230318444,33385.3943733457,-24603.2165297866,-4839.09230318444,204660,3410,33372.6277334287,-24599.6612970881,-4839.09230318444
2020-01-03 08:53:00,NA,NA,-4836.76768994427,33401.1546391622,-24609.7207607939,-4836.76768994427,204720,3411,33388.7598967314,-24568.3124795653,-4836.76768994427
2020-01-03 08:54:00,NA,NA,-4812.76511420374,33404.7231175185,-24589.3658382106,-4812.76511420374,204780,3412,33405.3214198801,-24526.8301419336,-4812.76511420374
2020-01-03 08:55:00,NA,NA,-4773.18862412018,33411.9205420724,-24533.1702997048,-4773.18862412018,204840,3413,33423.6028484003,-24475.7795793941,-4773.18862412018
2020-01-03 08:56:00,NA,NA,-4733.21795796304,33432.4486031482,-24466.6134875286,-4733.21795796304,204900,3414,33444.8963011791,-24415.7173350774,-4733.21795796304
2020-01-03 08:57:00,NA,NA,-4668.70052933903,33464.5440962662,-24378.9440016436,-4668.70052933903,204960,3415,33470.496652325,-24347.1917091502,-4668.70052933903
2020-01-03 08:58:00,NA,NA,-4585.02290288611,33498.6143672308,-24282.588503424,-4585.02290288611,205020,3416,33501.7027155591,-24270.743260361,-4585.02290288611
2020-01-03 08:59:00,33539.8184322158,-24186.9053004966,NA,33539.8184322158,-24186.9053004966,-4496.65236427441,205080,3417,33539.8184322158,-24186.9053004966,-4485.3681977876
2020-01-03 09:00:00,NA,NA,-4378.08294439424,33583.6673823075,-24082.1888640958,-4378.08294439424,205140,3418,33585.3235920202,-24096.6662087065,-4378.08294439424
2020-01-03 09:01:00,NA,NA,-4277.14248435259,33637.287597211,-23995.9653172626,-4277.14248435259,205200,3419,33635.3827047902,-24002.8558987029,-4277.14248435259
2020-01-03 09:02:00,33686.3339752162,-23908.7628426655,NA,33686.3339752162,-23908.7628426655,-4198.59601491298,205260,3420,33686.3339752162,-23908.7628426655,-4204.26651714453
2020-01-03 09:03:00,NA,NA,-4158.54814738202,33731.5838115434,-23823.5478794284,-4158.54814738202,205320,3421,33735.3643825553,-23817.0528581339,-4158.54814738202
2020-01-03 09:04:00,NA,NA,-4136.07154553559,33761.1933532155,-23744.1064297637,-4136.07154553559,205380,3422,33783.051140731,-23727.9042424517,-4136.07154553559
2020-01-03 09:05:00,NA,NA,-4133.16485450453,33788.0270438317,-23658.5393854312,-4133.16485450453,205440,3423,33830.8181939364,-23640.8752392404,-4133.16485450453
2020-01-03 09:06:00,NA,NA,-4127.67379884267,33832.4848701782,-23577.6032383326,-4127.67379884267,205500,3424,33880.0895600963,-23555.526030834,-4127.67379884267
2020-01-03 09:07:00,NA,NA,-4153.76190571832,33886.9146466037,-23488.0715302061,-4153.76190571832,205560,3425,33932.2906333316,-23471.4183360033,-4153.76190571832
2020-01-03 09:08:00,NA,NA,-4205.96904077302,33949.7865037192,-23422.8296931997,-4205.96904077302,205620,3426,33988.8494877172,-23388.1150090747,-4205.96904077302
2020-01-03 09:09:00,NA,NA,-4256.58497486614,34029.0529048522,-23343.4619342002,-4256.58497486614,205680,3427,34051.1981835054,-23305.1796400835,-4256.58497486614
2020-01-03 09:10:00,NA,NA,-4296.54000423654,34117.3254664946,-23248.1117974087,-4296.54000423654,205740,3428,34120.7740770032,-23222.1761555975,-4296.54000423654
2020-01-03 09:11:00,NA,NA,-4329.80905556729,34200.5898138092,-23147.2626941145,-4329.80905556729,205800,3429,34199.0211352984,-23138.6684198478,-4329.80905556729
2020-01-03 09:12:00,34287.3912570348,-23054.2198358013,NA,34287.3912570348,-23054.2198358013,-4350.8742213191,205860,3430,34287.3912570348,-23054.2198358013,-4343.51043996131
2020-01-03 09:13:00,NA,NA,-4357.12217597535,34403.4475379332,-22964.1122105173,-4357.12217597535,205920,3431,34386.764639579,-22968.572959682,-4357.12217597535
2020-01-03 09:14:00,NA,NA,-4378.55557138128,34508.7976903371,-22869.1977204934,-4378.55557138128,205980,3432,34495.7075972359,-22882.1893395312,-4378.55557138128
2020-01-03 09:15:00,NA,NA,-4364.24300482039,34608.6896758959,-22789.0505504257,-4364.24300482039,206040,3433,34612.2142401406,-22795.7098624723,-4364.24300482039
2020-01-03 09:16:00,NA,NA,-4353.54234044204,34708.9098658593,-22719.9172616956,-4353.54234044204,206100,3434,34734.2855967854,-22709.7753280027,-4353.54234044204
2020-01-03 09:17:00,NA,NA,-4316.42731385447,34812.5608029262,-22651.3640750732,-4316.42731385447,206160,3435,34859.9277855284,-22625.0270341316,-4316.42731385447
2020-01-03 09:18:00,NA,NA,-4306.37406406232,34919.7096425923,-22581.2273799984,-4306.37406406232,206220,3436,34987.1501908156,-22542.1073639641,-4306.37406406232
2020-01-03 09:19:00,NA,NA,-4277.65506681174,35043.508691527,-22508.8473000824,-4277.65506681174,206280,3437,35113.9636423898,-22461.6603732783,-4277.65506681174
2020-01-03 09:20:00,NA,NA,-4234.78882999508,35174.3105958586,-22417.0623521455,-4234.78882999508,206340,3438,35238.378595819,-22384.332379635,-4234.78882999508
2020-01-03 09:21:00,NA,NA,-4244.39388014979,35298.587567205,-22329.5198402,-4244.39388014979,206400,3439,35358.4033126817,-22310.7725535567,-4244.39388014979
2020-01-03 09:22:00,NA,NA,-4233.89195892412,35426.83056256,-22251.6219876576,-4233.89195892412,206460,3440,35472.0420387435,-22241.633512316,-4233.89195892412
2020-01-03 09:23:00,35577.2931784606,-22177.5719168787,NA,35577.2931784606,-22177.5719168787,-4204.48415891756,206520,3441,35577.2931784606,-22177.5719168787,-4199.00513256109
2020-01-03 09:24:00,NA,NA,-4159.14859572646,35688.8636759201,-22131.7829868759,-4159.14859572646,206580,3442,35672.5584061083,-22119.0972656691,-4159.14859572646
2020-01-03 09:25:00,NA,NA,-4122.44994679898,35783.5694730691,-22104.6250785149,-4122.44994679898,206640,3443,35757.874103804,-22066.1169128259,-4122.44994679898
2020-01-03 09:26:00,NA,NA,-4076.87938848393,35882.965524723,-22088.1297214291,-4076.87938848393,206700,3444,35833.6784928111,-22018.3914322944,-4076.87938848393
2020-01-03 09:27:00,NA,NA,-4042.50847850623,35975.8953833972,-22083.238810044,-4042.50847850623,206760,3445,35900.4010943799,-21975.6862046598,-4042.50847850623
2020-01-03 09:28:00,NA,NA,-3966.08876145312,36041.7411054945,-22058.779308754,-3966.08876145312,206820,3446,35958.4631226917,-21937.7712025083,-3966.08876145312
2020-01-03 09:29:00,NA,NA,-3916.4841468022,36105.754600235,-22019.5448362211,-3916.4841468022,206880,3447,36008.2778701533,-21904.4207800165,-3916.4841468022
2020-01-03 09:30:00,NA,NA,-3916.83222566337,36156.845690753,-21960.1329143354,-3916.83222566337,206940,3448,36050.2510854385,-21875.413466551,-3916.83222566337
2020-01-03 09:31:00,NA,NA,-3932.81466582727,36192.1863086913,-21916.2426813517,-3932.81466582727,207000,3449,36084.781344627,-21850.5317640896,-3932.81466582727
2020-01-03 09:32:00,NA,NA,-3973.16725040868,36210.3214767109,-21878.8194312375,-3973.16725040868,207060,3450,36112.2604157817,-21829.5619482755,-3973.16725040868
2020-01-03 09:33:00,NA,NA,-4022.10632075732,36198.3785508499,-21837.2468869147,-4022.10632075732,207120,3451,36133.0736172972,-21812.2938729251,-4022.10632075732
2020-01-03 09:34:00,NA,NA,-4093.3409316193,36173.9234931038,-21790.5037121896,-4093.3409316193,207180,3452,36147.6001703489,-21798.5207778078,-4093.3409316193
2020-01-03 09:35:00,NA,NA,-4145.49673289684,36155.9582477607,-21761.0559340687,-4145.49673289684,207240,3453,36156.2135457647,-21788.0390995238,-4145.49673289684
2020-01-03 09:36:00,NA,NA,-4203.77542911098,36150.9173748,-21754.5145750152,-4203.77542911098,207300,3454,36159.2818056365,-21780.6482853056,-4203.77542911098
2020-01-03 09:37:00,36157.1679399843,-21776.1506095741,NA,36157.1679399843,-21776.1506095741,-4237.77717864171,207360,3455,36157.1679399843,-21776.1506095741,-4237.95229521798
2020-01-03 09:38:00,NA,NA,-4268.48552149452,36153.1370877124,-21811.9332888464,-4268.48552149452,207420,3456,36150.3542734458,-21774.3490983386,-4268.48552149452
2020-01-03 09:39:00,NA,NA,-4313.11847299082,36156.2315920579,-21833.9970834069,-4313.11847299082,207480,3457,36139.8151524676,-21775.0416649289,-4313.11847299082
2020-01-03 09:40:00,NA,NA,-4327.46994061624,36173.0563418586,-21834.8265903509,-4327.46994061624,207540,3458,36126.6455894738,-21778.0266099462,-4327.46994061624
2020-01-03 09:41:00,NA,NA,-4334.72482137315,36207.195763414,-21814.6068338022,-4334.72482137315,207600,3459,36111.9381909623,-21783.1043308257,-4334.72482137315
2020-01-03 09:42:00,NA,NA,-4341.38073272877,36235.3486295666,-21802.3219103281,-4341.38073272877,207660,3460,36096.7841568876,-21790.0771392457,-4341.38073272877
2020-01-03 09:43:00,NA,NA,-4353.71509508043,36263.1211744779,-21797.6479345349,-4353.71509508043,207720,3461,36082.2742787564,-21798.7490803023,-4353.71509508043
2020-01-03 09:44:00,NA,NA,-4404.79908437666,36244.7055315876,-21794.2617973624,-4404.79908437666,207780,3462,36069.4999373553,-21808.9257532704,-4404.79908437666
2020-01-03 09:45:00,NA,NA,-4490.19901654908,36205.9701673618,-21801.9273976993,-4490.19901654908,207840,3463,36059.5541010207,-21820.4141337867,-4490.19901654908
2020-01-03 09:46:00,NA,NA,-4539.83804550151,36170.4372776551,-21816.3720420264,-4539.83804550151,207900,3464,36053.5323253635,-21833.0223972916,-4539.83804550151
2020-01-03 09:47:00,NA,NA,-4547.37482741256,36139.7700466147,-21841.3708102425,-4547.37482741256,207960,3465,36052.5337553612,-21846.5597435689,-4547.37482741256
2020-01-03 09:48:00,NA,NA,-4510.44960313599,36106.3879605413,-21857.1762463463,-4510.44960313599,208020,3466,36057.6621307341,-21860.8362222221,-4510.44960313599
2020-01-03 09:49:00,NA,NA,-4512.83723503282,36080.4571789968,-21871.5620616933,-4512.83723503282,208080,3467,36070.0267955249,-21875.6625589283,-4512.83723503282
2020-01-03 09:50:00,36090.7437128047,-21890.8499823105,NA,36090.7437128047,-21890.8499823105,-4537.92354073171,208140,3468,36090.7437128047,-21890.8499823105,-4522.98623831453
2020-01-03 09:51:00,NA,NA,-4514.84473431749,36132.5226013914,-21913.4395192265,-4514.84473431749,208200,3469,36118.6009791176,-21906.6086378157,-4514.84473431749
2020-01-03 09:52:00,NA,NA,-4494.94972369574,36160.0623768886,-21936.2509832938,-4494.94972369574,208260,3470,36143.0507677128,-21924.7436133015,-4494.94972369574
2020-01-03 09:53:00,NA,NA,-4519.03200265332,36167.7808489776,-21961.7691762858,-4519.03200265332,208320,3471,36151.2066265954,-21947.4607578459,-4519.03200265332
2020-01-03 09:54:00,36130.1671974682,-21976.9701122533,NA,36130.1671974682,-21976.9701122533,-4517.88048979974,208380,3472,36130.1671974682,-21976.9701122533,-4531.20171994466
2020-01-03 09:55:00,36075.1572543408,-22014.0942351814,NA,36075.1572543408,-22014.0942351814,-4506.04329759167,208440,3473,36075.1572543408,-22014.0942351814,-4516.04656139382
2020-01-03 09:56:00,NA,NA,-4476.54705106124,36004.7470795309,-22054.935197433,-4476.54705106124,208500,3474,36008.254359363,-22053.3838359124,-4476.54705106124
2020-01-03 09:57:00,35936.7610248586,-22085.1826650988,NA,35936.7610248586,-22085.1826650988,-4418.68097361498,208560,3475,35936.7610248586,-22085.1826650988,-4417.53393128827
2020-01-03 09:58:00,NA,NA,-4355.78161028954,35852.265631103,-22084.4679514222,-4355.78161028954,208620,3476,35862.0797587374,-22101.5434463153,-4355.78161028954
2020-01-03 09:59:00,NA,NA,-4316.17939884246,35765.1545369502,-22072.4681619421,-4316.17939884246,208680,3477,35784.9428627594,-22104.1836514428,-4316.17939884246
2020-01-03 10:00:00,NA,NA,-4320.9262019959,35683.6562309587,-22066.2593915344,-4320.9262019959,208740,3478,35705.9135765496,-22097.2278062526,-4320.9262019959
2020-01-03 10:01:00,NA,NA,-4321.24524978809,35612.050206813,-22066.7963388505,-4321.24524978809,208800,3479,35625.553408687,-22084.7916593278,-4321.24524978809
2020-01-03 10:02:00,NA,NA,-4301.50466705074,35545.9146502146,-22050.4302235929,-4301.50466705074,208860,3480,35544.4226504022,-22070.985946839,-4301.50466705074
2020-01-03 10:03:00,NA,NA,-4244.64148249816,35479.336094365,-22047.1390562004,-4244.64148249816,208920,3481,35463.0808880911,-22059.9201525862,-4244.64148249816
2020-01-03 10:04:00,NA,NA,-4225.75990467801,35402.3384234955,-22040.4758275268,-4225.75990467801,208980,3482,35382.08751517,-22055.7062668846,-4225.75990467801
2020-01-03 10:05:00,NA,NA,-4171.21249668311,35302.8441170715,-22048.5468218797,-4171.21249668311,209040,3483,35302.0022437512,-22062.4625477455,-4171.21249668311
2020-01-03 10:06:00,35223.3856166079,-22084.3172877934,NA,35223.3856166079,-22084.3172877934,-4107.04606070285,209100,3484,35223.3856166079,-22084.3172877934,-4105.02179255764
2020-01-03 10:07:00,NA,NA,-4043.41740718894,35155.9653990431,-22131.4993992783,-4043.41740718894,209160,3485,35147.2565249932,-22124.1496435647,-4043.41740718894
2020-01-03 10:08:00,NA,NA,-3983.45720621336,35089.3186914914,-22193.2876919927,-3983.45720621336,209220,3486,35076.4642404048,-22179.8031999292,-3983.45720621336
2020-01-03 10:09:00,NA,NA,-3912.88376784448,35020.036240234,-22261.7719004467,-3912.88376784448,209280,3487,35014.319922273,-22247.8730711425,-3912.88376784448
2020-01-03 10:10:00,NA,NA,-3872.13363517537,34972.7167107764,-22330.5427022199,-3872.13363517537,209340,3488,34964.1426409605,-22324.965728356,-3872.13363517537
2020-01-03 10:11:00,34929.2624134775,-22407.6958955363,NA,34929.2624134775,-22407.6958955363,-3840.3988697002,209400,3489,34929.2624134775,-22407.6958955363,-3858.05775865061
2020-01-03 10:12:00,34912.3985635558,-22495.251089346,NA,34912.3985635558,-22495.251089346,-3840.39886443493,209460,3490,34912.3985635558,-22495.251089346,-3842.75832048832
2020-01-03 10:13:00,NA,NA,-3795.53042898436,34918.3371248187,-22594.1970375,-3795.53042898436,209520,3491,34912.4038630114,-22594.2377377079,-3795.53042898436
2020-01-03 10:14:00,34921.9848712873,-22702.4137551872,NA,34921.9848712873,-22702.4137551872,-3702.40659134258,209580,3492,34921.9848712873,-22702.4137551872,-3702.78063754564
2020-01-03 10:15:00,NA,NA,-3624.3353016829,34930.3605462041,-22839.0362653697,-3624.3353016829,209640,3493,34933.9102898645,-22815.4079744741,-3624.3353016829
2020-01-03 10:16:00,NA,NA,-3592.85005521455,34966.9349279597,-22994.2629240369,-3592.85005521455,209700,3494,34946.7014648057,-22931.7298969802,-3592.85005521455
2020-01-03 10:17:00,NA,NA,-3504.38601006598,34999.3635466051,-23160.340943797,-3504.38601006598,209760,3495,34960.3180936718,-23050.6111019882,-3504.38601006598
2020-01-03 10:18:00,NA,NA,-3393.57485000283,35011.1567534022,-23312.4968189413,-3393.57485000283,209820,3496,34974.7206291085,-23171.2855098743,-3393.57485000283
2020-01-03 10:19:00,NA,NA,-3296.70349298197,35034.5990901549,-23466.5721735885,-3296.70349298197,209880,3497,34989.8702426427,-23292.9886812499,-3296.70349298197
2020-01-03 10:20:00,NA,NA,-3198.11419107308,35051.7898858107,-23622.893355549,-3198.11419107308,209940,3498,35005.7287891581,-23414.9571177073,-3198.11419107308
2020-01-03 10:21:00,NA,NA,-3113.76646558812,35061.8402998521,-23768.0444526288,-3113.76646558812,210000,3499,35022.2587720003,-23536.4275634427,-3113.76646558812
2020-01-03 10:22:00,NA,NA,-3070.30239783755,35058.6195698187,-23904.4017887849,-3070.30239783755,210060,3500,35039.4233086769,-23656.6363071094,-3070.30239783755
2020-01-03 10:23:00,NA,NA,-3090.18342326138,35065.6301040357,-24014.4386322352,-3090.18342326138,210120,3501,35057.1860971197,-23774.8184832548,-3090.18342326138
2020-01-03 10:24:00,NA,NA,-3114.52161751932,35087.8969391059,-24104.3871160792,-3114.52161751932,210180,3502,35075.5113824792,-23890.2073727045,-3114.52161751932
2020-01-03 10:25:00,NA,NA,-3119.87018647721,35114.3296075195,-24179.9678319223,-3119.87018647721,210240,3503,35094.3639244186,-24002.03370125,-3119.87018647721
2020-01-03 10:26:00,NA,NA,-3101.04324283762,35111.9309568643,-24236.5012205494,-3101.04324283762,210300,3504,35113.7089648802,-24109.5249360002,-3101.04324283762
2020-01-03 10:27:00,NA,NA,-3105.77969189803,35122.7899112232,-24275.7657830473,-3105.77969189803,210360,3505,35133.5121962913,-24211.9045787528,-3105.77969189803
2020-01-03 10:28:00,NA,NA,-3106.49893447412,35137.5538661641,-24349.80711628,-3106.49893447412,210420,3506,35153.7397301836,-24308.3914557371,-3106.49893447412
2020-01-03 10:29:00,NA,NA,-3110.75240185661,35144.3065351679,-24428.1301740219,-3110.75240185661,210480,3507,35174.3580661955,-24398.1990030821,-3110.75240185661
2020-01-03 10:30:00,NA,NA,-3109.16132444462,35171.7546351035,-24491.73348971,-3109.16132444462,210540,3508,35195.3340614293,-24480.5345473524,-3109.16132444462
2020-01-03 10:31:00,35216.6349001354,-24554.598580497,NA,35216.6349001354,-24554.598580497,-3118.14908732642,210600,3509,35216.6349001354,-24554.598580497,-3128.34812532852
2020-01-03 10:32:00,NA,NA,-3166.97279704737,35252.654292164,-24580.3920332294,-3166.97279704737,210660,3510,35238.3548302177,-24619.8797299573,-3166.97279704737
2020-01-03 10:33:00,NA,NA,-3208.17232303458,35280.263024491,-24624.8500439928,-3208.17232303458,210720,3511,35261.0955726023,-24677.0414482393,-3208.17232303458
2020-01-03 10:34:00,NA,NA,-3210.08577627582,35319.1021239927,-24664.9308941466,-3210.08577627582,210780,3512,35285.5865490317,-24727.0354607526,-3210.08577627582
2020-01-03 10:35:00,NA,NA,-3145.56932405039,35344.1390615888,-24708.1034105061,-3145.56932405039,210840,3513,35312.5587823322,-24770.8069367026,-3145.56932405039
2020-01-03 10:36:00,NA,NA,-3089.25485521638,35367.2594406843,-24750.9014877821,-3089.25485521638,210900,3514,35342.7455650211,-24809.2953536464,-3089.25485521638
2020-01-03 10:37:00,NA,NA,-3060.39818778206,35402.6298467024,-24803.4648552945,-3060.39818778206,210960,3515,35376.8831300214,-24843.4353568187,-3060.39818778206
2020-01-03 10:38:00,NA,NA,-3055.16640924653,35431.8634979356,-24846.7769019177,-3055.16640924653,211020,3516,35415.7113240755,-24874.15761404,-3055.16640924653
2020-01-03 10:39:00,35459.9742844695,-24902.3896669878,NA,35459.9742844695,-24902.3896669878,-3024.32657424702,211080,3517,35459.9742844695,-24902.3896669878,-3017.35572629004
2020-01-03 10:40:00,NA,NA,-2982.3351759396,35505.4173979646,-24950.0289547323,-2982.3351759396,211140,3518,35509.8964138373,-24930.3285931684,-2982.3351759396
2020-01-03 10:41:00,NA,NA,-2992.2541011636,35550.9434065677,-24981.380233258,-2992.2541011636,211200,3519,35563.6083725272,-24965.2586912866,-2992.2541011636
2020-01-03 10:42:00,35618.7195828567,-25015.7424716832,NA,35618.7195828567,-25015.7424716832,-3032.6191575961,211260,3520,35618.7195828567,-25015.7424716832,-3012.82167993717
2020-01-03 10:43:00,NA,NA,-3027.1612488439,35695.1570270729,-25088.5040475379,-3027.1612488439,211320,3521,35673.2249782705,-25088.1568421161,-3027.1612488439
2020-01-03 10:44:00,NA,NA,-3048.62940250511,35774.2503870273,-25193.5639249603,-3048.62940250511,211380,3522,35726.6559347833,-25180.099046052,-3048.62940250511
2020-01-03 10:45:00,NA,NA,-3126.82477009906,35837.7772401038,-25309.0063684171,-3126.82477009906,211440,3523,35778.9270773374,-25286.9843635605,-3126.82477009906
2020-01-03 10:46:00,NA,NA,-3186.96030577308,35863.4711879564,-25429.7490420512,-3186.96030577308,211500,3524,35829.9519699962,-25404.2417429617,-3186.96030577308
2020-01-03 10:47:00,NA,NA,-3248.62758822466,35887.2119696255,-25545.4022597428,-3248.62758822466,211560,3525,35879.6430368782,-25527.3096195129,-3248.62758822466
2020-01-03 10:48:00,NA,NA,-3275.8909444014,35927.2878192068,-25673.7328698256,-3275.8909444014,211620,3526,35927.911482052,-25651.6317429723,-3275.8909444014
2020-01-03 10:49:00,NA,NA,-3302.17874007452,35987.1076096135,-25805.822121646,-3302.17874007452,211680,3527,35974.6672083157,-25772.6530100433,-3302.17874007452
2020-01-03 10:50:00,NA,NA,-3324.38224806684,36022.9115175636,-25923.9337955777,-3324.38224806684,211740,3528,36019.8187347866,-25885.8152978724,-3324.38224806684
2020-01-03 10:51:00,NA,NA,-3377.10763690057,36064.4787267448,-26006.035908048,-3377.10763690057,211800,3529,36063.2731132248,-25986.5532947841,-3377.10763690057
2020-01-03 10:52:00,NA,NA,-3403.16587756715,36106.3442825804,-26070.5541019578,-3403.16587756715,211860,3530,36104.9358430143,-26070.2903244388,-3403.16587756715
2020-01-03 10:53:00,NA,NA,-3419.86828251139,36147.0126571932,-26127.0026821408,-3419.86828251139,211920,3531,36144.7107847249,-26132.4341595941,-3419.86828251139
2020-01-03 10:54:00,36182.500072174,-26168.3728216407,NA,36182.500072174,-26168.3728216407,-3415.76663072863,211980,3532,36182.500072174,-26168.3728216407,-3411.5088597413
2020-01-03 10:55:00,36221.6209497107,-26179.9012915452,NA,36221.6209497107,-26179.9012915452,-3379.3522568209,212040,3533,36221.6209497107,-26179.9012915452,-3373.5714729685
2020-01-03 10:56:00,NA,NA,-3307.51888112155,36289.396830427,-26167.3589155946,-3307.51888112155,212100,3534,36275.32177475,-26188.7783794809,-3307.51888112155
2020-01-03 10:57:00,NA,NA,-3217.62661942968,36360.5273321793,-26160.7851197959,-3217.62661942968,212160,3535,36345.3267171164,-26200.2353801592,-3217.62661942968
2020-01-03 10:58:00,NA,NA,-3127.39777968938,36449.3892212349,-26163.6414075065,-3127.39777968938,212220,3536,36429.6364216292,-26213.7672067543,-3127.39777968938
2020-01-03 10:59:00,NA,NA,-3077.10522873869,36558.8759756425,-26161.9998465737,-3077.10522873869,212280,3537,36526.2646181376,-26228.870670316,-3077.10522873869
2020-01-03 11:00:00,NA,NA,-3095.24010186891,36668.2200143838,-26149.8686709883,-3095.24010186891,212340,3538,36633.2363042185,-26245.0440194416,-3095.24010186891
2020-01-03 11:01:00,NA,NA,-3138.64830050795,36772.4991504206,-26120.4077618232,-3138.64830050795,212400,3539,36748.5859385484,-26261.7864813168,-3138.64830050795
2020-01-03 11:02:00,NA,NA,-3184.4118164648,36879.2420240055,-26108.4847730532,-3184.4118164648,212460,3540,36870.3556429992,-26278.5978036603,-3184.4118164648
2020-01-03 11:03:00,NA,NA,-3219.75275786108,36994.692032202,-26126.0398645646,-3219.75275786108,212520,3541,36996.5934117649,-26294.9777971472,-3219.75275786108
2020-01-03 11:04:00,NA,NA,-3216.19064127605,37125.1985827489,-26156.0378483056,-3216.19064127605,212580,3542,37125.35132587,-26310.4258778902,-3216.19064127605
2020-01-03 11:05:00,NA,NA,-3226.97192958287,37261.9342472688,-26198.480779283,-3226.97192958287,212640,3543,37254.6837714198,-26324.4406095609,-3226.97192958287
2020-01-03 11:06:00,NA,NA,-3214.86914532467,37383.627082948,-26245.9993021097,-3214.86914532467,212700,3544,37382.6456599615,-26336.5192447304,-3214.86914532467
2020-01-03 11:07:00,NA,NA,-3200.41372011878,37490.8078739627,-26268.0351636335,-3200.41372011878,212760,3545,37507.2906493271,-26346.1572650116,-3200.41372011878
2020-01-03 11:08:00,NA,NA,-3204.11388122265,37620.5371511314,-26289.6834430462,-3204.11388122265,212820,3546,37626.6693633298,-26352.8479195805,-3204.11388122265
2020-01-03 11:09:00,NA,NA,-3230.86714298431,37731.2085434856,-26324.2743316779,-3230.86714298431,212880,3547,37738.827608686,-26356.0817616567,-3230.86714298431
2020-01-03 11:10:00,NA,NA,-3311.89322082449,37842.361084956,-26352.4920675555,-3311.89322082449,212940,3548,37841.8045875303,-26355.3461825163,-3311.89322082449
2020-01-03 11:11:00,37933.6311038908,-26350.1249426139,NA,37933.6311038908,-26350.1249426139,-3400.72009139814,213000,3549,37933.6311038908,-26350.1249426139,-3397.88040567864
2020-01-03 11:12:00,NA,NA,-3483.29016037197,38013.0856038301,-26335.1435950563,-3483.29016037197,213060,3550,38012.7187105385,-26341.2411670885,-3483.29016037197
2020-01-03 11:13:00,38079.0311699742,-26334.8887488798,NA,38079.0311699742,-26334.8887488798,-3582.3169068264,213120,3551,38079.0311699742,-26334.8887488798,-3576.44585590278
2020-01-03 11:14:00,NA,NA,-3669.21414950251,38132.433823953,-26332.0313549017,-3669.21414950251,213180,3552,38133.0474570753,-26337.1812742199,-3669.21414950251
2020-01-03 11:15:00,NA,NA,-3748.07115186812,38184.1133784274,-26329.7364755177,-3748.07115186812,213240,3553,38175.779133474,-26348.5356123576,-3748.07115186812
2020-01-03 11:16:00,NA,NA,-3811.74371148373,38230.4257978192,-26353.6322464877,-3811.74371148373,213300,3554,38208.3633888133,-26367.9508326083,-3811.74371148373
2020-01-03 11:17:00,NA,NA,-3900.54878787337,38267.2821620494,-26399.6091085676,-3900.54878787337,213360,3555,38231.9281307578,-26394.433377718,-3900.54878787337
2020-01-03 11:18:00,NA,NA,-3974.24193854738,38286.3274405978,-26434.2025890374,-3974.24193854738,213420,3556,38247.5930168635,-26426.9961548925,-3974.24193854738
2020-01-03 11:19:00,NA,NA,-4013.18098095379,38290.2332741298,-26481.7561252186,-4013.18098095379,213480,3557,38256.4704787618,-26464.65763287,-4013.18098095379
2020-01-03 11:20:00,NA,NA,-4047.89851576617,38295.468249185,-26554.5061825914,-4047.89851576617,213540,3558,38259.6667397081,-26506.4409441076,-4047.89851576617
2020-01-03 11:21:00,NA,NA,-4118.04502173006,38277.7706669523,-26617.7594902908,-4118.04502173006,213600,3559,38258.2828264424,-26551.3729912405,-4118.04502173006
2020-01-03 11:22:00,NA,NA,-4188.71926070836,38252.0727096843,-26669.9883653952,-4188.71926070836,213660,3560,38253.4155762934,-26598.4835569944,-4188.71926070836
2020-01-03 11:23:00,NA,NA,-4252.32916980722,38232.6359701273,-26724.3265888979,-4252.32916980722,213720,3561,38246.1586404481,-26646.8044167338,-4252.32916980722
2020-01-03 11:24:00,NA,NA,-4326.46405433028,38198.9796741338,-26769.6331342924,-4326.46405433028,213780,3562,38237.6034843069,-26695.3684528336,-4326.46405433028
2020-01-03 11:25:00,NA,NA,-4371.01569717181,38189.508316599,-26816.9370611379,-4371.01569717181,213840,3563,38228.8403858381,-26743.2087700647,-4371.01569717181
2020-01-03 11:26:00,NA,NA,-4377.25209397269,38196.6069237876,-26850.9888105904,-4377.25209397269,213900,3564,38220.9594328465,-26789.357811182,-4377.25209397269
2020-01-03 11:27:00,NA,NA,-4333.11392276562,38202.9014936548,-26863.5796173905,-4333.11392276562,213960,3565,38215.0515200681,-26832.8464719078,-4333.11392276562
2020-01-03 11:28:00,38212.2093470019,-26872.7032145004,NA,38212.2093470019,-26872.7032145004,-4266.16316394731,214020,3566,38212.2093470019,-26872.7032145004,-4272.20784453449
2020-01-03 11:29:00,NA,NA,-4194.72942729525,38224.4669109603,-26883.9988154725,-4194.72942729525,214080,3567,38212.4530710762,-26908.1351993601,-4194.72942729525
2020-01-03 11:30:00,NA,NA,-4102.07524272826,38228.8958439069,-26912.2043040131,-4102.07524272826,214140,3568,38211.5040894721,-26939.0736533707,-4102.07524272826
2020-01-03 11:31:00,NA,NA,-4041.3087399497,38223.30949596,-26951.5117118667,-4041.3087399497,214200,3569,38204.007361178,-26965.6277124761,-4041.3087399497
2020-01-03 11:32:00,38184.6018550257,-26987.9025021926,NA,38184.6018550257,-26987.9025021926,-4017.96285720315,214260,3570,38184.6018550257,-26987.9025021926,-4020.06656707058
2020-01-03 11:33:00,NA,NA,-4003.43990050287,38143.9733245053,-27013.3578307779,-4003.43990050287,214320,3571,38150.0763371115,-27006.3787196251,-4003.43990050287
2020-01-03 11:34:00,NA,NA,-3969.36034252682,38105.9820165741,-27028.3651588031,-3969.36034252682,214380,3572,38105.8489011557,-27023.0516001359,-3969.36034252682
2020-01-03 11:35:00,38059.4894552453,-27040.2942153577,NA,38059.4894552453,-27040.2942153577,-3966.3536163681,214440,3573,38059.4894552453,-27040.2942153577,-3966.49187541733
2020-01-03 11:36:00,NA,NA,-4019.32673622043,38007.9173575671,-27040.1703710193,-4019.32673622043,214500,3574,38017.3503639389,-27060.0594436339,-4019.32673622043
2020-01-03 11:37:00,NA,NA,-4117.10375631486,37960.6320280471,-27045.825550246,-4117.10375631486,214560,3575,37980.9252522777,-27082.6195349305,-4117.10375631486
2020-01-03 11:38:00,NA,NA,-4170.88318259619,37918.3144435299,-27069.1050700072,-4170.88318259619,214620,3576,37950.4973786977,-27107.8285818042,-4170.88318259619
2020-01-03 11:39:00,NA,NA,-4191.11426009801,37891.8364479254,-27112.7657057841,-4191.11426009801,214680,3577,37926.3554875054,-27135.5430998923,-4191.11426009801
2020-01-03 11:40:00,NA,NA,-4246.76116534582,37865.8971114884,-27168.2047230405,-4246.76116534582,214740,3578,37908.7940728792,-27165.6218966058,-4246.76116534582
2020-01-03 11:41:00,NA,NA,-4260.35396123705,37855.0600861146,-27215.6830766378,-4260.35396123705,214800,3579,37898.1136482032,-27197.9259419641,-4260.35396123705
2020-01-03 11:42:00,NA,NA,-4244.86683417988,37860.2462689539,-27236.3054879963,-4244.86683417988,214860,3580,37894.6210209241,-27232.3182414172,-4244.86683417988
2020-01-03 11:43:00,NA,NA,-4218.26950641067,37891.3626194136,-27255.4536063711,-4218.26950641067,214920,3581,37898.6295731724,-27268.663710533,-4218.26950641067
2020-01-03 11:44:00,NA,NA,-4151.81545973902,37934.0073397767,-27289.1720195041,-4151.81545973902,214980,3582,37910.4595484024,-27306.8290514339,-4151.81545973902
2020-01-03 11:45:00,NA,NA,-4064.35996393462,37963.6377058926,-27340.652008628,-4064.35996393462,215040,3583,37930.4383443099,-27346.6826308684,-4064.35996393462
2020-01-03 11:46:00,NA,NA,-3993.09130521142,37983.8175331938,-27384.6137960411,-3993.09130521142,215100,3584,37958.9008122957,-27388.0943598059,-3993.09130521142
2020-01-03 11:47:00,37996.1895637481,-27430.935574444,NA,37996.1895637481,-27430.935574444,-3895.94272416605,215160,3585,37996.1895637481,-27430.935574444,-3906.63726680016
2020-01-03 11:48:00,NA,NA,-3836.06459107138,38048.4445568679,-27459.9238793244,-3836.06459107138,215220,3586,38042.3358655039,-27475.0942037279,-3836.06459107138
2020-01-03 11:49:00,NA,NA,-3809.68309995463,38104.3859276522,-27488.8975368959,-3809.68309995463,215280,3587,38096.1013577692,-27520.5205257643,-3809.68309995463
2020-01-03 11:50:00,NA,NA,-3769.19028139985,38161.8318213146,-27532.1547337753,-3769.19028139985,215340,3588,38155.9352345323,-27567.1812641725,-3769.19028139985
2020-01-03 11:51:00,NA,NA,-3699.63583525495,38210.9566593863,-27567.1269145751,-3699.63583525495,215400,3589,38220.2922403947,-27615.044271727,-3699.63583525495
2020-01-03 11:52:00,NA,NA,-3656.41380197008,38256.3217301619,-27583.5987193279,-3656.41380197008,215460,3590,38287.6312571161,-27664.0785009258,-3656.41380197008
2020-01-03 11:53:00,NA,NA,-3664.61954229191,38326.0410497929,-27589.2365379011,-3664.61954229191,215520,3591,38356.413893978,-27714.2539755862,-3664.61954229191
2020-01-03 11:54:00,NA,NA,-3654.79054628874,38415.3534458338,-27622.7730926984,-3654.79054628874,215580,3592,38425.103080639,-27765.5417634224,-3654.79054628874
2020-01-03 11:55:00,NA,NA,-3667.73822631773,38498.0036315088,-27658.0467816753,-3667.73822631773,215640,3593,38492.1616611952,-27817.9139495791,-3667.73822631773
2020-01-03 11:56:00,NA,NA,-3685.81868235106,38562.8755184011,-27689.828975828,-3685.81868235106,215700,3594,38556.0509881607,-27871.3436110973,-3685.81868235106
2020-01-03 11:57:00,NA,NA,-3698.37591624368,38624.0056200545,-27749.8726127502,-3698.37591624368,215760,3595,38615.2295150829,-27925.804792287,-3698.37591624368
2020-01-03 11:58:00,NA,NA,-3727.7983937393,38669.6276881917,-27827.1696830664,-3727.7983937393,215820,3596,38668.1513865052,-27981.2724809847,-3727.7983937393
2020-01-03 11:59:00,NA,NA,-3765.5782471396,38724.5283005103,-27900.9269739303,-3765.5782471396,215880,3597,38713.2650239878,-28037.7225856747,-3765.5782471396
2020-01-03 12:00:00,NA,NA,-3780.37766643903,38762.0162874339,-27968.8860831797,-3780.37766643903,215940,3598,38749.011706893,-28095.1319134524,-3780.37766643903
2020-01-03 12:01:00,NA,NA,-3791.31518020921,38775.0801664999,-28059.7425894281,-3791.31518020921,216000,3599,38773.8241466379,-28153.4781488096,-3791.31518020921
2020-01-03 12:02:00,NA,NA,-3816.05456321337,38792.9174076814,-28152.8486998694,-3816.05456321337,216060,3600,38786.125053109,-28212.7398332221,-3816.05456321337
2020-01-03 12:03:00,NA,NA,-3813.75531842281,38791.0067209812,-28247.9124971138,-3813.75531842281,216120,3601,38784.3256919287,-28272.896345522,-3813.75531842281
2020-01-03 12:04:00,38766.8244312534,-28333.9278830352,NA,38766.8244312534,-28333.9278830352,-3764.15959255698,216180,3602,38766.8244312534,-28333.9278830352,-3777.05168846148
2020-01-03 12:05:00,NA,NA,-3733.90040641303,38743.8056884951,-28395.1077360598,-3733.90040641303,216240,3603,38733.5944996994,-28396.4656145468,-3733.90040641303
2020-01-03 12:06:00,NA,NA,-3716.18354272649,38704.7972219718,-28463.3952198385,-3716.18354272649,216300,3604,38690.9519203557,-28463.7428915121,-3716.18354272649
2020-01-03 12:07:00,NA,NA,-3723.84087383486,38665.6653138669,-28538.0804957493,-3723.84087383486,216360,3605,38646.793327313,-28539.6475740303,-3723.84087383486
2020-01-03 12:08:00,38609.0139691862,-28628.0754144234,NA,38609.0139691862,-28628.0754144234,-3690.47535438699,216420,3606,38609.0139691862,-28628.0754144234,-3683.03213128297
2020-01-03 12:09:00,NA,NA,-3599.74264191881,38576.0127621167,-28708.1496549119,-3599.74264191881,216480,3607,38583.6948800851,-28731.446832432,-3599.74264191881
2020-01-03 12:10:00,NA,NA,-3503.5599092049,38579.6875872783,-28800.1832124082,-3503.5599092049,216540,3608,38569.6479579019,-28846.248494659,-3503.5599092049
2020-01-03 12:11:00,NA,NA,-3421.76607097952,38574.65685314,-28919.6420203824,-3421.76607097952,216600,3609,38563.8753634012,-28967.4907385752,-3421.76607097952
2020-01-03 12:12:00,NA,NA,-3378.01216247839,38576.7676441708,-29050.8486152362,-3378.01216247839,216660,3610,38563.386825581,-29090.1897922916,-3378.01216247839
2020-01-03 12:13:00,NA,NA,-3361.37523419234,38576.6948339795,-29191.6299140227,-3361.37523419234,216720,3611,38565.1969064612,-29209.3632159461,-3361.37523419234
2020-01-03 12:14:00,38566.3222703499,-29320.0253443616,NA,38566.3222703499,-29320.0253443616,-3332.30167645279,216780,3612,38566.3222703499,-29320.0253443616,-3352.95642376669
2020-01-03 12:15:00,NA,NA,-3335.67608700616,38567.4365343232,-29414.0558750279,-3335.67608700616,216840,3613,38564.6627441979,-29418.1745099256,-3335.67608700616
2020-01-03 12:16:00,NA,NA,-3304.68898634182,38561.6027010744,-29493.7608847177,-3304.68898634182,216900,3614,38561.650926189,-29503.7649122689,-3304.68898634182
2020-01-03 12:17:00,NA,NA,-3300.62154005591,38562.7215446086,-29562.2258740304,-3300.62154005591,216960,3615,38559.6019666146,-29577.7310440308,-3300.62154005591
2020-01-03 12:18:00,NA,NA,-3339.39064746354,38589.7237094979,-29633.0999998516,-3339.39064746354,217020,3616,38560.8318968869,-29640.996765099,-3339.39064746354
2020-01-03 12:19:00,NA,NA,-3369.46459983002,38600.6285465447,-29692.8649179946,-3369.46459983002,217080,3617,38567.6597478992,-29694.4761477608,-3369.46459983002
2020-01-03 12:20:00,NA,NA,-3420.52456752753,38620.0685797239,-29734.9263282052,-3420.52456752753,217140,3618,38582.4096711707,-29739.0743128192,-3420.52456752753
2020-01-03 12:21:00,NA,NA,-3464.71870333155,38626.2074459194,-29780.210824853,-3464.71870333155,217200,3619,38607.4130646969,-29775.6882575088,-3464.71870333155
2020-01-03 12:22:00,38645.0107054372,-29805.2076759779,NA,38645.0107054372,-29805.2076759779,-3515.70977114609,217260,3620,38645.0107054372,-29805.2076759779,-3508.50205419958
2020-01-03 12:23:00,NA,NA,-3536.86135026094,38703.7176618084,-29815.3450272902,-3536.86135026094,217320,3621,38696.3672526142,-29829.078388211,-3536.86135026094
2020-01-03 12:24:00,NA,NA,-3539.75865735752,38761.2964374896,-29832.3394292841,-3539.75865735752,217380,3622,38757.909183793,-29850.9916109707,-3539.75865735752
2020-01-03 12:25:00,NA,NA,-3554.34983744756,38826.1128549546,-29853.0236265894,-3554.34983744756,217440,3623,38824.8846581803,-29875.199385766,-3554.34983744756
2020-01-03 12:26:00,38892.5468044095,-29905.9558536721,NA,38892.5468044095,-29905.9558536721,-3577.3583422514,217500,3624,38892.5468044095,-29905.9558536721,-3577.06127831845
2020-01-03 12:27:00,NA,NA,-3590.9385089915,38949.1116463586,-29960.6942956634,-3590.9385089915,217560,3625,38957.107520996,-29946.493534674,-3590.9385089915
2020-01-03 12:28:00,NA,NA,-3581.10130036158,38998.193505582,-30017.5838633566,-3581.10130036158,217620,3626,39018.6086141941,-29995.9432622826,-3581.10130036158
2020-01-03 12:29:00,NA,NA,-3556.6676585958,39057.2522657931,-30075.3176083599,-3556.6676585958,217680,3627,39078.0472337246,-30052.4164128766,-3556.6676585958
2020-01-03 12:30:00,NA,NA,-3560.33078778544,39124.7684422536,-30115.5826729079,-3560.33078778544,217740,3628,39136.418642927,-30114.030787074,-3560.33078778544
2020-01-03 12:31:00,NA,NA,-3552.87059822632,39192.1836090836,-30188.3122130934,-3552.87059822632,217800,3629,39194.717129091,-30178.9088880156,-3552.87059822632
2020-01-03 12:32:00,NA,NA,-3543.39759066809,39246.8390110973,-30253.9241420536,-3543.39759066809,217860,3630,39253.9369129049,-30245.1762040285,-3543.39759066809
2020-01-03 12:33:00,39315.0730578487,-30310.9594940288,NA,39315.0730578487,-30310.9594940288,-3546.36373799077,217920,3631,39315.0730578487,-30310.9594940288,-3539.22757459678
2020-01-03 12:34:00,NA,NA,-3530.40568112513,39391.7098374818,-30362.1604711145,-3530.40568112513,217980,3632,39377.4807767198,-30375.3568309803,-3530.40568112513
2020-01-03 12:35:00,NA,NA,-3513.85624253943,39440.9375404517,-30423.7606039917,-3513.85624253943,218040,3633,39433.9497286455,-30441.3522267334,-3513.85624253943
2020-01-03 12:36:00,39475.6225346782,-30512.902913281,NA,39475.6225346782,-30512.902913281,-3503.76839695901,218100,3634,39475.6225346782,-30512.902913281,-3513.95993362602
2020-01-03 12:37:00,NA,NA,-3512.13274072851,39502.8130656047,-30600.2412018467,-3512.13274072851,218160,3635,39495.6618967961,-30591.9019977981,-3512.13274072851
2020-01-03 12:38:00,NA,NA,-3501.77068116739,39491.3362904,-30679.2351633248,-3501.77068116739,218220,3636,39495.3455646224,-30671.9721931855,-3501.77068116739
2020-01-03 12:39:00,39477.9662797636,-30744.6679848116,NA,39477.9662797636,-30744.6679848116,-3553.45139117332,218280,3637,39477.9662797636,-30744.6679848116,-3546.11979856319
2020-01-03 12:40:00,NA,NA,-3607.16303598568,39447.7165734132,-30793.5866958116,-3607.16303598568,218340,3638,39446.9917637427,-30804.9734467949,-3607.16303598568
2020-01-03 12:41:00,39406.6396855022,-30861.6072926643,NA,39406.6396855022,-30861.6072926643,-3635.21625428245,218400,3639,39406.6396855022,-30861.6072926643,-3635.20895070691
2020-01-03 12:42:00,NA,NA,-3657.99548006755,39361.0211640031,-30933.4238236859,-3657.99548006755,218460,3640,39361.5434120073,-30924.3524297529,-3657.99548006755
2020-01-03 12:43:00,NA,NA,-3704.61177377258,39320.9215507204,-31003.2126372029,-3704.61177377258,218520,3641,39317.2667768002,-30993.5217845466,-3704.61177377258
2020-01-03 12:44:00,39279.6080546511,-31067.0653771365,NA,39279.6080546511,-31067.0653771365,-3744.27450146156,218580,3642,39279.6080546511,-31067.0653771365,-3744.20062728455
2020-01-03 12:45:00,NA,NA,-3772.9962453856,39248.3421167014,-31121.9431298488,-3772.9962453856,218640,3643,39252.4246630827,-31143.1174372346,-3772.9962453856
2020-01-03 12:46:00,NA,NA,-3788.22031448027,39231.473948889,-31188.7342280222,-3788.22031448027,218700,3644,39231.7955980423,-31220.5353570188,-3788.22031448027
2020-01-03 12:47:00,NA,NA,-3772.93946506775,39217.2012881361,-31276.1955984353,-3772.93946506775,218760,3645,39211.8589396845,-31298.3579875456,-3772.93946506775
2020-01-03 12:48:00,39186.7534005348,-31375.6245499938,NA,39186.7534005348,-31375.6245499938,-3781.21117101825,218820,3646,39186.7534005348,-31375.6245499938,-3779.12747578768
2020-01-03 12:49:00,NA,NA,-3793.51908535444,39150.7353896919,-31452.2588628474,-3793.51908535444,218880,3647,39151.0387235073,-31451.419435274,-3793.51908535444
2020-01-03 12:50:00,39100.9680586922,-31525.0084102915,NA,39100.9680586922,-31525.0084102915,-3802.19848137534,218940,3648,39100.9680586922,-31525.0084102915,-3789.85633892802
2020-01-03 12:51:00,NA,NA,-3779.07729449067,39024.7743783594,-31608.2776114085,-3779.07729449067,219000,3649,39034.1029855849,-31595.7178134824,-3779.07729449067
2020-01-03 12:52:00,NA,NA,-3774.06729571858,38910.7475935424,-31691.2477200697,-3774.06729571858,219060,3650,38951.5731093691,-31662.9389956839,-3774.06729571858
2020-01-03 12:53:00,NA,NA,-3768.08096336341,38786.6627302926,-31752.5167056862,-3768.08096336341,219120,3651,38855.3895084655,-31726.0770274525,-3768.08096336341
2020-01-03 12:54:00,NA,NA,-3767.50930789213,38658.826577043,-31808.8914477194,-3767.50930789213,219180,3652,38747.5507719538,-31784.5332443134,-3767.50930789213
2020-01-03 12:55:00,NA,NA,-3733.30217701009,38542.6560551863,-31853.0293948488,-3733.30217701009,219240,3653,38630.0448280051,-31837.7046992369,-3733.30217701009
2020-01-03 12:56:00,NA,NA,-3664.43898046636,38431.8060839492,-31904.7068608434,-3664.43898046636,219300,3654,38504.8507623018,-31884.9836111574,-3664.43898046636
2020-01-03 12:57:00,NA,NA,-3631.92603586491,38323.6760020532,-31959.3205713109,-3631.92603586491,219360,3655,38373.9406283204,-31925.7568090591,-3631.92603586491
2020-01-03 12:58:00,NA,NA,-3553.43142031685,38213.8518883478,-32020.2778323657,-3553.43142031685,219420,3656,38239.2812511657,-31959.405171125,-3553.43142031685
2020-01-03 12:59:00,NA,NA,-3499.27106438868,38095.716391835,-32027.1713001452,-3499.27106438868,219480,3657,38102.8360266158,-31985.3030584391,-3499.27106438868
2020-01-03 13:00:00,37966.5667170269,-32002.8177427259,NA,37966.5667170269,-32002.8177427259,-3473.83079933493,219540,3658,37966.5667170269,-32002.8177427259,-3463.59970918677
2020-01-03 13:01:00,NA,NA,-3420.87817880955,37811.3751283889,-31981.4110548658,-3420.87817880955,219600,3659,37832.7205497573,-32012.1936582605,-3420.87817880955
2020-01-03 13:02:00,NA,NA,-3363.2384460323,37664.7375023718,-31961.8842887766,-3363.2384460323,219660,3660,37704.6882374706,-32017.2072791275,-3363.2384460323
2020-01-03 13:03:00,NA,NA,-3323.61172604623,37546.4968205655,-31946.0641001679,-3323.61172604623,219720,3661,37586.1511157042,-32022.5159192249,-3323.61172604623
2020-01-03 13:04:00,NA,NA,-3277.19787577697,37447.1349597149,-31961.1570139687,-3277.19787577697,219780,3662,37480.7992059161,-32032.7771630613,-3277.19787577697
2020-01-03 13:05:00,NA,NA,-3175.32010885703,37373.3999492958,-32004.2246731128,-3175.32010885703,219840,3663,37392.334590501,-32052.6531258244,-3175.32010885703
2020-01-03 13:06:00,37324.474798954,-32086.8147176784,NA,37324.474798954,-32086.8147176784,-3090.75364753699,219900,3664,37324.474798954,-32086.8147176784,-3080.75819928972
2020-01-03 13:07:00,NA,NA,-3033.81216786467,37290.2179254915,-32154.4473466202,-3033.81216786467,219960,3665,37279.0705247691,-32138.4553107089,-3033.81216786467
2020-01-03 13:08:00,NA,NA,-3052.44647866606,37260.2849850678,-32223.4632517704,-3052.44647866606,220020,3666,37250.4499244319,-32204.8215727712,-3052.44647866606
2020-01-03 13:09:00,NA,NA,-3096.28542550101,37232.5267565631,-32297.9892676645,-3096.28542550101,220080,3667,37231.07082657,-32281.6830400665,-3096.28542550101
2020-01-03 13:10:00,37213.3995119566,-32364.8188483323,NA,37213.3995119566,-32364.8188483323,-3079.97727525684,220140,3668,37213.3995119566,-32364.8188483323,-3071.75320095512
2020-01-03 13:11:00,NA,NA,-2994.9774049277,37185.9635488782,-32422.3496077624,-2994.9774049277,220200,3669,37191.1469471613,-32450.6991332682,-2994.9774049277
2020-01-03 13:12:00,NA,NA,-2910.56863062895,37145.0714601262,-32500.8763615237,-2910.56863062895,220260,3670,37162.9926329822,-32538.5377122942,-2910.56863062895
2020-01-03 13:13:00,NA,NA,-2845.1831324052,37115.2959638924,-32573.1217073428,-2845.1831324052,220320,3671,37128.853794487,-32628.2354566404,-2845.1831324052
2020-01-03 13:14:00,NA,NA,-2786.25675267163,37075.1872014947,-32661.8013090081,-2786.25675267163,220380,3672,37088.6421825036,-32719.6949382239,-2786.25675267163
2020-01-03 13:15:00,NA,NA,-2743.71727858867,37035.6550668328,-32742.4197390661,-2743.71727858867,220440,3673,37042.2639930226,-32812.8203404593,-2743.71727858867
2020-01-03 13:16:00,NA,NA,-2754.94747183679,36967.0923386955,-32834.2335127266,-2754.94747183679,220500,3674,36989.6197814329,-32907.5173705951,-2754.94747183679
2020-01-03 13:17:00,NA,NA,-2781.30743905717,36886.7802681642,-32950.4719452673,-2781.30743905717,220560,3675,36930.6043715807,-33003.6931734554,-2781.30743905717
2020-01-03 13:18:00,NA,NA,-2799.51993785696,36824.3709715329,-33078.8220585503,-2799.51993785696,220620,3676,36865.106759578,-33101.2562464995,-2799.51993785696
2020-01-03 13:19:00,NA,NA,-2862.57259355631,36759.8155365543,-33188.4101356039,-2862.57259355631,220680,3677,36793.0100122761,-33200.1163561224,-2862.57259355631
2020-01-03 13:20:00,NA,NA,-2937.70638786567,36691.5287896505,-33292.2752857601,-2937.70638786567,220740,3678,36714.1911603135,-33300.1844551154,-2937.70638786567
2020-01-03 13:21:00,NA,NA,-3021.60848199002,36624.2524678283,-33400.490089044,-3021.60848199002,220800,3679,36628.5210856412,-33401.3726012143,-3021.60848199002
2020-01-03 13:22:00,36535.8644034223,-33503.5938766575,NA,36535.8644034223,-33503.5938766575,-3073.1814549631,220860,3680,36535.8644034223,-33503.5938766575,-3076.42941967834
2020-01-03 13:23:00,NA,NA,-3091.93379121387,36439.0087792985,-33595.1433665809,-3091.93379121387,220920,3681,36436.9726892482,-33606.523533403,-3091.93379121387
2020-01-03 13:24:00,NA,NA,-3069.59699293329,36333.011346353,-33702.9464322836,-3069.59699293329,220980,3682,36336.165382839,-33708.8823268841,-3069.59699293329
2020-01-03 13:25:00,36238.6535219248,-33809.151715654,NA,36238.6535219248,-33809.151715654,-3013.07356996602,221040,3683,36238.6535219248,-33809.151715654,-3023.08150282364
2020-01-03 13:26:00,NA,NA,-2983.46806478866,36169.64007061,-33907.686101411,-2983.46806478866,221100,3684,36148.5166901233,-33906.3478285415,-2983.46806478866
2020-01-03 13:27:00,NA,NA,-2970.41871475343,36087.798319751,-33991.0422257568,-2970.41871475343,221160,3685,36065.3031326741,-34001.6304085843,-2970.41871475343
2020-01-03 13:28:00,NA,NA,-2943.86143420435,36016.7049422536,-34076.7639677064,-2943.86143420435,221220,3686,35987.4329592503,-34096.6940307351,-2943.86143420435
2020-01-03 13:29:00,NA,NA,-2877.38780540025,35941.1864042226,-34174.3460971695,-2877.38780540025,221280,3687,35913.331166936,-34193.2330700332,-2877.38780540025
2020-01-03 13:30:00,NA,NA,-2808.30323689979,35854.40496397,-34288.7318744081,-2808.30323689979,221340,3688,35841.4261995737,-34292.9432513333,-2808.30323689979
2020-01-03 13:31:00,35770.1485102893,-34397.5232003216,NA,35770.1485102893,-34397.5232003216,-2716.51500322714,221400,3689,35770.1485102893,-34397.5232003216,-2723.75629626306
2020-01-03 13:32:00,NA,NA,-2622.72915400784,35718.7695177306,-34491.9481636951,-2622.72915400784,221460,3690,35698.4521673284,-34508.1762326011,-2622.72915400784
2020-01-03 13:33:00,NA,NA,-2521.71462327524,35638.7454233611,-34592.960351316,-2521.71462327524,221520,3691,35627.3831175893,-34624.112070318,-2521.71462327524
2020-01-03 13:34:00,NA,NA,-2456.06987592171,35561.5689046421,-34696.6217192558,-2456.06987592171,221580,3692,35558.5109229803,-34744.0455055482,-2456.06987592171
2020-01-03 13:35:00,NA,NA,-2402.83206601081,35477.7188160749,-34816.3620287527,-2402.83206601081,221640,3693,35493.4071551244,-34866.6949869291,-2402.83206601081
2020-01-03 13:36:00,NA,NA,-2377.82155524421,35431.3976048,-34967.0570526573,-2377.82155524421,221700,3694,35433.6468328033,-34990.7814473734,-2377.82155524421
2020-01-03 13:37:00,35380.8098625794,-35115.0271341133,NA,35380.8098625794,-35115.0271341133,-2343.89371489514,221760,3695,35380.8098625794,-35115.0271341133,-2344.51013780368
2020-01-03 13:38:00,NA,NA,-2306.14040922045,35342.4089159515,-35247.1668265719,-2306.14040922045,221820,3696,35336.1117609128,-35238.3787883934,-2306.14040922045
2020-01-03 13:39:00,NA,NA,-2265.94979656534,35306.2953560631,-35367.921508658,-2265.94979656534,221880,3697,35299.2925301265,-35360.6797690918,-2265.94979656534
2020-01-03 13:40:00,NA,NA,-2195.10173465469,35284.8780070793,-35485.293577846,-2195.10173465469,221940,3698,35269.7286581792,-35481.9968232644,-2195.10173465469
2020-01-03 13:41:00,NA,NA,-2155.89647901572,35268.0789171785,-35594.808030182,-2155.89647901572,222000,3699,35246.8032695295,-35602.3957980462,-2155.89647901572
2020-01-03 13:42:00,NA,NA,-2168.73872543583,35265.5315855221,-35725.7887142024,-2168.73872543583,222060,3700,35229.9055608157,-35721.9417008433,-2168.73872543583
2020-01-03 13:43:00,NA,NA,-2169.00114135535,35262.7322291179,-35853.8606023048,-2169.00114135535,222120,3701,35218.4302421446,-35840.6987587847,-2169.00114135535
2020-01-03 13:44:00,NA,NA,-2192.76653772961,35247.717546852,-35971.9913296316,-2192.76653772961,222180,3702,35211.7769834313,-35958.7304774641,-2192.76653772961
2020-01-03 13:45:00,NA,NA,-2187.36759651532,35267.1535304135,-36092.8051183216,-2187.36759651532,222240,3703,35209.3498652795,-36076.0996990253,-2187.36759651532
2020-01-03 13:46:00,NA,NA,-2199.07874980334,35297.2946331838,-36234.4616279715,-2199.07874980334,222300,3704,35210.5568338961,-36192.8686596409,-2199.07874980334
2020-01-03 13:47:00,NA,NA,-2177.12793417153,35311.1457287079,-36371.6082633411,-2177.12793417153,222360,3705,35214.809159544,-36309.0990464378,-2177.12793417153
2020-01-03 13:48:00,NA,NA,-2139.84564123815,35317.4254235557,-36494.62472968,-2139.84564123815,222420,3706,35221.5208980343,-36424.8520539205,-2139.84564123815
2020-01-03 13:49:00,NA,NA,-2165.4446850826,35308.1892733239,-36609.0215743344,-2165.4446850826,222480,3707,35230.108354768,-36540.1884399447,-2165.4446850826
2020-01-03 13:50:00,NA,NA,-2220.61770386261,35303.7862950949,-36716.7303163025,-2220.61770386261,222540,3708,35239.9895508347,-36655.1685812912,-2220.61770386261
2020-01-03 13:51:00,NA,NA,-2292.31291708186,35295.8279451872,-36814.3293548084,-2292.31291708186,222600,3709,35250.5836906807,-36769.8525288915,-2292.31291708186
2020-01-03 13:52:00,NA,NA,-2328.19867538351,35292.7747564723,-36913.1674242223,-2328.19867538351,222660,3710,35261.3106308602,-36884.3000627557,-2328.19867538351
2020-01-03 13:53:00,NA,NA,-2386.04582489578,35281.2118864523,-37021.4377506876,-2386.04582489578,222720,3711,35271.5903493826,-36998.5707466519,-2386.04582489578
2020-01-03 13:54:00,NA,NA,-2418.80025656309,35281.8515647533,-37129.2937091452,-2418.80025656309,222780,3712,35280.8424151705,-37112.7239825891,-2418.80025656309
2020-01-03 13:55:00,35288.4854571445,-37226.8190651511,NA,35288.4854571445,-37226.8190651511,-2400.08638173736,222840,3713,35288.4854571445,-37226.8190651511,-2396.71821936781
2020-01-03 13:56:00,NA,NA,-2346.80773361012,35287.4942931643,-37338.6892411906,-2346.80773361012,222900,3714,35293.1337806215,-37339.9689418908,-2346.80773361012
2020-01-03 13:57:00,35290.1873955096,-37447.500346264,NA,35290.1873955096,-37447.500346264,-2302.81800731469,222960,3715,35290.1873955096,-37447.500346264,-2299.11382886959
2020-01-03 13:58:00,NA,NA,-2254.311517225,35293.0835418924,-37532.4498724874,-2254.311517225,223020,3716,35275.7204107632,-37545.1563389148,-2254.311517225
2020-01-03 13:59:00,NA,NA,-2213.21129136518,35269.5274717572,-37611.3846210157,-2213.21129136518,223080,3717,35251.7322693831,-37634.1422428065,-2213.21129136518
2020-01-03 14:00:00,NA,NA,-2180.41782147944,35220.7728562093,-37695.3943440037,-2180.41782147944,223140,3718,35221.6976034709,-37717.0232105715,-2180.41782147944
2020-01-03 14:01:00,35189.0855147044,-37796.3588109676,NA,35189.0855147044,-37796.3588109676,-2098.42903791637,223200,3719,35189.0855147044,-37796.3588109676,-2093.59356051432
2020-01-03 14:02:00,NA,NA,-1976.67494744237,35186.8574861957,-37892.925898831,-1976.67494744237,223260,3720,35156.8100677796,-37874.301131831,-1976.67494744237
2020-01-03 14:03:00,NA,NA,-1864.75058250472,35173.6457133205,-37995.3037096842,-1864.75058250472,223320,3721,35125.5748149618,-37951.3839596909,-1864.75058250472
2020-01-03 14:04:00,NA,NA,-1751.78051414152,35173.8136745076,-38099.5595389635,-1751.78051414152,223380,3722,35095.5315802416,-38027.7360570764,-1751.78051414152
2020-01-03 14:05:00,NA,NA,-1681.48095041837,35197.3652294078,-38179.3445275035,-1681.48095041837,223440,3723,35066.8332779781,-38103.4855181878,-1681.48095041837
2020-01-03 14:06:00,NA,NA,-1631.42699936688,35199.2427235622,-38229.5254788377,-1631.42699936688,223500,3724,35039.6340527577,-38178.7598860333,-1631.42699936688
2020-01-03 14:07:00,NA,NA,-1573.64591682018,35201.1018377824,-38293.1635778547,-1573.64591682018,223560,3725,35014.0894203839,-38253.686269081,-1573.64591682018
2020-01-03 14:08:00,NA,NA,-1509.72857640017,35181.4356411226,-38363.7683526338,-1509.72857640017,223620,3726,34990.3564101225,-38328.3914575186,-1509.72857640017
2020-01-03 14:09:00,NA,NA,-1398.31725073447,35152.9558680085,-38454.9093797,-1398.31725073447,223680,3727,34968.5937083335,-38403.0020392247,-1398.31725073447
2020-01-03 14:10:00,NA,NA,-1291.25370949648,35118.5548643662,-38544.3549334752,-1291.25370949648,223740,3728,34948.9618036181,-38477.6445155547,-1291.25370949648
2020-01-03 14:11:00,NA,NA,-1238.21881654027,35105.6281978313,-38631.7046408686,-1238.21881654027,223800,3729,34931.6231336151,-38552.4454170496,-1238.21881654027
2020-01-03 14:12:00,NA,NA,-1233.04066354219,35109.3888267844,-38706.1753932327,-1233.04066354219,223860,3730,34916.7422335808,-38627.531419171,-1233.04066354219
2020-01-03 14:13:00,NA,NA,-1279.05088196513,35123.0841187342,-38764.5852645808,-1279.05088196513,223920,3731,34904.4858868867,-38703.0294581693,-1279.05088196513
2020-01-03 14:14:00,NA,NA,-1299.21527017916,35121.856288735,-38824.2436905599,-1299.21527017916,223980,3732,34895.0232775749,-38779.0668471902,-1299.21527017916
2020-01-03 14:15:00,NA,NA,-1310.51996339494,35098.7247710848,-38880.6384580785,-1310.51996339494,224040,3733,34888.5261451084,-38855.7713927273,-1310.51996339494
2020-01-03 14:16:00,NA,NA,-1276.80496247839,35050.8127727523,-38941.6450495777,-1276.80496247839,224100,3734,34885.1689414596,-38933.2715115244,-1276.80496247839
2020-01-03 14:17:00,NA,NA,-1275.91940510358,34991.8823388106,-39011.9862875636,-1275.91940510358,224160,3735,34885.1289906797,-39011.6963480371,-1275.91940510358
2020-01-03 14:18:00,NA,NA,-1281.27380952023,34929.5194623927,-39084.0219606407,-1281.27380952023,224220,3736,34888.5866510955,-39091.1758925603,-1281.27380952023
2020-01-03 14:19:00,34895.725480281,-39171.8411001284,NA,34895.725480281,-39171.8411001284,-1255.37845263433,224280,3737,34895.725480281,-39171.8411001284,-1243.35423713243
2020-01-03 14:20:00,NA,NA,-1182.6541527782,34886.5193146469,-39248.5932953204,-1182.6541527782,224340,3738,34906.7974262735,-39253.3758351632,-1182.6541527782
2020-01-03 14:21:00,NA,NA,-1116.61291917111,34877.3668624438,-39329.8443659703,-1116.61291917111,224400,3739,34922.3181408481,-39333.6719748537,-1116.61291917111
2020-01-03 14:22:00,NA,NA,-1018.0662268279,34900.5277992841,-39416.9257019817,-1018.0662268279,224460,3740,34942.8723698177,-39410.1720883994,-1018.0662268279
2020-01-03 14:23:00,NA,NA,-936.45693081156,34929.6766167525,-39489.6114083508,-936.45693081156,224520,3741,34969.0494633027,-39480.3152723604,-936.45693081156
2020-01-03 14:24:00,NA,NA,-817.368333737035,34980.4728103448,-39545.4378550801,-817.368333737035,224580,3742,35001.4439147274,-39541.5348083445,-817.368333737035
2020-01-03 14:25:00,35040.6559045722,-39591.2558153124,NA,35040.6559045722,-39591.2558153124,-702.147989310556,224640,3743,35040.6559045722,-39591.2558153124,-711.886107562516
2020-01-03 14:26:00,NA,NA,-624.252226753755,35098.5219492061,-39620.2845333593,-624.252226753755,224700,3744,35086.4300145263,-39627.4605286193,-624.252226753755
2020-01-03 14:27:00,35135.0693319104,-39650.389459061,NA,35135.0693319104,-39650.389459061,-543.474547883234,224760,3745,35135.0693319104,-39650.389459061,-539.828598501601
2020-01-03 14:28:00,NA,NA,-455.940682457271,35176.1123479055,-39679.4200215738,-455.940682457271,224820,3746,35182.8865347136,-39661.1990795687,-455.940682457271
2020-01-03 14:29:00,NA,NA,-380.564431238219,35211.6892851884,-39668.1396206242,-380.564431238219,224880,3747,35229.6689240168,-39662.4767410142,-380.564431238219
2020-01-03 14:30:00,NA,NA,-345.408072917856,35268.1517637649,-39656.7757443365,-345.408072917856,224940,3748,35276.0716585844,-39657.1615478824,-345.408072917856
2020-01-03 14:31:00,35322.749550062,-39648.1865744229,NA,35322.749550062,-39648.1865744229,-357.391388678207,225000,3749,35322.749550062,-39648.1865744229,-361.764001211484
2020-01-03 14:32:00,NA,NA,-436.288728020145,35367.541125838,-39629.8934471026,-436.288728020145,225060,3750,35370.057461188,-39637.6747415995,-436.288728020145
2020-01-03 14:33:00,NA,NA,-554.23734638969,35406.464567546,-39608.1499881851,-554.23734638969,225120,3751,35417.1499733153,-39624.5201921424,-554.23734638969
2020-01-03 14:34:00,NA,NA,-635.839369848507,35454.5899033434,-39592.1441491424,-635.839369848507,225180,3752,35462.8812702674,-39606.8078443665,-635.839369848507
2020-01-03 14:35:00,35506.1042905809,-39582.6184471166,NA,35506.1042905809,-39582.6184471166,-678.448078023747,225240,3753,35506.1042905809,-39582.6184471166,-691.238531387354
2020-01-03 14:36:00,NA,NA,-717.851609195027,35557.6226858322,-39559.8274224746,-717.851609195027,225300,3754,35545.979579483,-39550.5506995418,-717.851609195027
2020-01-03 14:37:00,NA,NA,-696.099313601995,35596.2309122198,-39529.1350147052,-696.099313601995,225360,3755,35582.9042811476,-39511.2916896433,-696.099313601995
2020-01-03 14:38:00,NA,NA,-611.021719762186,35641.4162529801,-39489.6861135117,-611.021719762186,225420,3756,35617.5827415809,-39466.0458004995,-611.021719762186
2020-01-03 14:39:00,NA,NA,-524.224525337907,35688.3913150776,-39456.0117295999,-524.224525337907,225480,3757,35650.7172522403,-39416.0119389941,-524.224525337907
2020-01-03 14:40:00,NA,NA,-450.811385284003,35733.9054161463,-39412.1684723689,-450.811385284003,225540,3758,35683.0086924138,-39362.3846325338,-450.811385284003
2020-01-03 14:41:00,NA,NA,-387.516964164407,35775.2223477861,-39337.3509641157,-387.516964164407,225600,3759,35715.1571703005,-39306.3551216861,-387.516964164407
2020-01-03 14:42:00,NA,NA,-291.488170962867,35804.1168711706,-39258.5836620972,-291.488170962867,225660,3760,35747.8626633878,-39249.1124498011,-291.488170962867
2020-01-03 14:43:00,NA,NA,-213.182821391814,35808.1895038241,-39194.4096536667,-213.182821391814,225720,3761,35781.8256587111,-39191.8445506196,-213.182821391814
2020-01-03 14:44:00,35817.7477935794,-39135.739334866,NA,35817.7477935794,-39135.739334866,-208.194346012783,225780,3762,35817.7477935794,-39135.739334866,-215.06212747946
2020-01-03 14:45:00,NA,NA,-261.805067698483,35854.9334364041,-39074.9421632791,-261.805067698483,225840,3763,35855.8647055995,-39081.7330218538,-261.805067698483
2020-01-03 14:46:00,NA,NA,-296.329387429918,35895.534532832,-39024.931307276,-296.329387429918,225900,3764,35894.5427873602,-39029.752684602,-296.329387429918
2020-01-03 14:47:00,NA,NA,-290.639340213166,35923.5496768193,-38984.1082908412,-290.639340213166,225960,3765,35931.6811532521,-38979.4744944005,-290.639340213166
2020-01-03 14:48:00,NA,NA,-287.314884486169,35949.1265656236,-38941.6849464717,-287.314884486169,226020,3766,35965.177508946,-38930.5761794389,-287.314884486169
2020-01-03 14:49:00,NA,NA,-289.490869263874,35977.9790651325,-38902.7776820997,-289.490869263874,226080,3767,35992.9262285287,-38882.7367300357,-289.490869263874
2020-01-03 14:50:00,NA,NA,-330.818416069848,36007.4515206753,-38870.0178120815,-330.818416069848,226140,3768,36012.8164285513,-38835.6361050189,-330.818416069848
2020-01-03 14:51:00,NA,NA,-365.229098714669,36022.8253901679,-38826.8046073041,-365.229098714669,226200,3769,36022.7300372496,-38788.9549389902,-365.229098714669
2020-01-03 14:52:00,NA,NA,-313.383942876049,36023.5527151347,-38767.1970181636,-313.383942876049,226260,3770,36020.5398571807,-38742.3742502063,-313.383942876049
2020-01-03 14:53:00,36004.1076195065,-38695.5751488105,NA,36004.1076195065,-38695.5751488105,-218.861735723827,226320,3771,36004.1076195065,-38695.5751488105,-218.927575240665
2020-01-03 14:54:00,35981.7109178183,-38649.0159400481,NA,35981.7109178183,-38649.0159400481,-107.885571021102,226380,3772,35981.7109178183,-38649.0159400481,-115.054635698571
2020-01-03 14:55:00,NA,NA,-23.0078220058538,35994.0071833766,-38611.3248589631,-23.0078220058538,226440,3773,35989.827769298,-38605.0776641366,-23.0078220058538
2020-01-03 14:56:00,NA,NA,41.2627728122809,36024.3892373132,-38566.2113686941,41.2627728122809,226500,3774,36021.3441166017,-38562.1721071415,41.2627728122809
2020-01-03 14:57:00,36055.6557059338,-38517.5247918355,NA,36055.6557059338,-38517.5247918355,83.745181801364,226560,3775,36055.6557059338,-38517.5247918355,86.3987308796167
2020-01-03 14:58:00,NA,NA,134.826972565004,36109.6682570326,-38455.4292556641,134.826972565004,226620,3776,36075.9415399684,-38468.7016088945,134.826972565004
2020-01-03 14:59:00,NA,NA,196.786344901373,36150.1140723241,-38394.7901616074,196.786344901373,226680,3777,36080.4912936528,-38414.6325374653,196.786344901373
2020-01-03 15:00:00,NA,NA,241.469817420927,36153.4574084159,-38344.7509565934,241.469817420927,226740,3778,36071.3609470145,-38354.5847179077,241.469817420927
2020-01-03 15:01:00,NA,NA,281.258166435252,36139.118239197,-38277.8370997807,281.258166435252,226800,3779,36050.593966794,-38287.8198214462,281.258166435252
2020-01-03 15:02:00,NA,NA,304.684497017118,36102.4970565565,-38197.4882811655,304.684497017118,226860,3780,36020.223175815,-38213.5933750098,304.684497017118
2020-01-03 15:03:00,NA,NA,284.825228081801,36043.1469295676,-38106.3618154204,284.825228081801,226920,3781,35982.2726124376,-38131.1540803338,284.825228081801
2020-01-03 15:04:00,NA,NA,261.425816887881,35991.0207744734,-38022.2766815189,261.425816887881,226980,3782,35938.7593819452,-38039.7431267881,261.425816887881
2020-01-03 15:05:00,NA,NA,262.718893653432,35929.3182706071,-37954.5261828015,262.718893653432,227040,3783,35891.6955015811,-37938.5934973219,262.718893653432
2020-01-03 15:06:00,NA,NA,288.91062000619,35862.8242813978,-37853.3426565393,288.91062000619,227100,3784,35843.0897409252,-37826.9292668943,288.91062000619
2020-01-03 15:07:00,NA,NA,307.606497678371,35801.0795426484,-37719.5129035896,307.606497678371,227160,3785,35794.9494593002,-37703.9648927527,307.606497678371
2020-01-03 15:08:00,35749.2824418855,-37568.9044959113,NA,35749.2824418855,-37568.9044959113,330.644930227854,227220,3786,35749.2824418855,-37568.9044959113,322.131491472055
2020-01-03 15:09:00,NA,NA,332.188988263872,35700.9513322289,-37378.535085474,332.188988263872,227280,3787,35707.6796028537,-37421.4168590074,332.188988263872
2020-01-03 15:10:00,NA,NA,337.341684669088,35674.5276383218,-37198.3615650567,337.341684669088,227340,3788,35670.0589640254,-37263.0623852718,337.341684669088
2020-01-03 15:11:00,NA,NA,341.712957233515,35658.1261020844,-37013.1715917889,341.712957233515,227400,3789,35635.9230571027,-37095.8672596757,341.712957233515
2020-01-03 15:12:00,NA,NA,326.08749263577,35651.3449297216,-36813.4046603459,326.08749263577,227460,3790,35604.7776012232,-36921.849580759,326.08749263577
2020-01-03 15:13:00,NA,NA,315.186459568887,35643.4248238177,-36620.0905421945,315.186459568887,227520,3791,35576.1310508363,-36743.0212066417,315.186459568887
2020-01-03 15:14:00,NA,NA,274.582663902568,35624.7820514226,-36444.8223271574,274.582663902568,227580,3792,35549.494146093,-36561.3895952489,274.582663902568
2020-01-03 15:15:00,NA,NA,206.637881255341,35592.6916684225,-36296.9691440659,206.637881255341,227640,3793,35524.3794653257,-36378.9596405114,206.637881255341
2020-01-03 15:16:00,NA,NA,180.625641612648,35564.0262219446,-36146.6443541003,180.625641612648,227700,3794,35500.3009792095,-36197.7355062205,180.625641612648
2020-01-03 15:17:00,NA,NA,189.107871925961,35526.9047245279,-36000.5234452611,189.107871925961,227760,3795,35476.7736061962,-36019.7224592171,189.107871925961
2020-01-03 15:18:00,NA,NA,166.695302115732,35509.0843034497,-35858.6208120074,166.695302115732,227820,3796,35453.3127688147,-35846.9287035894,166.695302115732
2020-01-03 15:19:00,NA,NA,152.381075761338,35464.6525988979,-35702.4378532923,152.381075761338,227880,3797,35429.4339504331,-35681.3672175591,152.381075761338
2020-01-03 15:20:00,35404.6522520756,-35525.0575947338,NA,35404.6522520756,-35525.0575947338,122.506935648235,227940,3798,35404.6522520756,-35525.0575947338,126.624648514491
2020-01-03 15:21:00,NA,NA,110.231183633908,35358.7306849972,-35372.8629267041,110.231183633908,228000,3799,35378.8105598215,-35379.4530452064,110.231183633908
2020-01-03 15:22:00,NA,NA,125.649212840119,35300.9620099704,-35240.8961859394,125.649212840119,228060,3800,35353.0652940942,-35243.7170817002,125.649212840119
2020-01-03 15:23:00,NA,NA,148.747039565927,35257.0621473664,-35121.578590514,148.747039565927,228120,3801,35328.9015744131,-35116.4473989497,148.747039565927
2020-01-03 15:24:00,NA,NA,185.91141841352,35250.6277422363,-34999.4842278074,185.91141841352,228180,3802,35307.8059671832,-34996.2494356185,185.91141841352
2020-01-03 15:25:00,35291.2678453762,-34881.7350987076,NA,35291.2678453762,-34881.7350987076,200.005997084386,228240,3803,35291.2678453762,-34881.7350987076,198.239079320603
2020-01-03 15:26:00,NA,NA,210.94787641877,35330.0521465176,-34758.8763625926,210.94787641877,228300,3804,35280.3690107918,-34771.6621326855,210.94787641877
2020-01-03 15:27:00,NA,NA,255.759604055064,35354.0852205,-34633.7985857606,255.759604055064,228360,3805,35274.5493887335,-34665.354925517,255.759604055064
2020-01-03 15:28:00,NA,NA,314.652989143094,35356.1216977418,-34532.9003539056,314.652989143094,228420,3806,35272.8418117002,-34562.2819485583,314.652989143094
2020-01-03 15:29:00,NA,NA,397.062866056862,35356.898287315,-34449.8877718034,397.062866056862,228480,3807,35274.2828734084,-34461.9146314218,397.062866056862
2020-01-03 15:30:00,NA,NA,524.803461865968,35346.7583027444,-34365.5508996445,524.803461865968,228540,3808,35277.9120475447,-34363.726878511,524.803461865968
2020-01-03 15:31:00,NA,NA,648.927059489603,35347.3370755779,-34280.9294258689,648.927059489603,228600,3809,35282.7708091821,-34267.1945878142,648.927059489603
2020-01-03 15:32:00,NA,NA,721.719554892441,35348.1951326462,-34196.916301768,721.719554892441,228660,3810,35287.9017580282,-34171.7951715179,721.719554892441
2020-01-03 15:33:00,NA,NA,749.467329963307,35349.1261366345,-34101.3162389403,749.467329963307,228720,3811,35292.3477427021,-34077.0070780044,749.467329963307
2020-01-03 15:34:00,NA,NA,771.171783886604,35338.9184546149,-33989.9222686512,771.171783886604,228780,3812,35295.1509852383,-33982.3093147952,771.171783886604
2020-01-03 15:35:00,NA,NA,776.678698095642,35311.6768946318,-33885.8037358702,776.678698095642,228840,3813,35295.3522050173,-33887.1809720058,776.678698095642
2020-01-03 15:36:00,NA,NA,775.153482675745,35274.5727484533,-33784.7363871634,775.153482675745,228900,3814,35291.9897413208,-33791.1007458754,775.153482675745
2020-01-03 15:37:00,NA,NA,806.106582810055,35235.2602334208,-33698.0567077532,806.106582810055,228960,3815,35284.0986737106,-33693.5464619359,806.106582810055
2020-01-03 15:38:00,NA,NA,814.76922599919,35216.8569449939,-33593.9219777401,814.76922599919,229020,3816,35270.7099394245,-33593.994597384,814.76922599919
2020-01-03 15:39:00,NA,NA,827.592277939061,35223.8843252953,-33484.3065191291,827.592277939061,229080,3817,35250.8494469837,-33491.9198022206,827.592277939061
2020-01-03 15:40:00,NA,NA,851.932692990745,35218.2690730626,-33384.1298896343,851.932692990745,229140,3818,35223.5371852001,-33386.7944187176,851.932692990745
2020-01-03 15:41:00,35187.7863267688,-33278.0879987744,NA,35187.7863267688,-33278.0879987744,827.063064274838,229200,3819,35187.7863267688,-33278.0879987744,827.457139346265
2020-01-03 15:42:00,NA,NA,775.284220783784,35148.595376067,-33176.6180107571,775.284220783784,229260,3820,35143.3163748139,-33165.9033294993,775.284220783784
2020-01-03 15:43:00,NA,NA,733.812715856758,35105.6381258099,-33075.1090428259,733.812715856758,229320,3821,35092.6951835242,-33052.8861756053,733.812715856758
2020-01-03 15:44:00,35039.1990279279,-32942.3180502369,NA,35039.1990279279,-32942.3180502369,706.640781555704,229380,3822,35039.1990279279,-32942.3180502369,706.614104824517
2020-01-03 15:45:00,NA,NA,670.187950018133,34960.1703769236,-32851.9478055928,670.187950018133,229440,3823,34985.6279539575,-32836.7541139218,670.187950018133
2020-01-03 15:46:00,NA,NA,614.688174386038,34884.6077695107,-32756.1737560172,614.688174386038,229500,3824,34932.8874528565,-32735.8395982479,614.688174386038
2020-01-03 15:47:00,NA,NA,589.367990061489,34836.4011899988,-32650.9314471198,589.367990061489,229560,3825,34881.410175594,-32638.4953946541,589.367990061489
2020-01-03 15:48:00,NA,NA,581.061352371466,34800.0358684629,-32567.964450986,581.061352371466,229620,3826,34831.6299286676,-32543.6456601734,581.061352371466
2020-01-03 15:49:00,NA,NA,535.166539247762,34759.7510925633,-32476.3869636243,535.166539247762,229680,3827,34783.9820708944,-32450.216833388,535.166539247762
2020-01-03 15:50:00,NA,NA,493.999095488873,34726.914459342,-32389.8825616057,493.999095488873,229740,3828,34738.9039116215,-32357.1366524687,493.999095488873
2020-01-03 15:51:00,NA,NA,462.580765003347,34689.0466540367,-32287.9808155044,462.580765003347,229800,3829,34696.8351107234,-32263.333174398,462.580765003347
2020-01-03 15:52:00,NA,NA,504.458038037058,34652.0058328882,-32184.7145780606,504.458038037058,229860,3830,34658.2180807514,-32167.7337944811,504.458038037058
2020-01-03 15:53:00,NA,NA,540.459809898877,34624.1034236446,-32070.6997786169,540.459809898877,229920,3831,34623.4983916013,-32069.26426525,540.459809898877
2020-01-03 15:54:00,34593.1251780702,-31966.8477138628,NA,34593.1251780702,-31966.8477138628,536.648590893176,229980,3832,34593.1251780702,-31966.8477138628,542.843958927439
2020-01-03 15:55:00,NA,NA,517.235852580441,34563.2552867975,-31857.3916854436,517.235852580441,230040,3833,34565.5283450297,-31860.8573868906,517.235852580441
2020-01-03 15:56:00,34531.0471413454,-31757.4784479366,NA,34531.0471413454,-31757.4784479366,476.28514412262,230100,3834,34531.0471413454,-31757.4784479366,471.720405604746
2020-01-03 15:57:00,NA,NA,419.343731629523,34500.7819085809,-31646.3905547293,419.343731629523,230160,3835,34480.5939967323,-31662.1554608551,419.343731629523
2020-01-03 15:58:00,NA,NA,375.756577457153,34447.4006742858,-31540.9263658822,375.756577457153,230220,3836,34415.4779537461,-31571.5530805395,375.756577457153
2020-01-03 15:59:00,NA,NA,345.944249234652,34354.4483393219,-31460.65583154,345.944249234652,230280,3837,34339.5973258627,-31480.143560572,345.944249234652
2020-01-03 16:00:00,34256.8405803703,-31382.3984151794,NA,34256.8405803703,-31382.3984151794,289.526870076899,230340,3838,34256.8405803703,-31382.3984151794,286.818556327469
2020-01-03 16:01:00,NA,NA,209.730743937577,34170.2363774374,-31279.055054236,209.730743937577,230400,3839,34170.4815882762,-31273.9155423756,209.730743937577
2020-01-03 16:02:00,NA,NA,134.408477162844,34095.0775966534,-31158.2267729228,134.408477162844,230460,3840,34081.3575850425,-31154.8119424185,134.408477162844
2020-01-03 16:03:00,NA,NA,51.5065319689215,34017.5890657472,-30997.8883941257,51.5065319689215,230520,3841,33989.6949683958,-31026.3270766575,51.5065319689215
2020-01-03 16:04:00,NA,NA,-23.3903695494027,33945.0831154839,-30846.9785789547,-23.3903695494027,230580,3842,33895.7178138811,-30889.6918252391,-23.3903695494027
2020-01-03 16:05:00,NA,NA,-68.8391000072989,33857.5761081145,-30701.8374083459,-68.8391000072989,230640,3843,33799.648079906,-30746.1296131744,-68.8391000072989
2020-01-03 16:06:00,NA,NA,-145.841434377869,33742.8069973294,-30552.9833873169,-145.841434377869,230700,3844,33701.7058107879,-30596.8575294416,-145.841434377869
2020-01-03 16:07:00,NA,NA,-171.078900965415,33618.8775146744,-30423.9629282847,-171.078900965415,230760,3845,33602.1093380369,-30443.0874402657,-171.078900965415
2020-01-03 16:08:00,33501.0754800681,-30286.0270976122,NA,33501.0754800681,-30286.0270976122,-154.514636980817,230820,3846,33501.0754800681,-30286.0270976122,-152.98550786797
2020-01-03 16:09:00,NA,NA,-138.775030732535,33397.714190765,-30140.4607137263,-138.775030732535,230880,3847,33397.9335070916,-30127.746790242,-138.775030732535
2020-01-03 16:10:00,33288.4656627594,-29973.7780352574,NA,33288.4656627594,-29973.7780352574,-156.905199413067,230940,3848,33288.4656627594,-29973.7780352574,-165.52812053242
2020-01-03 16:11:00,NA,NA,-226.887738682742,33159.1973863572,-29819.7561731629,-226.887738682742,231000,3849,33168.8146793205,-29829.8424620315,-226.887738682742
2020-01-03 16:12:00,NA,NA,-296.316510600329,33020.9120229813,-29670.2754539593,-296.316510600329,231060,3850,33040.1242481915,-29698.9532411644,-296.316510600329
2020-01-03 16:13:00,NA,NA,-330.325208785096,32889.6126751016,-29542.220928854,-330.325208785096,231120,3851,32904.7823007359,-29583.4561012679,-330.325208785096
2020-01-03 16:14:00,NA,NA,-354.601404798234,32755.4569264562,-29457.523213968,-354.601404798234,231180,3852,32765.1706841753,-29485.7108509007,-354.601404798234
2020-01-03 16:15:00,NA,NA,-351.085267818464,32622.1429382964,-29390.6045894666,-351.085267818464,231240,3853,32623.66734043,-29408.0935367191,-351.085267818464
2020-01-03 16:16:00,32482.6484812273,-29352.9986166876,NA,32482.6484812273,-29352.9986166876,-337.3852220258,231300,3854,32482.6484812273,-29352.9986166876,-337.335466487454
2020-01-03 16:17:00,NA,NA,-313.493797075328,32326.147353103,-29331.1449790805,-313.493797075328,231360,3855,32344.147061821,-29321.8880856241,-313.493797075328
2020-01-03 16:18:00,NA,NA,-270.867172559703,32183.3323427019,-29334.0739723033,-270.867172559703,231420,3856,32208.823477851,-29312.4334474916,-270.867172559703
2020-01-03 16:19:00,NA,NA,-206.177065904948,32047.1263597471,-29325.9218876139,-206.177065904948,231480,3857,32076.9973316868,-29321.3729559529,-206.177065904948
2020-01-03 16:20:00,NA,NA,-144.656608391534,31916.6699971771,-29325.1316745916,-144.656608391534,231540,3858,31948.9914248335,-29345.4616896562,-144.656608391534
2020-01-03 16:21:00,NA,NA,-120.317257670865,31796.9192595807,-29325.7885667567,-120.317257670865,231600,3859,31825.1320531872,-29381.4685839728,-120.317257670865
2020-01-03 16:22:00,NA,NA,-120.292698427368,31685.615632569,-29365.1337464184,-120.292698427368,231660,3860,31705.7493054892,-29426.1734755561,-120.292698427368
2020-01-03 16:23:00,NA,NA,-154.781510596289,31577.4565050152,-29438.2075509464,-154.781510596289,231720,3861,31591.1773652502,-29476.3641568841,-154.781510596289
2020-01-03 16:24:00,NA,NA,-144.483823433584,31476.4480723176,-29518.6683740007,-144.483823433584,231780,3862,31481.754816422,-29528.8334380834,-144.483823433584
2020-01-03 16:25:00,NA,NA,-121.433563397672,31373.1706713712,-29580.7643209795,-121.433563397672,231840,3863,31377.8249530951,-29580.3762133427,-121.433563397672
2020-01-03 16:26:00,NA,NA,-39.4330591750057,31276.6021448887,-29624.7952564078,-39.4330591750057,231900,3864,31279.7360935052,-29627.7865292326,-39.4330591750057
2020-01-03 16:27:00,31187.8418986351,-29667.8546522496,NA,31187.8418986351,-29667.8546522496,-13.555079950934,231960,3865,31187.8418986351,-29667.8546522496,-21.9170866597981
2020-01-03 16:28:00,NA,NA,-33.7938012693465,31105.793327089,-29700.3115288562,-33.7938012693465,232020,3866,31102.2032842069,-29698.6376337666,-33.7938012693465
2020-01-03 16:29:00,NA,NA,-15.1127094560575,31024.8332115839,-29726.3098199636,-15.1127094560575,232080,3867,31021.6931876078,-29723.2782682629,-15.1127094560575
2020-01-03 16:30:00,30944.8908263573,-29746.1872316604,NA,30944.8908263573,-29746.1872316604,1.7832124808397,232140,3868,30944.8908263573,-29746.1872316604,-11.5043335992946
2020-01-03 16:31:00,NA,NA,-27.5989282023271,30885.1483433007,-29741.3018757841,-27.5989282023271,232200,3869,30870.6392213712,-29771.0221298567,-27.5989282023271
2020-01-03 16:32:00,NA,NA,-48.7295875540452,30807.1075526833,-29741.4908486495,-48.7295875540452,232260,3870,30798.8254230635,-29798.4362463356,-48.7295875540452
2020-01-03 16:33:00,NA,NA,-64.3180119499907,30739.776407943,-29755.3115577281,-64.3180119499907,232320,3871,30729.5991239379,-29828.3337379937,-64.3180119499907
2020-01-03 16:34:00,NA,NA,-97.279587716066,30691.0867496822,-29766.6470517226,-97.279587716066,232380,3872,30663.1123833157,-29860.621033357,-97.279587716066
2020-01-03 16:35:00,NA,NA,-126.270598033,30646.2412592527,-29779.4874232238,-126.270598033,232440,3873,30599.5197664078,-29895.2067469297,-126.270598033
2020-01-03 16:36:00,NA,NA,-128.69058654467,30610.7898437344,-29814.1995801091,-128.69058654467,232500,3874,30538.9784856871,-29932.0015955865,-128.69058654467
2020-01-03 16:37:00,NA,NA,-135.045875687221,30574.4211099052,-29843.1972078171,-135.045875687221,232560,3875,30481.6485446848,-29970.9183168981,-135.045875687221
2020-01-03 16:38:00,NA,NA,-182.42131521764,30545.8020253392,-29883.9354199666,-182.42131521764,232620,3876,30427.6928843411,-30011.8715893071,-182.42131521764
2020-01-03 16:39:00,NA,NA,-207.488779104364,30493.7475269773,-29928.5590295122,-207.488779104364,232680,3877,30377.2775320443,-30054.7779540826,-207.488779104364
2020-01-03 16:40:00,NA,NA,-219.300290261705,30439.8070726121,-29989.5033930832,-219.300290261705,232740,3878,30330.5717534927,-30099.5557389788,-219.300290261705
2020-01-03 16:41:00,NA,NA,-206.449044005313,30385.5424687976,-30066.3937271478,-206.449044005313,232800,3879,30287.7482075194,-30146.1249835284,-206.449044005313
2020-01-03 16:42:00,NA,NA,-169.231068449937,30325.3347723993,-30145.3212361422,-169.231068449937,232860,3880,30248.9831040208,-30194.4073659026,-169.231068449937
2020-01-03 16:43:00,NA,NA,-99.5415236899049,30278.107638178,-30218.9505774794,-99.5415236899049,232920,3881,30214.456365134,-30244.3261312697,-99.5415236899049
2020-01-03 16:44:00,NA,NA,-50.4936593431947,30226.8221257526,-30285.7348493763,-50.4936593431947,232980,3882,30184.3517898088,-30295.8060215873,-50.4936593431947
2020-01-03 16:45:00,NA,NA,-14.7516549055191,30173.7954975348,-30346.719347541,-14.7516549055191,233040,3883,30158.8572219272,-30348.7732067643,-14.7516549055191
2020-01-03 16:46:00,30138.1647221218,-30403.1552171282,NA,30138.1647221218,-30403.1552171282,8.73804884324533,233100,3884,30138.1647221218,-30403.1552171282,10.8306378508921
2020-01-03 16:47:00,30121.5426755291,-30457.913647446,NA,30121.5426755291,-30457.913647446,36.3384721960032,233160,3885,30121.5426755291,-30457.913647446,28.3840239464895
2020-01-03 16:48:00,NA,NA,41.218365832749,30116.8516660883,-30491.5363052584,41.218365832749,233220,3886,30105.3837087543,-30509.1734729566,41.218365832749
2020-01-03 16:49:00,NA,NA,50.7271668189448,30117.5226100226,-30521.7679847886,50.7271668189448,233280,3887,30088.4847983407,-30556.2179594391,50.7271668189448
2020-01-03 16:50:00,NA,NA,48.9070547481207,30103.8936982875,-30581.483766708,48.9070547481207,233340,3888,30070.4752040549,-30599.3586492418,48.9070547481207
2020-01-03 16:51:00,NA,NA,22.4557615968653,30072.3107709622,-30668.0231242167,22.4557615968653,233400,3889,30050.9831695774,-30638.9035138457,22.4557615968653
2020-01-03 16:52:00,NA,NA,-17.7839294612668,30056.1354481164,-30722.4318577152,-17.7839294612668,233460,3890,30029.6355825203,-30675.1572356363,-17.7839294612668
2020-01-03 16:53:00,NA,NA,-56.6422762579011,30030.5892657557,-30768.9032322243,-56.6422762579011,233520,3891,30006.0576331678,-30708.4214866123,-56.6422762579011
2020-01-03 16:54:00,NA,NA,-70.9445720543077,29989.2732465289,-30800.1464648297,-70.9445720543077,233580,3892,29979.8724716539,-30738.9952043296,-70.9445720543077
2020-01-03 16:55:00,NA,NA,-59.1777414157401,29963.9495867104,-30824.7583950314,-59.1777414157401,233640,3893,29950.7008632691,-30767.1748653398,-59.1777414157401
2020-01-03 16:56:00,NA,NA,7.9832897329152,29931.9582190567,-30825.6727792512,7.9832897329152,233700,3894,29918.160841583,-30793.2547563768,7.9832897329152
2020-01-03 16:57:00,29881.8673590672,-30817.5272435394,NA,29881.8673590672,-30817.5272435394,107.598911826781,233760,3895,29881.8673590672,-30817.5272435394,116.076263086528
2020-01-03 16:58:00,NA,NA,221.236410247307,29832.734651846,-30814.9363222787,221.236410247307,233820,3896,29841.8213335662,-30840.5200579247,221.236410247307
2020-01-03 16:59:00,NA,NA,293.432478980306,29791.5704536733,-30839.0659075576,293.432478980306,233880,3897,29799.5779160032,-30863.7078766564,293.432478980306
2020-01-03 17:00:00,NA,NA,359.348850992141,29749.5486319351,-30881.440650174,359.348850992141,233940,3898,29757.0796452499,-30888.8025738883,359.348850992141
2020-01-03 17:01:00,29716.2688273484,-30917.5177683146,NA,29716.2688273484,-30917.5177683146,398.565352080333,234000,3899,29716.2688273484,-30917.5177683146,408.427766090806
2020-01-03 17:02:00,NA,NA,442.642541393878,29690.0683441722,-30954.2255980742,442.642541393878,234060,3900,29678.8398781152,-30950.9155792158,442.642541393878
2020-01-03 17:03:00,NA,NA,477.000332815028,29653.0422608414,-30989.8293837347,477.000332815028,234120,3901,29645.4925258278,-30987.4430444877,477.000332815028
2020-01-03 17:04:00,29616.6807991756,-31024.89525434,NA,29616.6807991756,-31024.89525434,562.150023077555,234180,3902,29616.6807991756,-31024.89525434,540.490786780579
2020-01-03 17:05:00,NA,NA,619.718887641507,29613.7044107869,-31037.2052474413,619.718887641507,234240,3903,29592.6205897885,-31061.2599580195,619.718887641507
2020-01-03 17:06:00,NA,NA,691.384273268821,29624.0665525428,-31045.3527431767,691.384273268821,234300,3904,29572.5629477952,-31095.2911987423,691.384273268821
2020-01-03 17:07:00,NA,NA,747.469721257989,29609.1882351943,-31051.9109795009,747.469721257989,234360,3905,29555.5202993275,-31125.9326982643,747.469721257989
2020-01-03 17:08:00,NA,NA,796.311707645992,29564.9103232189,-31062.0979815089,796.311707645992,234420,3906,29540.5078282414,-31152.1250774989,796.311707645992
2020-01-03 17:09:00,NA,NA,809.470084477706,29518.4400209654,-31074.7268609767,809.470084477706,234480,3907,29526.5425752938,-31172.8048875934,809.470084477706
2020-01-03 17:10:00,NA,NA,820.595045861449,29471.7808056217,-31082.1704804031,820.595045861449,234540,3908,29512.6425390435,-31186.9036372391,820.595045861449
2020-01-03 17:11:00,NA,NA,795.457821172566,29436.68676852,-31092.6974806271,795.457821172566,234600,3909,29497.8257776278,-31193.3468153545,795.457821172566
2020-01-03 17:12:00,NA,NA,784.325649346607,29409.6749796321,-31104.5031376831,784.325649346607,234660,3910,29481.1095105938,-31191.0529082539,784.325649346607
2020-01-03 17:13:00,NA,NA,804.85873273159,29401.1842166108,-31112.456170979,804.85873273159,234720,3911,29461.509219961,-31178.9324104072,804.85873273159
2020-01-03 17:14:00,NA,NA,824.118751763859,29381.608535214,-31102.3304976366,824.118751763859,234780,3912,29438.0377496946,-31155.8868278858,824.118751763859
2020-01-03 17:15:00,NA,NA,849.509768228831,29354.2073245282,-31091.1483797882,849.509768228831,234840,3913,29409.7044027644,-31120.8076735861,849.509768228831
2020-01-03 17:16:00,NA,NA,858.176246930682,29325.3027066589,-31072.3403134084,858.176246930682,234900,3914,29375.5140349651,-31072.5754533104,858.176246930682
2020-01-03 17:17:00,NA,NA,833.752697849314,29306.3501764992,-31020.9771166609,833.752697849314,234960,3915,29334.4661446672,-31010.0586417786,833.752697849314
2020-01-03 17:18:00,29285.5539576687,-30932.1126476343,NA,29285.5539576687,-30932.1126476343,841.064589494493,235020,3916,29285.5539576687,-30932.1126476343,841.154510380344
2020-01-03 17:19:00,NA,NA,890.105524848354,29250.7966680917,-30837.5204511049,890.105524848354,235080,3917,29227.7105033202,-30840.3635801221,890.105524848354
2020-01-03 17:20:00,NA,NA,963.670252404957,29170.7444495361,-30749.0464239562,963.670252404957,235140,3918,29159.6486175721,-30747.5646879083,963.670252404957
2020-01-03 17:21:00,29080.0187830014,-30669.2530735631,NA,29080.0187830014,-30669.2530735631,1030.37099631939,235200,3919,29080.0187830014,-30669.2530735631,1026.1160424421
2020-01-03 17:22:00,NA,NA,1084.67166267241,28990.3703784035,-30615.8172316225,1084.67166267241,235260,3920,28988.6646851761,-30616.2367340268,1084.67166267241
2020-01-03 17:23:00,28890.2346431274,-30580.37649772,NA,28890.2346431274,-30580.37649772,1126.67511458474,235320,3921,28890.2346431274,-30580.37649772,1155.19938815157
2020-01-03 17:24:00,NA,NA,1237.92179073598,28785.2482708003,-30578.7552338992,1237.92179073598,235380,3922,28789.6396678221,-30550.9370898386,1237.92179073598
2020-01-03 17:25:00,NA,NA,1328.78681105585,28674.3596827834,-30566.6706051493,1328.78681105585,235440,3923,28688.0501452046,-30525.7117437952,1328.78681105585
2020-01-03 17:26:00,NA,NA,1423.12978179274,28574.1405504651,-30519.6250915629,1423.12978179274,235500,3924,28585.7009321005,-30504.6281097573,1423.12978179274
2020-01-03 17:27:00,NA,NA,1528.62989236099,28472.7509155307,-30490.4088391138,1528.62989236099,235560,3925,28482.8261903333,-30487.6176264316,1528.62989236099
2020-01-03 17:28:00,NA,NA,1654.99931049783,28385.9200216818,-30449.353673346,1654.99931049783,235620,3926,28379.6596009957,-30474.6154582685,1654.99931049783
2020-01-03 17:29:00,NA,NA,1777.95200407542,28315.2490896704,-30384.7531334591,1777.95200407542,235680,3927,28276.4345782172,-30465.5604361325,1777.95200407542
2020-01-03 17:30:00,NA,NA,1898.64405654127,28239.2835408034,-30333.8708956391,1898.64405654127,235740,3928,28173.3844826758,-30460.3950013395,1898.64405654127
2020-01-03 17:31:00,NA,NA,2007.78498992175,28180.0761839092,-30291.8365505469,2007.78498992175,235800,3929,28070.7428350557,-30459.065153001,2007.78498992175
2020-01-03 17:32:00,NA,NA,2110.19264082256,28109.8363447935,-30284.526240427,2110.19264082256,235860,3930,27968.7435296497,-30461.520398626,2110.19264082256
2020-01-03 17:33:00,NA,NA,2177.9382076662,28032.7603635151,-30287.019349942,2177.9382076662,235920,3931,27867.6210483017,-30467.7137079327,2177.9382076662
2020-01-03 17:34:00,NA,NA,2227.64252461891,27954.1681090798,-30291.6074156553,2227.64252461891,235980,3932,27767.6106748868,-30477.6014698279,2227.64252461891
2020-01-03 17:35:00,NA,NA,2294.25994794744,27876.7742001705,-30289.6174774955,2294.25994794744,236040,3933,27668.9487105238,-30491.1434525152,2294.25994794744
2020-01-03 17:36:00,NA,NA,2362.56451755335,27800.4301300546,-30306.8614420444,2362.56451755335,236100,3934,27571.8726897186,-30508.3027666937,2362.56451755335
2020-01-03 17:37:00,NA,NA,2405.04680518122,27708.1452700221,-30320.6752319733,2405.04680518122,236160,3935,27476.6215976354,-30529.0458318151,2405.04680518122
2020-01-03 17:38:00,NA,NA,2435.25827170946,27643.4292377003,-30349.6379086581,2435.25827170946,236220,3936,27383.4360886946,-30553.3423453665,2435.25827170946
2020-01-03 17:39:00,NA,NA,2443.68382855341,27590.5890257517,-30395.5785222486,2443.68382855341,236280,3937,27292.5587066978,-30581.1652551531,2443.68382855341
2020-01-03 17:40:00,NA,NA,2457.25730925026,27545.8957449015,-30458.6558011549,2457.25730925026,236340,3938,27204.2341066807,-30612.4907345527,2457.25730925026
2020-01-03 17:41:00,NA,NA,2453.797141334,27498.9584803803,-30506.3899321021,2453.797141334,236400,3939,27118.7092786972,-30647.2981607215,2453.797141334
2020-01-03 17:42:00,NA,NA,2396.32218387609,27459.8214912414,-30553.9633449063,2396.32218387609,236460,3940,27036.2337737392,-30685.5700957301,2396.32218387609
2020-01-03 17:43:00,NA,NA,2348.56670821181,27425.2888881271,-30599.093633457,2348.56670821181,236520,3941,26957.0599319992,-30727.2922706129,2348.56670821181
2020-01-03 17:44:00,NA,NA,2304.12394891714,27371.4726281741,-30655.3632423269,2304.12394891714,236580,3942,26881.4431136838,-30772.4535723164,2304.12394891714
2020-01-03 17:45:00,NA,NA,2253.90373244671,27300.14604936,-30693.0183661218,2253.90373244671,236640,3943,26809.6419325894,-30821.0460335336,2253.90373244671
2020-01-03 17:46:00,NA,NA,2230.18491322597,27240.1429013251,-30748.1547276064,2230.18491322597,236700,3944,26741.918492655,-30873.0648254163,2230.18491322597
2020-01-03 17:47:00,NA,NA,2207.06597714538,27168.2568774002,-30816.6760312378,2207.06597714538,236760,3945,26678.5386277058,-30928.5082531582,2207.06597714538
2020-01-03 17:48:00,NA,NA,2212.55698231583,27063.7009350268,-30885.6566762833,2212.55698231583,236820,3946,26619.7721446099,-30987.3777544444,2212.55698231583
2020-01-03 17:49:00,NA,NA,2196.05001988145,26958.5099804698,-30964.2541388862,2196.05001988145,236880,3947,26565.8930700683,-31049.6779007664,2196.05001988145
2020-01-03 17:50:00,NA,NA,2188.73436034227,26845.6704852093,-31040.5229355,2188.73436034227,236940,3948,26517.1799012651,-31115.4164016032,2188.73436034227
2020-01-03 17:51:00,NA,NA,2123.99716000713,26743.6906953306,-31102.2218042523,2123.99716000713,237000,3949,26473.9158606068,-31184.6041114736,2123.99716000713
2020-01-03 17:52:00,NA,NA,2097.978213148,26646.2333442339,-31173.3936302601,2097.978213148,237060,3950,26436.3891547834,-31257.2550398641,2097.978213148
2020-01-03 17:53:00,NA,NA,2083.69580790507,26554.8942329054,-31272.4849826379,2083.69580790507,237120,3951,26404.8932383894,-31333.3863640436,2083.69580790507
2020-01-03 17:54:00,NA,NA,2041.01040396747,26472.3865265565,-31374.9083203143,2041.01040396747,237180,3952,26379.7270823438,-31413.0184447751,2041.01040396747
2020-01-03 17:55:00,NA,NA,1990.93875889021,26411.2562891527,-31488.8475380742,1990.93875889021,237240,3953,26361.195447357,-31496.1748449393,1990.93875889021
2020-01-03 17:56:00,NA,NA,1956.43242891345,26376.0360891339,-31590.4015736033,1956.43242891345,237300,3954,26349.6091626928,-31582.8823510878,1956.43242891345
2020-01-03 17:57:00,NA,NA,1939.73130072019,26354.8821176484,-31676.6113497318,1939.73130072019,237360,3955,26345.2854104818,-31673.170997944,1939.73130072019
2020-01-03 17:58:00,NA,NA,1942.66255727032,26357.4799944373,-31762.5721282283,1942.66255727032,237420,3956,26348.5480158456,-31767.0740958761,1942.66255727032
2020-01-03 17:59:00,26359.7277430966,-31864.6282613653,NA,26359.7277430966,-31864.6282613653,1981.1699330947,237480,3957,26359.7277430966,-31864.6282613653,1975.91869909841
2020-01-03 18:00:00,NA,NA,1999.05916918204,26378.2165469251,-31977.310208258,1999.05916918204,237540,3958,26379.0622426182,-31965.3778946958,1999.05916918204
2020-01-03 18:01:00,NA,NA,1986.89890994363,26393.7407285314,-32083.6392005058,1986.89890994363,237600,3959,26406.3951845097,-32066.8880055925,1986.89890994363
2020-01-03 18:02:00,NA,NA,2002.09737576075,26420.9642893504,-32167.8783497972,2002.09737576075,237660,3960,26441.4772018013,-32166.2287443898,2002.09737576075
2020-01-03 18:03:00,NA,NA,2018.10508857428,26469.0639807594,-32256.5138832809,2018.10508857428,237720,3961,26484.0660156256,-32260.4682766509,2018.10508857428
2020-01-03 18:04:00,26533.9262135476,-32346.6701015693,NA,26533.9262135476,-32346.6701015693,2009.02573775429,237780,3962,26533.9262135476,-32346.6701015693,2016.67104856306
2020-01-03 18:05:00,NA,NA,2017.50834541606,26604.6456336184,-32417.7064036376,2017.50834541606,237840,3963,26590.4624825102,-32423.2528906096,2017.50834541606
2020-01-03 18:06:00,NA,NA,2033.06733471405,26664.7782487508,-32490.379220117,2033.06733471405,237900,3964,26651.6193429945,-32494.0768644528,2033.06733471405
2020-01-03 18:07:00,26714.9789917566,-32564.359500415,NA,26714.9789917566,-32564.359500415,2045.51701663433,237960,3965,26714.9789917566,-32564.359500415,2027.09327830824
2020-01-03 18:08:00,NA,NA,1990.70768440855,26769.4118470956,-32632.2265169352,1990.70768440855,238020,3966,26778.4564874492,-32638.3088316355,1990.70768440855
2020-01-03 18:09:00,NA,NA,1929.87782748256,26845.01452846,-32707.1665436868,1929.87782748256,238080,3967,26841.2904465219,-32716.1002618182,1929.87782748256
2020-01-03 18:10:00,NA,NA,1875.95575438858,26917.9594519904,-32789.5155892676,1875.95575438858,238140,3968,26903.0497443965,-32796.9037607869,1875.95575438858
2020-01-03 18:11:00,NA,NA,1861.75504143772,26995.6850914173,-32871.3029286533,1861.75504143772,238200,3969,26963.3022734606,-32879.8920535379,1861.75504143772
2020-01-03 18:12:00,NA,NA,1857.81623547389,27051.2246633202,-32932.3013339219,1857.81623547389,238260,3970,27021.6145478209,-32964.2398634575,1857.81623547389
2020-01-03 18:13:00,NA,NA,1859.19173424202,27121.1554702487,-32990.9291708978,1859.19173424202,238320,3971,27077.5513068029,-33049.123157434,1859.19173424202
2020-01-03 18:14:00,NA,NA,1858.31050461819,27165.964890512,-33075.8529599938,1858.31050461819,238380,3972,27130.6751168254,-33133.7183921167,1858.31050461819
2020-01-03 18:15:00,NA,NA,1866.54333839785,27211.1683799467,-33166.7134375459,1866.54333839785,238440,3973,27180.5459712874,-33217.201760627,1866.54333839785
2020-01-03 18:16:00,NA,NA,1860.89347360868,27270.3655376935,-33277.5424168997,1860.89347360868,238500,3974,27226.7208881002,-33298.7484390285,1860.89347360868
2020-01-03 18:17:00,NA,NA,1863.7390772307,27324.7823037282,-33384.700612875,1863.7390772307,238560,3975,27268.7535044973,-33377.5318318683,1863.7390772307
2020-01-03 18:18:00,NA,NA,1874.13872475875,27381.7276225326,-33463.2605714158,1874.13872475875,238620,3976,27306.1936687517,-33452.722816097,1874.13872475875
2020-01-03 18:19:00,NA,NA,1892.47092791029,27413.3269554811,-33548.1455679685,1892.47092791029,238680,3977,27338.5870284274,-33523.488982678,1892.47092791029
2020-01-03 18:20:00,NA,NA,1885.24878304033,27436.108425326,-33608.4317191236,1885.24878304033,238740,3978,27365.474614788,-33588.9938751898,1885.24878304033
2020-01-03 18:21:00,NA,NA,1849.82110929765,27445.6587949687,-33652.8349654542,1849.82110929765,238800,3979,27386.3924229824,-33648.3962247273,1849.82110929765
2020-01-03 18:22:00,NA,NA,1812.98738346037,27437.6509593689,-33699.5619808378,1812.98738346037,238860,3980,27400.8709876246,-33700.8491804,1812.98738346037
2020-01-03 18:23:00,27408.4349533776,-33745.4995347252,NA,27408.4349533776,-33745.4995347252,1775.72394017714,238920,3981,27408.4349533776,-33745.4995347252,1780.6707485408
2020-01-03 18:24:00,NA,NA,1780.61147630967,27389.0584241196,-33796.3486965606,1780.61147630967,238980,3982,27408.9902063979,-33781.7820111736,1780.61147630967
2020-01-03 18:25:00,NA,NA,1819.60436150553,27366.5150111192,-33812.2149512012,1819.60436150553,239040,3983,27403.986557068,-33810.3040038915,1819.60436150553
2020-01-03 18:26:00,NA,NA,1817.33858146432,27343.7583681134,-33817.3524664288,1817.33858146432,239100,3984,27395.25629589,-33831.9608746593,1817.33858146432
2020-01-03 18:27:00,NA,NA,1785.20580147221,27320.7168380148,-33826.4749897983,1785.20580147221,239160,3985,27384.6283048816,-33847.6417058065,1785.20580147221
2020-01-03 18:28:00,NA,NA,1739.33678553583,27293.120714966,-33859.1778294678,1739.33678553583,239220,3986,27373.9297304023,-33858.2301134741,1739.33678553583
2020-01-03 18:29:00,NA,NA,1696.35149144004,27290.2637227258,-33881.4193138256,1696.35149144004,239280,3987,27364.9876543994,-33864.6050558468,1696.35149144004
2020-01-03 18:30:00,NA,NA,1678.32634587674,27302.0615320021,-33868.0119162293,1678.32634587674,239340,3988,27359.6307656059,-33867.641637126,1678.32634587674
2020-01-03 18:31:00,NA,NA,1653.18722006295,27320.7483249661,-33853.0937668576,1653.18722006295,239400,3989,27359.6910322146,-33868.2119079779,1653.18722006295
2020-01-03 18:32:00,NA,NA,1622.29399422073,27345.7231574783,-33848.1013870546,1622.29399422073,239460,3990,27367.0053775559,-33867.1856631895,1622.29399422073
2020-01-03 18:33:00,27383.4173603101,-33865.4312372616,NA,27383.4173603101,-33865.4312372616,1585.10965706579,239520,3991,27383.4173603101,-33865.4312372616,1570.3892569857
2020-01-03 18:34:00,NA,NA,1523.11457388139,27428.1968265413,-33869.0386807574,1523.11457388139,239580,3992,27410.1462148846,-33862.9714061847,1523.11457388139
2020-01-03 18:35:00,NA,NA,1508.69485079612,27456.0405510317,-33857.0149720969,1508.69485079612,239640,3993,27445.8899146335,-33856.4485748931,1508.69485079612
2020-01-03 18:36:00,27488.7220355041,-33841.6565377546,NA,27488.7220355041,-33841.6565377546,1516.43434442115,239700,3994,27488.7220355041,-33841.6565377546,1515.78183775206
2020-01-03 18:37:00,NA,NA,1534.29012624326,27540.494680363,-33826.3616370722,1534.29012624326,239760,3995,27536.8746011828,-33815.3203817692,1534.29012624326
2020-01-03 18:38:00,NA,NA,1553.96483981427,27601.7072928577,-33784.0293967886,1553.96483981427,239820,3996,27589.1923872923,-33777.9102335707,1553.96483981427
2020-01-03 18:39:00,NA,NA,1547.38321409197,27643.378259266,-33715.3466761533,1547.38321409197,239880,3997,27644.6759450299,-33730.8249444112,1547.38321409197
2020-01-03 18:40:00,NA,NA,1494.01675245152,27676.8573952048,-33639.5013797831,1494.01675245152,239940,3998,27702.3287213056,-33675.4545155945,1494.01675245152
2020-01-03 18:41:00,NA,NA,1445.25434875995,27703.7729636005,-33542.8103225283,1445.25434875995,240000,3999,27761.1561471415,-33613.1813700692,1445.25434875995
2020-01-03 18:42:00,NA,NA,1415.62773719584,27752.2530604319,-33460.2458201884,1415.62773719584,240060,4000,27820.1647279405,-33545.3816169563,1415.62773719584
2020-01-03 18:43:00,NA,NA,1415.5871426995,27804.0515045778,-33376.3340154146,1415.5871426995,240120,4001,27878.3611347451,-33473.4263102784,1415.5871426995
2020-01-03 18:44:00,NA,NA,1413.85284935472,27877.1981403183,-33300.5883641946,1413.85284935472,240180,4002,27934.7512956491,-33398.6827030579,1413.85284935472
2020-01-03 18:45:00,NA,NA,1392.1497445626,27969.7044803923,-33232.4963279631,1392.1497445626,240240,4003,27988.3394865295,-33322.5154979347,1392.1497445626
2020-01-03 18:46:00,NA,NA,1352.49616131578,28049.3155922792,-33175.9597778204,1352.49616131578,240300,4004,28038.1274202685,-33246.2880954498,1352.49616131578
2020-01-03 18:47:00,NA,NA,1300.09142821077,28098.0852580416,-33134.2032599143,1300.09142821077,240360,4005,28083.1133336296,-33171.3638411368,1300.09142821077
2020-01-03 18:48:00,28122.2910709544,-33099.107272563,NA,28122.2910709544,-33099.107272563,1230.11212108051,240420,4006,28122.2910709544,-33099.107272563,1235.45540042064
2020-01-03 18:49:00,NA,NA,1186.44792160509,28139.2337075317,-33039.4108990414,1186.44792160509,240480,4007,28154.8016641072,-33030.3044938478,1186.44792160509
2020-01-03 18:50:00,NA,NA,1171.50920830888,28150.1645626752,-32966.9014467465,1171.50920830888,240540,4008,28180.390074435,-32963.4211671841,1171.50920830888
2020-01-03 18:51:00,NA,NA,1150.22376252363,28168.7802520475,-32889.2826996426,1150.22376252363,240600,4009,28198.9474301064,-32896.3438365971,1150.22376252363
2020-01-03 18:52:00,NA,NA,1110.21286964771,28193.5252324956,-32826.8068309494,1110.21286964771,240660,4010,28210.3584278832,-32826.9588682822,1110.21286964771
2020-01-03 18:53:00,28214.5012277291,-32753.1505173882,NA,28214.5012277291,-32753.1505173882,1046.93882536589,240720,4011,28214.5012277291,-32753.1505173882,1051.878390815
2020-01-03 18:54:00,NA,NA,994.620300393807,28225.3757189147,-32678.4518286088,994.620300393807,240780,4012,28211.5337655122,-32673.4804825235,994.620300393807
2020-01-03 18:55:00,NA,NA,946.332510108158,28216.784759321,-32605.0373530105,946.332510108158,240840,4013,28202.7532213855,-32589.231183219,946.332510108158
2020-01-03 18:56:00,NA,NA,878.440014332189,28189.2044303121,-32513.3972475668,878.440014332189,240900,4014,28189.7378808852,-32502.362338278,878.440014332189
2020-01-03 18:57:00,28174.0621561351,-32414.8312706028,NA,28174.0621561351,-32414.8312706028,829.734202443275,240960,4015,28174.0621561351,-32414.8312706028,840.021789429589
2020-01-03 18:58:00,NA,NA,808.565825039478,28160.4207721872,-32319.9201703089,808.565825039478,241020,4016,28157.4822443753,-32328.2632310617,808.565825039478
2020-01-03 18:59:00,NA,NA,748.133760555333,28148.09347374,-32209.7583833092,748.133760555333,241080,4017,28142.4904236119,-32242.9584244617,748.133760555333
2020-01-03 19:00:00,NA,NA,661.008487728311,28134.7770153528,-32112.7975058382,661.008487728311,241140,4018,28131.7646435766,-32158.8867442015,661.008487728311
2020-01-03 19:01:00,NA,NA,542.783920138769,28129.3662931696,-32024.4227522839,542.783920138769,241200,4019,28127.9867566885,-32076.0192115739,542.783920138769
2020-01-03 19:02:00,NA,NA,414.012443839173,28135.5305093718,-31948.8139878079,414.012443839173,241260,4020,28133.8449709664,-31994.3279492805,414.012443839173
2020-01-03 19:03:00,NA,NA,234.148801944156,28152.511746975,-31876.9396606801,234.148801944156,241320,4021,28152.036308833,-31913.7861559389,234.148801944156
2020-01-03 19:04:00,NA,NA,65.0430123057296,28176.0582934405,-31811.9242303535,65.0430123057296,241380,4022,28185.2690740113,-31834.3680815709,65.0430123057296
2020-01-03 19:05:00,28236.2653287562,-31756.0490040506,NA,28236.2653287562,-31756.0490040506,-53.7454420255384,241440,4023,28236.2653287562,-31756.0490040506,-53.9016488994013
2020-01-03 19:06:00,NA,NA,-155.710562244316,28321.3097964433,-31686.5609154236,-155.710562244316,241500,4024,28305.9799911762,-31679.0705394141,-155.710562244316
2020-01-03 19:07:00,NA,NA,-267.51273393801,28407.9886871505,-31603.3599664184,-267.51273393801,241560,4025,28388.2512064104,-31604.7369104242,-267.51273393801
2020-01-03 19:08:00,NA,NA,-342.507656955301,28480.1858425047,-31533.5217015466,-342.507656955301,241620,4026,28475.1452158934,-31534.6200922721,-342.507656955301
2020-01-03 19:09:00,28558.7324883804,-31470.2959175489,NA,28558.7324883804,-31470.2959175489,-347.937569248047,241680,4027,28558.7324883804,-31470.2959175489,-360.80428190543
2020-01-03 19:10:00,NA,NA,-351.841881406378,28632.2894989192,-31407.0047057188,-351.841881406378,241740,4028,28631.9450923639,-31413.1703069615,-351.841881406378
2020-01-03 19:11:00,28691.1642638311,-31363.9548924135,NA,28691.1642638311,-31363.9548924135,-352.206646441061,241800,4029,28691.1642638311,-31363.9548924135,-347.976429467511
2020-01-03 19:12:00,NA,NA,-357.095486836528,28740.9538478374,-31308.7805905204,-357.095486836528,241860,4030,28734.4904672962,-31322.7373774874,-357.095486836528
2020-01-03 19:13:00,NA,NA,-378.209887370095,28781.2914727385,-31258.210171461,-378.209887370095,241920,4031,28763.4794139253,-31287.7888784404,-378.209887370095
2020-01-03 19:14:00,NA,NA,-394.982739157434,28803.3457447902,-31195.6458808106,-394.982739157434,241980,4032,28780.5411040255,-31256.930291844,-394.982739157434
2020-01-03 19:15:00,NA,NA,-387.991247010864,28817.7695100096,-31136.8038733983,-387.991247010864,242040,4033,28788.0746280313,-31227.9862550591,-387.991247010864
2020-01-03 19:16:00,NA,NA,-373.923438013678,28799.2523843482,-31096.2111676453,-373.923438013678,242100,4034,28788.4703611397,-31198.7831564337,-373.923438013678
2020-01-03 19:17:00,NA,NA,-373.414270854961,28788.1806820722,-31073.1616429568,-373.414270854961,242160,4035,28784.112149799,-31167.1471471416,-373.414270854961
2020-01-03 19:18:00,NA,NA,-358.045812693682,28782.621729915,-31068.8832434546,-358.045812693682,242220,4036,28777.3794922,-31130.9021528009,-358.045812693682
2020-01-03 19:19:00,NA,NA,-320.539905893949,28776.0222839654,-31053.0804193489,-320.539905893949,242280,4037,28770.6497147822,-31087.867883053,-320.539905893949
2020-01-03 19:20:00,NA,NA,-321.444164308736,28770.5728329572,-31015.0385200859,-321.444164308736,242340,4038,28766.3001467518,-31035.8578372819,-321.444164308736
2020-01-03 19:21:00,28766.7102946009,-30972.6773046494,NA,28766.7102946009,-30972.6773046494,-299.555632402038,242400,4039,28766.7102946009,-30972.6773046494,-287.8537375533
2020-01-03 19:22:00,NA,NA,-247.841122361976,28767.5658173872,-30905.1832457003,-247.841122361976,242460,4040,28771.566967303,-30897.2792944401,-247.841122361976
2020-01-03 19:23:00,28769.7723393814,-30813.2376024096,NA,28769.7723393814,-30813.2376024096,-237.432584250714,242520,4041,28769.7723393814,-30813.2376024096,-247.725648853637
2020-01-03 19:24:00,NA,NA,-257.119968809614,28765.7145835063,-30717.8088711563,-257.119968809614,242580,4042,28750.6330983575,-30724.3035979929,-257.119968809614
2020-01-03 19:25:00,NA,NA,-236.31065609432,28749.0951666646,-30615.0810147666,-236.31065609432,242640,4043,28715.8712396037,-30630.3341756016,-236.31065609432
2020-01-03 19:26:00,NA,NA,-192.586526225856,28707.2637387272,-30517.7470642209,-192.586526225856,242700,4044,28670.3021162314,-30530.2091661526,-192.586526225856
2020-01-03 19:27:00,NA,NA,-170.657379470714,28657.651994268,-30411.6130271233,-170.657379470714,242760,4045,28618.7311963131,-30422.8027695197,-170.657379470714
2020-01-03 19:28:00,NA,NA,-176.748274093195,28594.8648997081,-30310.096807096,-176.748274093195,242820,4046,28565.9584585555,-30306.9825250185,-176.748274093195
2020-01-03 19:29:00,28516.7827827841,-30181.6082756436,NA,28516.7827827841,-30181.6082756436,-165.354651469919,242880,4047,28516.7827827841,-30181.6082756436,-162.076404872496
2020-01-03 19:30:00,NA,NA,-104.544057778326,28449.6155173984,-30049.121036662,-104.544057778326,242940,4048,28474.88079232,-30045.8568588449,-104.544057778326
2020-01-03 19:31:00,NA,NA,-8.80423053570234,28414.6649346944,-29907.6506146702,-8.80423053570234,243000,4049,28439.4333698622,-29900.1986117292,-8.80423053570235
2020-01-03 19:32:00,NA,NA,59.3705103371555,28388.8555245831,-29756.8813133272,59.3705103371555,243060,4050,28408.5017562776,-29745.4205392666,59.3705103371555
2020-01-03 19:33:00,NA,NA,63.3582714019576,28351.0156836541,-29589.5451772524,63.3582714019576,243120,4051,28380.1513228001,-29582.3013043478,63.3582714019576
2020-01-03 19:34:00,NA,NA,19.5431366031812,28335.7098370162,-29430.6691078609,19.5431366031812,243180,4052,28352.4498014553,-29411.6119401916,19.5431366031812
2020-01-03 19:35:00,NA,NA,17.9902951120951,28320.8819794956,-29270.7414930181,17.9902951120951,243240,4053,28323.4655176563,-29234.1165556443,17.9902951120951
2020-01-03 19:36:00,NA,NA,2.8931143352203,28286.4907338583,-29088.3786854337,2.8931143352203,243300,4054,28291.2656233337,-29050.5730341233,2.8931143352203
2020-01-03 19:37:00,NA,NA,-16.1290446126263,28252.5184415555,-28881.3629963894,-16.1290446126263,243360,4055,28253.9143289875,-28861.733726858,-16.1290446126263
2020-01-03 19:38:00,NA,NA,1.51407731671315,28211.1529416068,-28671.9470379203,1.51407731671315,243420,4056,28209.4711330457,-28668.3461410663,1.51407731671315
2020-01-03 19:39:00,NA,NA,33.3647738221503,28164.7986423401,-28465.4880279199,33.3647738221503,243480,4057,28155.9890469107,-28471.1536236982,33.3647738221503
2020-01-03 19:40:00,NA,NA,0.906879716689382,28098.7872299785,-28264.6170014928,0.906879716689382,243540,4058,28091.5128140706,-28270.896041372,0.906879716689382
2020-01-03 19:41:00,28014.0771216463,-28068.3104571272,NA,28014.0771216463,-28068.3104571272,-47.0103659359224,243600,4059,28014.0771216463,-28068.3104571272,-63.6170287443836
2020-01-03 19:42:00,NA,NA,-152.016771078181,27925.3422528573,-27874.0964647261,-152.016771078181,243660,4060,27922.4315310185,-27864.0781979023,-152.016771078181
2020-01-03 19:43:00,NA,NA,-266.596668682996,27827.5740561752,-27678.5349071308,-266.596668682996,243720,4061,27818.219649386,-27658.6646463695,-266.596668682996
2020-01-03 19:44:00,NA,NA,-375.137488289202,27734.503653572,-27490.2471870381,-375.137488289202,243780,4062,27703.8003136779,-27452.4804958877,-375.137488289202
2020-01-03 19:45:00,NA,NA,-425.156920939984,27631.495419239,-27284.1846712479,-425.156920939984,243840,4063,27581.523024254,-27245.9357349039,-425.156920939984
2020-01-03 19:46:00,NA,NA,-490.901330051148,27520.8841023284,-27055.9862441701,-490.901330051148,243900,4064,27453.7300940237,-27039.4400220189,-490.901330051148
2020-01-03 19:47:00,NA,NA,-624.824276497795,27375.6958034459,-26855.1459518766,-624.824276497795,243960,4065,27322.7587909257,-26833.4030607057,-624.824276497795
2020-01-03 19:48:00,NA,NA,-793.364253791743,27244.7440426088,-26648.2702058512,-793.364253791743,244020,4066,27190.9434757968,-26628.2349740648,-793.364253791743
2020-01-03 19:49:00,NA,NA,-960.947432874673,27111.6587456386,-26438.7183367639,-960.947432874673,244080,4067,27060.6177375847,-26424.346679962,-960.947432874673
2020-01-03 19:50:00,NA,NA,-1103.72645645159,26970.5610593407,-26236.2761541157,-1103.72645645159,244140,4068,26934.1165278564,-26222.1502668928,-1103.72645645159
2020-01-03 19:51:00,26813.7782965551,-26022.0593709164,NA,26813.7782965551,-26022.0593709164,-1193.41744132259,244200,4069,26813.7782965551,-26022.0593709164,-1190.89138644468
2020-01-03 19:52:00,NA,NA,-1245.11584994058,26656.0873415619,-25807.8464077723,-1245.11584994058,244260,4070,26701.4050062464,-25824.3929113092,-1245.11584994058
2020-01-03 19:53:00,NA,NA,-1297.26040738747,26537.3983917419,-25601.4743269058,-1297.26040738747,244320,4071,26596.6373074941,-25629.0854357628,-1297.26040738747
2020-01-03 19:54:00,NA,NA,-1362.08025935964,26418.4634356336,-25396.4552190939,-1362.08025935964,244380,4072,26498.5806840995,-25435.9770059714,-1362.08025935964
2020-01-03 19:55:00,NA,NA,-1453.63314346203,26307.5993499795,-25200.6807211974,-1453.63314346203,244440,4073,26406.3467583843,-25244.9096950008,-1453.63314346203
2020-01-03 19:56:00,NA,NA,-1538.32446465505,26189.4478317992,-25027.6723342099,-1538.32446465505,244500,4074,26319.0524785882,-25055.7274428753,-1538.32446465505
2020-01-03 19:57:00,NA,NA,-1641.33908768998,26076.1766171434,-24839.1318041414,-1641.33908768998,244560,4075,26235.8193111549,-24868.2759138415,-1641.33908768998
2020-01-03 19:58:00,NA,NA,-1699.99610175371,25981.2269269449,-24642.121459973,-1699.99610175371,244620,4076,26155.7724371488,-24682.402355205,-1699.99610175371
2020-01-03 19:59:00,NA,NA,-1789.60309831404,25920.6175440734,-24443.2909618262,-1789.60309831404,244680,4077,26078.0399520684,-24497.9554576117,-1789.60309831404
2020-01-03 20:00:00,NA,NA,-1869.7272417136,25887.1540777638,-24271.8387684728,-1869.7272417136,244740,4078,26001.7520683248,-24314.7852166495,-1869.7272417136
2020-01-03 20:01:00,NA,NA,-1900.39560150286,25849.4324215098,-24103.2492631127,-1900.39560150286,244800,4079,25926.0403196555,-24132.7427956417,-1900.39560150286
2020-01-03 20:02:00,NA,NA,-1907.07211559061,25809.104344737,-23920.914068152,-1907.07211559061,244860,4080,25850.0367667475,-23951.6803895087,-1907.07211559061
2020-01-03 20:03:00,NA,NA,-1936.18789894736,25757.1871941075,-23745.5508985012,-1936.18789894736,244920,4081,25772.8732033405,-23771.4510895733,-1936.18789894736
2020-01-03 20:04:00,NA,NA,-1987.33807683397,25682.2500352911,-23569.5220424611,-1987.33807683397,244980,4082,25693.6803620874,-23591.9087491849,-1987.33807683397
2020-01-03 20:05:00,NA,NA,-1983.7038678283,25603.1814118279,-23390.5037335069,-1983.7038678283,245040,4083,25611.5871194426,-23412.9078500411,-1983.7038678283
2020-01-03 20:06:00,25525.7196988534,-23234.3033690839,NA,25525.7196988534,-23234.3033690839,-1915.34132233066,245100,4084,25525.7196988534,-23234.3033690839,-1928.2770375459
2020-01-03 20:07:00,NA,NA,-1880.30161470335,25420.8287693071,-23070.7713088271,-1880.30161470335,245160,4085,25435.4225254018,-23055.987625682,-1880.30161470335
2020-01-03 20:08:00,NA,NA,-1871.60894553388,25277.0529177058,-22910.0376380004,-1871.60894553388,245220,4086,25340.9226271446,-22878.0011284578,-1871.60894553388
2020-01-03 20:09:00,NA,NA,-1820.16185104292,25145.5190461354,-22747.3067385715,-1820.16185104292,245280,4087,25242.6648398386,-22700.4216655807,-1820.16185104292
2020-01-03 20:10:00,NA,NA,-1741.77982882008,25060.5034051122,-22586.9916842068,-1741.77982882008,245340,4088,25141.0905618876,-22523.3273974753,-1741.77982882008
2020-01-03 20:11:00,NA,NA,-1707.08334991631,24985.1301295988,-22424.527623753,-1707.08334991631,245400,4089,25036.6381581301,-22346.7969283541,-1707.08334991631
2020-01-03 20:12:00,NA,NA,-1676.30911842255,24905.0446033429,-22268.8563403797,-1676.30911842255,245460,4090,24929.7433608135,-22170.9093781231,-1676.30911842255
2020-01-03 20:13:00,NA,NA,-1631.55436179964,24769.6129049114,-22116.8019686527,-1631.55436179964,245520,4091,24820.8396681566,-21995.7444547554,-1631.55436179964
2020-01-03 20:14:00,NA,NA,-1620.17914271339,24632.2360415858,-21965.6843410648,-1620.17914271339,245580,4092,24710.3587408677,-21821.3825272017,-1620.17914271339
2020-01-03 20:15:00,NA,NA,-1629.47723481505,24495.6926917559,-21801.9987594149,-1629.47723481505,245640,4093,24598.7307969821,-21647.9046989047,-1629.47723481505
2020-01-03 20:16:00,NA,NA,-1602.07474431257,24387.6134699664,-21627.1905897696,-1602.07474431257,245700,4094,24486.3850053792,-21475.392881984,-1602.07474431257
2020-01-03 20:17:00,NA,NA,-1567.74334290742,24307.7460192796,-21423.6400048479,-1567.74334290742,245760,4095,24373.7498783403,-21303.9298721621,-1567.74334290742
2020-01-03 20:18:00,NA,NA,-1550.75759137391,24214.3497912481,-21206.6798115661,-1550.75759137391,245820,4096,24261.2536635054,-21133.5994244969,-1550.75759137391
2020-01-03 20:19:00,NA,NA,-1526.20817830104,24121.6227824538,-20992.528908894,-1526.20817830104,245880,4097,24149.3247355881,-20964.4863299926,-1526.20817830104
2020-01-03 20:20:00,24038.3919882066,-20796.6764931574,NA,24038.3919882066,-20796.6764931574,-1485.8111217222,245940,4098,24038.3919882066,-20796.6764931574,-1482.0601070367
2020-01-03 20:21:00,NA,NA,-1427.8694788186,23968.0362190079,-20603.7908339044,-1427.8694788186,246000,4099,23928.8787549641,-20630.2577325548,-1427.8694788186
2020-01-03 20:22:00,NA,NA,-1367.07815475353,23900.7338162246,-20414.9866891356,-1367.07815475353,246060,4100,23821.1837815227,-20465.3220265119,-1367.07815475353
2020-01-03 20:23:00,NA,NA,-1290.10989402711,23820.7493962808,-20251.1737212242,-1290.10989402711,246120,4101,23715.7010050926,-20301.9634308686,-1290.10989402711
2020-01-03 20:24:00,NA,NA,-1247.60062381077,23723.5952708848,-20104.0154375646,-1247.60062381077,246180,4102,23612.8263864222,-20140.2774440091,-1247.60062381077
2020-01-03 20:25:00,NA,NA,-1195.92490400746,23622.8166478042,-19978.0128729459,-1195.92490400746,246240,4103,23512.9582719698,-19980.3610942377,-1195.92490400746
2020-01-03 20:26:00,NA,NA,-1141.387513282,23510.4694594046,-19857.1626944557,-1141.387513282,246300,4104,23416.4977582603,-19822.3130285334,-1141.387513282
2020-01-03 20:27:00,NA,NA,-1081.73724940601,23387.9217177126,-19716.1745532821,-1081.73724940601,246360,4105,23323.8490587593,-19666.2336027822,-1081.73724940601
2020-01-03 20:28:00,NA,NA,-1043.74419830136,23270.4409006655,-19558.0211362247,-1043.74419830136,246420,4106,23235.4198736003,-19512.2249735731,-1043.74419830136
2020-01-03 20:29:00,NA,NA,-995.497951682296,23151.4492092928,-19389.2797879913,-995.497951682296,246480,4107,23151.6217625031,-19360.3911916401,-995.497951682296
2020-01-03 20:30:00,NA,NA,-904.664262954056,23061.4063039088,-19226.04500509,-904.664262954056,246540,4108,23072.8705212215,-19210.8382970373,-904.664262954056
2020-01-03 20:31:00,NA,NA,-810.650755794955,22993.1389365351,-19076.1398684742,-810.650755794955,246600,4109,22999.5865618675,-19063.6744161324,-810.650755794955
2020-01-03 20:32:00,22932.1952974574,-18919.0098605098,NA,22932.1952974574,-18919.0098605098,-769.155873763179,246660,4110,22932.1952974574,-18919.0098605098,-749.703133715105
2020-01-03 20:33:00,22870.6850498353,-18777.5662726017,NA,22870.6850498353,-18777.5662726017,-746.337870607819,246720,4111,22870.6850498353,-18777.5662726017,-715.263840927097
2020-01-03 20:34:00,22815.4717395285,-18640.9823665571,NA,22815.4717395285,-18640.9823665571,-703.762262795803,246780,4112,22815.4717395285,-18640.9823665571,-691.89705974839
2020-01-03 20:35:00,NA,NA,-664.807636690839,22760.4302590496,-18502.2531960722,-664.807636690839,246840,4113,22773.0628739813,-18506.3924500493,-664.807636690839
2020-01-03 20:36:00,NA,NA,-620.150512260395,22725.77708465,-18354.8202356997,-620.150512260395,246900,4114,22743.2055032844,-18373.2948489037,-620.150512260395
2020-01-03 20:37:00,NA,NA,-557.945512820221,22692.7962505531,-18224.0003494759,-557.945512820221,246960,4115,22723.417163883,-18242.1602991522,-557.945512820221
2020-01-03 20:38:00,NA,NA,-506.475783592453,22640.495763409,-18117.0535608991,-506.475783592453,247020,4116,22711.224602402,-18113.4613323984,-506.475783592453
2020-01-03 20:39:00,NA,NA,-454.166307283947,22582.7383585675,-18012.5088238387,-454.166307283947,247080,4117,22704.1615131309,-17987.6727080926,-454.166307283947
2020-01-03 20:40:00,NA,NA,-391.745954351189,22546.6081042297,-17895.0604991176,-391.745954351189,247140,4118,22699.7662820807,-17865.2718477954,-391.745954351189
2020-01-03 20:41:00,NA,NA,-344.701126454109,22555.2021656346,-17765.8614541543,-344.701126454109,247200,4119,22695.5797353639,-17746.7392718715,-344.701126454109
2020-01-03 20:42:00,NA,NA,-308.186504629586,22590.7841104351,-17642.3161505759,-308.186504629586,247260,4120,22689.1428898131,-17632.5590390155,-308.186504629586
2020-01-03 20:43:00,NA,NA,-283.851677543732,22613.0288097629,-17515.3400313394,-283.851677543732,247320,4121,22677.9947037759,-17523.2191890144,-283.851677543732
2020-01-03 20:44:00,NA,NA,-220.834116920396,22620.399129857,-17415.8453297903,-220.834116920396,247380,4122,22659.6698260271,-17419.2121891523,-220.834116920396
2020-01-03 20:45:00,NA,NA,-189.140271531521,22618.1068804902,-17331.180812931,-189.140271531521,247440,4123,22631.6963407376,-17321.0353846638,-189.140271531521
2020-01-03 20:46:00,NA,NA,-136.39127234159,22579.0423055005,-17229.9173623248,-136.39127234159,247500,4124,22591.5935064384,-17229.1914536509,-136.39127234159
2020-01-03 20:47:00,22536.8694869108,-17144.188866877,NA,22536.8694869108,-17144.188866877,-158.595522271159,247560,4125,22536.8694869108,-17144.188866877,-143.159179969556
2020-01-03 20:48:00,NA,NA,-176.732078419765,22498.319548523,-17068.3741053516,-176.732078419765,247620,4126,22467.1896836227,-17066.9202189158,-176.732078419765
2020-01-03 20:49:00,NA,NA,-188.400268015527,22410.5952907163,-17001.3417370276,-188.400268015527,247680,4127,22390.8886616306,-16999.7967136577,-188.400268015527
2020-01-03 20:50:00,NA,NA,-210.748510480837,22330.5370600286,-16944.7374488601,-210.748510480837,247740,4128,22318.4655398812,-16945.6167033619,-210.748510480837
2020-01-03 20:51:00,22260.4229861307,-16907.1903802905,NA,22260.4229861307,-16907.1903802905,-227.840357631943,247800,4129,22260.4229861307,-16907.1903802905,-220.209530593612
2020-01-03 20:52:00,22225.6433975053,-16882.4781596472,NA,22225.6433975053,-16882.4781596472,-211.247470043361,247860,4130,22225.6433975053,-16882.4781596472,-203.434274657281
2020-01-03 20:53:00,NA,NA,-153.971598091202,22222.9670795544,-16861.8578518385,-153.971598091202,247920,4131,22214.9773731162,-16854.9008821232,-153.971598091202
2020-01-03 20:54:00,NA,NA,-80.9029153103189,22244.3866854824,-16834.8669846603,-80.9029153103189,247980,4132,22221.5875569555,-16822.6355781613,-80.9029153103189
2020-01-03 20:55:00,NA,NA,-39.5919134758854,22267.3120985134,-16782.6023149345,-39.5919134758854,248040,4133,22237.1333198202,-16788.760514425,-39.5919134758854
2020-01-03 20:56:00,NA,NA,-11.8911399217162,22281.0921278408,-16739.3354418005,-11.8911399217162,248100,4134,22253.2822049038,-16756.3524855283,-11.8911399217162
2020-01-03 20:57:00,NA,NA,33.942403679443,22272.8680200423,-16720.5593205694,33.942403679443,248160,4135,22261.7023060635,-16728.4896283662,33.942403679443
2020-01-03 20:58:00,22254.0546467986,-16708.2542376143,NA,22254.0546467986,-16708.2542376143,63.2713751076955,248220,4136,22254.0546467986,-16708.2542376143,58.7049331639875
2020-01-03 20:59:00,NA,NA,51.0891581904683,22223.8735076535,-16685.9332549247,51.0891581904683,248280,4137,22226.1491418051,-16697.7361511181,51.0891581904683
2020-01-03 21:00:00,22190.4322948343,-16695.0361774459,NA,22190.4322948343,-16695.0361774459,13.6053225365351,248340,4138,22190.4322948343,-16695.0361774459,19.7755188586577
2020-01-03 21:01:00,NA,NA,8.65159799223727,22151.6290729412,-16711.5426427557,8.65159799223727,248400,4139,22160.0637263405,-16697.2922457979,8.65159799223727
2020-01-03 21:02:00,NA,NA,55.0593397559011,22128.829561283,-16703.873741818,55.0593397559011,248460,4140,22134.4340115321,-16701.7644301226,55.0593397559011
2020-01-03 21:03:00,22109.4947337808,-16705.7442331699,NA,22109.4947337808,-16705.7442331699,105.288122394195,248520,4141,22109.4947337808,-16705.7442331699,136.618017869157
2020-01-03 21:04:00,22080.9466300555,-16706.2204260178,NA,22080.9466300555,-16706.2204260178,202.216671359482,248580,4142,22080.9466300555,-16706.2204260178,234.084056466862
2020-01-03 21:05:00,NA,NA,333.605286679694,22039.5485956477,-16703.5103079783,333.605286679694,248640,4143,22045.5305543842,-16700.3228747353,333.605286679694
2020-01-03 21:06:00,NA,NA,415.688211691754,22009.4716441433,-16711.3179845196,415.688211691754,248700,4144,22007.927476741,-16690.2875013054,415.688211691754
2020-01-03 21:07:00,NA,NA,453.977115545157,21981.2749417326,-16708.1761246312,453.977115545157,248760,4145,21974.8657426355,-16679.6999225982,453.977115545157
2020-01-03 21:08:00,NA,NA,479.706417403914,21955.5358806275,-16684.57710949,479.706417403914,248820,4146,21953.077852865,-16672.1452509533,479.706417403914
2020-01-03 21:09:00,21949.3066214091,-16671.2113733974,NA,21949.3066214091,-16671.2113733974,532.093026463241,248880,4147,21949.3066214091,-16671.2113733974,520.688815233973
2020-01-03 21:10:00,21964.0200968355,-16681.2227542198,NA,21964.0200968355,-16681.2227542198,580.129493199202,248940,4148,21964.0200968355,-16681.2227542198,575.860839522384
2020-01-03 21:11:00,NA,NA,638.391998636796,21983.5683238668,-16708.918776044,638.391998636796,249000,4149,21978.2545113948,-16706.8342102742,638.391998636796
2020-01-03 21:12:00,NA,NA,701.369691230308,21996.6342710307,-16749.02302917,701.369691230308,249060,4150,21989.625123782,-16743.0373565853,701.369691230308
2020-01-03 21:13:00,22001.4619891934,-16782.2316178929,NA,22001.4619891934,-16782.2316178929,751.58072554638,249120,4151,22001.4619891934,-16782.2316178929,757.945575558388
2020-01-03 21:14:00,NA,NA,808.720620330804,22001.634239814,-16837.262477502,808.720620330804,249180,4152,22016.2702703071,-16817.9165660002,808.720620330804
2020-01-03 21:15:00,NA,NA,854.828704660354,22006.4093045028,-16861.1434782319,854.828704660354,249240,4153,22033.2564185207,-16847.9784114683,854.828704660354
2020-01-03 21:16:00,NA,NA,889.542552878148,22030.4838252679,-16877.6003326308,889.542552878148,249300,4154,22050.8035582379,-16871.3956320995,889.542552878148
2020-01-03 21:17:00,22067.2953267686,-16887.1406275026,NA,22067.2953267686,-16887.1406275026,889.910858548575,249360,4155,22067.2953267686,-16887.1406275026,900.169421668576
2020-01-03 21:18:00,22084.1050232674,-16899.111811801,NA,22084.1050232674,-16899.111811801,904.107805941641,249420,4156,22084.1050232674,-16899.111811801,897.649264503573
2020-01-03 21:19:00,NA,NA,899.084924921971,22110.0244986276,-16922.6346609688,899.084924921971,249480,4157,22111.4636631334,-16925.6617705981,899.084924921971
2020-01-03 21:20:00,NA,NA,921.606933480779,22149.8257422224,-16966.9220784995,921.606933480779,249540,4158,22150.1794305769,-16968.986832265,921.606933480779
2020-01-03 21:21:00,NA,NA,980.962513450265,22205.0229631597,-17007.6070961011,980.962513450265,249600,4159,22197.9652652993,-17026.0232574284,980.962513450265
2020-01-03 21:22:00,NA,NA,1064.22915094805,22255.7915127118,-17064.2548147525,1064.22915094805,249660,4160,22252.5424035091,-17093.7198487195,1064.22915094805
2020-01-03 21:23:00,NA,NA,1105.19954980417,22310.1536648298,-17155.2801700577,1105.19954980417,249720,4161,22311.638293277,-17169.0351594531,1105.19954980417
2020-01-03 21:24:00,22372.9845158065,-17248.934711568,NA,22372.9845158065,-17248.934711568,1156.76700010761,249780,4162,22372.9845158065,-17248.934711568,1153.1716919519
2020-01-03 21:25:00,NA,NA,1206.480808569,22430.0985395047,-17337.2043175962,1206.480808569,249840,4163,22435.0124363508,-17331.0786105149,1206.480808569
2020-01-03 21:26:00,NA,NA,1250.11814397987,22490.9884626147,-17433.6539956331,1250.11814397987,249900,4164,22498.9450757525,-17415.8907042952,1250.11814397987
2020-01-03 21:27:00,NA,NA,1287.692354744,22542.1530965225,-17535.1678394964,1287.692354744,249960,4165,22566.7049242758,-17504.4876736674,1287.692354744
2020-01-03 21:28:00,NA,NA,1292.06643505263,22632.6870001272,-17624.9766979323,1292.06643505263,250020,4166,22640.2179733779,-17597.9896617441,1292.06643505263
2020-01-03 21:29:00,22721.4154772449,-17697.5212984449,NA,22721.4154772449,-17697.5212984449,1322.00179113437,250080,4167,22721.4154772449,-17697.5212984449,1325.4797514569
2020-01-03 21:30:00,NA,NA,1378.23098584439,22789.8032436291,-17784.0180878439,1378.23098584439,250140,4168,22811.6417299532,-17803.8043818481,1378.23098584439
2020-01-03 21:31:00,NA,NA,1415.98866428354,22854.3661580323,-17881.0955141468,1415.98866428354,250200,4169,22909.8732200638,-17915.9334231656,1415.98866428354
2020-01-03 21:32:00,NA,NA,1415.04173112677,22912.4333306965,-17998.0205886959,1415.04173112677,250260,4170,23014.4997721737,-18032.5999360919,1415.04173112677
2020-01-03 21:33:00,NA,NA,1389.85794250579,22989.4389146701,-18126.0818405192,1389.85794250579,250320,4171,23123.9170604041,-18152.4995847253,1389.85794250579
2020-01-03 21:34:00,NA,NA,1383.86665941551,23079.162544215,-18267.8280750864,1383.86665941551,250380,4172,23236.5251408474,-18274.3309904251,1383.86665941551
2020-01-03 21:35:00,NA,NA,1370.81067014118,23177.8308284127,-18423.0641974613,1370.81067014118,250440,4173,23350.7269881017,-18396.7945414433,1370.81067014118
2020-01-03 21:36:00,NA,NA,1322.11489905166,23303.9391515596,-18543.7411940448,1322.11489905166,250500,4174,23464.9270344842,-18518.5912041794,1322.11489905166
2020-01-03 21:37:00,NA,NA,1288.73946898247,23433.1382259987,-18640.7414199421,1288.73946898247,250560,4175,23577.5297105805,-18638.4213349659,1288.73946898247
2020-01-03 21:38:00,NA,NA,1274.31155910361,23559.0944574849,-18741.2519905165,1274.31155910361,250620,4176,23686.9379857915,-18754.9834912964,1274.31155910361
2020-01-03 21:39:00,NA,NA,1262.53161491775,23673.2209908396,-18844.9755624781,1262.53161491775,250680,4177,23791.5519075452,-18866.9732414085,1262.53161491775
2020-01-03 21:40:00,NA,NA,1249.97570373371,23809.6111036644,-18950.8547193655,1249.97570373371,250740,4178,23889.7671378348,-18973.0819711322,1249.97570373371
2020-01-03 21:41:00,NA,NA,1228.53043003129,23950.698745761,-19068.8730335835,1228.53043003129,250800,4179,23979.9734857456,-19071.9956869124,1228.53043003129
2020-01-03 21:42:00,24060.5534346281,-19162.3938139111,NA,24060.5534346281,-19162.3938139111,1185.07695175843,250860,4180,24060.5534346281,-19162.3938139111,1189.59199246797
2020-01-03 21:43:00,NA,NA,1175.30930989228,24120.3150040845,-19231.8587983888,1175.30930989228,250920,4181,24129.6055976958,-19244.7031950818,1175.30930989228
2020-01-03 21:44:00,NA,NA,1217.3274616121,24180.6909021151,-19311.7611362821,1217.3274616121,250980,4182,24184.1177313074,-19326.3644251916,1217.3274616121
2020-01-03 21:45:00,24220.7892232462,-19416.5727146545,NA,24220.7892232462,-19416.5727146545,1261.01322537906,251040,4183,24220.7892232462,-19416.5727146545,1264.58672778327
2020-01-03 21:46:00,NA,NA,1307.79755894318,24236.2954320006,-19541.0303309963,1307.79755894318,251100,4184,24237.5007572076,-19522.7844433673,1307.79755894318
2020-01-03 21:47:00,NA,NA,1348.11409014711,24249.6870537255,-19665.9479693341,1348.11409014711,251160,4185,24236.905438153,-19645.483712585,1348.11409014711
2020-01-03 21:48:00,NA,NA,1373.48847946241,24246.0826367631,-19788.7701814432,1373.48847946241,251220,4186,24222.8381515828,-19783.4230601743,1373.48847946241
2020-01-03 21:49:00,NA,NA,1404.60807603844,24216.177775334,-19945.7959967284,1404.60807603844,251280,4187,24199.1214604189,-19935.3689644723,1404.60807603844
2020-01-03 21:50:00,NA,NA,1453.43227864052,24178.1600594076,-20106.9361081702,1453.43227864052,251340,4188,24169.5691016198,-20100.100715662,1453.43227864052
2020-01-03 21:51:00,NA,NA,1523.6991216398,24140.0578667184,-20272.232142401,1523.6991216398,251400,4189,24137.9894745762,-20276.4092991121,1523.6991216398
2020-01-03 21:52:00,NA,NA,1590.5917654856,24112.0341241696,-20459.6084534346,1590.5917654856,251460,4190,24108.1891246115,-20463.0962894602,1590.5917654856
2020-01-03 21:53:00,24083.9762247845,-20658.9727544018,NA,24083.9762247845,-20658.9727544018,1623.75421533016,251520,4191,24083.9762247845,-20658.9727544018,1630.11642652092
2020-01-03 21:54:00,NA,NA,1661.54649227269,24070.409073393,-20845.8863960236,1661.54649227269,251580,4192,24068.5045198352,-20862.9146570084,1661.54649227269
2020-01-03 21:55:00,NA,NA,1703.90462973874,24044.7294632201,-21050.1758828538,1703.90462973874,251640,4193,24062.2974733707,-21074.0313099675,1703.90462973874
2020-01-03 21:56:00,NA,NA,1753.02300425512,24014.0086345144,-21260.7272946105,1753.02300425512,251700,4194,24065.2274865679,-21291.495082318,1753.02300425512
2020-01-03 21:57:00,NA,NA,1837.87109767232,24000.9994416162,-21484.6664155177,1837.87109767232,251760,4195,24077.17531841,-21514.4841489184,1837.87109767232
2020-01-03 21:58:00,NA,NA,1886.06669125527,24018.185183024,-21731.2992054328,1886.06669125527,251820,4196,24098.0299765049,-21742.1817386019,1886.06669125527
2020-01-03 21:59:00,NA,NA,1923.02222788013,24052.0519310412,-21990.9308528517,1923.02222788013,251880,4197,24127.6886155297,-21973.7753870563,1923.02222788013
2020-01-03 22:00:00,NA,NA,1984.88007467695,24117.820649075,-22254.3492198769,1984.88007467695,251940,4198,24166.0564431429,-22208.4561936583,1984.88007467695
2020-01-03 22:01:00,NA,NA,2058.48521319441,24192.9985485548,-22518.2556102866,2058.48521319441,252000,4199,24213.0466332686,-22445.4180815714,2058.48521319441
2020-01-03 22:02:00,NA,NA,2133.39594609072,24252.6557669515,-22771.4258681456,2133.39594609072,252060,4200,24268.5802466703,-22683.8570604306,2133.39594609072
2020-01-03 22:03:00,NA,NA,2181.76538356124,24304.5492084334,-22997.3249892266,2181.76538356124,252120,4201,24332.5861587414,-22922.9704909357,2181.76538356124
2020-01-03 22:04:00,NA,NA,2179.24067507724,24365.765292955,-23206.5184316419,2179.24067507724,252180,4202,24405.0009944443,-23161.9563506822,2179.24067507724
2020-01-03 22:05:00,NA,NA,2217.9140115261,24450.7057929904,-23399.9393194826,2217.9140115261,252240,4203,24485.7690703389,-23400.0125005565,2217.9140115261
2020-01-03 22:06:00,NA,NA,2249.60807763882,24557.6306831353,-23631.7353528117,2249.60807763882,252300,4204,24574.8423436477,-23636.3359510247,2249.60807763882
2020-01-03 22:07:00,24672.1803683089,-23870.1221276438,NA,24672.1803683089,-23870.1221276438,2308.50441527926,252360,4205,24672.1803683089,-23870.1221276438,2311.61433763118
2020-01-03 22:08:00,NA,NA,2395.71626912274,24784.0130718918,-24097.9052717564,2395.71626912274,252420,4206,24777.0023875803,-24100.2952618202,2395.71626912274
2020-01-03 22:09:00,NA,NA,2479.11854716879,24892.9038515157,-24319.2889240725,2479.11854716879,252480,4207,24885.5428727061,-24324.7007377498,2479.11854716879
2020-01-03 22:10:00,24993.2918273147,-24540.9097907364,NA,24993.2918273147,-24540.9097907364,2550.58334952282,252540,4208,24993.2918273147,-24540.9097907364,2556.84208696407
2020-01-03 22:11:00,NA,NA,2601.65309379553,25092.282092554,-24743.86152519,2601.65309379553,252600,4209,25096.0149305895,-24747.145805822,2601.65309379553
2020-01-03 22:12:00,25190.5789149762,-24944.2617557389,NA,25190.5789149762,-24944.2617557389,2600.60012889811,252660,4210,25190.5789149762,-24944.2617557389,2590.12770215827
2020-01-03 22:13:00,NA,NA,2546.63054441359,25293.7545772926,-25139.1514326998,2546.63054441359,252720,4211,25274.8973245679,-25133.3412058226,2546.63054441359
2020-01-03 22:14:00,NA,NA,2491.53906209299,25372.7726991955,-25316.8523486234,2491.53906209299,252780,4212,25349.9859788767,-25313.7774446235,2491.53906209299
2020-01-03 22:15:00,NA,NA,2417.24345652718,25447.5322409181,-25491.1440146031,2417.24345652718,252840,4213,25417.6301297418,-25484.5351416619,2417.24345652718
2020-01-03 22:16:00,NA,NA,2387.19861469763,25505.6648087593,-25642.5288946193,2387.19861469763,252900,4214,25479.6082196229,-25644.5701131722,2387.19861469763
2020-01-03 22:17:00,25537.6935084089,-25792.8283671371,NA,25537.6935084089,-25792.8283671371,2349.35931954032,252960,4215,25537.6935084089,-25792.8283671371,2353.71661453695
2020-01-03 22:18:00,NA,NA,2325.45308982563,25583.1295371582,-25956.1468025721,2325.45308982563,253020,4216,25593.3935614353,-25928.4975871794,2325.45308982563
2020-01-03 22:19:00,NA,NA,2331.15624209055,25650.8946531609,-26122.6192860627,2331.15624209055,253080,4217,25647.1651783105,-26051.7637781654,2331.15624209055
2020-01-03 22:20:00,NA,NA,2374.389967751,25730.8843304879,-26273.0505552998,2374.389967751,253140,4218,25699.2012606839,-26163.054045453,2374.389967751
2020-01-03 22:21:00,NA,NA,2433.96456331546,25809.3580021514,-26418.858765298,2433.96456331546,253200,4219,25749.6931227446,-26262.7845399022,2433.96456331546
2020-01-03 22:22:00,NA,NA,2509.66792223522,25876.9205490223,-26517.5077393604,2509.66792223522,253260,4220,25798.8306662121,-26351.3608386519,2509.66792223522
2020-01-03 22:23:00,NA,NA,2585.25315873114,25941.7335672207,-26602.7074872969,2585.25315873114,253320,4221,25846.8025540351,-26429.1783161321,2585.25315873114
2020-01-03 22:24:00,NA,NA,2627.98842786944,25976.6858019633,-26659.5696206837,2627.98842786944,253380,4222,25893.7963829593,-26496.6225057283,2627.98842786944
2020-01-03 22:25:00,NA,NA,2667.55478989007,25998.8887146115,-26710.3417211816,2667.55478989007,253440,4223,25939.9988551184,-26554.069452435,2667.55478989007
2020-01-03 22:26:00,NA,NA,2691.8006542696,26012.023002117,-26741.5611057189,2691.8006542696,253500,4224,25985.5959488091,-26601.8860568282,2691.8006542696
2020-01-03 22:27:00,NA,NA,2704.01591158343,26035.1433574135,-26754.6727052778,2704.01591158343,253560,4225,26030.7730886027,-26640.4304106709,2704.01591158343
2020-01-03 22:28:00,NA,NA,2694.86727206023,26066.7000745635,-26741.203486121,2694.86727206023,253620,4226,26075.7153149511,-26670.05212446,2694.86727206023
2020-01-03 22:29:00,NA,NA,2688.20976777902,26107.9669631577,-26715.0340812706,2688.20976777902,253680,4227,26120.6074534415,-26691.0926472144,2688.20976777902
2020-01-03 22:30:00,NA,NA,2670.86451819072,26155.0711163198,-26693.2810633069,2670.86451819072,253740,4228,26165.6342838544,-26703.885578798,2670.86451819072
2020-01-03 22:31:00,NA,NA,2641.9540380104,26204.4167871433,-26681.1600064983,2641.9540380104,253800,4229,26210.98070918,-26708.7569750619,2641.9540380104
2020-01-03 22:32:00,NA,NA,2570.30052170345,26248.1718624446,-26692.6915542004,2570.30052170345,253860,4230,26256.8319247471,-26706.0256460865,2570.30052170345
2020-01-03 22:33:00,26303.3735876197,-26696.003447795,NA,26303.3735876197,-26696.003447795,2507.44533114643,253920,4231,26303.3735876197,-26696.003447795,2508.43262875289
2020-01-03 22:34:00,26349.3400678689,-26677.4049147234,NA,26349.3400678689,-26677.4049147234,2467.40464817278,253980,4232,26349.3400678689,-26677.4049147234,2473.11553973752
2020-01-03 22:35:00,NA,NA,2466.10682544516,26389.3724464333,-26650.9886768688,2466.10682544516,254040,4233,26389.3930238552,-26644.4428192409,2466.10682544516
2020-01-03 22:36:00,NA,NA,2480.72664409083,26427.4239233595,-26617.68179529,2480.72664409083,254100,4234,26423.6801278634,-26597.2024298735,2480.72664409083
2020-01-03 22:37:00,NA,NA,2482.43169971209,26455.6783047012,-26581.0990178655,2482.43169971209,254160,4235,26454.0795335607,-26537.6249384527,2482.43169971209
2020-01-03 22:38:00,NA,NA,2459.79589727831,26469.5603039163,-26536.0042831418,2459.79589727831,254220,4236,26482.4658387208,-26467.6402517205,2459.79589727831
2020-01-03 22:39:00,NA,NA,2384.50970639345,26498.3991016149,-26466.521089394,2384.50970639345,254280,4237,26510.7117999521,-26389.168756994,2384.50970639345
2020-01-03 22:40:00,NA,NA,2283.76188887803,26525.6508542129,-26388.0499424032,2283.76188887803,254340,4238,26540.6900456775,-26304.123078812,2283.76188887803
2020-01-03 22:41:00,NA,NA,2186.02938155513,26565.9238458717,-26285.7376620426,2186.02938155513,254400,4239,26574.2747889952,-26214.4098284279,2186.02938155513
2020-01-03 22:42:00,NA,NA,2121.46336177571,26618.053272617,-26176.8437941025,2121.46336177571,254460,4240,26613.3435419924,-26121.9313477821,2121.46336177571
2020-01-03 22:43:00,NA,NA,2054.51960930744,26670.4409112285,-26061.3953663214,2054.51960930744,254520,4241,26659.7788330783,-26028.5874495642,2054.51960930744
2020-01-03 22:44:00,26715.4699289085,-25936.2771549573,NA,26715.4699289085,-25936.2771549573,2012.75732961871,254580,4242,26715.4699289085,-25936.2771549573,2017.35611524173
2020-01-03 22:45:00,NA,NA,2016.62278940793,26774.3923332915,-25813.8787603601,2016.62278940793,254640,4243,26781.7070373527,-25846.5182022567,2016.62278940793
2020-01-03 22:46:00,NA,NA,2041.95924617738,26840.8751540586,-25717.1444303664,2041.95924617738,254700,4244,26857.3598028756,-25759.3016797137,2041.95924617738
2020-01-03 22:47:00,NA,NA,2073.6752829894,26921.5506189115,-25615.0761919385,2073.6752829894,254760,4245,26940.6989604265,-25674.2387726459,2073.6752829894
2020-01-03 22:48:00,NA,NA,2117.96739597432,27008.9009589628,-25513.1845470558,2117.96739597432,254820,4246,27030.0022755835,-25590.9426362057,2117.96739597432
2020-01-03 22:49:00,NA,NA,2144.41225903463,27113.0473355086,-25429.5213207942,2144.41225903463,254880,4247,27123.5529691877,-25509.0280415538,2144.41225903463
2020-01-03 22:50:00,NA,NA,2163.84237140129,27211.0151659392,-25352.7203892721,2163.84237140129,254940,4248,27219.6381470243,-25428.1110235016,2163.84237140129
2020-01-03 22:51:00,NA,NA,2167.08176599299,27310.6425059801,-25287.1792548279,2167.08176599299,255000,4249,27316.5472330575,-25347.8085293067,2167.08176599299
2020-01-03 22:52:00,NA,NA,2182.44221725831,27416.6224125722,-25235.865820926,2182.44221725831,255060,4250,27412.5704047853,-25267.7380683002,2182.44221725831
2020-01-03 22:53:00,NA,NA,2155.43323996885,27513.3002073311,-25176.9619439243,2155.43323996885,255120,4251,27505.9970292824,-25187.5173620283,2155.43323996885
2020-01-03 22:54:00,NA,NA,2121.73492296361,27599.655033272,-25100.6352824633,2121.73492296361,255180,4252,27595.114098501,-25106.7639945866,2121.73492296361
2020-01-03 22:55:00,27678.2046623989,-25025.0950628293,NA,27678.2046623989,-25025.0950628293,2111.30274354763,255240,4253,27678.2046623989,-25025.0950628293,2109.27470017638
2020-01-03 22:56:00,NA,NA,2135.83244982964,27732.7996589082,-24958.7385782793,2135.83244982964,255300,4254,27753.79347867,-24942.1441483643,2135.83244982964
2020-01-03 22:57:00,NA,NA,2208.88173064482,27795.7664580502,-24884.9668322557,2208.88173064482,255360,4255,27821.3873682698,-24857.612951495,2208.88173064482
2020-01-03 22:58:00,NA,NA,2291.59088352739,27869.0187393929,-24789.5719169662,2291.59088352739,255420,4256,27880.7330577308,-24771.2190480638,2291.59088352739
2020-01-03 22:59:00,27931.5697288357,-24682.6783099817,NA,27931.5697288357,-24682.6783099817,2359.53600069601,255480,4257,27931.5697288357,-24682.6783099817,2358.32642354198
2020-01-03 23:00:00,NA,NA,2438.87927315893,27964.2385581062,-24585.47614199,2438.87927315893,255540,4258,27974.6205354504,-24591.895368881,2438.87927315893
2020-01-03 23:01:00,NA,NA,2554.59894017924,28001.5817900486,-24487.4945950951,2554.59894017924,255600,4259,28014.5687128589,-24499.5357336185,2554.59894017924
2020-01-03 23:02:00,28057.0864139322,-24406.4541931881,NA,28057.0864139322,-24406.4541931881,2667.52841983598,255660,4260,28057.0864139322,-24406.4541931881,2652.82180398856
2020-01-03 23:03:00,NA,NA,2717.37018510515,28123.0937929956,-24327.4347841435,2717.37018510515,255720,4261,28106.0775248941,-24313.4638207523,2717.37018510515
2020-01-03 23:04:00,NA,NA,2760.20964579007,28180.1258400806,-24229.9505355023,2760.20964579007,255780,4262,28158.3690572285,-24221.2135428356,2760.20964579007
2020-01-03 23:05:00,NA,NA,2832.33493710556,28220.3335753646,-24127.7073785621,2832.33493710556,255840,4263,28209.0204239534,-24130.3119068647,2832.33493710556
2020-01-03 23:06:00,28253.0895370094,-24041.368693919,NA,28253.0895370094,-24041.368693919,2922.27684819335,255900,4264,28253.0895370094,-24041.368693919,2923.48234832742
2020-01-03 23:07:00,NA,NA,3016.77433574047,28280.2544265412,-23963.6469966668,3016.77433574047,255960,4265,28286.642659835,-23954.8379734157,3016.77433574047
2020-01-03 23:08:00,NA,NA,3104.48190614847,28306.1476437789,-23900.0810938657,3104.48190614847,256020,4266,28309.7941127597,-23870.5459801822,3104.48190614847
2020-01-03 23:09:00,NA,NA,3192.40365479782,28334.4131278166,-23841.6053421214,3192.40365479782,256080,4267,28323.6630720211,-23788.1634935715,3192.40365479782
2020-01-03 23:10:00,NA,NA,3267.39903852465,28337.908946853,-23767.9781714304,3267.39903852465,256140,4268,28329.3602231144,-23707.3630394845,3267.39903852465
2020-01-03 23:11:00,NA,NA,3339.60005260562,28332.400925939,-23673.5750804524,3339.60005260562,256200,4269,28327.9887768465,-23627.8185908516,3339.60005260562
2020-01-03 23:12:00,NA,NA,3358.79088363799,28335.5011894292,-23574.7530262818,3358.79088363799,256260,4270,28320.6454784586,-23549.2052694269,3358.79088363799
2020-01-03 23:13:00,NA,NA,3343.52732718284,28311.4845344895,-23485.7391233001,3343.52732718284,256320,4271,28308.42161082,-23471.1990486298,3343.52732718284
2020-01-03 23:14:00,NA,NA,3333.24140897194,28309.7294329163,-23407.7223651795,3333.24140897194,256380,4272,28292.4039926194,-23393.4764571642,3333.24140897194
2020-01-03 23:15:00,NA,NA,3348.96085513728,28321.4114024182,-23299.7020108024,3348.96085513728,256440,4273,28273.6759724718,-23315.7142831445,3348.96085513728
2020-01-03 23:16:00,NA,NA,3349.68790489374,28323.4801013954,-23219.7214180036,3349.68790489374,256500,4274,28253.318419849,-23237.5892784578,3349.68790489374
2020-01-03 23:17:00,NA,NA,3379.57200540521,28295.7196162498,-23144.0508772885,3379.57200540521,256560,4275,28232.4107137424,-23158.7778630932,3379.57200540521
2020-01-03 23:18:00,NA,NA,3406.25136521226,28239.0239586748,-23084.7205152924,3406.25136521226,256620,4276,28212.0317299628,-23078.9558291667,3406.25136521226
2020-01-03 23:19:00,NA,NA,3389.54405255065,28202.1563611244,-23009.2927364401,3389.54405255065,256680,4277,28193.2608279787,-22997.798044372,3389.54405255065
2020-01-03 23:20:00,28177.1788381975,-22914.9781545854,NA,28177.1788381975,-22914.9781545854,3371.50156036007,256740,4278,28177.1788381975,-22914.9781545854,3371.57617119424
2020-01-03 23:21:00,NA,NA,3361.11816453825,28142.511489383,-22818.251373296,3361.11816453825,256800,4279,28164.6216952875,-22830.6623022643,3361.11816453825
2020-01-03 23:22:00,NA,NA,3353.61601135862,28119.7631932182,-22732.834457712,3353.61601135862,256860,4280,28155.4390920508,-22746.9914194926,3353.61601135862
2020-01-03 23:23:00,NA,NA,3343.2098178066,28119.913852402,-22654.3974694327,3343.2098178066,256920,4281,28149.2364534945,-22666.6010449515,3343.2098178066
2020-01-03 23:24:00,28145.6219303695,-22592.1297184261,NA,28145.6219303695,-22592.1297184261,3302.5286684603,256980,4282,28145.6219303695,-22592.1297184261,3307.97161070037
2020-01-03 23:25:00,NA,NA,3227.61705801173,28161.3965703667,-22526.6444643408,3227.61705801173,257040,4283,28144.2228979533,-22525.668700155,3227.61705801173
2020-01-03 23:26:00,NA,NA,3099.28113682343,28196.0703943709,-22477.4920425107,3099.28113682343,257100,4284,28144.7361903068,-22467.1057012076,3099.28113682343
2020-01-03 23:27:00,NA,NA,2987.86848444545,28218.7681802589,-22433.8983133468,2987.86848444545,257160,4285,28146.87724842,-22415.7829646214,2987.86848444545
2020-01-03 23:28:00,NA,NA,2937.56081036035,28250.063305978,-22386.5295633866,2937.56081036035,257220,4286,28150.3630021954,-22371.0493561295,2937.56081036035
2020-01-03 23:29:00,NA,NA,2895.48713306182,28277.4093959845,-22342.5570094666,2895.48713306182,257280,4287,28154.9116115076,-22332.2597684983,2895.48713306182
2020-01-03 23:30:00,NA,NA,2872.29511937976,28302.5430433596,-22320.2297675135,2872.29511937976,257340,4288,28160.2422084033,-22298.7745314369,2872.29511937976
2020-01-03 23:31:00,NA,NA,2860.53333038816,28291.4782517013,-22290.0664074842,2860.53333038816,257400,4289,28166.0746401934,-22269.9588264894,2860.53333038816
2020-01-03 23:32:00,NA,NA,2886.00057379089,28268.9903179478,-22258.2725706069,2886.00057379089,257460,4290,28172.1292131994,-22245.1821063678,2886.00057379089
2020-01-03 23:33:00,NA,NA,2901.62229889351,28240.878777916,-22226.8126723023,2901.62229889351,257520,4291,28178.1264369203,-22223.8175181943,2901.62229889351
2020-01-03 23:34:00,NA,NA,2905.71474320504,28208.5095489788,-22196.0269172035,2905.71474320504,257580,4292,28183.7867683849,-22205.2413301222,2905.71474320504
2020-01-03 23:35:00,NA,NA,2926.26205798369,28191.3922695385,-22179.1259713644,2926.26205798369,257640,4293,28188.8303564566,-22188.8323608139,2926.26205798369
2020-01-03 23:36:00,28192.976785856,-22173.9714112502,NA,28192.976785856,-22173.9714112502,2973.85371902369,257700,4294,28192.976785856,-22173.9714112502,2962.76731800707
2020-01-03 23:37:00,NA,NA,3031.49091113722,28200.2660453357,-22156.4639886949,3031.49091113722,257760,4295,28197.0960953058,-22161.5318528477,3031.49091113722
2020-01-03 23:38:00,28206.663609724,-22158.3541653113,NA,28206.663609724,-22158.3541653113,3142.09496961636,257820,4296,28206.663609724,-22158.3541653113,3142.46884202941
2020-01-03 23:39:00,NA,NA,3249.44300007273,28232.310652963,-22167.884380257,3249.44300007273,257880,4297,28226.9845921094,-22170.5972254936,3249.44300007273
2020-01-03 23:40:00,NA,NA,3313.14070501929,28264.6445252271,-22179.7643172521,3313.14070501929,257940,4298,28258.0686114931,-22195.7086877454,3313.14070501929
2020-01-03 23:41:00,NA,NA,3360.97136577904,28299.495604006,-22201.6615284898,3360.97136577904,258000,4299,28298.6087626212,-22228.966747594,3360.97136577904
2020-01-03 23:42:00,NA,NA,3384.32327948132,28346.4466806043,-22233.3109600695,3384.32327948132,258060,4300,28347.3067899301,-22265.657051798,3384.32327948132
2020-01-03 23:43:00,NA,NA,3410.18791022615,28406.3210706782,-22276.1388996351,3410.18791022615,258120,4301,28402.8718998305,-22301.0683860855,3410.18791022615
2020-01-03 23:44:00,NA,NA,3438.38463617585,28464.6203199303,-22321.432752163,3438.38463617585,258180,4302,28464.0195799807,-22330.4883658821,3438.38463617585
2020-01-03 23:45:00,28529.4704243345,-22349.1991259679,NA,28529.4704243345,-22349.1991259679,3471.32533533356,258240,4303,28529.4704243345,-22349.1991259679,3485.56265025943
2020-01-03 23:46:00,NA,NA,3532.23709238937,28601.2915364687,-22343.1529378635,3532.23709238937,258300,4304,28598.0720096383,-22353.8376677835,3532.23709238937
2020-01-03 23:47:00,NA,NA,3550.12511733546,28675.3684052304,-22333.6553938204,3550.12511733546,258360,4305,28669.1670050658,-22346.4870197842,3550.12511733546
2020-01-03 23:48:00,NA,NA,3532.36340995308,28751.538928272,-22305.2061647856,3532.36340995308,258420,4306,28742.2234085418,-22330.5839035563,3532.36340995308
2020-01-03 23:49:00,NA,NA,3508.76249954922,28821.9904076716,-22285.5148516239,3508.76249954922,258480,4307,28816.7110120909,-22309.557218128,3508.76249954922
2020-01-03 23:50:00,NA,NA,3484.43021038148,28905.5501500691,-22269.3556743889,3484.43021038148,258540,4308,28892.1009168251,-22286.8311763534,3484.43021038148
2020-01-03 23:51:00,NA,NA,3430.46673727201,28989.381137878,-22252.2334654023,3430.46673727201,258600,4309,28967.8650491599,-22265.8284369756,3430.46673727201
2020-01-03 23:52:00,NA,NA,3352.6221784663,29049.5893347837,-22240.5872971271,3352.6221784663,258660,4310,29043.4756777885,-22249.9732352776,3352.6221784663
2020-01-03 23:53:00,29118.4049309708,-22242.694515184,NA,29118.4049309708,-22242.694515184,3280.05829809376,258720,4311,29118.4049309708,-22242.694515184,3288.96510343824
2020-01-03 23:54:00,NA,NA,3236.20847137147,29189.519971992,-22253.0324363601,3236.20847137147,258780,4312,29192.1505338446,-22245.892313904,3236.20847137147
2020-01-03 23:55:00,29264.3140143861,-22255.3289635413,NA,29264.3140143861,-22255.3289635413,3184.82505653597,258840,4313,29264.3140143861,-22255.3289635413,3181.66846328608
2020-01-03 23:56:00,NA,NA,3123.86808623331,29339.9305940636,-22260.2063083829,3123.86808623331,258900,4314,29334.5193165764,-22266.2250124475,3123.86808623331
2020-01-03 23:57:00,NA,NA,3055.82547802364,29402.2657034093,-22255.5997926828,3055.82547802364,258960,4315,29402.37916423,-22277.7595657502,3055.82547802364
2020-01-03 23:58:00,NA,NA,2958.45016204167,29465.3297825674,-22260.80761506,2958.45016204167,259020,4316,29467.5017785156,-22290.1015731065,2958.45016204167
2020-01-03 23:59:00,NA,NA,2875.84998745615,29510.6039335179,-22301.5281225242,2875.84998745615,259080,4317,29529.4928767677,-22303.420722824,2875.84998745615
2020-01-04 00:01:00,NA,NA,2808.45907587324,29612.4135171786,-22340.6900395651,2808.45907587324,259200,4318,29642.4887093076,-22333.6738274971,2808.45907587324
2020-01-04 00:02:00,NA,NA,2819.77537915203,29683.0180361293,-22347.4749348841,2819.77537915203,259260,4319,29692.6891002462,-22350.9522530944,2819.77537915203
2020-01-04 00:03:00,29738.1485525819,-22369.8970775379,NA,29738.1485525819,-22369.8970775379,2815.65370859204,259320,4320,29738.1485525819,-22369.8970775379,2836.56280753282
2020-01-04 00:04:00,NA,NA,2848.99778711819,29765.7436821839,-22418.7698987359,2848.99778711819,259380,4321,29778.9178466938,-22390.9460484384,2848.99778711819
2020-01-04 00:05:00,NA,NA,2852.36340596408,29786.6157682208,-22458.2196759998,2852.36340596408,259440,4322,29816.8957537106,-22415.5869655589,2852.36340596408
2020-01-04 00:06:00,NA,NA,2851.47714394571,29824.7262745013,-22481.3402282846,2851.47714394571,259500,4323,29854.4415403296,-22445.5729352912,2851.47714394571
2020-01-04 00:07:00,NA,NA,2871.85084345789,29878.4546651329,-22498.1700001463,2871.85084345789,259560,4324,29893.914078385,-22482.661953542,2871.85084345789
2020-01-04 00:08:00,29937.6740023925,-22528.6185136118,NA,29937.6740023925,-22528.6185136118,2908.82830630415,259620,4325,29937.6740023925,-22528.6185136118,2911.72671261242
2020-01-04 00:09:00,29985.5793455482,-22582.8233128187,NA,29985.5793455482,-22582.8233128187,2985.43649910653,259680,4326,29985.5793455482,-22582.8233128187,2969.56695135365
2020-01-04 00:10:00,NA,NA,3047.01183164637,30014.4980197321,-22641.3820182146,3047.01183164637,259740,4327,30029.6990809458,-22637.2055981519,3047.01183164637
2020-01-04 00:11:00,NA,NA,3136.95226440739,30068.0530251767,-22713.1953331505,3136.95226440739,259800,4328,30068.5274115333,-22689.7395521127,3136.95226440739
2020-01-04 00:12:00,NA,NA,3213.98589776112,30110.7949228959,-22762.8740194143,3213.98589776112,259860,4329,30102.7874012007,-22740.506739962,3213.98589776112
2020-01-04 00:13:00,NA,NA,3302.49457218421,30155.8639140582,-22785.0718891188,3302.49457218421,259920,4330,30133.1979351352,-22789.5871109082,3302.49457218421
2020-01-04 00:14:00,NA,NA,3385.33709982505,30198.5190387258,-22828.1242316953,3385.33709982505,259980,4331,30160.4743774745,-22837.059071241,3385.33709982505
2020-01-04 00:15:00,NA,NA,3497.71565566273,30230.6381419666,-22877.9474398113,3497.71565566273,260040,4332,30185.329225661,-22882.9995560513,3497.71565566273
2020-01-04 00:16:00,NA,NA,3600.52295872176,30240.5286040517,-22930.870055987,3600.52295872176,260100,4333,30208.4727621619,-22927.4840996023,3600.52295872176
2020-01-04 00:17:00,NA,NA,3718.76913907438,30251.7496829397,-22973.5810164304,3718.76913907438,260160,4334,30230.6137041595,-22970.5869044213,3718.76913907438
2020-01-04 00:18:00,NA,NA,3837.18630751005,30271.6031165195,-22996.1119200346,3837.18630751005,260220,4335,30252.4598518082,-23012.3809091711,3837.18630751005
2020-01-04 00:19:00,NA,NA,3922.91718583163,30298.5446241855,-23018.1972401746,3922.91718583163,260280,4336,30274.7187356531,-23052.9378553675,3922.91718583163
2020-01-04 00:20:00,NA,NA,4004.61740274624,30316.9599532843,-23059.6876472735,4004.61740274624,260340,4337,30298.0982638009,-23092.3283529997,4004.61740274624
2020-01-04 00:21:00,NA,NA,4069.28514972442,30326.0239771489,-23113.4286959446,4069.28514972442,260400,4338,30323.3073694372,-23130.6219451175,4069.28514972442
2020-01-04 00:22:00,NA,NA,4136.17125634559,30340.9075162903,-23155.2095593072,4136.17125634559,260460,4339,30351.0566592808,-23167.8871714411,4136.17125634559
2020-01-04 00:23:00,NA,NA,4235.11306068581,30367.6370167713,-23192.0757910679,4235.11306068581,260520,4340,30382.0590635692,-23204.191631054,4235.11306068581
2020-01-04 00:24:00,NA,NA,4313.00586446548,30392.8353856603,-23229.1920403544,4313.00586446548,260580,4341,30417.0304881694,-23239.6020442356,4313.00586446548
2020-01-04 00:25:00,NA,NA,4389.89359642747,30428.9157732296,-23271.2591553162,4389.89359642747,260640,4342,30456.6904694108,-23274.1843134894,4389.89359642747
2020-01-04 00:26:00,NA,NA,4459.45300291202,30486.760819748,-23312.7347716077,4459.45300291202,260700,4343,30501.7628322387,-23308.0035838234,4459.45300291202
2020-01-04 00:27:00,NA,NA,4547.20888150175,30546.4833082942,-23341.6856387601,4547.20888150175,260760,4344,30552.9763522906,-23341.1243023379,4547.20888150175
2020-01-04 00:28:00,30611.0654225014,-23373.6102771749,NA,30611.0654225014,-23373.6102771749,4628.55055221943,260820,4345,30611.0654225014,-23373.6102771749,4632.15203562499
2020-01-04 00:29:00,30674.8261265605,-23401.30888307,NA,30674.8261265605,-23401.30888307,4711.79783746928,260880,4346,30674.8261265605,-23401.30888307,4708.15458419983
2020-01-04 00:30:00,30730.9529811206,-23416.0649466073,NA,30730.9529811206,-23416.0649466073,4803.05715500493,260940,4347,30730.9529811206,-23416.0649466073,4776.86308240406
2020-01-04 00:31:00,30758.8268595688,-23446.7192747514,NA,30758.8268595688,-23446.7192747514,4872.31967762229,261000,4348,30758.8268595688,-23446.7192747514,4839.50204568754
2020-01-04 00:32:00,NA,NA,4896.94480116781,30782.7612474658,-23494.5920245182,4896.94480116781,261060,4349,30775.9148263326,-23495.0747036536,4896.94480116781
2020-01-04 00:33:00,NA,NA,4948.34386873992,30813.115748284,-23559.7218174879,4948.34386873992,261120,4350,30790.1631331533,-23556.9254012109,4948.34386873992
2020-01-04 00:34:00,NA,NA,4994.66620252628,30833.8405894136,-23635.7212498819,4994.66620252628,261180,4351,30804.1502532349,-23629.1323121408,4994.66620252628
2020-01-04 00:35:00,NA,NA,5051.07597881051,30842.7195738879,-23722.0570540111,5051.07597881051,261240,4352,30820.4544213262,-23708.5658540751,5051.07597881051
2020-01-04 00:36:00,NA,NA,5096.09467900323,30857.6559182881,-23804.5277406595,5096.09467900323,261300,4353,30841.6559919471,-23792.1030546204,5096.09467900323
2020-01-04 00:37:00,30870.3397995568,-23876.624694755,NA,30870.3397995568,-23876.624694755,5156.14874661164,261360,4354,30870.3397995568,-23876.624694755,5151.41699419759
2020-01-04 00:38:00,30907.8254641385,-23957.5027136136,NA,30907.8254641385,-23957.5027136136,5225.98585467163,261420,4355,30907.8254641385,-23957.5027136136,5212.40883866002
2020-01-04 00:39:00,NA,NA,5263.66802165628,30947.4275355142,-24017.0187854354,5263.66802165628,261480,4356,30950.6439117967,-24026.6644344594,5263.66802165628
2020-01-04 00:40:00,NA,NA,5286.15196315694,30996.0296963219,-24069.1075732591,5286.15196315694,261540,4357,30995.2258320353,-24084.9090535832,5286.15196315694
2020-01-04 00:41:00,NA,NA,5265.64955401643,31042.2515578804,-24116.7680354127,5265.64955401643,261600,4358,31038.2952498475,-24135.6237444943,5265.64955401643
2020-01-04 00:42:00,NA,NA,5245.64256652838,31075.1644239092,-24173.4463871714,5245.64256652838,261660,4359,31076.5748061739,-24182.1887933758,5245.64256652838
2020-01-04 00:43:00,31106.7827602119,-24227.9806911151,NA,31106.7827602119,-24227.9806911151,5244.99742279968,261720,4360,31106.7827602119,-24227.9806911151,5236.71149434326
2020-01-04 00:44:00,31126.9780062409,-24273.2886444358,NA,31126.9780062409,-24273.2886444358,5233.9010246308,261780,4361,31126.9780062409,-24273.2886444358,5228.3810166628
2020-01-04 00:45:00,NA,NA,5207.87388472817,31155.5088793314,-24309.2620848474,5207.87388472817,261840,4362,31140.0196086786,-24308.4510688217,5207.87388472817
2020-01-04 00:46:00,NA,NA,5170.67476670837,31193.9132818373,-24323.5162172795,5170.67476670837,261900,4363,31147.7760312488,-24330.2970742271,5170.67476670837
2020-01-04 00:47:00,NA,NA,5144.65666948721,31209.4955425013,-24315.5646808017,5144.65666948721,261960,4364,31151.5279104748,-24338.0401156974,5144.65666948721
2020-01-04 00:48:00,NA,NA,5143.31377303388,31201.8301748223,-24298.9472198051,5143.31377303388,262020,4365,31152.5522199582,-24330.8807475002,5143.31377303388
2020-01-04 00:49:00,NA,NA,5140.16617744369,31167.2675566802,-24290.2902607004,5140.16617744369,262080,4366,31152.1234385083,-24308.0058923337,5140.16617744369
2020-01-04 00:50:00,31151.5147159052,-24268.5880977591,NA,31151.5147159052,-24268.5880977591,5140.14036304265,262140,4367,31151.5147159052,-24268.5880977591,5143.9267625551
2020-01-04 00:51:00,NA,NA,5127.38648582648,31164.4681329109,-24207.8345611102,5127.38648582648,262200,4368,31151.6148739713,-24212.2687133327,5127.38648582648
2020-01-04 00:52:00,NA,NA,5071.64060472557,31184.0683625611,-24137.9924015639,5071.64060472557,262260,4369,31151.7766586133,-24140.609450115,5071.64060472557
2020-01-04 00:53:00,NA,NA,5029.46071796434,31174.1745799064,-24053.2621060726,5029.46071796434,262320,4370,31150.9687085316,-24055.6419169945,5029.46071796434
2020-01-04 00:54:00,NA,NA,5014.98381472315,31173.2063783834,-23957.9151829737,5014.98381472315,262380,4371,31148.1587752207,-23959.3855497696,5014.98381472315
2020-01-04 00:55:00,NA,NA,5020.89782551646,31172.2389404423,-23853.604578533,5020.89782551646,262440,4372,31142.3127788314,-23853.8494584737,5020.89782551646
2020-01-04 00:56:00,NA,NA,5002.88010268345,31162.4413370949,-23744.5376469159,5002.88010268345,262500,4373,31132.3938623322,-23741.0342651184,5002.88010268345
2020-01-04 00:57:00,NA,NA,4963.4360492607,31132.9799215263,-23634.9588820413,4963.4360492607,262560,4374,31117.3614431209,-23622.9339336555,4963.4360492607
2020-01-04 00:58:00,NA,NA,4935.23886869587,31108.2384668438,-23518.6443017687,4935.23886869587,262620,4375,31096.1702612232,-23501.5375938432,4935.23886869587
2020-01-04 00:59:00,NA,NA,4919.0948661986,31071.1568510176,-23398.9861411241,4919.0948661986,262680,4376,31067.7694232097,-23378.831360688,4919.0948661986
2020-01-04 01:00:00,NA,NA,4884.79297986496,31029.4648816372,-23260.3750782657,4884.79297986496,262740,4377,31031.1014409586,-23256.800151128,4884.79297986496
2020-01-04 01:01:00,NA,NA,4848.79842982195,30981.8801008483,-23129.2705472013,4848.79842982195,262800,4378,30985.1012643838,-23137.4294996197,4848.79842982195
2020-01-04 01:02:00,30928.6953072468,-23022.7073742901,NA,30928.6953072468,-23022.7073742901,4825.94880053253,262860,4379,30928.6953072468,-23022.7073742901,4814.68454736618
2020-01-04 01:03:00,NA,NA,4781.72401903155,30866.9704393403,-22916.3563659305,4781.72401903155,262920,4380,30861.1535056078,-22914.2345798131,4781.72401903155
2020-01-04 01:04:00,NA,NA,4749.37371764642,30780.4930695698,-22814.6485315604,4749.37371764642,262980,4381,30783.1478338096,-22812.0519038693,4749.37371764642
2020-01-04 01:05:00,NA,NA,4718.24762017259,30694.9434905067,-22698.9510149101,4718.24762017259,263040,4382,30695.69373185,-22715.8144730384,4718.24762017259
2020-01-04 01:06:00,NA,NA,4695.26549335512,30564.1751293149,-22596.3626043185,4695.26549335512,263100,4383,30599.7979972449,-22625.1828519907,4695.26549335512
2020-01-04 01:07:00,NA,NA,4670.27849558892,30419.3517200541,-22489.0877409275,4670.27849558892,263160,4384,30496.4597060248,-22539.8227329862,4670.27849558892
2020-01-04 01:08:00,NA,NA,4659.02124908168,30288.9285259059,-22371.8202543676,4659.02124908168,263220,4385,30386.671126593,-22459.4046300827,4659.02124908168
2020-01-04 01:09:00,NA,NA,4658.80607477453,30180.4718780805,-22258.1761635539,4658.80607477453,263280,4386,30271.418627349,-22383.6035777567,4658.80607477453
2020-01-04 01:10:00,NA,NA,4661.3264313621,30060.6459471723,-22170.1639096199,4661.3264313621,263340,4387,30151.6835789142,-22312.0988336592,4661.3264313621
2020-01-04 01:11:00,NA,NA,4647.62840847636,29944.3408905557,-22105.4079219883,4647.62840847636,263400,4388,30028.4432517848,-22244.5735852353,4647.62840847636
2020-01-04 01:12:00,NA,NA,4643.68691477823,29819.3364398826,-22024.4574162606,4643.68691477823,263460,4389,29902.6717102335,-22180.7146599372,4643.68691477823
2020-01-04 01:13:00,NA,NA,4619.92177711539,29707.8182591679,-21947.8171812242,4619.92177711539,263520,4390,29775.3407032795,-22120.2122387684,4619.92177711539
2020-01-04 01:14:00,NA,NA,4552.35345130263,29595.295769164,-21879.3199683486,4552.35345130263,263580,4391,29647.4205535392,-22062.7595728942,4552.35345130263
2020-01-04 01:15:00,NA,NA,4480.28330493296,29471.9604226408,-21792.6182587774,4480.28330493296,263640,4392,29519.881044773,-22008.052703061,4480.28330493296
2020-01-04 01:16:00,NA,NA,4402.5582121154,29340.8726975263,-21740.6900319986,4402.5582121154,263700,4393,29393.6923089387,-21955.7901815673,4402.5582121154
2020-01-04 01:17:00,NA,NA,4320.57002863534,29216.5172997534,-21721.4935492593,4320.57002863534,263760,4394,29269.8257135638,-21905.6727965315,4320.57002863534
2020-01-04 01:18:00,NA,NA,4242.23234345791,29086.0289396973,-21723.7603857997,4242.23234345791,263820,4395,29149.2547502474,-21857.4032982054,4242.23234345791
2020-01-04 01:19:00,NA,NA,4165.43216210472,28963.3863415518,-21721.3164844774,4165.43216210472,263880,4396,29032.9559251057,-21810.6861270819,4165.43216210472
2020-01-04 01:20:00,NA,NA,4132.12479478316,28852.9115003133,-21697.0567220506,4132.12479478316,263940,4397,28921.9096519742,-21765.2271435494,4132.12479478316
2020-01-04 01:21:00,NA,NA,4112.56309472348,28748.7037797115,-21668.8651392792,4112.56309472348,264000,4398,28817.1011491844,-21720.7333588443,4112.56309472348
2020-01-04 01:22:00,NA,NA,4047.78035046664,28664.6886880961,-21629.9492320403,4047.78035046664,264060,4399,28719.5213407357,-21676.9126670567,4047.78035046664
2020-01-04 01:23:00,NA,NA,4025.64906396876,28604.8032286528,-21608.4051190798,4025.64906396876,264120,4400,28630.1677626855,-21633.4735779431,4025.64906396876
2020-01-04 01:24:00,28550.0454755875,-21590.1249503028,NA,28550.0454755875,-21590.1249503028,4044.76039504654,264180,4401,28550.0454755875,-21590.1249503028,4037.50299625845
2020-01-04 01:25:00,NA,NA,4058.74312360201,28499.7335860812,-21557.4173535634,4058.74312360201,264240,4402,28480.7701288304,-21547.3303808776,4058.74312360201
2020-01-04 01:26:00,NA,NA,4071.62066097574,28438.9641441859,-21516.3190747792,4071.62066097574,264300,4403,28426.3759865601,-21508.5727330877,4071.62066097574
2020-01-04 01:27:00,28391.5130738998,-21478.0932193388,NA,28391.5130738998,-21478.0932193388,4079.57047800097,264360,4404,28391.5130738998,-21478.0932193388,4066.73470539537
2020-01-04 01:28:00,28374.4595859061,-21453.2793436538,NA,28374.4595859061,-21453.2793436538,4068.88406124714,264420,4405,28374.4595859061,-21453.2793436538,4051.81361925883
2020-01-04 01:29:00,NA,NA,4038.24608316079,28360.0215693264,-21417.0915319962,4038.24608316079,264480,4406,28353.6692796943,-21410.7563637531,4038.24608316079
2020-01-04 01:30:00,NA,NA,4022.84110823146,28341.6671996936,-21368.9661911775,4022.84110823146,264540,4407,28324.0807699957,-21346.9891145183,4022.84110823146
2020-01-04 01:31:00,NA,NA,3980.17025245897,28313.1065022111,-21290.0507081049,3980.17025245897,264600,4408,28286.3438531577,-21265.1019534021,3980.17025245897
2020-01-04 01:32:00,NA,NA,3978.29708350192,28257.5074203402,-21172.4206087055,3978.29708350192,264660,4409,28241.1008718413,-21168.202663112,3978.29708350192
2020-01-04 01:33:00,NA,NA,3986.1457307295,28219.8222685476,-21036.7030025158,3986.1457307295,264720,4410,28188.987302845,-21059.3852948523,3986.1457307295
2020-01-04 01:34:00,NA,NA,3993.00788402756,28159.2277764688,-20900.313047036,3993.00788402756,264780,4411,28130.6323384419,-20941.7329985472,3993.00788402756
2020-01-04 01:35:00,NA,NA,4013.62271372357,28085.4276960444,-20771.0297155663,4013.62271372357,264840,4412,28066.6594619265,-20818.3208430118,4013.62271372357
2020-01-04 01:36:00,NA,NA,4004.62783572198,28003.766366008,-20653.515648236,4004.62783572198,264900,4413,27997.6870179251,-20692.2186287067,4004.62783572198
2020-01-04 01:37:00,NA,NA,4018.3858803086,27940.5067277485,-20559.4706449104,4018.3858803086,264960,4414,27924.3287779991,-20566.4936956636,4018.3858803086
2020-01-04 01:38:00,NA,NA,4049.71789473186,27857.6545178745,-20454.6487089426,4049.71789473186,265020,4415,27847.1945020623,-20444.2137291564,4049.71789473186
2020-01-04 01:39:00,27766.8904961265,-20328.4495656869,NA,27766.8904961265,-20328.4495656869,4099.13430077493,265080,4416,27766.8904961265,-20328.4495656869,4093.61758905119
2020-01-04 01:40:00,27682.344057285,-20227.0498934481,NA,27682.344057285,-20227.0498934481,4136.32623221287,265140,4417,27682.344057285,-20227.0498934481,4135.66437599151
2020-01-04 01:41:00,NA,NA,4156.98149622534,27594.0733152793,-20149.9873377714,4156.98149622534,265200,4418,27589.1925240586,-20158.9403381869,4156.98149622534
2020-01-04 01:42:00,27495.0645613659,-20115.7488021016,NA,27495.0645613659,-20115.7488021016,4150.73820308899,265260,4419,27495.0645613659,-20115.7488021016,4148.39019376921
2020-01-04 01:43:00,NA,NA,4142.69643722325,27405.7968924659,-20092.8811066874,4142.69643722325,265320,4420,27409.0297975406,-20083.7276383023,4142.69643722325
2020-01-04 01:44:00,NA,NA,4163.17234446079,27333.631834075,-20089.5323260121,4163.17234446079,265380,4421,27332.2576412742,-20059.6451258891,4163.17234446079
2020-01-04 01:45:00,NA,NA,4177.1520227371,27278.9746116306,-20080.6063293463,4177.1520227371,265440,4422,27263.949160053,-20042.9031140728,4177.1520227371
2020-01-04 01:46:00,NA,NA,4215.72774124397,27217.5863064762,-20074.9648088968,4215.72774124397,265500,4423,27203.3131631898,-20032.910166579,4215.72774124397
2020-01-04 01:47:00,NA,NA,4264.79276079362,27148.7857441467,-20061.5403355923,4264.79276079362,265560,4424,27149.5654779893,-20029.0810205111,4264.79276079362
2020-01-04 01:48:00,NA,NA,4286.80494973529,27093.3815163405,-20044.0032236477,4286.80494973529,265620,4425,27101.9282324384,-20030.8360509757,4286.80494973529
2020-01-04 01:49:00,NA,NA,4296.46700370673,27054.1837398361,-20016.2860797691,4296.46700370673,265680,4426,27059.6291436805,-20037.6007408869,4296.46700370673
2020-01-04 01:50:00,NA,NA,4291.55897331286,27040.0402010468,-20007.4141938177,4291.55897331286,265740,4427,27021.9008116084,-20048.8051554519,4291.55897331286
2020-01-04 01:51:00,NA,NA,4308.40480180898,27020.1854812372,-20005.1978332866,4308.40480180898,265800,4428,26987.9800169267,-20063.8834208515,4308.40480180898
2020-01-04 01:52:00,NA,NA,4324.9163086403,27003.3806321404,-20018.3525967498,4324.9163086403,265860,4429,26957.1070230397,-20082.2732066365,4324.9163086403
2020-01-04 01:53:00,NA,NA,4321.24945916228,26973.4558029889,-20041.7418648024,4321.24945916228,265920,4430,26928.5248811261,-20103.4152113673,4321.24945916228
2020-01-04 01:54:00,NA,NA,4332.21163980524,26933.0184269056,-20081.5477802041,4332.21163980524,265980,4431,26901.478737763,-20126.7526510241,4332.21163980524
2020-01-04 01:55:00,NA,NA,4335.2556415605,26892.3396578516,-20126.6536225972,4335.2556415605,266040,4432,26875.2151444681,-20151.7307497198,4335.2556415605
2020-01-04 01:56:00,26848.981368526,-20177.7962322509,NA,26848.981368526,-20177.7962322509,4310.20296746614,266100,4433,26848.981368526,-20177.7962322509,4306.03748102334
2020-01-04 01:57:00,NA,NA,4254.87404932328,26810.8315393291,-20231.3799480017,4254.87404932328,266160,4434,26822.1142269726,-20204.5645678658,4254.87404932328
2020-01-04 01:58:00,NA,NA,4201.58011773259,26769.4040904759,-20271.4863612503,4201.58011773259,266220,4435,26794.3080635965,-20232.3228992188,4201.58011773259
2020-01-04 01:59:00,NA,NA,4159.94381786566,26740.0420529967,-20284.1329931464,4159.94381786566,266280,4436,26765.3458852385,-20261.5270249252,4159.94381786566
2020-01-04 02:00:00,NA,NA,4102.80015228358,26718.0266485719,-20303.1869902996,4102.80015228358,266340,4437,26735.0096412707,-20292.6340661722,4102.80015228358
2020-01-04 02:01:00,26703.0800241758,-20326.1028848022,NA,26703.0800241758,-20326.1028848022,4052.31893107371,266400,4438,26703.0800241758,-20326.1028848022,4050.2666131738
2020-01-04 02:02:00,NA,NA,4027.84211623832,26685.3852058996,-20334.5883946998,4027.84211623832,266460,4439,26669.399151508,-20362.2801995963,4027.84211623832
2020-01-04 02:03:00,NA,NA,4045.17125840869,26658.0446873182,-20338.1176879895,4045.17125840869,266520,4440,26634.0590801915,-20401.0579728357,4045.17125840869
2020-01-04 02:04:00,NA,NA,4077.06678085864,26613.0995482522,-20337.4280134645,4077.06678085864,266580,4441,26597.2132312711,-20442.2162430709,4077.06678085864
2020-01-04 02:05:00,NA,NA,4144.35043004524,26545.5117155184,-20339.5922310161,4144.35043004524,266640,4442,26559.0136484214,-20485.5372263395,4144.35043004524
2020-01-04 02:06:00,NA,NA,4190.89385050623,26473.3758910107,-20325.7230919559,4190.89385050623,266700,4443,26519.6111370533,-20530.8051169151,4190.89385050623
2020-01-04 02:07:00,NA,NA,4209.79801154205,26417.3455713067,-20304.4827676516,4209.79801154205,266760,4444,26479.1554022628,-20577.8058899003,4209.79801154205
2020-01-04 02:08:00,NA,NA,4259.01436363411,26340.8973463136,-20301.6983361164,4259.01436363411,266820,4445,26437.7951857683,-20626.3271054547,4259.01436363411
2020-01-04 02:09:00,NA,NA,4301.12573364952,26249.4486343295,-20329.1792597329,4301.12573364952,266880,4446,26395.6784019658,-20676.1577144754,4301.12573364952
2020-01-04 02:10:00,NA,NA,4363.08074424942,26177.5796421122,-20363.2996818554,4363.08074424942,266940,4447,26352.9522732262,-20727.0878655495,4363.08074424942
2020-01-04 02:11:00,NA,NA,4433.76683180861,26110.7993494465,-20413.5715172626,4433.76683180861,267000,4448,26309.7634645596,-20778.9087130043,4433.76683180861
2020-01-04 02:12:00,NA,NA,4493.28300639277,26023.4741582463,-20459.935590057,4493.28300639277,267060,4449,26266.2582177686,-20831.4122258764,4493.28300639277
2020-01-04 02:13:00,NA,NA,4530.56815778484,25929.6552680712,-20510.7993379036,4530.56815778484,267120,4450,26222.5824852153,-20884.3909976275,4530.56815778484
2020-01-04 02:14:00,NA,NA,4596.79561666498,25854.5044040062,-20582.1631905594,4596.79561666498,267180,4451,26178.8820633231,-20937.6380564304,4596.79561666498
2020-01-04 02:15:00,NA,NA,4682.07572865029,25791.8693061842,-20679.0087910978,4682.07572865029,267240,4452,26135.3027259354,-20990.9466758533,4682.07572865029
2020-01-04 02:16:00,NA,NA,4767.93885632071,25735.6307734374,-20783.1261206238,4767.93885632071,267300,4453,26091.9903576544,-21044.1101857689,4767.93885632071
2020-01-04 02:17:00,NA,NA,4859.30615789738,25691.3493326398,-20896.9018556618,4859.30615789738,267360,4454,26049.0910872803,-21096.9217833142,4859.30615789738
2020-01-04 02:18:00,NA,NA,4904.45132643478,25667.2118086394,-20990.4704136772,4904.45132643478,267420,4455,26006.7514214744,-21149.1743437296,4904.45132643478
2020-01-04 02:19:00,NA,NA,4944.43984433935,25646.1219969727,-21095.3474035267,4944.43984433935,267480,4456,25965.1183787678,-21200.6602309038,4944.43984433935
2020-01-04 02:20:00,NA,NA,5018.54944595776,25606.9655883791,-21202.2442235027,5018.54944595776,267540,4457,25924.3396240381,-21251.1711074498,5018.54944595776
2020-01-04 02:21:00,NA,NA,5078.90823544483,25577.282625479,-21288.3977134417,5078.90823544483,267600,4458,25884.563603577,-21300.497744141,5078.90823544483
2020-01-04 02:22:00,NA,NA,5165.68856052184,25564.9228136675,-21341.4642001235,5165.68856052184,267660,4459,25845.9396808738,-21348.4298285303,5165.68856052184
2020-01-04 02:23:00,NA,NA,5226.73914422115,25564.7499587296,-21402.3468184584,5226.73914422115,267720,4460,25808.618273236,-21394.7557725795,5226.73914422115
2020-01-04 02:24:00,NA,NA,5247.38324013374,25557.0531418257,-21439.4863460629,5247.38324013374,267780,4461,25772.750989376,-21439.2625191203,5247.38324013374
2020-01-04 02:25:00,NA,NA,5254.31865745985,25562.0207369541,-21463.1419256662,5254.31865745985,267840,4462,25738.4907680854,-21481.7353469737,5254.31865745985
2020-01-04 02:26:00,NA,NA,5275.19152006285,25570.9552566606,-21469.4871764201,5275.19152006285,267900,4463,25705.9920181278,-21521.9576745454,5275.19152006285
2020-01-04 02:27:00,NA,NA,5296.57567886622,25575.1257823159,-21477.1846888703,5296.57567886622,267960,4464,25675.4107594745,-21559.7108617205,5296.57567886622
2020-01-04 02:28:00,NA,NA,5277.87951883985,25582.7038354263,-21500.4701973485,5277.87951883985,268020,4465,25646.9047660158,-21594.774009875,5277.87951883985
2020-01-04 02:29:00,NA,NA,5250.63108928265,25577.0817285926,-21548.295152949,5250.63108928265,268080,4466,25620.6337098744,-21626.9237598216,5250.63108928265
2020-01-04 02:30:00,NA,NA,5226.80689944429,25566.9509380652,-21617.2668688507,5226.80689944429,268140,4467,25596.7593074573,-21655.9340875048,5226.80689944429
2020-01-04 02:31:00,NA,NA,5220.50198161524,25557.6079298355,-21675.6984074523,5220.50198161524,268200,4468,25575.445467376,-21681.5760972581,5220.50198161524
2020-01-04 02:32:00,NA,NA,5183.69165390601,25552.5963761198,-21735.0414710445,5183.69165390601,268260,4469,25556.8584403726,-21703.6178124353,5183.69165390601
2020-01-04 02:33:00,NA,NA,5188.61309521805,25541.2225435147,-21758.8860725918,5188.61309521805,268320,4470,25541.1669713881,-21721.8239632229,5188.61309521805
2020-01-04 02:34:00,NA,NA,5198.34116472369,25538.6024526695,-21779.8555640993,5198.34116472369,268380,4471,25528.5424539122,-21735.9557714406,5198.34116472369
2020-01-04 02:35:00,NA,NA,5238.71413176607,25516.7895887572,-21780.2678629495,5238.71413176607,268440,4472,25519.1590867555,-21745.7707321329,5238.71413176607
2020-01-04 02:36:00,25513.1940333879,-21751.0223917516,NA,25513.1940333879,-21751.0223917516,5283.64995999456,268500,4473,25513.1940333879,-21751.0223917516,5294.55701354727
2020-01-04 02:37:00,NA,NA,5360.99695183961,25526.5180894452,-21713.8587840891,5360.99695183961,268560,4474,25510.5387327934,-21751.831290871,5360.99695183961
2020-01-04 02:38:00,NA,NA,5445.08460061322,25538.5697536369,-21700.5405163578,5445.08460061322,268620,4475,25509.9321939532,-21749.7986464528,5445.08460061322
2020-01-04 02:39:00,NA,NA,5552.26085240286,25533.2289770972,-21696.7923912947,5552.26085240286,268680,4476,25509.8264490672,-21746.8942438312,5552.26085240286
2020-01-04 02:40:00,NA,NA,5638.84587678486,25507.4539844021,-21717.3656008991,5638.84587678486,268740,4477,25508.6739881704,-21745.0870712465,5638.84587678486
2020-01-04 02:41:00,NA,NA,5710.95722118883,25507.2823875049,-21739.4409982025,5710.95722118883,268800,4478,25504.9263437036,-21746.3471207839,5710.95722118883
2020-01-04 02:42:00,25497.0326741765,-21752.6471902649,NA,25497.0326741765,-21752.6471902649,5775.19290521792,268860,4479,25497.0326741765,-21752.6471902649,5782.12192283448
2020-01-04 02:43:00,NA,NA,5845.01322317661,25486.7538227822,-21762.5511943036,5845.01322317661,268920,4480,25485.1911699007,-21763.857281897,5845.01322317661
2020-01-04 02:44:00,25476.6080295282,-21771.4218781858,NA,25476.6080295282,-21771.4218781858,5914.59350165954,268980,4481,25476.6080295282,-21771.4218781858,5891.33944053511
2020-01-04 02:45:00,25481.4502174371,-21766.5802652278,NA,25481.4502174371,-21766.5802652278,5953.31605382444,269040,4482,25481.4502174371,-21766.5802652278,5929.63619791989
2020-01-04 02:46:00,25500.5020213991,-21756.1070388121,NA,25500.5020213991,-21756.1070388121,5979.2188753564,269100,4483,25500.5020213991,-21756.1070388121,5972.40820759067
2020-01-04 02:47:00,NA,NA,6032.41912455147,25492.2184884688,-21770.6719978445,6032.41912455147,269160,4484,25493.918838884,-21770.101149878,6032.41912455147
2020-01-04 02:48:00,NA,NA,6111.78857267255,25463.7732183921,-21806.958927171,6111.78857267255,269220,4485,25467.6837349206,-21805.5101603297,6111.78857267255
2020-01-04 02:49:00,25442.777647498,-21849.0272173066,NA,25442.777647498,-21849.0272173066,6189.28390164483,269280,4486,25442.777647498,-21849.0272173066,6176.5971376494
2020-01-04 02:50:00,NA,NA,6218.71478054038,25430.7273059919,-21896.046017762,6218.71478054038,269340,4487,25435.2823889992,-21890.9785797283,6218.71478054038
2020-01-04 02:51:00,NA,NA,6242.51606136821,25450.8642095064,-21931.2193533622,6242.51606136821,269400,4488,25441.6934223996,-21936.1925286295,6242.51606136821
2020-01-04 02:52:00,25453.6185885994,-21993.1260291396,NA,25453.6185885994,-21993.1260291396,6261.59795709394,269460,4489,25453.6185885994,-21993.1260291396,6263.9577763179
2020-01-04 02:53:00,NA,NA,6285.02977826525,25441.4211528093,-22060.44087644,6285.02977826525,269520,4490,25463.6960488506,-22067.8873471405,6285.02977826525
2020-01-04 02:54:00,NA,NA,6300.92615196931,25440.8622653813,-22150.738523763,6300.92615196931,269580,4491,25468.66357206,-22157.1629422279,6300.92615196931
2020-01-04 02:55:00,NA,NA,6308.77872688948,25447.7044636232,-22260.7113037067,6308.77872688948,269640,4492,25466.2795291076,-22255.2931333138,6308.77872688948
2020-01-04 02:56:00,25454.295565796,-22356.6263380402,NA,25454.295565796,-22356.6263380402,6324.83089876246,269700,4493,25454.295565796,-22356.6263380402,6335.9692675964
2020-01-04 02:57:00,25428.6376305803,-22456.2852565375,NA,25428.6376305803,-22456.2852565375,6367.03616218322,269760,4494,25428.6376305803,-22456.2852565375,6372.65397167571
2020-01-04 02:58:00,NA,NA,6397.16147030135,25371.9729021742,-22566.2852366016,6397.16147030135,269820,4495,25380.5058446859,-22552.7691005203,6397.16147030135
2020-01-04 02:59:00,NA,NA,6393.79504600201,25287.759533508,-22669.274994481,6393.79504600201,269880,4496,25309.4820453201,-22646.5155394546,6393.79504600201
2020-01-04 03:00:00,NA,NA,6389.70425279513,25171.8297901002,-22770.3318809993,6389.70425279513,269940,4497,25217.6818063861,-22738.2522278801,6389.70425279513
2020-01-04 03:01:00,NA,NA,6442.68193805032,25057.6753220667,-22847.0371763423,6442.68193805032,270000,4498,25107.2016968028,-22828.7049821885,6442.68193805032
2020-01-04 03:02:00,NA,NA,6474.65571695452,24936.985313162,-22922.9311658367,6474.65571695452,270060,4499,24980.1211989127,-22918.5984444812,6474.65571695452
2020-01-04 03:03:00,NA,NA,6487.43658059793,24812.6408323324,-23009.1221802431,6487.43658059793,270120,4500,24838.5046107375,-23008.6567453715,6487.43658059793
2020-01-04 03:04:00,NA,NA,6511.70422089298,24666.5878464892,-23098.3320419544,6511.70422089298,270180,4501,24684.4029342427,-23099.6041663271,6511.70422089298
2020-01-04 03:05:00,24519.8557514059,-23192.1658021546,NA,24519.8557514059,-23192.1658021546,6536.13182244787,270240,4502,24519.8557514059,-23192.1658021546,6532.59695751327
2020-01-04 03:06:00,NA,NA,6538.88006789812,24356.4635265283,-23289.5452569041,6538.88006789812,270300,4503,24346.8903959451,-23286.8899531742,6538.88006789812
2020-01-04 03:07:00,NA,NA,6536.05028525619,24199.4576867212,-23371.3455449311,6536.05028525619,270360,4504,24167.5157234067,-23383.6137817361,6536.05028525619
2020-01-04 03:08:00,NA,NA,6567.402407057,24043.0054636006,-23443.6114426526,6567.402407057,270420,4505,23983.7320297187,-23481.998009609,6567.402407057
2020-01-04 03:09:00,NA,NA,6618.55158431799,23879.107900608,-23532.6540549339,6618.55158431799,270480,4506,23797.5355780066,-23581.7048773657,6618.55158431799
2020-01-04 03:10:00,NA,NA,6635.46371733922,23705.8749602439,-23648.511040386,6635.46371733922,270540,4507,23610.9204246093,-23682.3978353921,6635.46371733922
2020-01-04 03:11:00,NA,NA,6634.60278597924,23540.0252260922,-23764.0123712229,6634.60278597924,270600,4508,23425.880243018,-23783.7412360397,6634.60278597924
2020-01-04 03:12:00,NA,NA,6600.70985686881,23380.9930321789,-23865.9946315814,6600.70985686881,270660,4509,23244.410147465,-23885.4000266077,6600.70985686881
2020-01-04 03:13:00,NA,NA,6550.76828747047,23203.0762941926,-23965.4704791309,6550.76828747047,270720,4510,23068.5085178312,-23987.0394428708,6550.76828747047
2020-01-04 03:14:00,NA,NA,6546.8345100128,23010.11917278,-24078.6672911232,6546.8345100128,270780,4511,22900.1788275425,-24088.3247028722,6546.8345100128
2020-01-04 03:15:00,NA,NA,6536.01562897539,22814.9863986641,-24184.5449470277,6536.01562897539,270840,4512,22741.431476126,-24188.9207007003,6536.01562897539
2020-01-04 03:16:00,NA,NA,6516.65483188803,22636.5814474877,-24286.0687444889,6516.65483188803,270900,4513,22594.2856281023,-24288.4916999701,6516.65483188803
2020-01-04 03:17:00,NA,NA,6523.05313063756,22485.6936246702,-24379.403261665,6523.05313063756,270960,4514,22460.7710598961,-24386.7010267268,6523.05313063756
2020-01-04 03:18:00,22342.9300164532,-24483.2107614934,NA,22342.9300164532,-24483.2107614934,6550.11043417221,271020,4515,22342.9300164532,-24483.2107614934,6549.16074788693
2020-01-04 03:19:00,22237.7394870363,-24579.2877833858,NA,22237.7394870363,-24579.2877833858,6590.15846137177,271080,4516,22237.7394870363,-24579.2877833858,6587.95503777731
2020-01-04 03:20:00,NA,NA,6635.82708431694,22136.3685347341,-24671.5947082544,6635.82708431694,271140,4517,22127.1110658656,-24680.8669083818,6635.82708431694
2020-01-04 03:21:00,NA,NA,6671.19771115421,22027.9938924972,-24781.4176143577,6671.19771115421,271200,4518,22008.8420881678,-24788.4645120562,6671.19771115421
2020-01-04 03:22:00,NA,NA,6657.98534743696,21923.5457685469,-24900.2679086206,6657.98534743696,271260,4519,21885.9652354935,-24900.8451004615,6657.98534743696
2020-01-04 03:23:00,NA,NA,6704.77444713475,21812.5640118472,-25021.9605295168,6704.77444713475,271320,4520,21761.5089746835,-25016.7775548331,6704.77444713475
2020-01-04 03:24:00,NA,NA,6724.1133472373,21674.2796851828,-25140.0203725081,6724.1133472373,271380,4521,21638.5003281686,-25135.0340052706,6724.1133472373
2020-01-04 03:25:00,21519.9676427686,-25254.3887075692,NA,21519.9676427686,-25254.3887075692,6714.63894245846,271440,4522,21519.9676427686,-25254.3887075692,6724.59029494806
2020-01-04 03:26:00,NA,NA,6709.91972208946,21386.5959557711,-25380.0678178876,6709.91972208946,271500,4523,21408.2593539619,-25373.5906506692,6709.91972208946
2020-01-04 03:27:00,NA,NA,6676.92868144411,21272.3294730993,-25508.8729338671,6676.92868144411,271560,4524,21302.9939917269,-25491.2835938376,6676.92868144411
2020-01-04 03:28:00,NA,NA,6641.00113735751,21182.8498842316,-25631.8712477238,6641.00113735751,271620,4525,21203.1119744265,-25606.0836451341,6641.00113735751
2020-01-04 03:29:00,NA,NA,6601.69556145234,21104.4302371901,-25741.9370718299,6601.69556145234,271680,4526,21107.5586444368,-25716.6042662881,6601.69556145234
2020-01-04 03:30:00,NA,NA,6560.84258738285,21036.2525815222,-25854.4090321269,6560.84258738285,271740,4527,21015.2833034603,-25821.4550044868,6560.84258738285
2020-01-04 03:31:00,NA,NA,6513.34653208753,20960.9896967739,-25944.9037586635,6513.34653208753,271800,4528,20925.23825147,-25919.2402205678,6513.34653208753
2020-01-04 03:32:00,NA,NA,6492.25940334148,20861.6783958406,-26019.251941521,6492.25940334148,271860,4529,20836.3778283948,-26008.5578124578,6492.25940334148
2020-01-04 03:33:00,NA,NA,6459.07742532151,20763.0248753474,-26098.004044607,6459.07742532151,271920,4530,20747.6574576678,-26087.9979326943,6459.07742532151
2020-01-04 03:34:00,20658.0326907652,-26156.1416988589,NA,20658.0326907652,-26156.1416988589,6449.28176179892,271980,4531,20658.0326907652,-26156.1416988589,6449.2608843837
2020-01-04 03:35:00,NA,NA,6449.81993818159,20523.0248335373,-26198.2859463567,6449.81993818159,272040,4532,20566.8012109624,-26212.0419170092,6449.81993818159
2020-01-04 03:36:00,NA,NA,6429.08463648048,20409.381070966,-26226.7498116568,6429.08463648048,272100,4533,20474.6311305218,-26256.668365774,6429.08463648048
2020-01-04 03:37:00,NA,NA,6367.16798409277,20324.3521300776,-26271.428950851,6367.16798409277,272160,4534,20382.5326613155,-26291.4625303234,6367.16798409277
2020-01-04 03:38:00,NA,NA,6289.2311750318,20255.3139697092,-26314.3004689545,6289.2311750318,272220,4535,20291.5160808297,-26317.8569023359,6289.2311750318
2020-01-04 03:39:00,NA,NA,6243.20353423621,20183.8732735137,-26345.9496893717,6243.20353423621,272280,4536,20202.5926562482,-26337.2762903379,6243.20353423621
2020-01-04 03:40:00,NA,NA,6215.79764284549,20111.84293587,-26356.8287546743,6215.79764284549,272340,4537,20116.7755694361,-26351.139122964,6215.79764284549
2020-01-04 03:41:00,20035.0808436797,-26360.8587463791,NA,20035.0808436797,-26360.8587463791,6225.33225293085,272400,4538,20035.0808436797,-26360.8587463791,6237.48230116433
2020-01-04 03:42:00,NA,NA,6274.68491430736,19961.2865822533,-26367.6655675671,6274.68491430736,272460,4539,19957.5743614694,-26367.6732509801,6274.68491430736
2020-01-04 03:43:00,NA,NA,6286.80912270725,19884.977478481,-26382.6203289097,6286.80912270725,272520,4540,19880.5100145352,-26372.1321737487,6286.80912270725
2020-01-04 03:44:00,NA,NA,6291.33871539787,19796.9801123694,-26378.3723967947,6291.33871539787,272580,4541,19799.1881863585,-26374.6114303647,6291.33871539787
2020-01-04 03:45:00,19708.905365215,-26375.4851257345,NA,19708.905365215,-26375.4851257345,6295.04340734063,272640,4542,19708.905365215,-26375.4851257345,6312.61239819791
2020-01-04 03:46:00,NA,NA,6312.07062349484,19617.5335730622,-26373.1682222664,6312.07062349484,272700,4543,19606.2133164002,-26375.1709193176,6312.07062349484
2020-01-04 03:47:00,NA,NA,6267.20341792532,19522.3455830421,-26375.8285716115,6267.20341792532,272760,4544,19492.7065806189,-26374.265484695,6267.20341792532
2020-01-04 03:48:00,NA,NA,6252.58652323835,19400.4598447157,-26367.4729106082,6252.58652323835,272820,4545,19371.2332769329,-26373.4099776882,6252.58652323835
2020-01-04 03:49:00,19244.6342375474,-26373.2455998936,NA,19244.6342375474,-26373.2455998936,6237.92830986233,272880,4546,19244.6342375474,-26373.2455998936,6239.01002437663
2020-01-04 03:50:00,NA,NA,6182.30478139361,19094.0363668464,-26385.2075777775,6182.30478139361,272940,4547,19115.6696672775,-26374.6496442922,6182.30478139361
2020-01-04 03:51:00,NA,NA,6076.46626458907,18959.6408407948,-26398.767575733,6076.46626458907,273000,4548,18986.7938362895,-26379.4427189619,6076.46626458907
2020-01-04 03:52:00,NA,NA,6008.36759515629,18817.8907506697,-26414.1496859626,6008.36759515629,273060,4549,18860.3851560152,-26389.6839923452,6008.36759515629
2020-01-04 03:53:00,NA,NA,5942.97357684474,18691.6181374988,-26443.1196662055,5942.97357684474,273120,4550,18738.8242949329,-26407.43761684,5942.97357684474
2020-01-04 03:54:00,NA,NA,5898.63082297798,18607.1744910701,-26459.9058807559,5898.63082297798,273180,4551,18624.4963560883,-26434.7746166962,5898.63082297798
2020-01-04 03:55:00,NA,NA,5887.39685533336,18520.9528304095,-26481.0546926967,5887.39685533336,273240,4552,18519.7930586839,-26473.7747822899,5887.39685533336
2020-01-04 03:56:00,18427.1149257339,-26526.528572447,NA,18427.1149257339,-26526.528572447,5874.09103923528,273300,4553,18427.1149257339,-26526.528572447,5888.55770372025
2020-01-04 03:57:00,NA,NA,5884.04855197995,18345.3363193263,-26602.0999013128,5884.04855197995,273360,4554,18347.1220132886,-26593.1160580681,5884.04855197995
2020-01-04 03:58:00,18273.4797937425,-26665.5377198502,NA,18273.4797937425,-26665.5377198502,5868.85617887447,273420,4555,18273.4797937425,-26665.5377198502,5865.11199503155
2020-01-04 03:59:00,NA,NA,5851.27616095645,18199.5995600657,-26705.2476900061,5851.27616095645,273480,4556,18199.4637235112,-26735.4288248325,5851.27616095645
2020-01-04 04:00:00,NA,NA,5861.53086260142,18132.2624699878,-26742.7836401647,5861.53086260142,273540,4557,18123.77172977,-26801.032296078,5861.53086260142
2020-01-04 04:01:00,NA,NA,5882.24864619081,18052.1360066355,-26762.0969542388,5882.24864619081,273600,4558,18046.4558469553,-26862.2395513109,5882.24864619081
2020-01-04 04:02:00,NA,NA,5897.94721278161,17954.7073602114,-26798.7889738119,5897.94721278161,273660,4559,17967.5666239905,-26918.9379869328,5897.94721278161
2020-01-04 04:03:00,NA,NA,5925.79816036322,17870.1310895754,-26869.6980377527,5925.79816036322,273720,4560,17887.1531706127,-26971.0108750887,5925.79816036322
2020-01-04 04:04:00,NA,NA,5956.79218720442,17797.2430755743,-26943.4096863842,5956.79218720442,273780,4561,17805.26320232,-27018.3372569193,5956.79218720442
2020-01-04 04:05:00,NA,NA,6000.35829682068,17698.7065304273,-27022.8516828858,6000.35829682068,273840,4562,17721.9430840292,-27060.7918319329,6000.35829682068
2020-01-04 04:06:00,NA,NA,6028.56461955278,17605.8672022449,-27081.9893661653,6028.56461955278,273900,4563,17637.2378724921,-27098.2448434003,6028.56461955278
2020-01-04 04:07:00,NA,NA,6104.90705247574,17533.9797372726,-27148.7291791403,6104.90705247574,273960,4564,17551.1913575134,-27130.561959673,6104.90705247574
2020-01-04 04:08:00,NA,NA,6180.72738079737,17454.7086299612,-27206.7276993298,6180.72738079737,274020,4565,17463.8461020076,-27157.6041513141,6180.72738079737
2020-01-04 04:09:00,NA,NA,6250.41434218461,17379.3149424936,-27244.1813323518,6250.41434218461,274080,4566,17375.2434809333,-27179.2275639317,6250.41434218461
2020-01-04 04:10:00,NA,NA,6348.99867908646,17341.2230077194,-27239.6102453482,6348.99867908646,274140,4567,17285.4237191396,-27195.2833865985,6348.99867908646
2020-01-04 04:11:00,NA,NA,6447.96721690874,17286.5618386038,-27234.7213961527,6447.96721690874,274200,4568,17194.425928161,-27205.6177157374,6447.96721690874
2020-01-04 04:12:00,NA,NA,6549.0123899609,17219.1332063262,-27228.0019528406,6549.0123899609,274260,4569,17102.2881419931,-27210.0714143478,6549.0123899609
2020-01-04 04:13:00,NA,NA,6624.58460569018,17148.8326852448,-27219.5090598924,6624.58460569018,274320,4570,17009.0473518828,-27208.4799664457,6624.58460569018
2020-01-04 04:14:00,NA,NA,6676.24084624399,17045.0166394302,-27203.7430796656,6676.24084624399,274380,4571,16914.7395401644,-27200.6733265828,6676.24084624399
2020-01-04 04:15:00,NA,NA,6687.24893856675,16901.1336204829,-27194.5751315164,6687.24893856675,274440,4572,16819.3997131726,-27186.4757643082,6687.24893856675
2020-01-04 04:16:00,NA,NA,6670.07104935665,16734.0603051415,-27177.712862123,6670.07104935665,274500,4573,16723.0619332633,-27165.7057034295,6670.07104935665
2020-01-04 04:17:00,NA,NA,6651.2780560892,16564.3918588216,-27163.8719531957,6651.2780560892,274560,4574,16625.75934997,-27138.1755559271,6651.2780560892
2020-01-04 04:18:00,NA,NA,6681.05350701939,16426.4366325812,-27144.7621364614,6681.05350701939,274620,4575,16527.5242303263,-27103.6915503693,6681.05350701939
2020-01-04 04:19:00,NA,NA,6691.39484896701,16339.0889941034,-27124.7852661217,6691.39484896701,274680,4576,16428.3879883798,-27062.0535546715,6691.39484896701
2020-01-04 04:20:00,NA,NA,6699.10073533579,16264.7662050596,-27085.8220597382,6699.10073533579,274740,4577,16328.3812139269,-27013.054893037,6699.10073533579
2020-01-04 04:21:00,NA,NA,6712.96407902772,16185.6588705207,-27046.152311544,6712.96407902772,274800,4578,16227.5337004933,-26956.4821569131,6712.96407902772
2020-01-04 04:22:00,NA,NA,6733.06260913993,16102.2820628548,-26972.4438750051,6733.06260913993,274860,4579,16125.8744725858,-26892.1150097875,6733.06260913993
2020-01-04 04:23:00,NA,NA,6775.90134039667,16020.4174618776,-26882.6014100793,6775.90134039667,274920,4580,16023.4318122408,-26819.7259856489,6775.90134039667
2020-01-04 04:24:00,NA,NA,6830.24190926097,15931.2244639936,-26792.589335731,6830.24190926097,274980,4581,15920.2332848943,-26739.0802809254,6830.24190926097
2020-01-04 04:25:00,NA,NA,6873.28101620227,15829.3325986781,-26681.2286348806,6873.28101620227,275040,4582,15816.3057645952,-26649.9355397121,6873.28101620227
2020-01-04 04:26:00,NA,NA,6923.72557949381,15719.409317528,-26561.2075300342,6923.72557949381,275100,4583,15711.6754585875,-26552.0416320898,6923.72557949381
2020-01-04 04:27:00,NA,NA,6993.28116529974,15610.1565997838,-26453.0664556426,6993.28116529974,275160,4584,15606.3679312815,-26445.1404253331,6993.28116529974
2020-01-04 04:28:00,15500.4081276375,-26328.965547799,NA,15500.4081276375,-26328.965547799,7056.83906559873,275220,4585,15500.4081276375,-26328.965547799,7067.73876132905
2020-01-04 04:29:00,NA,NA,7139.98108537844,15408.3788592855,-26199.7835005398,7139.98108537844,275280,4586,15393.8554287299,-26203.4424327758,7139.98108537844
2020-01-04 04:30:00,NA,NA,7200.74703941449,15322.5289543093,-26066.4637655218,7200.74703941449,275340,4587,15286.90881003,-26069.289147098,7200.74703941449
2020-01-04 04:31:00,NA,NA,7234.03821631057,15238.3317684936,-25941.1820469336,7234.03821631057,275400,4588,15179.801918426,-25927.4161476197,7234.03821631057
2020-01-04 04:32:00,NA,NA,7266.08690688758,15151.0150720392,-25816.9905264745,7266.08690688758,275460,4589,15072.7682542057,-25778.7268300138,7266.08690688758
2020-01-04 04:33:00,NA,NA,7295.23452141676,15089.5136104133,-25697.1757207405,7295.23452141676,275520,4590,14966.041384652,-25624.1183551562,7295.23452141676
2020-01-04 04:34:00,NA,NA,7336.99328600327,15021.3159117292,-25569.063795044,7336.99328600327,275580,4591,14859.8551576831,-25464.4824697507,7336.99328600327
2020-01-04 04:35:00,NA,NA,7374.54951499334,14955.043150163,-25429.2491118627,7374.54951499334,275640,4592,14754.4439157512,-25300.7063219999,7374.54951499334
2020-01-04 04:36:00,NA,NA,7384.4356755446,14873.9216901263,-25274.6253574725,7384.4356755446,275700,4593,14650.0427101917,-25133.6732730713,7384.4356755446
2020-01-04 04:37:00,NA,NA,7391.47619764309,14768.535196445,-25126.5370478795,7391.47619764309,275760,4594,14546.8875162232,-24964.2637050989,7391.47619764309
2020-01-04 04:38:00,NA,NA,7347.28264352384,14685.2877491792,-24978.931767224,7347.28264352384,275820,4595,14445.2154487909,-24793.3558264608,7347.28264352384
2020-01-04 04:39:00,NA,NA,7313.5636797383,14617.5817765891,-24845.2327004217,7313.5636797383,275880,4596,14345.264979454,-24621.8264750692,7313.5636797383
2020-01-04 04:40:00,NA,NA,7308.70431897904,14552.5137094154,-24714.7585374922,7308.70431897904,275940,4597,14247.276154513,-24450.5519204059,7308.70431897904
2020-01-04 04:41:00,NA,NA,7282.17052866614,14479.8079022591,-24571.0091082277,7282.17052866614,276000,4598,14151.4908145785,-24280.408665039,7282.17052866614
2020-01-04 04:42:00,NA,NA,7233.73077806009,14409.1563817888,-24409.8560077697,7233.73077806009,276060,4599,14058.1528157803,-24112.2742463526,7233.73077806009
2020-01-04 04:43:00,NA,NA,7143.16539669641,14308.6060834181,-24253.1610351066,7143.16539669641,276120,4600,13967.5082528206,-23947.0280392225,7143.16539669641
2020-01-04 04:44:00,NA,NA,7074.5989591831,14224.2356753378,-24121.1879836886,7074.5989591831,276180,4601,13879.8056840749,-23785.552060374,7074.5989591831
2020-01-04 04:45:00,NA,NA,7018.82921935405,14141.6897727333,-23969.1719328591,7018.82921935405,276240,4602,13795.2963589464,-23628.731775155,7018.82921935405
2020-01-04 04:46:00,NA,NA,6980.01240637709,14054.6558618618,-23761.5614488765,6980.01240637709,276300,4603,13714.2344476815,-23477.4569074642,6980.01240637709
2020-01-04 04:47:00,NA,NA,7008.40028827231,13960.6260340638,-23559.7529711334,7008.40028827231,276360,4604,13636.8772738575,-23332.6222535746,7008.40028827231
2020-01-04 04:48:00,NA,NA,7043.30395782748,13858.4970063814,-23388.687648164,7043.30395782748,276420,4605,13563.4855497545,-23195.1285005964,7043.30395782748
2020-01-04 04:49:00,NA,NA,7072.8185458305,13758.0328527108,-23205.5971301983,7072.8185458305,276480,4606,13494.3236148266,-23065.8830503286,7072.8185458305
2020-01-04 04:50:00,NA,NA,7110.99071328997,13659.7755596609,-23012.1468206908,7110.99071328997,276540,4607,13429.6596774913,-22945.8008492521,7110.99071328997
2020-01-04 04:51:00,NA,NA,7188.97243916762,13559.1619931295,-22847.7307822737,7188.97243916762,276600,4608,13369.7660604575,-22835.8052254243,7188.97243916762
2020-01-04 04:52:00,NA,NA,7246.97764635627,13458.4635641328,-22714.8677129923,7246.97764635627,276660,4609,13314.9194498173,-22736.8287330402,7246.97764635627
2020-01-04 04:53:00,NA,NA,7271.17508828556,13369.5615616876,-22601.6126806984,7271.17508828556,276720,4610,13265.4011481281,-22649.8140054321,7271.17508828556
2020-01-04 04:54:00,NA,NA,7231.71956873272,13287.9653957571,-22518.1167594776,7231.71956873272,276780,4611,13221.4973317184,-22575.7146172896,7231.71956873272
2020-01-04 04:55:00,NA,NA,7211.90892641485,13219.9800531346,-22480.5513592065,7211.90892641485,276840,4612,13183.4993124506,-22515.4959568865,7211.90892641485
2020-01-04 04:56:00,13151.7038041821,-22470.1361091144,NA,13151.7038041821,-22470.1361091144,7155.28829603698,276900,4613,13151.7038041821,-22470.1361091144,7159.00501350047
2020-01-04 04:57:00,NA,NA,7087.29125472033,13093.8118924734,-22473.5030593352,7087.29125472033,276960,4614,13126.3388407628,-22440.1445328836,7087.29125472033
2020-01-04 04:58:00,NA,NA,7044.23918285464,13062.2484554906,-22488.301094905,7044.23918285464,277020,4615,13107.3409118607,-22424.1157894457,7044.23918285464
2020-01-04 04:59:00,NA,NA,7071.48096951112,13057.5523772686,-22502.6426210212,7071.48096951112,277080,4616,13094.5779792506,-22420.1749981519,7071.48096951112
2020-01-04 05:00:00,NA,NA,7132.4338761309,13077.9998773886,-22521.4756228391,7132.4338761309,277140,4617,13087.923707879,-22426.4583349934,7132.4338761309
2020-01-04 05:01:00,NA,NA,7187.84450033989,13103.9373121398,-22553.8612468488,7187.84450033989,277200,4618,13087.2573502623,-22441.1113277595,7187.84450033989
2020-01-04 05:02:00,NA,NA,7224.08012403043,13125.0372589651,-22583.1667536452,7224.08012403043,277260,4619,13092.4636360324,-22462.2871597869,7224.08012403043
2020-01-04 05:03:00,NA,NA,7240.85157081758,13142.9927551555,-22618.7816088868,7240.85157081758,277320,4620,13103.4326664958,-22488.1449807061,7240.85157081758
2020-01-04 05:04:00,NA,NA,7217.62076994791,13182.5371469434,-22644.450248669,7217.62076994791,277380,4621,13120.0598141078,-22516.8482226388,7217.62076994791
2020-01-04 05:05:00,NA,NA,7242.57611441228,13211.1855701747,-22667.3359201053,7242.57611441228,277440,4622,13142.2456267689,-22546.5629203107,7242.57611441228
2020-01-04 05:06:00,NA,NA,7286.50945884952,13237.1799177018,-22664.6954372156,7286.50945884952,277500,4623,13169.8957368552,-22575.4560335429,7286.50945884952
2020-01-04 05:07:00,NA,NA,7328.05047156575,13272.5549423151,-22662.1042526097,7328.05047156575,277560,4624,13202.9207749007,-22601.6937705877,7328.05047156575
2020-01-04 05:08:00,NA,NA,7342.6083818093,13297.2844053429,-22649.8476256969,7342.6083818093,277620,4625,13241.2362878505,-22623.4399107775,7342.6083818093
2020-01-04 05:09:00,NA,NA,7383.96390843434,13315.8533630279,-22663.8211196073,7383.96390843434,277680,4626,13284.762661812,-22638.8541249497,7383.96390843434
2020-01-04 05:10:00,NA,NA,7435.3693337307,13341.9263376397,-22661.3834913046,7435.3693337307,277740,4627,13333.425049232,-22646.0902921145,7435.3693337307
2020-01-04 05:11:00,13387.1533004339,-22643.2948108238,NA,13387.1533004339,-22643.2948108238,7481.28057566342,277800,4628,13387.1533004339,-22643.2948108238,7487.6100191181
2020-01-04 05:12:00,NA,NA,7520.66654458844,13448.9189135213,-22625.9005753878,7520.66654458844,277860,4629,13445.5298020371,-22629.7340571271,7520.66654458844
2020-01-04 05:13:00,13506.7327389732,-22609.181379678,NA,13506.7327389732,-22609.181379678,7532.1266508332,277920,4630,13506.7327389732,-22609.181379678,7522.25742381657
2020-01-04 05:14:00,NA,NA,7534.61430522225,13554.4832093115,-22582.103746271,7534.61430522225,277980,4631,13568.8623215443,-22585.7349545658,7534.61430522225
2020-01-04 05:15:00,NA,NA,7597.58928888295,13593.315688338,-22554.9922629336,7597.58928888295,278040,4632,13631.1058030136,-22560.2984490826,7597.58928888295
2020-01-04 05:16:00,NA,NA,7676.90449196359,13635.5183614599,-22517.0059454775,7676.90449196359,278100,4633,13692.9220776719,-22532.975780554,7676.90449196359
2020-01-04 05:17:00,NA,NA,7708.7368868128,13669.3305057274,-22501.5789711999,7708.7368868128,278160,4634,13753.7696490108,-22503.8691409508,7708.7368868128
2020-01-04 05:18:00,NA,NA,7704.09267454166,13696.3214745403,-22481.8547905865,7704.09267454166,278220,4635,13813.1061344025,-22473.0790904225,7704.09267454166
2020-01-04 05:19:00,NA,NA,7690.4484946963,13726.3065973474,-22444.5813758942,7690.4484946963,278280,4636,13870.3877689898,-22440.7046492956,7690.4484946963
2020-01-04 05:20:00,NA,NA,7675.52548118482,13740.716403683,-22418.8938226632,7675.52548118482,278340,4637,13925.0689083119,-22406.843388655,7675.52548118482
2020-01-04 05:21:00,NA,NA,7675.50904894791,13771.2697948022,-22404.0168368614,7675.50904894791,278400,4638,13976.6015292116,-22371.5915195953,7675.50904894791
2020-01-04 05:22:00,NA,NA,7741.30809421255,13797.5015386755,-22381.8751878163,7741.30809421255,278460,4639,14024.4347285654,-22335.0439812272,7741.30809421255
2020-01-04 05:23:00,NA,NA,7829.22638423847,13835.8262089315,-22347.4546678762,7829.22638423847,278520,4640,14068.0142193793,-22297.2945275193,7829.22638423847
2020-01-04 05:24:00,NA,NA,7877.62000511919,13889.114750889,-22314.1693847038,7877.62000511919,278580,4641,14106.7818237892,-22258.4358130552,7877.62000511919
2020-01-04 05:25:00,NA,NA,7951.78457791952,13936.0128922442,-22276.7549088957,7951.78457791952,278640,4642,14140.1749625012,-22218.5594777848,7951.78457791952
2020-01-04 05:26:00,NA,NA,8026.06748905966,14006.4297051127,-22230.8184659189,8026.06748905966,278700,4643,14167.6261402065,-22177.7562308472,8026.06748905966
2020-01-04 05:27:00,NA,NA,8019.52220366644,14057.392783433,-22193.0532336964,8019.52220366644,278760,4644,14188.5624264992,-22136.1159335421,8019.52220366644
2020-01-04 05:28:00,NA,NA,7960.31648220471,14098.3703943278,-22145.8056310709,7960.31648220471,278820,4645,14202.4049318224,-22093.7276815259,7960.31648220471
2020-01-04 05:29:00,NA,NA,7895.09445920785,14140.8612387091,-22075.6574453042,7895.09445920785,278880,4646,14208.5682779632,-22050.6798863066,7895.09445920785
2020-01-04 05:30:00,NA,NA,7810.05848402604,14172.9316581008,-22020.1321543869,7810.05848402604,278940,4647,14206.4600626128,-22007.0603561134,7810.05848402604
2020-01-04 05:31:00,NA,NA,7729.00701842657,14169.2143963785,-21964.4595416998,7729.00701842657,279000,4648,14195.4803175012,-21962.9563762149,7729.00701842657
2020-01-04 05:32:00,NA,NA,7686.50113034433,14154.3641717242,-21908.3603821909,7686.50113034433,279060,4649,14175.0209596118,-21918.4547887578,7686.50113034433
2020-01-04 05:33:00,14144.465234973,-21873.6420722011,NA,14144.465234973,-21873.6420722011,7664.63024261745,279120,4650,14144.465234973,-21873.6420722011,7674.61338040151
2020-01-04 05:34:00,NA,NA,7669.67907146153,14124.1483420382,-21830.2248596201,7669.67907146153,279180,4651,14104.0915900284,-21828.8199576801,7669.67907146153
2020-01-04 05:35:00,NA,NA,7655.16020758714,14073.1327278114,-21781.0278581501,7655.16020758714,279240,4652,14057.7873975002,-21785.1523563179,7655.16020758714
2020-01-04 05:36:00,14010.3390393877,-21744.0197726161,NA,14010.3390393877,-21744.0197726161,7628.09501581155,279300,4653,14010.3390393877,-21744.0197726161,7640.94682644954
2020-01-04 05:37:00,NA,NA,7620.14521858663,13968.7711705388,-21718.7070446802,7620.14521858663,279360,4654,13965.7092443222,-21706.4424649131,7620.14521858663
2020-01-04 05:38:00,NA,NA,7593.63348849616,13937.4976237009,-21691.1448633205,7593.63348849616,279420,4655,13924.5727386732,-21671.9936167441,7593.63348849616
2020-01-04 05:39:00,NA,NA,7596.98010824157,13905.4857414272,-21652.9158097295,7596.98010824157,279480,4656,13886.7848372003,-21639.8867085444,7596.98010824157
2020-01-04 05:40:00,NA,NA,7595.59346156544,13894.3976609688,-21617.8632214084,7595.59346156544,279540,4657,13852.2039176673,-21609.3373628278,7595.59346156544
2020-01-04 05:41:00,NA,NA,7565.73537151524,13886.3479078115,-21580.1974658686,7565.73537151524,279600,4658,13820.6912912627,-21579.5626267208,7565.73537151524
2020-01-04 05:42:00,NA,NA,7539.20405110966,13859.3413686454,-21527.3190298153,7539.20405110966,279660,4659,13792.1110757318,-21549.7802558097,7539.20405110966
2020-01-04 05:43:00,NA,NA,7537.22267866067,13810.5476213414,-21462.2366905995,7537.22267866067,279720,4660,13766.3300710809,-21519.207998635,7537.22267866067
2020-01-04 05:44:00,NA,NA,7521.41996895445,13759.4074891854,-21401.2075815356,7521.41996895445,279780,4661,13743.217637738,-21487.0628811767,7521.41996895445
2020-01-04 05:45:00,NA,NA,7464.71924474352,13721.7306730338,-21347.485419543,7464.71924474352,279840,4662,13722.6455770552,-21452.5604906789,7464.71924474352
2020-01-04 05:46:00,NA,NA,7433.37115607721,13694.4875920492,-21331.3473888925,7433.37115607721,279900,4663,13704.4880140461,-21414.9142581569,7433.37115607721
2020-01-04 05:47:00,NA,NA,7423.95389288385,13679.5843655879,-21325.7572616062,7423.95389288385,279960,4664,13688.6212822475,-21373.334738931,7423.95389288385
2020-01-04 05:48:00,NA,NA,7422.65658682018,13673.0810061036,-21308.5799752859,7422.65658682018,280020,4665,13674.9238106024,-21327.0288905308,7422.65658682018
2020-01-04 05:49:00,13663.2760122592,-21275.1993473066,NA,13663.2760122592,-21275.1993473066,7434.87773316153,280080,4666,13663.2760122592,-21275.1993473066,7423.07192212182
2020-01-04 05:50:00,13649.9755684209,-21218.5976035753,NA,13649.9755684209,-21218.5976035753,7432.63000653757,280140,4667,13649.9755684209,-21218.5976035753,7421.94441355518
2020-01-04 05:51:00,13627.5607291825,-21167.8308696908,NA,13627.5607291825,-21167.8308696908,7410.36959335485,280200,4668,13627.5607291825,-21167.8308696908,7416.5101799799
2020-01-04 05:52:00,13614.4787059794,-21138.0853330689,NA,13614.4787059794,-21138.0853330689,7415.89055457039,280260,4669,13614.4787059794,-21138.0853330689,7403.75614924993
2020-01-04 05:53:00,NA,NA,7380.24571936091,13590.5155984291,-21113.4174073652,7380.24571936091,280320,4670,13595.0493094007,-21109.0659597036,7380.24571936091
2020-01-04 05:54:00,13567.099456054,-21077.2727368893,NA,13567.099456054,-21077.2727368893,7356.83034761838,280380,4671,13567.099456054,-21077.2727368893,7341.17746948573
2020-01-04 05:55:00,NA,NA,7277.87146143238,13568.2760970721,-21043.7829423829,7277.87146143238,280440,4672,13534.3205058834,-21045.6858490874,7277.87146143238
2020-01-04 05:56:00,NA,NA,7195.53555846699,13557.9210476979,-21015.6278374778,7195.53555846699,280500,4673,13497.5517974492,-21014.8659028227,7195.53555846699
2020-01-04 05:57:00,NA,NA,7144.71023342528,13540.858138828,-20968.7474640552,7144.71023342528,280560,4674,13456.9171501898,-20984.7692920861,7144.71023342528
2020-01-04 05:58:00,NA,NA,7108.28320934581,13474.4515589178,-20911.1547116426,7108.28320934581,280620,4675,13412.5368471906,-20955.3530724858,7108.28320934581
2020-01-04 05:59:00,NA,NA,7037.7560524878,13409.8234513496,-20855.6077983971,7037.7560524878,280680,4676,13364.5277453299,-20926.574921972,7037.7560524878
2020-01-04 06:00:00,NA,NA,6989.12912798446,13349.5779229438,-20785.5324545049,6989.12912798446,280740,4677,13313.0033822027,-20898.3931021271,6989.12912798446
2020-01-04 06:01:00,NA,NA,6917.31354465473,13277.0223693219,-20723.5228968349,6917.31354465473,280800,4678,13258.0740799898,-20870.7664199891,6917.31354465473
2020-01-04 06:02:00,NA,NA,6850.94304457383,13190.8461448453,-20688.3632025122,6850.94304457383,280860,4679,13199.8470463778,-20843.6541903731,6850.94304457383
2020-01-04 06:03:00,NA,NA,6800.2520469437,13094.943026453,-20659.9941590678,6800.2520469437,280920,4680,13138.4264726271,-20817.0161986575,6800.2520469437
2020-01-04 06:04:00,NA,NA,6757.92817391272,12996.8567490657,-20651.207128793,6757.92817391272,280980,4681,13073.9136288787,-20790.8126639999,6757.92817391272
2020-01-04 06:05:00,NA,NA,6691.63716558219,12867.1792577136,-20637.072045598,6691.63716558219,281040,4682,13006.4069567878,-20765.0042029505,6691.63716558219
2020-01-04 06:06:00,NA,NA,6615.31550478151,12736.0291380135,-20609.6270254043,6615.31550478151,281100,4683,12936.0021595696,-20739.5517934286,6615.31550478151
2020-01-04 06:07:00,NA,NA,6583.02831545323,12604.950712528,-20583.2448306963,6583.02831545323,281160,4684,12862.7922895402,-20714.4167390291,6583.02831545323
2020-01-04 06:08:00,NA,NA,6588.67403946564,12505.3922930875,-20568.626939555,6588.67403946564,281220,4685,12786.8678332311,-20689.5606336275,6588.67403946564
2020-01-04 06:09:00,NA,NA,6558.14319078277,12427.5508849212,-20571.3725540072,6558.14319078277,281280,4686,12708.3167941581,-20664.9453262506,6558.14319078277
2020-01-04 06:10:00,NA,NA,6497.81788083087,12343.9968679746,-20582.0699396081,6497.81788083087,281340,4687,12627.224773318,-20640.5328861794,6497.81788083087
2020-01-04 06:11:00,NA,NA,6417.60742063542,12251.9839068733,-20581.7382328707,6417.60742063542,281400,4688,12543.6750474874,-20616.2855682551,6417.60742063542
2020-01-04 06:12:00,NA,NA,6379.47783681285,12160.4283574414,-20575.32751146,6379.47783681285,281460,4689,12457.7486453962,-20592.1657783531,6379.47783681285
2020-01-04 06:13:00,NA,NA,6370.59978174861,12075.8828833254,-20562.2192854142,6370.59978174861,281520,4690,12369.5244218441,-20568.1360389968,6370.59978174861
2020-01-04 06:14:00,NA,NA,6364.69099250679,11984.4711859415,-20547.7841690491,6364.69099250679,281580,4691,12279.0791298291,-20544.1589550766,6364.69099250679
2020-01-04 06:15:00,NA,NA,6311.71105101113,11888.2070770084,-20528.1207016458,6311.71105101113,281640,4692,12186.4874907524,-20520.1971796453,6311.71105101113
2020-01-04 06:16:00,NA,NA,6260.16591286175,11809.9509657275,-20497.0704066695,6260.16591286175,281700,4693,12091.8222627669,-20496.2133797572,6260.16591286175
2020-01-04 06:17:00,NA,NA,6223.62405919188,11754.2275611307,-20448.5834370333,6223.62405919188,281760,4694,11995.1543073274,-20472.1702023198,6223.62405919188
2020-01-04 06:18:00,NA,NA,6156.26572578928,11706.5022932807,-20407.0178316763,6156.26572578928,281820,4695,11896.5526540085,-20448.030239927,6156.26572578928
2020-01-04 06:19:00,NA,NA,6134.88890693463,11665.91123443,-20382.1914379151,6134.88890693463,281880,4696,11796.0845636443,-20423.7559966436,6134.88890693463
2020-01-04 06:20:00,NA,NA,6102.32948019753,11632.4444959883,-20369.7864222696,6102.32948019753,281940,4697,11693.8155898527,-20399.3098537074,6102.32948019753
2020-01-04 06:21:00,NA,NA,6064.91309117434,11568.2623041401,-20359.9817013845,6064.91309117434,282000,4698,11589.8096389959,-20374.6540351196,6064.91309117434
2020-01-04 06:22:00,11484.1290286357,-20349.7505730922,NA,11484.1290286357,-20349.7505730922,6059.99103477865,282060,4699,11484.1290286357,-20349.7505730922,6061.80586149436
2020-01-04 06:23:00,NA,NA,6072.16006182047,11408.9068086441,-20336.4922337203,6072.16006182047,282120,4700,11377.0952127643,-20325.561183194,6072.16006182047
2020-01-04 06:24:00,NA,NA,6084.92650227483,11324.6322650864,-20314.380709696,6084.92650227483,282180,4701,11270.0711277468,-20307.048058175,6084.92650227483
2020-01-04 06:25:00,NA,NA,6152.79378911565,11207.7272837128,-20292.8760442928,6152.79378911565,282240,4702,11164.6803863149,-20300.1784947416,6152.79378911565
2020-01-04 06:26:00,NA,NA,6214.67106747209,11084.2585160801,-20297.7015945781,6214.67106747209,282300,4703,11062.5480954541,-20310.9304409971,6214.67106747209
2020-01-04 06:27:00,10965.3023428143,-20345.2979640643,NA,10965.3023428143,-20345.2979640643,6220.43965144714,282360,4704,10965.3023428143,-20345.2979640643,6243.6504917754
2020-01-04 06:28:00,10874.1535494832,-20396.6431455877,NA,10874.1535494832,-20396.6431455877,6228.72037960602,282420,4705,10874.1535494832,-20396.6431455877,6240.49515556434
2020-01-04 06:29:00,NA,NA,6207.0279512636,10767.3989985846,-20431.6098229661,6207.0279512636,282480,4706,10788.3430920342,-20421.8118428119,6207.0279512636
2020-01-04 06:30:00,NA,NA,6154.47186549515,10683.2729913586,-20437.850306411,6154.47186549515,282540,4707,10705.551046081,-20421.3146537457,6154.47186549515
2020-01-04 06:31:00,NA,NA,6124.93804998174,10614.8729833678,-20423.8023648886,6124.93804998174,282600,4708,10623.1742488448,-20409.7236210241,6124.93804998174
2020-01-04 06:32:00,10538.6099168211,-20401.6006416924,NA,10538.6099168211,-20401.6006416924,6127.92271116926,282660,4709,10538.6099168211,-20401.6006416924,6119.35896499237
2020-01-04 06:33:00,NA,NA,6117.22717457994,10456.0936008067,-20390.4182439221,6117.22717457994,282720,4710,10449.732770294,-20408.5539454742,6117.22717457994
2020-01-04 06:34:00,NA,NA,6112.07326243356,10366.4723577899,-20393.2494774263,6112.07326243356,282780,4711,10356.3316916837,-20430.3776475771,6112.07326243356
2020-01-04 06:35:00,NA,NA,6160.29797201101,10255.5240255395,-20411.3243908129,6160.29797201101,282840,4712,10258.670928429,-20463.9226277349,6160.29797201101
2020-01-04 06:36:00,NA,NA,6292.77764462186,10142.9636308778,-20439.4549006795,6292.77764462186,282900,4713,10157.0108314733,-20506.0504869633,6292.77764462186
2020-01-04 06:37:00,NA,NA,6417.5943750724,10036.7307005636,-20477.0486723152,6417.5943750724,282960,4714,10051.6080935264,-20553.6306767629,6417.5943750724
2020-01-04 06:38:00,NA,NA,6482.57325346521,9942.86389059828,-20530.1449262125,6482.57325346521,283020,4715,9942.71598389161,-20603.5376356278,6482.57325346521
2020-01-04 06:39:00,NA,NA,6501.53058616022,9840.70055191784,-20592.1141341599,6501.53058616022,283080,4716,9830.58458014582,-20652.6479301268,6501.53058616022
2020-01-04 06:40:00,NA,NA,6457.60644026276,9725.67626432989,-20665.4698952777,6457.60644026276,283140,4717,9715.46099689208,-20697.8373979337,6457.60644026276
2020-01-04 06:41:00,9597.58961179926,-20735.9782901899,NA,9597.58961179926,-20735.9782901899,6404.22172481526,283200,4718,9597.58961179926,-20735.9782901899,6373.98537577382
2020-01-04 06:42:00,9474.79948745114,-20764.8623303761,NA,9474.79948745114,-20764.8623303761,6312.27144429719,283260,4719,9474.79948745114,-20764.8623303761,6282.92489153157
2020-01-04 06:43:00,NA,NA,6215.38267885455,9347.45816395179,-20806.0907416688,6215.38267885455,283320,4720,9337.9203903382,-20785.8452288552,6215.38267885455
2020-01-04 06:44:00,NA,NA,6187.41876540907,9205.38732575735,-20841.3601809187,6187.41876540907,283380,4721,9185.98430373475,-20800.6757871997,6187.41876540907
2020-01-04 06:45:00,NA,NA,6171.81726154458,9028.8022715526,-20856.904502923,6171.81726154458,283440,4722,9020.66628970535,-20810.9657844686,6171.81726154458
2020-01-04 06:46:00,NA,NA,6190.52987255454,8854.94808618272,-20859.2509082722,6190.52987255454,283500,4723,8843.62916926355,-20818.322846546,6190.52987255454
2020-01-04 06:47:00,NA,NA,6236.00516338815,8652.450582562,-20864.4689436905,6236.00516338815,283560,4724,8656.52504387403,-20824.3519167178,6236.00516338815
2020-01-04 06:48:00,NA,NA,6301.66319575934,8450.1646763293,-20857.6478954824,6301.66319575934,283620,4725,8460.99680674576,-20830.6567237029,6301.66319575934
2020-01-04 06:49:00,NA,NA,6350.39058602618,8260.50078475636,-20837.2867061957,6350.39058602618,283680,4726,8258.67964562423,-20838.8412485631,6350.39058602618
2020-01-04 06:50:00,NA,NA,6350.62007083979,8063.42790604415,-20841.4983014056,6350.62007083979,283740,4727,8051.20253850864,-20850.5111918436,6350.62007083979
2020-01-04 06:51:00,NA,NA,6343.36963567442,7844.1811019692,-20843.8553068267,6343.36963567442,283800,4728,7840.18974367765,-20867.2754422864,6343.36963567442
2020-01-04 06:52:00,NA,NA,6312.52753239057,7613.40873657656,-20859.9016988657,6312.52753239057,283860,4729,7627.26228539237,-20890.7475484618,6312.52753239057
2020-01-04 06:53:00,NA,NA,6222.87913974674,7407.47864739729,-20896.7470431071,6222.87913974674,283920,4730,7414.03943663821,-20922.5471946624,6222.87913974674
2020-01-04 06:54:00,NA,NA,6126.65382974961,7203.75330941287,-20954.8343655327,6126.65382974961,283980,4731,7202.1402002632,-20964.3016824114,6126.65382974961
2020-01-04 06:55:00,6993.18478986836,-21017.6474189381,NA,6993.18478986836,-21017.6474189381,6024.07401334748,284040,4732,6993.18478986836,-21017.6474189381,6016.90723700666
2020-01-04 06:56:00,NA,NA,5917.89387501075,6769.91167985876,-21089.2264600796,5917.89387501075,284100,4733,6788.87637886449,-21083.0393213484,5917.89387501075
2020-01-04 06:57:00,NA,NA,5852.52815765407,6558.72022469525,-21163.4180193674,5852.52815765407,284160,4734,6591.24347438049,-21156.174737817,5852.52815765407
2020-01-04 06:58:00,NA,NA,5798.99221993042,6369.00148649855,-21256.0450355999,5798.99221993042,284220,4735,6402.4009570614,-21231.5660090814,5798.99221993042
2020-01-04 06:59:00,NA,NA,5774.36836191664,6206.72990711991,-21321.2907581854,5774.36836191664,284280,4736,6224.47174847889,-21303.7275384972,5774.36836191664
2020-01-04 07:00:00,6059.5887528262,-21367.1707745817,NA,6059.5887528262,-21367.1707745817,5755.62564632352,284340,4737,6059.5887528262,-21367.1707745817,5741.94760722879
2020-01-04 07:01:00,NA,NA,5700.87324391135,5913.86975236053,-21413.0128392208,5700.87324391135,284400,4738,5909.10713644036,-21418.6374598491,5700.87324391135
2020-01-04 07:02:00,5771.23640966039,-21463.8118680475,NA,5771.23640966039,-21463.8118680475,5650.54110406848,284460,4739,5771.23640966039,-21463.8118680475,5660.16406308714
2020-01-04 07:03:00,NA,NA,5611.93978431429,5637.38583737848,-21518.2481527803,5611.93978431429,284520,4740,5643.6977934565,-21508.7724017934,5611.93978431429
2020-01-04 07:04:00,NA,NA,5544.66839731244,5507.46760444999,-21569.4551232402,5544.66839731244,284580,4741,5525.38139268118,-21552.2433942217,5544.66839731244
2020-01-04 07:05:00,NA,NA,5448.81078349168,5387.4456108703,-21588.0393772253,5448.81078349168,284640,4742,5415.47559399348,-21591.1094311347,5448.81078349168
2020-01-04 07:06:00,NA,NA,5317.07796707001,5282.75230626863,-21602.0876105097,5317.07796707001,284700,4743,5313.1764772678,-21622.250885538,5317.07796707001
2020-01-04 07:07:00,NA,NA,5172.60979292557,5199.66407701178,-21631.7899096379,5172.60979292557,284760,4744,5217.68708015472,-21642.5410643115,5172.60979292557
2020-01-04 07:08:00,5128.21666908425,-21648.8433483425,NA,5128.21666908425,-21648.8433483425,5058.43551202757,284820,4745,5128.21666908425,-21648.8433483425,5062.21782538769
2020-01-04 07:09:00,NA,NA,5001.02667612041,5053.23518658856,-21643.3070622165,5001.02667612041,284880,4746,5043.80714616675,-21639.2032498084,5001.02667612041
2020-01-04 07:10:00,NA,NA,4993.27279845896,4991.16306728838,-21630.566474225,4993.27279845896,284940,4747,4962.81353179669,-21616.4316202702,4993.27279845896
2020-01-04 07:11:00,NA,NA,5027.90305627359,4933.72241609581,-21595.5345335122,5027.90305627359,285000,4748,4883.42110110982,-21584.5222227358,5027.90305627359
2020-01-04 07:12:00,NA,NA,5076.6543918191,4852.52308117869,-21552.296146537,5076.6543918191,285060,4749,4803.81659352459,-21547.4604623328,5076.6543918191
2020-01-04 07:13:00,NA,NA,5111.63134710556,4757.38211060216,-21500.3754428943,5111.63134710556,285120,4750,4722.1865542412,-21509.2270317327,5111.63134710556
2020-01-04 07:14:00,NA,NA,5130.40135271919,4657.47321978534,-21470.6712270143,5130.40135271919,285180,4751,4636.71567552991,-21473.8015522178,5130.40135271919
2020-01-04 07:15:00,4545.5851363089,-21445.1662137777,NA,4545.5851363089,-21445.1662137777,5152.4655532999,285240,4752,4545.5851363089,-21445.1662137777,5152.119784475
2020-01-04 07:16:00,NA,NA,5166.36802227776,4444.57047443165,-21432.5084371698,5166.36802227776,285300,4753,4449.20533845812,-21427.1423969311,5166.36802227776
2020-01-04 07:17:00,4356.91989270339,-21422.8930780073,NA,4356.91989270339,-21422.8930780073,5176.42635607401,285360,4754,4356.91989270339,-21422.8930780073,5162.10256603815
2020-01-04 07:18:00,NA,NA,5162.81287956875,4282.68507573739,-21437.0761564019,5162.81287956875,285420,4755,4277.68627107128,-21433.4171338121,5162.81287956875
2020-01-04 07:19:00,NA,NA,5183.27950106712,4200.6022328764,-21453.0038352904,5183.27950106712,285480,4756,4209.97626319455,-21451.6878564594,5183.27950106712
2020-01-04 07:20:00,4149.64791585175,-21468.6759421591,NA,4149.64791585175,-21468.6759421591,5183.52436000102,285540,4757,4149.64791585175,-21468.6759421591,5185.41016091937
2020-01-04 07:21:00,NA,NA,5183.09963480859,4093.05332973279,-21461.3248773435,5183.09963480859,285600,4758,4094.65704891899,-21477.675347948,5183.09963480859
2020-01-04 07:22:00,NA,NA,5194.76780445654,4046.67477280598,-21463.37650833,5194.76780445654,285660,4759,4051.32883645579,-21481.2708911944,5194.76780445654
2020-01-04 07:23:00,4028.09014617003,-21484.366881189,NA,4028.09014617003,-21484.366881189,5187.42638853435,285720,4760,4028.09014617003,-21484.366881189,5198.67833389682
2020-01-04 07:24:00,NA,NA,5202.96056886882,4050.83520734687,-21499.7658546437,5202.96056886882,285780,4761,4029.99877866608,-21490.7642675628,5202.96056886882
2020-01-04 07:25:00,NA,NA,5226.01919714289,4064.18476828066,-21508.9712704052,5226.01919714289,285840,4762,4048.58513839357,-21499.8552040447,5226.01919714289
2020-01-04 07:26:00,NA,NA,5270.97541722128,4068.1214523442,-21512.7023352,5270.97541722128,285900,4763,4072.00744305622,-21509.9314052215,5270.97541722128
2020-01-04 07:27:00,4088.42833200134,-21519.2854866586,NA,4088.42833200134,-21519.2854866586,5295.70004330001,285960,4764,4088.42833200134,-21519.2854866586,5301.51157869807
2020-01-04 07:28:00,NA,NA,5334.95523315736,4078.78538402628,-21541.1059345634,5334.95523315736,286020,4765,4089.16049066606,-21526.7403991882,5334.95523315736
2020-01-04 07:29:00,NA,NA,5380.90928425832,4062.43372561028,-21559.4069322076,5380.90928425832,286080,4766,4078.1286377088,-21533.2414377251,5380.90928425832
2020-01-04 07:30:00,NA,NA,5384.25796524595,4058.94460403522,-21571.7888859883,5384.25796524595,286140,4767,4062.4031805279,-21540.264020661,5384.25796524595
2020-01-04 07:31:00,NA,NA,5383.20426378119,4049.10477696843,-21563.2426512152,5383.20426378119,286200,4768,4049.0502343093,-21549.2840437069,5383.20426378119
2020-01-04 07:32:00,NA,NA,5386.0934334064,4041.03268779043,-21556.6546348502,5386.0934334064,286260,4769,4045.13808520505,-21561.7792298222,5386.0934334064
2020-01-04 07:33:00,4057.74365551501,-21579.2304808409,NA,4057.74365551501,-21579.2304808409,5420.8581195143,286320,4770,4057.74365551501,-21579.2304808409,5422.67074297271
2020-01-04 07:34:00,NA,NA,5479.40901913165,4086.038287288,-21601.5096841971,5479.40901913165,286380,4771,4089.76312499151,-21601.5018400851,5479.40901913165
2020-01-04 07:35:00,4127.32625492435,-21621.9758941519,NA,4127.32625492435,-21621.9758941519,5541.9972637973,286440,4772,4127.32625492435,-21621.9758941519,5530.21944063967
2020-01-04 07:36:00,NA,NA,5552.64050458239,4162.59317334043,-21639.4388267754,5552.64050458239,286500,4773,4155.49139729431,-21634.2865428854,5552.64050458239
2020-01-04 07:37:00,NA,NA,5546.10467934057,4183.97232002134,-21647.0873278058,5546.10467934057,286560,4774,4171.78636468121,-21639.5579632154,5546.10467934057
2020-01-04 07:38:00,NA,NA,5570.65889085974,4193.26238115799,-21657.0965569748,5570.65889085974,286620,4775,4176.84748095965,-21640.7822423656,5570.65889085974
2020-01-04 07:39:00,NA,NA,5606.75949825595,4179.92221090709,-21643.9023009286,5606.75949825595,286680,4776,4171.30079410614,-21640.9477659967,5606.75949825595
2020-01-04 07:40:00,NA,NA,5634.07244867933,4146.80797139031,-21627.4550003632,5634.07244867933,286740,4777,4155.76264908502,-21643.0419516703,5634.07244867933
2020-01-04 07:41:00,NA,NA,5617.52101932233,4126.61347263714,-21618.330117455,5617.52101932233,286800,4778,4130.84025168191,-21650.0539813796,5617.52101932233
2020-01-04 07:42:00,NA,NA,5566.76626843114,4091.66079246519,-21644.0874234301,5566.76626843114,286860,4779,4097.13222394083,-21664.9775357007,5566.76626843114
2020-01-04 07:43:00,4055.22915173562,-21690.8135320633,NA,4055.22915173562,-21690.8135320633,5513.19932692314,286920,4780,4055.22915173562,-21690.8135320633,5494.58887561222
2020-01-04 07:44:00,4011.12896127883,-21728.4182093754,NA,4011.12896127883,-21728.4182093754,5397.69350995913,286980,4781,4011.12896127883,-21728.4182093754,5410.20264039531
2020-01-04 07:45:00,3983.58942145675,-21765.1211092252,NA,3983.58942145675,-21765.1211092252,5288.35921854593,287040,4782,3983.58942145675,-21765.1211092252,5322.13564036775
2020-01-04 07:46:00,NA,NA,5238.70298101101,3969.87173555291,-21783.9147996885,5238.70298101101,287100,4783,3966.00866564146,-21774.8070984511,5238.70298101101
2020-01-04 07:47:00,NA,NA,5163.90786714853,3964.41853720816,-21760.4212929833,5163.90786714853,287160,4784,3962.12022476391,-21759.9611327117,5163.90786714853
2020-01-04 07:48:00,NA,NA,5086.36236486242,3982.40727509075,-21728.8228326837,5086.36236486242,287220,4785,3980.47613392359,-21731.4311494563,5086.36236486242
2020-01-04 07:49:00,4029.64877771725,-21700.0525705083,NA,4029.64877771725,-21700.0525705083,5016.41866402532,287280,4786,4029.64877771725,-21700.0525705083,5001.36598338657
2020-01-04 07:50:00,4104.58455187435,-21681.6493644012,NA,4104.58455187435,-21681.6493644012,4933.53508840191,287340,4787,4104.58455187435,-21681.6493644012,4912.16596778598
2020-01-04 07:51:00,4163.42201090553,-21690.5833364994,NA,4163.42201090553,-21690.5833364994,4853.28049177874,287400,4788,4163.42201090553,-21690.5833364994,4823.23631215754
2020-01-04 07:52:00,4216.35589841526,-21683.0209354416,NA,4216.35589841526,-21683.0209354416,4776.37823229786,287460,4789,4216.35589841526,-21683.0209354416,4739.06665377299
2020-01-04 07:53:00,4270.37817763287,-21672.3106208824,NA,4270.37817763287,-21672.3106208824,4678.56799827153,287520,4790,4270.37817763287,-21672.3106208824,4664.42204747017
2020-01-04 07:54:00,NA,NA,4604.61867579049,4348.62183107847,-21677.4597174523,4604.61867579049,287580,4791,4328.95600093055,-21651.9445553272,4604.61867579049
2020-01-04 07:55:00,NA,NA,4559.97161983479,4435.56820956679,-21676.6387647234,4559.97161983479,287640,4792,4392.17083912626,-21619.3510788329,4559.97161983479
2020-01-04 07:56:00,NA,NA,4510.64890772939,4497.796590029,-21653.7222617551,4510.64890772939,287700,4793,4459.0775959333,-21575.8259561935,4510.64890772939
2020-01-04 07:57:00,NA,NA,4466.93494295789,4559.82155481814,-21612.0731381832,4466.93494295789,287760,4794,4528.73455218893,-21522.6549526414,4466.93494295789
2020-01-04 07:58:00,NA,NA,4490.73816219809,4604.501047763,-21543.1537842744,4490.73816219809,287820,4795,4600.2025043077,-21461.1150102947,4490.73816219809
2020-01-04 07:59:00,NA,NA,4496.4802552266,4655.4409643206,-21467.8741335821,4496.4802552266,287880,4796,4672.54390516793,-21392.4754162516,4496.4802552266
2020-01-04 08:00:00,NA,NA,4513.52461672411,4717.74326703973,-21385.6731165854,4513.52461672411,287940,4797,4744.82200653581,-21317.9989636309,4513.52461672411
2020-01-04 08:01:00,NA,NA,4532.333212607,4794.77866806533,-21289.6056227802,4532.333212607,288000,4798,4816.1000022268,-21238.9431066534,4532.333212607
2020-01-04 08:02:00,NA,NA,4571.46563073276,4872.66648372073,-21181.6518287983,4571.46563073276,288060,4799,4885.4401712165,-21156.5611108326,4571.46563073276
2020-01-04 08:03:00,NA,NA,4620.8448455833,4940.39548954866,-21080.7680290682,4620.8448455833,288120,4800,4951.90301991554,-21072.1031993306,4620.8448455833
2020-01-04 08:04:00,NA,NA,4621.5273194005,5014.05191328566,-20981.754878191,4621.5273194005,288180,4801,5014.54642282349,-20986.8176965293,4621.5273194005
2020-01-04 08:05:00,NA,NA,4608.83967442067,5080.86917232617,-20908.6846336575,4608.83967442067,288240,4802,5072.42476077535,-20901.9521698636,4608.83967442067
2020-01-04 08:06:00,5124.58805599245,-20818.7545709619,NA,5124.58805599245,-20818.7545709619,4645.55493737155,288300,4803,5124.58805599245,-20818.7545709619,4640.68278665589
2020-01-04 08:07:00,NA,NA,4698.96134930791,5150.02313626064,-20723.543339472,4698.96134930791,288360,4804,5170.56590014474,-20738.2013563833,4698.96134930791
2020-01-04 08:08:00,NA,NA,4747.94089698082,5188.95542395657,-20661.5460627796,4747.94089698082,288420,4805,5211.82150343548,-20660.1792684052,4747.94089698082
2020-01-04 08:09:00,NA,NA,4768.32894625891,5238.43860714279,-20603.5024268056,4768.32894625891,288480,4806,5250.29855288422,-20584.3043437574,4768.32894625891
2020-01-04 08:10:00,NA,NA,4772.2272077408,5270.53332155896,-20544.2250813052,4772.2272077408,288540,4807,5287.93819426114,-20510.194583109,4772.2272077408
2020-01-04 08:11:00,NA,NA,4758.95732017372,5298.50606917387,-20484.3293513582,4758.95732017372,288600,4808,5326.68080757802,-20437.4696016717,4758.95732017372
2020-01-04 08:12:00,NA,NA,4790.31819541496,5351.49768858335,-20408.9412459871,4790.31819541496,288660,4809,5368.46778190088,-20365.7502812718,4790.31819541496
2020-01-04 08:13:00,NA,NA,4827.4112608316,5414.39500597765,-20322.7233162326,4827.4112608316,288720,4810,5415.24329110037,-20294.6584235791,4827.4112608316
2020-01-04 08:14:00,NA,NA,4922.83064437571,5466.99782829977,-20233.3847052977,4922.83064437571,288780,4811,5468.9560721568,-20223.8164041736,4922.83064437571
2020-01-04 08:15:00,5531.56120764345,-20152.8468271386,NA,5531.56120764345,-20152.8468271386,4998.29152740775,288840,4812,5531.56120764345,-20152.8468271386,4973.92585113473
2020-01-04 08:16:00,NA,NA,4994.14640362057,5601.71783407299,-20074.4603528774,4994.14640362057,288900,4813,5602.36560539726,-20079.9300159374,4994.14640362057
2020-01-04 08:17:00,5670.0579507188,-19997.4755901398,NA,5670.0579507188,-19997.4755901398,5020.80604867948,288960,4814,5670.0579507188,-19997.4755901398,5027.32730072375
2020-01-04 08:18:00,NA,NA,5065.15380336297,5722.34187667693,-19899.9716579483,5065.15380336297,289020,4815,5725.03515219477,-19900.1788168359,5065.15380336297
2020-01-04 08:19:00,NA,NA,5094.31868799615,5766.90103269779,-19795.599263762,5094.31868799615,289080,4816,5775.15280936023,-19797.668230394,5094.31868799615
2020-01-04 08:20:00,5832.62945820088,-19703.3041358804,NA,5832.62945820088,-19703.3041358804,5145.65421719092,289140,4817,5832.62945820088,-19703.3041358804,5124.40184281159
2020-01-04 08:21:00,5898.7498184731,-19623.7605462768,NA,5898.7498184731,-19623.7605462768,5162.28278006683,289200,4818,5898.7498184731,-19623.7605462768,5139.24260123608
2020-01-04 08:22:00,NA,NA,5113.39271717437,5946.99096733207,-19533.8530031182,5113.39271717437,289260,4819,5941.59764113119,-19544.9739120646,5113.39271717437
2020-01-04 08:23:00,NA,NA,5045.01462586671,5964.38559971602,-19466.6317473268,5045.01462586671,289320,4820,5960.51811927992,-19470.2891154377,5045.01462586671
2020-01-04 08:24:00,5965.38989414336,-19409.0798885599,NA,5965.38989414336,-19409.0798885599,5018.20307413185,289380,4821,5965.38989414336,-19409.0798885599,5005.20996039446
2020-01-04 08:25:00,NA,NA,4977.32994615269,5962.54212157697,-19352.5063101884,4977.32994615269,289440,4822,5964.75968567687,-19367.7058160356,4977.32994615269
2020-01-04 08:26:00,NA,NA,4943.06923766049,5955.84001927027,-19337.8707047938,4943.06923766049,289500,4823,5961.89265167041,-19340.4381697328,4943.06923766049
2020-01-04 08:27:00,5958.73283158182,-19318.5346512762,NA,5958.73283158182,-19318.5346512762,4946.34943574381,289560,4824,5958.73283158182,-19318.5346512762,4963.30559213644
2020-01-04 08:28:00,NA,NA,5022.56561552465,5967.98902914315,-19295.5748354063,5022.56561552465,289620,4825,5956.8571763745,-19295.5326597263,5022.56561552465
2020-01-04 08:29:00,NA,NA,5093.77933783235,5967.35343685804,-19283.4783382997,5093.77933783235,289680,4826,5956.37646071188,-19274.0681752873,5093.77933783235
2020-01-04 08:30:00,NA,NA,5193.8213616383,5957.50832949424,-19256.884293917,5193.8213616383,289740,4827,5957.03591456915,-19259.0533776904,5193.8213616383
2020-01-04 08:31:00,5958.58181082778,-19255.4063471929,NA,5958.58181082778,-19255.4063471929,5323.94719003683,289800,4828,5958.58181082778,-19255.4063471929,5317.81452830196
2020-01-04 08:32:00,NA,NA,5424.93369343424,5973.16765568062,-19278.307110266,5424.93369343424,289860,4829,5960.79921432245,-19266.4626047369,5424.93369343424
2020-01-04 08:33:00,NA,NA,5488.17855560425,5993.88158159306,-19308.1023243199,5488.17855560425,289920,4830,5963.62573577459,-19289.1989979152,5488.17855560425
2020-01-04 08:34:00,NA,NA,5548.91242689581,6002.94229287785,-19337.2357344753,5548.91242689581,289980,4831,5967.03752440513,-19319.0101029174,5548.91242689581
2020-01-04 08:35:00,NA,NA,5584.43164702995,5991.76369433451,-19359.2383389814,5584.43164702995,290040,4832,5971.01126479331,-19351.2969666255,5584.43164702995
2020-01-04 08:36:00,NA,NA,5547.21462929278,5980.20114631629,-19383.8968195546,5547.21462929278,290100,4833,5975.52415553896,-19381.4628999988,5547.21462929278
2020-01-04 08:37:00,5980.55388840313,-19404.9092735747,NA,5980.55388840313,-19404.9092735747,5504.74425821382,290160,4834,5980.55388840313,-19404.9092735747,5511.34121315871
2020-01-04 08:38:00,NA,NA,5494.3803460088,6000.26342254932,-19415.3340287116,5494.3803460088,290220,4835,5984.67242257788,-19417.2870020239,5494.3803460088
2020-01-04 08:39:00,5980.82580273852,-19415.2596829977,NA,5980.82580273852,-19415.2596829977,5506.61216418836,290280,4836,5980.82580273852,-19415.2596829977,5489.08765455883
2020-01-04 08:40:00,NA,NA,5481.71169641567,5933.96537084318,-19397.9101923425,5481.71169641567,290340,4837,5963.0445115827,-19396.9426455397,5481.71169641567
2020-01-04 08:41:00,NA,NA,5477.53827539279,5896.98878057929,-19363.4472363715,5477.53827539279,290400,4838,5935.33847128589,-19365.2734229264,5477.53827539279
2020-01-04 08:42:00,NA,NA,5518.24511674978,5879.47222879461,-19314.5830334042,5518.24511674978,290460,4839,5904.20645629061,-19324.3865531162,5518.24511674978
2020-01-04 08:43:00,5876.14410822998,-19278.4081429968,NA,5876.14410822998,-19278.4081429968,5514.19045206428,290520,4840,5876.14410822998,-19278.4081429968,5513.71657524328
2020-01-04 08:44:00,NA,NA,5469.89987722383,5868.47002746337,-19230.8713488383,5469.89987722383,290580,4841,5856.51516298934,-19230.7588597059,5469.89987722383
2020-01-04 08:45:00,NA,NA,5431.22975820769,5860.29043042926,-19192.5473381269,5431.22975820769,290640,4842,5846.15200667628,-19182.0545814671,5431.22975820769
2020-01-04 08:46:00,NA,NA,5435.64740589936,5854.63866821627,-19159.6933951587,5435.64740589936,290700,4843,5844.76078894346,-19132.2094378303,5435.64740589936
2020-01-04 08:47:00,NA,NA,5454.51409125346,5863.49529215257,-19117.4674685247,5454.51409125346,290760,4844,5852.05586626381,-19081.1365147069,5454.51409125346
2020-01-04 08:48:00,NA,NA,5496.80176852272,5856.740867639,-19051.9497773748,5496.80176852272,290820,4845,5867.7595405054,-19028.7477749183,5496.80176852272
2020-01-04 08:49:00,NA,NA,5517.13028252611,5888.78430206713,-18988.1532116085,5517.13028252611,290880,4846,5891.60180488024,-18974.9539776852,5517.13028252611
2020-01-04 08:50:00,5923.32009694999,-18919.6645970071,NA,5923.32009694999,-18919.6645970071,5561.93095211695,290940,4847,5923.32009694999,-18919.6645970071,5559.94709057458
2020-01-04 08:51:00,NA,NA,5613.25093833439,5944.50213994147,-18859.9915121026,5613.25093833439,291000,4848,5962.38167184237,-18862.7670222772,5613.25093833439
2020-01-04 08:52:00,NA,NA,5648.93539465141,5975.58463968936,-18791.418656,5648.93539465141,291060,4849,6007.15090546685,-18804.0643010561,5648.93539465141
2020-01-04 08:53:00,NA,NA,5662.33636689944,6007.64353409865,-18734.353776937,5662.33636689944,291120,4850,6055.72000969056,-18743.3371121,5662.33636689944
2020-01-04 08:54:00,NA,NA,5651.36337463451,6036.83673174433,-18656.0779515967,5651.36337463451,291180,4851,6106.1846719157,-18680.364282271,5651.36337463451
2020-01-04 08:55:00,NA,NA,5614.89667100745,6105.48706809914,-18601.2354214094,5614.89667100745,291240,4852,6156.64231322044,-18614.9225842907,5614.89667100745
2020-01-04 08:56:00,NA,NA,5529.48383862792,6183.22250638165,-18540.2614501572,5529.48383862792,291300,4853,6205.19034810618,-18546.786532575,5529.48383862792
2020-01-04 08:57:00,6249.92444423283,-18475.728176994,NA,6249.92444423283,-18475.728176994,5435.9659574893,291360,4854,6249.92444423283,-18475.728176994,5460.51168639085
2020-01-04 08:58:00,NA,NA,5430.95401521995,6308.35201816143,-18402.0131272017,5430.95401521995,291420,4855,6289.90030035313,-18401.8985764942,5430.95401521995
2020-01-04 08:59:00,NA,NA,5422.07609995331,6338.55962368772,-18338.9285836653,5422.07609995331,291480,4856,6328.02351881664,-18326.9730531128,5422.07609995331
2020-01-04 09:00:00,NA,NA,5360.15589906697,6377.59255343195,-18261.4610097318,5360.15589906697,291540,4857,6368.16152744151,-18253.0076078458,5360.15589906697
2020-01-04 09:01:00,6414.1835976627,-18182.0591201755,NA,6414.1835976627,-18182.0591201755,5320.73605732569,291600,4858,6414.1835976627,-18182.0591201755,5307.44358712734
2020-01-04 09:02:00,NA,NA,5293.27905514741,6471.91522770352,-18101.5120138453,5293.27905514741,291660,4859,6469.31111516888,-18115.6231842133,5293.27905514741
2020-01-04 09:03:00,NA,NA,5330.86276139504,6538.62521970669,-18034.1985422227,5330.86276139504,291720,4860,6534.16060329502,-18052.94323773,5330.86276139504
2020-01-04 09:04:00,NA,NA,5418.3310256538,6618.09037085227,-17970.2545213886,5418.3310256538,291780,4861,6608.70421301829,-17992.7021092255,5418.3310256538
2020-01-04 09:05:00,6692.92296283298,-17933.5848577798,NA,6692.92296283298,-17933.5848577798,5499.62424759086,291840,4862,6692.92296283298,-17933.5848577798,5490.71534708003
2020-01-04 09:06:00,NA,NA,5570.20121459327,6778.78213190339,-17859.7927128785,5570.20121459327,291900,4863,6786.62680599982,-17874.3621018389,5570.20121459327
2020-01-04 09:07:00,NA,NA,5679.453358838,6878.43917967273,-17774.0308468706,5679.453358838,291960,4864,6888.91468007688,-17814.1425043311,5679.453358838
2020-01-04 09:08:00,NA,NA,5762.3666065349,7001.02167344417,-17698.3983393237,5762.3666065349,292020,4865,6998.71346243894,-17752.1183469676,5762.3666065349
2020-01-04 09:09:00,NA,NA,5842.3998056985,7126.43611152219,-17632.7611002443,5842.3998056985,292080,4866,7114.95690080199,-17687.4802605952,5842.3998056985
2020-01-04 09:10:00,NA,NA,5917.27213455168,7260.53324689352,-17583.6248248929,5917.27213455168,292140,4867,7236.58463778052,-17619.4164849612,5917.27213455168
2020-01-04 09:11:00,NA,NA,5990.30500562694,7398.05925477134,-17522.4387424469,5990.30500562694,292200,4868,7362.54124095371,-17547.1121262392,5990.30500562694
2020-01-04 09:12:00,NA,NA,6060.12564096746,7524.89735863883,-17463.5146719141,6060.12564096746,292260,4869,7491.77523745608,-17469.7484116725,6060.12564096746
2020-01-04 09:13:00,NA,NA,6104.4508194566,7660.56028982323,-17413.4630800184,6104.4508194566,292320,4870,7623.23815219697,-17386.5019406632,6104.4508194566
2020-01-04 09:14:00,NA,NA,6112.87851471491,7793.99700933893,-17321.1628519191,6112.87851471491,292380,4871,7755.88354882528,-17296.5439316233,6112.87851471491
2020-01-04 09:15:00,NA,NA,6126.81661179244,7931.25403110642,-17189.5864348709,6126.81661179244,292440,4872,7888.66607256059,-17199.0394639022,6126.81661179244
2020-01-04 09:16:00,NA,NA,6161.10304762237,8064.91244307265,-17076.3329144828,6161.10304762237,292500,4873,8020.54049401458,-17093.1467140972,6161.10304762237
2020-01-04 09:17:00,NA,NA,6167.64971449676,8190.40506528541,-16976.0452824707,6167.64971449676,292560,4874,8150.46075312748,-16978.0161860478,6167.64971449676
2020-01-04 09:18:00,NA,NA,6201.65450981228,8293.09505714509,-16857.886115884,6201.65450981228,292620,4875,8277.37900234513,-16852.7899338129,6201.65450981228
2020-01-04 09:19:00,NA,NA,6276.68699072392,8400.33158074611,-16719.1586057042,6276.68699072392,292680,4876,8400.24464816111,-16716.6007769161,6276.68699072392
2020-01-04 09:20:00,8518.00339014727,-16568.571507146,NA,8518.00339014727,-16568.571507146,6370.72053370505,292740,4877,8518.00339014727,-16568.571507146,6359.42193646795
2020-01-04 09:21:00,NA,NA,6419.30407324874,8624.07974206181,-16391.0448824145,6419.30407324874,292800,4878,8629.83143600515,-16408.6548252753,6419.30407324874
2020-01-04 09:22:00,NA,NA,6439.39284247549,8739.53447416562,-16204.0762192631,6439.39284247549,292860,4879,8735.84032898042,-16240.1556668433,6439.39284247549
2020-01-04 09:23:00,NA,NA,6445.45759251255,8847.79977279821,-16044.6345259089,6445.45759251255,292920,4880,8836.37146828815,-16067.2118526704,6445.45759251255
2020-01-04 09:24:00,NA,NA,6463.19674781836,8944.7393570134,-15884.5324848508,6463.19674781836,292980,4881,8931.76124267862,-15893.9571385833,6463.19674781836
2020-01-04 09:25:00,9022.34133814334,-15724.5249964497,NA,9022.34133814334,-15724.5249964497,6538.46048447564,293040,4882,9022.34133814334,-15724.5249964497,6522.23256063514
2020-01-04 09:26:00,NA,NA,6611.79654642025,9090.3551790955,-15554.721579865,6611.79654642025,293100,4883,9108.34346861389,-15561.9912533751,6611.79654642025
2020-01-04 09:27:00,NA,NA,6709.36276306986,9171.83107377903,-15392.8154824609,6709.36276306986,293160,4884,9189.61285187285,-15405.1932855706,6709.36276306986
2020-01-04 09:28:00,NA,NA,6785.53285767114,9262.52973995776,-15249.4286522127,6785.53285767114,293220,4885,9265.89480331216,-15251.9125741324,6785.53285767114
2020-01-04 09:29:00,NA,NA,6829.31103340904,9345.18776293274,-15100.587061812,6829.31103340904,293280,4886,9336.93007622806,-15099.9338169904,6829.31103340904
2020-01-04 09:30:00,9402.45462474152,-14947.0429026794,NA,9402.45462474152,-14947.0429026794,6903.86960051221,293340,4887,9402.45462474152,-14947.0429026794,6901.19431262969
2020-01-04 09:31:00,NA,NA,6999.81133273402,9440.4600843569,-14798.8137346437,6999.81133273402,293400,4888,9462.50643949603,-14791.6487047746,6999.81133273402
2020-01-04 09:32:00,NA,NA,7098.31801803924,9485.32396571383,-14663.6555470495,7098.31801803924,293460,4889,9518.34686998417,-14634.6531988356,7098.31801803924
2020-01-04 09:33:00,NA,NA,7168.37925428066,9542.79353388398,-14524.6972650244,7168.37925428066,293520,4890,9571.54049024846,-14477.5807136831,7168.37925428066
2020-01-04 09:34:00,NA,NA,7233.31476572865,9599.22100645539,-14373.0114153628,7233.31476572865,293580,4891,9623.64945353163,-14321.9555078502,7233.31476572865
2020-01-04 09:35:00,NA,NA,7269.59927799224,9651.13793814755,-14206.5640708219,7269.59927799224,293640,4892,9676.23492112906,-14169.3031638281,7269.59927799224
2020-01-04 09:36:00,NA,NA,7278.18735823939,9718.76836344062,-14031.1557700392,7278.18735823939,293700,4893,9730.85849034293,-14021.1519834908,7278.18735823939
2020-01-04 09:37:00,9789.08362284476,-13879.0343860107,NA,9789.08362284476,-13879.0343860107,7252.4129692149,293760,4894,9789.08362284476,-13879.0343860107,7250.96235085828
2020-01-04 09:38:00,9852.20545452103,-13742.2837992773,NA,9852.20545452103,-13742.2837992773,7206.90088735935,293820,4895,9852.20545452103,-13742.2837992773,7211.72764745477
2020-01-04 09:39:00,NA,NA,7194.00952530691,9913.54691728569,-13614.9455957104,7194.00952530691,293880,4896,9920.51957523819,-13603.7352236135,7194.00952530691
2020-01-04 09:40:00,NA,NA,7218.50924347038,9976.49794615608,-13473.8143263273,7218.50924347038,293940,4897,9994.38473989181,-13463.2783685571,7218.50924347038
2020-01-04 09:41:00,NA,NA,7259.13612315128,10055.3564834581,-13355.7782033941,7259.13612315128,294000,4898,10074.2472876469,-13323.1163074575,7259.13612315128
2020-01-04 09:42:00,NA,NA,7298.56817042912,10134.6569974644,-13210.5881720575,7298.56817042912,294060,4899,10160.5590439594,-13185.4523834874,7298.56817042912
2020-01-04 09:43:00,NA,NA,7318.3589518437,10219.1902955108,-13060.9449800856,7318.3589518437,294120,4900,10253.7777335839,-13052.4922250942,7318.3589518437
2020-01-04 09:44:00,NA,NA,7356.82626755118,10316.5273920753,-12929.3629883566,7356.82626755118,294180,4901,10354.3673991641,-12926.4457634534,7356.82626755118
2020-01-04 09:45:00,NA,NA,7411.71498532302,10429.0720242933,-12820.9876255671,7411.71498532302,294240,4902,10462.7988256451,-12809.5292538546,7411.71498532302
2020-01-04 09:46:00,NA,NA,7454.22008637752,10556.9895866384,-12723.0713093451,7454.22008637752,294300,4903,10579.549970872,-12703.9673028747,7454.22008637752
2020-01-04 09:47:00,NA,NA,7466.78601339213,10684.1031249877,-12627.1773584683,7466.78601339213,294360,4904,10705.1064027568,-12611.9949031935,7466.78601339213
2020-01-04 09:48:00,NA,NA,7493.97355469266,10833.8371090722,-12543.7953047948,7493.97355469266,294420,4905,10839.9617434127,-12535.8594779112,7493.97355469266
2020-01-04 09:49:00,NA,NA,7500.09323025415,10990.5448764998,-12479.5562821921,7500.09323025415,294480,4906,10984.6181206575,-12477.8229362395,7500.09323025415
2020-01-04 09:50:00,11139.5866272999,-12440.1637424431,NA,11139.5866272999,-12440.1637424431,7504.95553520665,294540,4907,11139.5866272999,-12440.1637424431,7521.23339494603
2020-01-04 09:51:00,11302.9796703118,-12421.1893870873,NA,11302.9796703118,-12421.1893870873,7546.85208563022,294600,4908,11302.9796703118,-12421.1893870873,7563.23698482172
2020-01-04 09:52:00,NA,NA,7617.78954065382,11454.9010611842,-12387.8395705039,7617.78954065382,294660,4909,11465.4491124204,-12406.7446820491,7617.78954065382
2020-01-04 09:53:00,NA,NA,7681.24101640601,11609.354857582,-12365.8546301904,7681.24101640601,294720,4910,11623.8969105476,-12392.60726436,7681.24101640601
2020-01-04 09:54:00,NA,NA,7759.96963432359,11760.935840305,-12374.085875363,7759.96963432359,294780,4911,11777.3860080056,-12378.0344660605,7759.96963432359
2020-01-04 09:55:00,NA,NA,7838.84548534993,11909.4453452339,-12374.7631546696,7838.84548534993,294840,4912,11924.9748122232,-12362.283220778,7838.84548534993
2020-01-04 09:56:00,NA,NA,7904.51884210152,12046.8167881225,-12363.8836799365,7904.51884210152,294900,4913,12065.7163335119,-12344.6093840952,7904.51884210152
2020-01-04 09:57:00,NA,NA,7978.90816137339,12184.1000116699,-12342.3586425771,7978.90816137339,294960,4914,12198.6573188896,-12324.2670529117,7978.90816137339
2020-01-04 09:58:00,NA,NA,8049.09289450091,12304.0740252712,-12320.8420897224,8049.09289450091,295020,4915,12322.8373801659,-12300.5078831888,8049.09289450091
2020-01-04 09:59:00,NA,NA,8104.99745075532,12430.191607703,-12290.175835848,8104.99745075532,295080,4916,12437.2881154968,-12272.5804054554,8104.99745075532
2020-01-04 10:00:00,NA,NA,8140.15642629887,12531.8192456678,-12248.107037876,8140.15642629887,295140,4917,12541.032223605,-12239.7293374529,8140.15642629887
2020-01-04 10:01:00,12633.0826098578,-12201.1948932909,NA,12633.0826098578,-12201.1948932909,8178.81790991976,295200,4918,12633.0826098578,-12201.1948932909,8181.7858755978
2020-01-04 10:02:00,NA,NA,8220.51178782234,12742.0550755186,-12152.4509549664,8220.51178782234,295260,4919,12712.9655428377,-12156.330493584,8220.51178782234
2020-01-04 10:03:00,NA,NA,8240.51898489812,12847.9383181461,-12107.42347425,8240.51898489812,295320,4920,12782.2924940612,-12104.9574095908,8240.51898489812
2020-01-04 10:04:00,NA,NA,8254.5911055385,12955.5698423533,-12069.2139264727,8254.5911055385,295380,4921,12843.1893368288,-12047.0093618983,8254.5911055385
2020-01-04 10:05:00,NA,NA,8277.38405284046,13042.2508717679,-12023.3361895546,8277.38405284046,295440,4922,12897.7742336682,-11982.4140568306,8277.38405284046
2020-01-04 10:06:00,NA,NA,8257.91102360826,13092.2190720437,-11961.3518470049,8257.91102360826,295500,4923,12948.1595737978,-11911.0931204218,8257.91102360826
2020-01-04 10:07:00,NA,NA,8229.11862449818,13090.6654729349,-11863.5702274739,8229.11862449818,295560,4924,12996.4539052899,-11832.9620267566,8229.11862449818
2020-01-04 10:08:00,NA,NA,8216.2088751271,13074.8259378405,-11765.0462371496,8216.2088751271,295620,4925,13044.7638637266,-11747.9300206699,8216.2088751271
2020-01-04 10:09:00,13095.1960991113,-11655.9000347428,NA,13095.1960991113,-11655.9000347428,8198.30920690457,295680,4926,13095.1960991113,-11655.9000347428,8196.89099931534
2020-01-04 10:10:00,NA,NA,8156.23224269633,13138.7030825348,-11555.9439466929,8156.23224269633,295740,4927,13148.990561225,-11561.3619169024,8156.23224269633
2020-01-04 10:11:00,13203.9155500734,-11487.1773332551,NA,13203.9155500734,-11487.1773332551,8075.89733694794,295800,4928,13203.9155500734,-11487.1773332551,8090.05956651052
2020-01-04 10:12:00,13253.943539667,-11443.4065254878,NA,13253.943539667,-11443.4065254878,8010.32000994271,295860,4929,13253.943539667,-11443.4065254878,8021.37477650931
2020-01-04 10:13:00,NA,NA,7980.17653983041,13281.7030669322,-11396.0686691098,7980.17653983041,295920,4930,13286.2323840655,-11385.3287188501,7980.17653983041
2020-01-04 10:14:00,NA,NA,7977.50344263482,13283.05569375,-11327.942816502,7977.50344263482,295980,4931,13304.6094943386,-11310.1907218598,7977.50344263482
2020-01-04 10:15:00,NA,NA,7966.95355799052,13309.5567805359,-11241.3970216265,7966.95355799052,296040,4932,13317.7928320878,-11230.0715666706,7966.95355799052
2020-01-04 10:16:00,13334.4956094351,-11157.0457308756,NA,13334.4956094351,-11157.0457308756,7952.17938805868,296100,4933,13334.4956094351,-11157.0457308756,7963.92463694758
2020-01-04 10:17:00,NA,NA,7972.7919780609,13363.2545562488,-11096.7284340149,7972.7919780609,296160,4934,13361.7801875582,-11099.290018525,7972.7919780609
2020-01-04 10:18:00,NA,NA,7990.3440241973,13412.7980397313,-11046.6230237779,7990.3440241973,296220,4935,13400.1020205799,-11049.3778326724,7990.3440241973
2020-01-04 10:19:00,NA,NA,8007.23869936178,13457.3879743133,-11002.3190819887,8007.23869936178,296280,4936,13448.2725903861,-10995.9855876617,8007.23869936178
2020-01-04 10:20:00,13505.1123876176,-10927.786512615,NA,13505.1123876176,-10927.786512615,8000.88346970193,296340,4937,13505.1123876176,-10927.786512615,7995.91873788265
2020-01-04 10:21:00,NA,NA,7968.90643686701,13571.6619573911,-10833.4435071321,7968.90643686701,296400,4938,13569.3416276911,-10835.942442688,7968.90643686701
2020-01-04 10:22:00,NA,NA,7940.96422907858,13661.054397742,-10722.5132757468,7940.96422907858,296460,4939,13639.2544468595,-10721.6026443123,7940.96422907858
2020-01-04 10:23:00,NA,NA,7903.67190603698,13753.3448568083,-10590.2685345149,7903.67190603698,296520,4940,13713.0419771998,-10588.3979514916,7903.67190603698
2020-01-04 10:24:00,NA,NA,7869.21950130402,13825.3281372873,-10437.5002882579,7869.21950130402,296580,4941,13788.8988948551,-10439.9419425015,7869.21950130402
2020-01-04 10:25:00,NA,NA,7794.91106481621,13908.5590323644,-10306.0569353688,7794.91106481621,296640,4942,13865.0217686738,-10279.8342454784,7794.91106481621
2020-01-04 10:26:00,NA,NA,7719.02396739927,13983.1173199708,-10160.7723396731,7719.02396739927,296700,4943,13939.6074106325,-10111.6638310144,7719.02396739927
2020-01-04 10:27:00,NA,NA,7660.84668549871,14048.0250590705,-9991.32720601627,7660.84668549871,296760,4944,14010.8512264835,-9939.01229497107,7660.84668549871
2020-01-04 10:28:00,NA,NA,7584.08950247474,14099.6957121984,-9798.63007305142,7584.08950247474,296820,4945,14076.9455651148,-9765.45713453896,7584.08950247474
2020-01-04 10:29:00,14136.0780651128,-9594.57502054331,NA,14136.0780651128,-9594.57502054331,7493.7689217057,296880,4946,14136.0780651128,-9594.57502054331,7486.23965244526
2020-01-04 10:30:00,NA,NA,7406.33811083208,14135.6874484148,-9398.69696338532,7406.33811083208,296940,4947,14186.7969888736,-9429.31593028662,7406.33811083208
2020-01-04 10:31:00,NA,NA,7366.16302472984,14119.7381141064,-9214.87814663251,7366.16302472984,297000,4948,14229.1109363697,-9270.11831442536,7366.16302472984
2020-01-04 10:32:00,NA,NA,7302.45470876937,14130.496464736,-9055.28373337535,7302.45470876937,297060,4949,14263.3878094546,-9116.79702962603,7302.45470876937
2020-01-04 10:33:00,NA,NA,7209.7565363189,14151.4157932757,-8926.42582124949,7209.7565363189,297120,4950,14289.9881584213,-8969.17230760999,7209.7565363189
2020-01-04 10:34:00,NA,NA,7130.71628264563,14167.8133242317,-8809.63586486974,7130.71628264563,297180,4951,14309.2655118676,-8827.06959070825,7130.71628264563
2020-01-04 10:35:00,NA,NA,7058.78052345611,14151.1922066076,-8701.24408262348,7058.78052345611,297240,4952,14321.5667000819,-8690.3193721918,7058.78052345611
2020-01-04 10:36:00,NA,NA,6972.17001851419,14129.67332452,-8601.64674911429,6972.17001851419,297300,4953,14327.2321722946,-8558.75704122358,6972.17001851419
2020-01-04 10:37:00,NA,NA,6918.03290809662,14101.1335049811,-8511.12174405441,6918.03290809662,297360,4954,14326.5963080889,-8432.22273228925,6918.03290809662
2020-01-04 10:38:00,NA,NA,6887.48997115083,14074.284933208,-8426.56004453863,6887.48997115083,297420,4955,14319.9877232589,-8310.5611789689,6887.48997115083
2020-01-04 10:39:00,NA,NA,6849.17674903922,14067.0337969388,-8317.44315119199,6849.17674903922,297480,4956,14307.7295703937,-8193.62157191555,6849.17674903922
2020-01-04 10:40:00,NA,NA,6814.98514690485,14046.7481355746,-8193.11851398985,6814.98514690485,297540,4957,14290.1398344642,-8081.25742091074,6814.98514690485
2020-01-04 10:41:00,NA,NA,6777.89162353794,14007.6783494998,-8080.54580037211,6777.89162353794,297600,4958,14267.5316236826,-7973.32642087082,6777.89162353794
2020-01-04 10:42:00,NA,NA,6741.7817239734,13965.7370367894,-7965.99377764362,6741.7817239734,297660,4959,14240.2134559012,-7869.69032168141,6741.7817239734
2020-01-04 10:43:00,NA,NA,6698.08466459493,13927.1039676337,-7851.29424707279,6698.08466459493,297720,4960,14208.4895408117,-7770.21480174097,6698.08466459493
2020-01-04 10:44:00,NA,NA,6654.19895387521,13895.2633326137,-7733.26967351703,6654.19895387521,297780,4961,14172.6600582042,-7674.76934509773,6654.19895387521
2020-01-04 10:45:00,NA,NA,6601.97152016145,13872.1167561013,-7620.61700674047,6601.97152016145,297840,4962,14133.0214325395,-7583.22712206773,6601.97152016145
2020-01-04 10:46:00,NA,NA,6577.87659350755,13872.0235495742,-7509.78256996859,6577.87659350755,297900,4963,14089.8666040871,-7495.46487322454,6577.87659350755
2020-01-04 10:47:00,NA,NA,6617.85568210586,13858.9606047685,-7391.31272385719,6617.85568210586,297960,4964,14043.4852968752,-7411.36279665484,6617.85568210586
2020-01-04 10:48:00,NA,NA,6678.01652462078,13851.8963176045,-7296.80441912312,6678.01652462078,298020,4965,13994.1642836994,-7330.80443837645,6678.01652462078
2020-01-04 10:49:00,NA,NA,6695.11888414225,13853.2236926492,-7217.94390155687,6695.11888414225,298080,4966,13942.187648432,-7253.67658581874,6695.11888414225
2020-01-04 10:50:00,NA,NA,6704.72346224831,13838.1286015684,-7149.14598551626,6704.72346224831,298140,4967,13887.8370458711,-7179.86916426794,6704.72346224831
2020-01-04 10:51:00,NA,NA,6718.21908363551,13814.8779494701,-7083.03267180341,6718.21908363551,298200,4968,13831.3919593687,-7109.27513618264,6718.21908363551
2020-01-04 10:52:00,NA,NA,6708.56056954332,13762.7261542151,-7029.30517428254,6708.56056954332,298260,4969,13773.1299564717,-7041.79040328734,6708.56056954332
2020-01-04 10:53:00,NA,NA,6702.27347635951,13693.6480546662,-6975.93891726122,6702.27347635951,298320,4970,13713.3269428109,-6977.31371135455,6702.27347635951
2020-01-04 10:54:00,13652.2574144704,-6915.74655758832,NA,13652.2574144704,-6915.74655758832,6652.39552983918,298380,4971,13652.2574144704,-6915.74655758832,6662.9602581765
2020-01-04 10:55:00,NA,NA,6599.45051676757,13597.3582692884,-6847.46675390524,6599.45051676757,298440,4972,13591.1442759322,-6857.11692816194,6599.45051676757
2020-01-04 10:56:00,NA,NA,6541.23932498955,13546.2334152925,-6789.3619766177,6541.23932498955,298500,4973,13535.008834184,-6801.95082979716,6541.23932498955
2020-01-04 10:57:00,NA,NA,6514.49263586362,13487.9499889276,-6747.96463636355,6514.49263586362,298560,4974,13489.8265176651,-6750.9012654919,6514.49263586362
2020-01-04 10:58:00,13461.5827746559,-6704.62500375688,NA,13461.5827746559,-6704.62500375688,6498.78194213645,298620,4975,13461.5827746559,-6704.62500375688,6484.73453622496
2020-01-04 10:59:00,NA,NA,6436.51506147962,13451.6738942769,-6678.09641686863,6436.51506147962,298680,4976,13454.0621194679,-6663.29388200512,6436.51506147962
2020-01-04 11:00:00,NA,NA,6356.84030788301,13459.3859529681,-6635.44232847556,6356.84030788301,298740,4977,13462.2019046298,-6625.12698226908,6356.84030788301
2020-01-04 11:01:00,NA,NA,6235.00482351198,13494.0753002172,-6598.85708359035,6235.00482351198,298800,4978,13478.7373824966,-6587.85698385093,6235.00482351198
2020-01-04 11:02:00,NA,NA,6138.28417950641,13506.114903758,-6559.85585327717,6138.28417950641,298860,4979,13496.4114839895,-6549.21738606737,6138.28417950641
2020-01-04 11:03:00,13507.9681807106,-6506.94043517875,NA,13507.9681807106,-6506.94043517875,6068.65376987973,298920,4980,13507.9681807106,-6506.94043517875,6063.60059162772
2020-01-04 11:04:00,13509.4357229867,-6460.88142735286,NA,13509.4357229867,-6460.88142735286,5996.27055433119,298980,4981,13509.4357229867,-6460.88142735286,6003.32691818218
2020-01-04 11:05:00,NA,NA,5955.73847081537,13503.8074279534,-6428.72923787604,5955.73847081537,299040,4982,13507.9299662579,-6417.59417852799,5955.73847081537
2020-01-04 11:06:00,NA,NA,5918.34726085242,13469.382299227,-6410.6430334633,5918.34726085242,299100,4983,13505.6004630695,-6378.54540510687,5918.34726085242
2020-01-04 11:07:00,NA,NA,5884.06557289195,13422.982573926,-6398.74406329168,5884.06557289195,299160,4984,13502.5327423523,-6343.40178055735,5884.06557289195
2020-01-04 11:08:00,NA,NA,5845.49349989787,13394.5553514157,-6409.68346460704,5845.49349989787,299220,4985,13498.8116577643,-6311.83355046187,5845.49349989787
2020-01-04 11:09:00,NA,NA,5795.66713093981,13387.8822915502,-6399.20158631412,5795.66713093981,299280,4986,13494.5214653295,-6283.51423081203,5795.66713093981
2020-01-04 11:10:00,NA,NA,5751.31971504703,13377.2178866599,-6385.43428466205,5751.31971504703,299340,4987,13489.7459005123,-6258.12030935677,5751.31971504703
2020-01-04 11:11:00,NA,NA,5709.78315208081,13380.4479643326,-6350.34301233388,5709.78315208081,299400,4988,13484.5682548114,-6235.33094968085,5709.78315208081
2020-01-04 11:12:00,NA,NA,5681.51829508094,13375.7680858225,-6300.66594875543,5681.51829508094,299460,4989,13479.0714519473,-6214.8276977348,5681.51829508094
2020-01-04 11:13:00,NA,NA,5645.87505026209,13362.6665710428,-6249.56244784919,5645.87505026209,299520,4990,13473.3381237123,-6196.29419054584,5645.87505026209
2020-01-04 11:14:00,NA,NA,5616.7714235419,13351.9217144641,-6218.37121036617,5616.7714235419,299580,4991,13467.4506855536,-6179.41586684227,5616.7714235419
2020-01-04 11:15:00,NA,NA,5597.08921147289,13369.5421926392,-6195.32182965524,5597.08921147289,299640,4992,13461.4914119577,-6163.87967932624,5597.08921147289
2020-01-04 11:16:00,NA,NA,5590.83385333163,13413.0586299378,-6174.20466956954,5590.83385333163,299700,4993,13455.542511707,-6149.37380833165,5590.83385333163
2020-01-04 11:17:00,13449.686203075,-6135.58737660508,NA,13449.686203075,-6135.58737660508,5576.08533701042,299760,4994,13449.686203075,-6135.58737660508,5590.76755780028
2020-01-04 11:18:00,NA,NA,5589.1833941714,13468.4351792877,-6103.70663011478,5589.1833941714,299820,4995,13443.9901795294,-6122.25976490868,5589.1833941714
2020-01-04 11:19:00,NA,NA,5582.01616699115,13462.0511016806,-6046.31109447044,5582.01616699115,299880,4996,13438.4638404637,-6109.32918262102,5582.01616699115
