"time","x","y","depth","true_x","true_y","true_depth"
2020-01-01,NA,NA,-50,0,0,-50
2020-01-01 00:01:00,NA,NA,-38.4869745846224,7.53679362814682,-1.16239731787477,-38.4869745846224
2020-01-01 00:02:00,NA,NA,-18.8925010747643,-0.92976033377388,-0.355687599076425,-18.8925010747643
2020-01-01 00:03:00,NA,NA,-5.11095186344325,11.4964602973021,-10.0929888668821,-5.11095186344325
2020-01-01 00:04:00,NA,NA,44.2781143062908,26.4492147571411,-23.3055100544166,44.2781143062908
2020-01-01 00:05:00,NA,NA,85.4313975767568,47.5271440869566,-43.0098735052768,85.4313975767568
2020-01-01 00:06:00,NA,NA,128.91660593419,99.3289540708995,-37.3392782852756,128.91660593419
2020-01-01 00:07:00,NA,NA,190.441032505293,148.026866559072,0.0399605048487999,190.441032505293
2020-01-01 00:08:00,NA,NA,215.400895132668,174.759103379658,64.9979654137264,215.400895132668
2020-01-01 00:09:00,NA,NA,260.098284032064,196.944585715589,113.915029820086,260.098284032064
2020-01-01 00:10:00,217.753748412671,166.354657804712,NA,217.753748412671,166.354657804712,318.690932257964
2020-01-01 00:11:00,203.764686084088,246.326758895177,NA,203.764686084088,246.326758895177,374.712511094519
2020-01-01 00:12:00,NA,NA,463.127727783139,183.315912733989,326.983846037402,463.127727783139
2020-01-01 00:13:00,NA,NA,499.484571161578,189.450549004776,423.363535933438,499.484571161578
2020-01-01 00:14:00,NA,NA,542.84404356859,211.113758276947,538.674481559622,542.84404356859
2020-01-01 00:15:00,279.925645023623,658.333258274946,NA,279.925645023623,658.333258274946,617.178968112807
2020-01-01 00:16:00,NA,NA,660.756113844308,354.989533506974,802.921650751974,660.756113844308
2020-01-01 00:17:00,NA,NA,669.910990687893,452.502699077009,937.870451791529,669.910990687893
2020-01-01 00:18:00,NA,NA,669.609670237082,533.893693798004,1069.21081800527,669.609670237082
2020-01-01 00:19:00,623.49376895259,1181.50978316883,NA,623.49376895259,1181.50978316883,655.887656333155
2020-01-01 00:20:00,NA,NA,618.124622437463,718.810337646648,1294.94834186477,618.124622437463
2020-01-01 00:21:00,NA,NA,628.1127141812,822.047940096894,1428.06380896012,628.1127141812
2020-01-01 00:22:00,NA,NA,638.546483031221,930.909006377281,1532.55650345266,638.546483031221
2020-01-01 00:23:00,NA,NA,620.826147719015,1038.13608241252,1665.93844108135,620.826147719015
2020-01-01 00:24:00,NA,NA,597.48798483687,1137.57264450738,1788.0528298605,597.48798483687
2020-01-01 00:25:00,NA,NA,559.885261977695,1223.88700014417,1878.69908575381,559.885261977695
2020-01-01 00:26:00,NA,NA,512.251440034703,1317.58351429868,1968.75723311102,512.251440034703
2020-01-01 00:27:00,NA,NA,480.275126390775,1405.45686505308,2056.91334737,480.275126390775
2020-01-01 00:28:00,NA,NA,455.658063699255,1486.57557358898,2127.84470514335,455.658063699255
2020-01-01 00:29:00,NA,NA,464.226262507311,1551.19522895175,2199.34808666965,464.226262507311
2020-01-01 00:30:00,NA,NA,475.420545094567,1626.41269426971,2296.47892042147,475.420545094567
2020-01-01 00:31:00,NA,NA,456.978332660257,1684.86005771378,2401.48497678735,456.978332660257
2020-01-01 00:32:00,NA,NA,480.741487207191,1745.99118629324,2506.87299357603,480.741487207191
2020-01-01 00:33:00,NA,NA,520.292226947976,1805.87534705436,2627.10569706628,520.292226947976
2020-01-01 00:34:00,NA,NA,562.708965057487,1861.66714573141,2743.20752947272,562.708965057487
2020-01-01 00:35:00,NA,NA,598.188401349474,1926.65036650079,2832.04450544405,598.188401349474
2020-01-01 00:36:00,NA,NA,663.620476929207,1980.44688648841,2906.97621175402,663.620476929207
2020-01-01 00:37:00,2012.73407678451,2949.97249965388,NA,2012.73407678451,2949.97249965388,770.380987349119
2020-01-01 00:38:00,NA,NA,858.619562268357,2011.25054246287,3007.37629672112,858.619562268357
2020-01-01 00:39:00,2009.32473583565,3071.44713686585,NA,2009.32473583565,3071.44713686585,967.582741259063
2020-01-01 00:40:00,NA,NA,1072.50949319349,2005.31637075627,3143.60347831632,1072.50949319349
2020-01-01 00:41:00,NA,NA,1139.24526041301,1995.20058634038,3220.57518126171,1139.24526041301
2020-01-01 00:42:00,1988.53194636887,3298.69642290373,NA,1988.53194636887,3298.69642290373,1222.2050942832
2020-01-01 00:43:00,NA,NA,1333.916152298,1975.52869740722,3367.18351056004,1333.916152298
2020-01-01 00:44:00,NA,NA,1420.71459470524,1938.86509992003,3436.00839470924,1420.71459470524
2020-01-01 00:45:00,NA,NA,1531.1325556325,1890.75867161872,3505.68728040506,1531.1325556325
2020-01-01 00:46:00,NA,NA,1626.99595353204,1829.71011500434,3568.88413513537,1626.99595353204
2020-01-01 00:47:00,1773.91993449341,3625.49044169531,NA,1773.91993449341,3625.49044169531,1662.93628662862
2020-01-01 00:48:00,NA,NA,1681.81493101606,1736.54725280894,3668.43873597109,1681.81493101606
2020-01-01 00:49:00,NA,NA,1713.45180598816,1710.53807260709,3709.91453173476,1713.45180598816
2020-01-01 00:50:00,NA,NA,1716.66714426565,1694.87663017804,3723.35174534926,1716.66714426565
2020-01-01 00:51:00,NA,NA,1710.41762580023,1684.98512511178,3713.40262820713,1710.41762580023
2020-01-01 00:52:00,NA,NA,1753.04273793673,1679.4369802937,3696.8653871259,1753.04273793673
2020-01-01 00:53:00,NA,NA,1850.37578944437,1693.43954589721,3693.66371460028,1850.37578944437
2020-01-01 00:54:00,NA,NA,1978.66899693795,1695.13946621345,3700.74118993142,1978.66899693795
2020-01-01 00:55:00,NA,NA,2067.30249543529,1706.95903197586,3723.96299193826,2067.30249543529
2020-01-01 00:56:00,NA,NA,2151.04247307852,1737.48896140286,3746.07526536266,2151.04247307852
2020-01-01 00:57:00,1789.46886763757,3778.36249311462,NA,1789.46886763757,3778.36249311462,2214.01593162905
2020-01-01 00:58:00,NA,NA,2275.60851274122,1850.92691228529,3830.26196012868,2275.60851274122
2020-01-01 00:59:00,NA,NA,2279.84138411418,1926.62124374286,3872.4484090772,2279.84138411418
2020-01-01 01:00:00,NA,NA,2278.68424125657,1990.48315017948,3905.27653426573,2278.68424125657
2020-01-01 01:01:00,NA,NA,2280.62745059993,2022.93233732918,3946.35975333586,2280.62745059993
2020-01-01 01:02:00,NA,NA,2281.73879856675,2068.50136352965,3995.05194888768,2281.73879856675
2020-01-01 01:03:00,NA,NA,2290.30458459149,2143.21623951244,4051.5822960188,2290.30458459149
2020-01-01 01:04:00,NA,NA,2304.03432463427,2224.85605541871,4115.49573249776,2304.03432463427
2020-01-01 01:05:00,NA,NA,2330.24873187314,2309.51262904477,4187.96941198241,2330.24873187314
2020-01-01 01:06:00,NA,NA,2407.20267455438,2392.3427201716,4253.43405111462,2407.20267455438
2020-01-01 01:07:00,NA,NA,2481.83913107562,2481.00566040441,4319.6327144109,2481.83913107562
2020-01-01 01:08:00,NA,NA,2530.01823672534,2558.05560687062,4382.87745166019,2530.01823672534
2020-01-01 01:09:00,NA,NA,2560.14633264659,2612.75051796348,4429.91385154811,2560.14633264659
2020-01-01 01:10:00,NA,NA,2552.77804451583,2660.8428969657,4484.91506824207,2552.77804451583
2020-01-01 01:11:00,NA,NA,2534.00123604422,2720.42953857484,4523.72354710563,2534.00123604422
2020-01-01 01:12:00,NA,NA,2553.48761609262,2767.77741735284,4582.70316722878,2553.48761609262
2020-01-01 01:13:00,NA,NA,2594.2574872206,2796.26318862129,4643.03430188589,2594.2574872206
2020-01-01 01:14:00,NA,NA,2651.47563240546,2846.12619168029,4728.23057161006,2651.47563240546
2020-01-01 01:15:00,NA,NA,2737.91238154771,2919.24971171234,4804.2682199674,2737.91238154771
2020-01-01 01:16:00,2994.37139085365,4871.20525063979,NA,2994.37139085365,4871.20525063979,2795.9318213158
2020-01-01 01:17:00,3082.0085689032,4932.39652767144,NA,3082.0085689032,4932.39652767144,2870.61789143376
2020-01-01 01:18:00,3154.38918403206,4973.82508298133,NA,3154.38918403206,4973.82508298133,2951.95491603357
2020-01-01 01:19:00,NA,NA,2962.82261783348,3210.1523346423,5018.01573748624,2962.82261783348
2020-01-01 01:20:00,NA,NA,2968.00749013044,3263.21674762259,5040.97077269414,2968.00749013044
2020-01-01 01:21:00,NA,NA,2971.08439341939,3309.85157820521,5058.64046742706,2971.08439341939
2020-01-01 01:22:00,NA,NA,2995.34543288003,3357.82605223467,5063.96497589097,2995.34543288003
2020-01-01 01:23:00,NA,NA,3020.29328211811,3391.51395399975,5056.95425552831,3020.29328211811
2020-01-01 01:24:00,NA,NA,3039.09913694955,3402.55509508935,5027.15392248082,3039.09913694955
2020-01-01 01:25:00,NA,NA,3078.76938493954,3401.34401458921,4997.51794072741,3078.76938493954
2020-01-01 01:26:00,NA,NA,3115.55836028486,3384.06979982902,4959.29974243258,3115.55836028486
2020-01-01 01:27:00,3354.48091667409,4928.67653516095,NA,3354.48091667409,4928.67653516095,3142.30955741015
2020-01-01 01:28:00,NA,NA,3177.43117282306,3319.89709660399,4902.33255116434,3177.43117282306
2020-01-01 01:29:00,NA,NA,3208.14267602864,3261.53354128418,4882.21354765598,3208.14267602864
2020-01-01 01:30:00,NA,NA,3283.8373675133,3199.15866671632,4853.04915376371,3283.8373675133
2020-01-01 01:31:00,NA,NA,3423.75696996765,3139.53822141055,4829.19380712629,3423.75696996765
2020-01-01 01:32:00,NA,NA,3570.52784983503,3075.50651992154,4803.78342950024,3570.52784983503
2020-01-01 01:33:00,NA,NA,3696.11228761504,3013.29289913527,4780.94920117834,3696.11228761504
2020-01-01 01:34:00,NA,NA,3845.67476830276,2962.39947976675,4757.44247161912,3845.67476830276
2020-01-01 01:35:00,NA,NA,3954.85490722881,2906.67477123102,4729.08278278669,3954.85490722881
2020-01-01 01:36:00,NA,NA,4045.15883543929,2858.25547720321,4697.68072159603,4045.15883543929
2020-01-01 01:37:00,NA,NA,4128.87733338773,2819.8359692662,4659.33714207715,4128.87733338773
2020-01-01 01:38:00,NA,NA,4211.87670026362,2769.48094247444,4627.94402872283,4211.87670026362
2020-01-01 01:39:00,NA,NA,4298.43057648168,2692.08244537427,4581.36812880908,4298.43057648168
2020-01-01 01:40:00,NA,NA,4373.16713718407,2627.85815709666,4538.29049648066,4373.16713718407
2020-01-01 01:41:00,NA,NA,4406.16408738978,2572.61691882711,4499.87990051212,4406.16408738978
2020-01-01 01:42:00,NA,NA,4407.86398260967,2503.98120747199,4468.99795268716,4407.86398260967
2020-01-01 01:43:00,NA,NA,4382.80345849703,2447.24197508709,4440.54417747056,4382.80345849703
2020-01-01 01:44:00,NA,NA,4370.93182814978,2388.43747088027,4428.10907034824,4370.93182814978
2020-01-01 01:45:00,NA,NA,4382.71105106146,2320.16377227556,4424.57153107382,4382.71105106146
2020-01-01 01:46:00,NA,NA,4378.66748313771,2259.68769780299,4443.27684069199,4378.66748313771
2020-01-01 01:47:00,NA,NA,4399.02262660494,2196.88384517149,4466.11073338982,4399.02262660494
2020-01-01 01:48:00,NA,NA,4420.87207810487,2142.30972429382,4491.72499587964,4420.87207810487
2020-01-01 01:49:00,NA,NA,4486.99405434711,2097.44597663694,4501.11385445542,4486.99405434711
2020-01-01 01:50:00,NA,NA,4533.11016234457,2035.90448101965,4514.89733846907,4533.11016234457
2020-01-01 01:51:00,1989.60220293569,4496.70446542237,NA,1989.60220293569,4496.70446542237,4565.700430578
2020-01-01 01:52:00,NA,NA,4590.18713450352,1949.45735170312,4462.25464371726,4590.18713450352
2020-01-01 01:53:00,NA,NA,4614.59178609335,1905.62477579342,4422.84824290635,4614.59178609335
2020-01-01 01:54:00,NA,NA,4616.95789411458,1870.70977939767,4387.84282007184,4616.95789411458
2020-01-01 01:55:00,NA,NA,4616.8819563947,1840.87793195168,4340.60844284104,4616.8819563947
2020-01-01 01:56:00,NA,NA,4644.20815604855,1797.14515034257,4275.42877764871,4644.20815604855
2020-01-01 01:57:00,NA,NA,4647.48382887412,1727.8535699631,4235.75867590477,4647.48382887412
2020-01-01 01:58:00,NA,NA,4652.58239088966,1684.98195483315,4210.23245090336,4652.58239088966
2020-01-01 01:59:00,NA,NA,4664.67982390316,1640.28075668895,4186.96705080156,4664.67982390316
2020-01-01 02:00:00,NA,NA,4678.52887932475,1605.65742006239,4147.30996649749,4678.52887932475
2020-01-01 02:01:00,NA,NA,4714.68545527139,1587.3956459521,4111.25422905806,4714.68545527139
2020-01-01 02:02:00,NA,NA,4683.72117473788,1582.39187008543,4072.09980220616,4683.72117473788
2020-01-01 02:03:00,NA,NA,4632.87785249484,1595.55748196886,4039.48885033887,4632.87785249484
2020-01-01 02:04:00,NA,NA,4590.02017186216,1618.65112656005,3982.35910123671,4590.02017186216
2020-01-01 02:05:00,NA,NA,4526.15223985258,1655.40361566446,3950.16704132457,4526.15223985258
2020-01-01 02:06:00,NA,NA,4509.41439567576,1694.10756958578,3938.79624439396,4509.41439567576
2020-01-01 02:07:00,NA,NA,4463.41537537032,1724.85048854246,3960.29010391082,4463.41537537032
2020-01-01 02:08:00,NA,NA,4398.84645636893,1750.37388848385,3979.78215141378,4398.84645636893
2020-01-01 02:09:00,NA,NA,4410.2029721885,1797.08705171205,4026.59719033643,4410.2029721885
2020-01-01 02:10:00,NA,NA,4448.03383254255,1850.82178312836,4087.60859255108,4448.03383254255
2020-01-01 02:11:00,1902.96450116153,4150.54758330334,NA,1902.96450116153,4150.54758330334,4501.75805055623
2020-01-01 02:12:00,NA,NA,4546.22361735453,1967.36448599946,4223.14800758291,4546.22361735453
2020-01-01 02:13:00,2037.59544822176,4308.42472437223,NA,2037.59544822176,4308.42472437223,4612.37590676823
2020-01-01 02:14:00,NA,NA,4686.22794371787,2126.94947491011,4373.3424116123,4686.22794371787
2020-01-01 02:15:00,NA,NA,4754.6011235597,2242.32942236778,4448.44969383978,4754.6011235597
2020-01-01 02:16:00,NA,NA,4772.32636532015,2368.03475152373,4534.09288066307,4772.32636532015
2020-01-01 02:17:00,NA,NA,4796.15944066974,2503.24888793468,4618.69519414522,4796.15944066974
2020-01-01 02:18:00,NA,NA,4801.28956291035,2656.32002108927,4713.64096136227,4801.28956291035
2020-01-01 02:19:00,NA,NA,4793.82992359974,2810.41575077479,4808.75719830438,4793.82992359974
2020-01-01 02:20:00,2945.13738860529,4911.79644087422,NA,2945.13738860529,4911.79644087422,4783.19357455985
2020-01-01 02:21:00,NA,NA,4766.80852027547,3069.91199244444,5016.27043600905,4766.80852027547
2020-01-01 02:22:00,NA,NA,4732.77346560608,3187.80753641444,5087.9927163005,4732.77346560608
2020-01-01 02:23:00,3307.40102762848,5181.64806453206,NA,3307.40102762848,5181.64806453206,4679.87399177713
2020-01-01 02:24:00,NA,NA,4646.38805217236,3432.91515579311,5266.26850373405,4646.38805217236
2020-01-01 02:25:00,NA,NA,4564.37806539727,3570.75095659493,5327.87208458074,4564.37806539727
2020-01-01 02:26:00,3711.559614278,5390.53911357228,NA,3711.559614278,5390.53911357228,4491.96768527159
2020-01-01 02:27:00,NA,NA,4431.33269295319,3839.77410605064,5463.18714531622,4431.33269295319
2020-01-01 02:28:00,NA,NA,4413.24028656002,3971.76759589721,5535.14378899067,4413.24028656002
2020-01-01 02:29:00,NA,NA,4432.41453686895,4077.29177481876,5610.31613849697,4432.41453686895
2020-01-01 02:30:00,NA,NA,4449.80046739509,4140.87838452956,5673.09181277315,4449.80046739509
2020-01-01 02:31:00,NA,NA,4444.82993836232,4165.22510385949,5732.50632585327,4444.82993836232
2020-01-01 02:32:00,NA,NA,4463.55491460749,4151.24493210861,5786.08699447117,4463.55491460749
2020-01-01 02:33:00,NA,NA,4470.7928387809,4145.0430474014,5843.89254985477,4470.7928387809
2020-01-01 02:34:00,NA,NA,4471.05937598383,4129.8368403951,5882.42274908816,4471.05937598383
2020-01-01 02:35:00,NA,NA,4447.86812140375,4118.69968909728,5911.95194938893,4447.86812140375
2020-01-01 02:36:00,NA,NA,4371.69692342329,4091.25557844905,5953.06969945873,4371.69692342329
2020-01-01 02:37:00,NA,NA,4280.24733846997,4043.54720156437,5994.32815497353,4280.24733846997
2020-01-01 02:38:00,NA,NA,4161.00351297761,3976.37030832471,6015.60358898963,4161.00351297761
2020-01-01 02:39:00,NA,NA,4014.63363654133,3894.87179365209,6013.76811714269,4014.63363654133
2020-01-01 02:40:00,NA,NA,3909.02087724594,3812.89761095394,5995.68476708672,3909.02087724594
2020-01-01 02:41:00,3720.04232171838,5977.18397011879,NA,3720.04232171838,5977.18397011879,3831.97896450303
2020-01-01 02:42:00,3616.4387262759,5964.8513521537,NA,3616.4387262759,5964.8513521537,3773.64068687419
2020-01-01 02:43:00,NA,NA,3712.91129863313,3506.9797493499,5963.83573515699,3712.91129863313
2020-01-01 02:44:00,NA,NA,3724.47798802866,3410.9971273841,5968.98286580494,3724.47798802866
2020-01-01 02:45:00,NA,NA,3748.06709136222,3316.10584073674,5984.74808007582,3748.06709136222
2020-01-01 02:46:00,3207.33382629281,5994.07571878666,NA,3207.33382629281,5994.07571878666,3769.15872314923
2020-01-01 02:47:00,NA,NA,3801.66395581012,3084.60867661693,5987.46582105314,3801.66395581012
2020-01-01 02:48:00,NA,NA,3827.80018055185,2950.36932833808,5989.60784597425,3827.80018055185
2020-01-01 02:49:00,NA,NA,3823.19944740012,2802.76133746462,5986.06191054302,3823.19944740012
2020-01-01 02:50:00,NA,NA,3835.29899227632,2649.88497064221,5979.35851369074,3835.29899227632
2020-01-01 02:51:00,NA,NA,3833.26627324533,2497.17465836782,5973.14835983359,3833.26627324533
2020-01-01 02:52:00,NA,NA,3831.91854587024,2341.17697832458,5976.00319145396,3831.91854587024
2020-01-01 02:53:00,NA,NA,3840.18558479524,2171.16709994751,5965.3640222557,3840.18558479524
2020-01-01 02:54:00,NA,NA,3871.21164704583,1996.97296407123,5972.87573946358,3871.21164704583
2020-01-01 02:55:00,1799.28316647986,5991.32833584181,NA,1799.28316647986,5991.32833584181,3873.79484635461
2020-01-01 02:56:00,1571.71560720373,6010.68500244582,NA,1571.71560720373,6010.68500244582,3868.35363227578
2020-01-01 02:57:00,NA,NA,3844.63534368668,1344.84556805876,6035.94630001516,3844.63534368668
2020-01-01 02:58:00,NA,NA,3800.57780201719,1130.47226226847,6051.9577037661,3800.57780201719
2020-01-01 02:59:00,NA,NA,3728.31160332048,913.569020196952,6091.92265444879,3728.31160332048
2020-01-01 03:00:00,NA,NA,3644.67680214949,702.029562669282,6144.30890527825,3644.67680214949
2020-01-01 03:01:00,NA,NA,3549.92067833793,499.251031076312,6196.10428865437,3549.92067833793
2020-01-01 03:02:00,NA,NA,3493.32040814012,276.45333142748,6249.77660394767,3493.32040814012
2020-01-01 03:03:00,NA,NA,3433.16912818087,56.1022157102407,6312.45821384211,3433.16912818087
2020-01-01 03:04:00,NA,NA,3393.76292800271,-156.288912101383,6388.71178374805,3393.76292800271
2020-01-01 03:05:00,NA,NA,3397.44480474635,-353.733348499808,6491.87587947832,3397.44480474635
2020-01-01 03:06:00,-566.177289265161,6577.55317265278,NA,-566.177289265161,6577.55317265278,3429.47128842633
2020-01-01 03:07:00,NA,NA,3435.52041351139,-762.424096676989,6654.63751576092,3435.52041351139
2020-01-01 03:08:00,-944.081557656333,6734.75179608102,NA,-944.081557656333,6734.75179608102,3434.28877480167
2020-01-01 03:09:00,NA,NA,3468.52034002778,-1093.03283801156,6832.04516889966,3468.52034002778
2020-01-01 03:10:00,NA,NA,3500.23024962054,-1220.48049870186,6891.79679910799,3500.23024962054
2020-01-01 03:11:00,NA,NA,3496.3266118075,-1354.10843153451,6909.33734160973,3496.3266118075
2020-01-01 03:12:00,NA,NA,3499.49729477905,-1468.57737466518,6938.46269582046,3499.49729477905
2020-01-01 03:13:00,NA,NA,3497.94933063517,-1588.12113446498,6974.96437301546,3497.94933063517
2020-01-01 03:14:00,NA,NA,3498.73530689148,-1710.70832840538,7031.15576226146,3498.73530689148
2020-01-01 03:15:00,NA,NA,3492.73635314995,-1818.149259553,7098.29090791289,3492.73635314995
2020-01-01 03:16:00,NA,NA,3506.53345879552,-1913.09563747194,7190.73283469951,3506.53345879552
2020-01-01 03:17:00,NA,NA,3495.77677253549,-2008.77087047153,7295.07453427744,3495.77677253549
2020-01-01 03:18:00,NA,NA,3522.76970292499,-2103.06250936093,7395.85034946228,3522.76970292499
2020-01-01 03:19:00,-2201.74789484841,7466.79673820256,NA,-2201.74789484841,7466.79673820256,3575.31404984763
2020-01-01 03:20:00,-2304.1748320418,7521.53073340205,NA,-2304.1748320418,7521.53073340205,3634.06491748829
2020-01-01 03:21:00,NA,NA,3691.49690816068,-2397.65669153752,7572.64972374136,3691.49690816068
2020-01-01 03:22:00,NA,NA,3744.94319147231,-2479.93672412791,7647.31505011314,3744.94319147231
2020-01-01 03:23:00,NA,NA,3789.96538920335,-2571.99279989842,7714.18750681295,3789.96538920335
2020-01-01 03:24:00,NA,NA,3818.98785476737,-2676.32505430601,7745.05915943784,3818.98785476737
2020-01-01 03:25:00,NA,NA,3874.10445947674,-2756.01909560959,7784.3451203898,3874.10445947674
2020-01-01 03:26:00,-2795.8710866905,7822.51497383856,NA,-2795.8710866905,7822.51497383856,3902.55826543819
2020-01-01 03:27:00,NA,NA,3883.42839339578,-2825.79180988732,7856.41799567104,3883.42839339578
2020-01-01 03:28:00,-2856.83583747379,7885.45879905176,NA,-2856.83583747379,7885.45879905176,3840.54739467086
2020-01-01 03:29:00,NA,NA,3794.14737557037,-2888.3714736318,7912.8812017947,3794.14737557037
2020-01-01 03:30:00,NA,NA,3755.42661835872,-2903.96502751595,7952.77638623069,3755.42661835872
2020-01-01 03:31:00,NA,NA,3716.24252769198,-2895.56914221009,7978.21145256298,3716.24252769198
2020-01-01 03:32:00,NA,NA,3688.07166028841,-2881.01776306348,7991.27449284668,3688.07166028841
2020-01-01 03:33:00,NA,NA,3673.98041899948,-2857.70620342846,7977.20925013265,3673.98041899948
2020-01-01 03:34:00,NA,NA,3596.16450456741,-2811.27593835493,7952.45739723515,3596.16450456741
2020-01-01 03:35:00,NA,NA,3521.52580297868,-2735.39821618257,7925.3384308809,3521.52580297868
2020-01-01 03:36:00,NA,NA,3436.36436839342,-2658.52618053442,7907.10136577533,3436.36436839342
2020-01-01 03:37:00,NA,NA,3348.43199906363,-2584.41851517483,7898.25234728215,3348.43199906363
2020-01-01 03:38:00,-2533.32778267749,7876.50053014205,NA,-2533.32778267749,7876.50053014205,3224.95235533826
2020-01-01 03:39:00,NA,NA,3172.36853144618,-2500.28836430741,7852.60239353712,3172.36853144618
2020-01-01 03:40:00,NA,NA,3137.17451057646,-2461.55747841229,7845.47364482767,3137.17451057646
2020-01-01 03:41:00,NA,NA,3113.58163074987,-2431.69420434341,7860.81922937464,3113.58163074987
2020-01-01 03:42:00,NA,NA,3072.6666402598,-2413.43774067324,7880.33291558642,3072.6666402598
2020-01-01 03:43:00,NA,NA,3026.73149677174,-2393.05083659702,7888.54440669071,3026.73149677174
2020-01-01 03:44:00,-2365.52984695586,7902.55339647894,NA,-2365.52984695586,7902.55339647894,2924.30680827246
2020-01-01 03:45:00,NA,NA,2825.33077204644,-2341.06729301107,7886.85935775041,2825.33077204644
2020-01-01 03:46:00,NA,NA,2744.25735476736,-2329.63693996606,7841.54410263103,2744.25735476736
2020-01-01 03:47:00,NA,NA,2675.57307967118,-2348.6067599297,7776.16017326652,2675.57307967118
2020-01-01 03:48:00,NA,NA,2638.50031901546,-2388.42798226359,7719.7801752884,2638.50031901546
2020-01-01 03:49:00,NA,NA,2587.88876551118,-2399.74836450897,7653.13626421333,2587.88876551118
2020-01-01 03:50:00,NA,NA,2574.05712645453,-2393.13864372596,7579.46458306893,2574.05712645453
2020-01-01 03:51:00,NA,NA,2541.41676458619,-2380.04171839217,7502.43131639281,2541.41676458619
2020-01-01 03:52:00,NA,NA,2511.61035118828,-2361.7879816975,7412.5753572034,2511.61035118828
2020-01-01 03:53:00,NA,NA,2473.27856431369,-2334.61065505238,7307.43573065219,2473.27856431369
2020-01-01 03:54:00,NA,NA,2430.30554728641,-2320.5878098854,7185.10117547963,2430.30554728641
2020-01-01 03:55:00,NA,NA,2429.58879897328,-2299.28213364243,7080.60852411256,2429.58879897328
2020-01-01 03:56:00,NA,NA,2461.09546564731,-2293.60429560187,6972.11432759451,2461.09546564731
2020-01-01 03:57:00,NA,NA,2522.06983971054,-2267.07757791014,6879.60038521435,2522.06983971054
2020-01-01 03:58:00,NA,NA,2595.5637353106,-2204.090668795,6801.60857834691,2595.5637353106
2020-01-01 03:59:00,NA,NA,2619.86844938049,-2137.11105736592,6748.21482217629,2619.86844938049
2020-01-01 04:00:00,NA,NA,2606.23158725059,-2098.03309397238,6705.94983540147,2606.23158725059
2020-01-01 04:01:00,NA,NA,2589.53630587785,-2070.40592390173,6657.5876620465,2589.53630587785
2020-01-01 04:02:00,NA,NA,2590.04191373574,-2041.65106137914,6617.26323284629,2590.04191373574
2020-01-01 04:03:00,NA,NA,2562.74075646672,-2000.91377644852,6588.05534439087,2562.74075646672
2020-01-01 04:04:00,NA,NA,2530.86101068041,-1962.9992660192,6548.51888248304,2530.86101068041
2020-01-01 04:05:00,NA,NA,2494.20674602545,-1897.16488684269,6518.67707012926,2494.20674602545
2020-01-01 04:06:00,NA,NA,2464.80434651207,-1831.82299024165,6467.04671163475,2464.80434651207
2020-01-01 04:07:00,NA,NA,2431.46380205738,-1762.80790238695,6400.24790296149,2431.46380205738
2020-01-01 04:08:00,NA,NA,2398.49543705036,-1714.74254617353,6353.07844219049,2398.49543705036
2020-01-01 04:09:00,NA,NA,2360.30116673863,-1663.46698622034,6296.14035650991,2360.30116673863
2020-01-01 04:10:00,NA,NA,2375.42383600341,-1625.98239204751,6249.24305851697,2375.42383600341
2020-01-01 04:11:00,-1599.3261215502,6210.49606358434,NA,-1599.3261215502,6210.49606358434,2417.21432127817
2020-01-01 04:12:00,NA,NA,2453.45571434321,-1579.49886642538,6161.38422897822,2453.45571434321
2020-01-01 04:13:00,NA,NA,2504.38832216563,-1536.091311342,6118.36527965234,2504.38832216563
2020-01-01 04:14:00,NA,NA,2499.51568376653,-1476.68713480855,6079.24781248412,2499.51568376653
2020-01-01 04:15:00,NA,NA,2470.72977984483,-1404.05458011493,6039.53272892423,2470.72977984483
2020-01-01 04:16:00,NA,NA,2432.56130372493,-1326.34208763265,6015.65922442939,2432.56130372493
2020-01-01 04:17:00,NA,NA,2427.31246267211,-1250.25198324773,5973.43356436093,2427.31246267211
2020-01-01 04:18:00,NA,NA,2423.33598207818,-1177.42815000005,5901.61661633351,2423.33598207818
2020-01-01 04:19:00,NA,NA,2445.01076502762,-1095.53714542084,5822.36784642566,2445.01076502762
2020-01-01 04:20:00,-1037.99880686003,5739.69525630914,NA,-1037.99880686003,5739.69525630914,2461.52156449316
2020-01-01 04:21:00,NA,NA,2492.09502857088,-980.684355236157,5645.92783553006,2492.09502857088
2020-01-01 04:22:00,NA,NA,2498.63250386251,-949.696364723787,5537.75454850888,2498.63250386251
2020-01-01 04:23:00,NA,NA,2504.78545196754,-928.219595999463,5433.16806019674,2504.78545196754
2020-01-01 04:24:00,NA,NA,2452.18343423266,-885.332603193508,5317.22845121573,2452.18343423266
2020-01-01 04:25:00,NA,NA,2405.26634536625,-823.064574085885,5199.61401172638,2405.26634536625
2020-01-01 04:26:00,NA,NA,2373.57462879976,-754.979216937185,5092.30670475654,2373.57462879976
2020-01-01 04:27:00,NA,NA,2303.40509580368,-680.228376629096,4982.22714553904,2303.40509580368
2020-01-01 04:28:00,NA,NA,2215.20160458445,-605.952330173364,4866.66500094703,2215.20160458445
2020-01-01 04:29:00,NA,NA,2159.22515414623,-523.91641429599,4755.94402622572,2159.22515414623
2020-01-01 04:30:00,NA,NA,2135.25328192831,-435.34610073445,4647.9586787064,2135.25328192831
2020-01-01 04:31:00,-373.712121926218,4534.06694564045,NA,-373.712121926218,4534.06694564045,2102.19477287151
2020-01-01 04:32:00,NA,NA,2063.62993367601,-301.659081201311,4440.89052357588,2063.62993367601
2020-01-01 04:33:00,NA,NA,2022.24049180797,-232.987144597407,4349.97415512073,2022.24049180797
2020-01-01 04:34:00,NA,NA,1988.1044348242,-164.191938462782,4247.89677809261,1988.1044348242
2020-01-01 04:35:00,NA,NA,1942.60982886132,-94.5669138921207,4169.1556117186,1942.60982886132
2020-01-01 04:36:00,-46.8781956367748,4112.57132995774,NA,-46.8781956367748,4112.57132995774,1927.0984732921
2020-01-01 04:37:00,NA,NA,1938.99960678274,-34.4950868827931,4049.87066650735,1938.99960678274
2020-01-01 04:38:00,NA,NA,1914.88463432902,-13.1801929152684,3968.38529530228,1914.88463432902
2020-01-01 04:39:00,NA,NA,1874.76605593158,30.4515078773951,3876.62926180938,1874.76605593158
2020-01-01 04:40:00,NA,NA,1853.63634786973,88.3347715350523,3781.77002640821,1853.63634786973
2020-01-01 04:41:00,NA,NA,1831.89767801421,157.388632287639,3681.56727788683,1831.89767801421
2020-01-01 04:42:00,227.03306225368,3570.77706478608,NA,227.03306225368,3570.77706478608,1767.90719622774
2020-01-01 04:43:00,NA,NA,1699.19593525046,253.516305041004,3473.25653468048,1699.19593525046
2020-01-01 04:44:00,NA,NA,1654.24707159663,252.578290021074,3383.69324748918,1654.24707159663
2020-01-01 04:45:00,NA,NA,1654.8643636209,202.149558702826,3307.53946323621,1654.8643636209
2020-01-01 04:46:00,NA,NA,1650.41994571251,146.894083119837,3216.3533997901,1650.41994571251
2020-01-01 04:47:00,77.628860426946,3121.69504413295,NA,77.628860426946,3121.69504413295,1673.36813309863
2020-01-01 04:48:00,NA,NA,1746.11570442505,13.1368589664018,3024.14290501982,1746.11570442505
2020-01-01 04:49:00,-42.3734863927502,2916.96936906477,NA,-42.3734863927502,2916.96936906477,1816.6421749081
2020-01-01 04:50:00,NA,NA,1875.80672361856,-84.1883432138872,2816.42273206457,1875.80672361856
2020-01-01 04:51:00,NA,NA,1949.36779226921,-104.021317512967,2708.49644380098,1949.36779226921
2020-01-01 04:52:00,NA,NA,1999.37090650213,-106.804485463527,2587.10169565336,1999.37090650213
2020-01-01 04:53:00,NA,NA,2036.04300392216,-90.3132443127829,2486.11633974219,2036.04300392216
2020-01-01 04:54:00,NA,NA,2075.45341644319,-80.0089365441621,2382.5638835933,2075.45341644319
2020-01-01 04:55:00,NA,NA,2138.52452957242,-71.1574697124798,2283.8018913232,2138.52452957242
2020-01-01 04:56:00,-65.8972525210683,2181.60080296645,NA,-65.8972525210683,2181.60080296645,2236.3079385293
2020-01-01 04:57:00,NA,NA,2299.73303174346,-88.7536850307581,2111.27102794911,2299.73303174346
2020-01-01 04:58:00,NA,NA,2313.92674137248,-108.377366560176,2049.88463680365,2313.92674137248
2020-01-01 04:59:00,NA,NA,2306.72051173131,-127.272121815903,2005.03694767526,2306.72051173131
2020-01-01 05:00:00,NA,NA,2279.9374199125,-140.904388698198,1981.21985156761,2279.9374199125
2020-01-01 05:01:00,NA,NA,2256.8436922295,-185.975912186901,1963.37368897624,2256.8436922295
2020-01-01 05:02:00,NA,NA,2220.01999802412,-230.113147722428,1969.94210306308,2220.01999802412
2020-01-01 05:03:00,NA,NA,2204.43735238033,-265.986048455817,1969.95232115907,2204.43735238033
2020-01-01 05:04:00,NA,NA,2200.19939469488,-298.214593969566,1978.89570122701,2200.19939469488
2020-01-01 05:05:00,NA,NA,2233.00881474001,-339.417511112922,1981.54755563189,2233.00881474001
2020-01-01 05:06:00,-389.899638153066,1974.78837961709,NA,-389.899638153066,1974.78837961709,2275.97828210441
2020-01-01 05:07:00,NA,NA,2273.16082417294,-433.963397887861,1972.59069061694,2273.16082417294
2020-01-01 05:08:00,NA,NA,2253.92364275518,-457.290548184006,1952.48630528282,2253.92364275518
2020-01-01 05:09:00,NA,NA,2209.11012024118,-488.622265819894,1906.6252220828,2209.11012024118
2020-01-01 05:10:00,NA,NA,2152.17391934108,-532.516202105009,1853.35770203929,2152.17391934108
2020-01-01 05:11:00,-579.64000431137,1795.13667416205,NA,-579.64000431137,1795.13667416205,2112.49304210176
2020-01-01 05:12:00,-626.249218138148,1744.76661764726,NA,-626.249218138148,1744.76661764726,2105.9094118086
2020-01-01 05:13:00,NA,NA,2082.46176290428,-685.271664356063,1720.83718465494,2082.46176290428
2020-01-01 05:14:00,NA,NA,2069.94803535712,-742.769776245901,1681.41784133001,2069.94803535712
2020-01-01 05:15:00,-799.251140122405,1636.18778298508,NA,-799.251140122405,1636.18778298508,2039.46176056697
2020-01-01 05:16:00,NA,NA,1992.20564021952,-864.240699859487,1587.12071780753,1992.20564021952
2020-01-01 05:17:00,NA,NA,1978.00059074328,-943.122498232463,1546.78636815938,1978.00059074328
2020-01-01 05:18:00,NA,NA,1998.76925914633,-1010.01086428216,1519.42540962106,1998.76925914633
2020-01-01 05:19:00,-1076.12551077923,1489.66098820513,NA,-1076.12551077923,1489.66098820513,2028.08082160561
2020-01-01 05:20:00,-1115.73431531453,1471.46675950244,NA,-1115.73431531453,1471.46675950244,2074.3335411456
2020-01-01 05:21:00,NA,NA,2149.94515267752,-1135.31291176172,1454.37565890877,2149.94515267752
2020-01-01 05:22:00,NA,NA,2228.09742018193,-1130.82722328338,1449.26329540436,2228.09742018193
2020-01-01 05:23:00,NA,NA,2275.90430249932,-1113.79281314749,1443.85919644198,2275.90430249932
2020-01-01 05:24:00,-1082.19098986339,1448.66106079479,NA,-1082.19098986339,1448.66106079479,2315.38910412491
2020-01-01 05:25:00,NA,NA,2304.03559096605,-1041.43129135687,1456.09063436127,2304.03559096605
2020-01-01 05:26:00,NA,NA,2302.49158218127,-1009.525656909,1435.65458766196,2302.49158218127
2020-01-01 05:27:00,NA,NA,2278.73803139144,-968.550462509073,1420.26099625341,2278.73803139144
2020-01-01 05:28:00,NA,NA,2251.90731213643,-893.274893550966,1431.53402906213,2251.90731213643
2020-01-01 05:29:00,NA,NA,2228.67681960715,-822.829803843271,1436.8369549031,2228.67681960715
2020-01-01 05:30:00,NA,NA,2179.82906149186,-763.151094746571,1438.66421731588,2179.82906149186
2020-01-01 05:31:00,NA,NA,2125.07038919677,-699.040595523811,1446.90269066422,2125.07038919677
2020-01-01 05:32:00,NA,NA,2061.80485786017,-628.921234144436,1461.77186485033,2061.80485786017
2020-01-01 05:33:00,NA,NA,1987.93172296555,-544.754677679591,1487.30491598637,1987.93172296555
2020-01-01 05:34:00,NA,NA,1952.78504412322,-474.067211601411,1501.2203993046,1952.78504412322
2020-01-01 05:35:00,NA,NA,1971.38724711372,-398.909929348484,1526.68747391625,1971.38724711372
2020-01-01 05:36:00,NA,NA,1992.9334751581,-345.243803639034,1550.88584633991,1992.9334751581
2020-01-01 05:37:00,-310.473239681073,1575.8473229638,NA,-310.473239681073,1575.8473229638,2007.853109558
2020-01-01 05:38:00,NA,NA,2035.40898015233,-255.467438704044,1598.06046876,2035.40898015233
2020-01-01 05:39:00,NA,NA,2076.02071194131,-210.299347793623,1611.8474938701,2076.02071194131
2020-01-01 05:40:00,NA,NA,2105.50371506978,-180.339097603022,1631.48075322777,2105.50371506978
2020-01-01 05:41:00,NA,NA,2135.42432346069,-166.509532155212,1652.32382644698,2135.42432346069
2020-01-01 05:42:00,NA,NA,2144.14430620595,-162.830924749118,1665.05103038595,2144.14430620595
2020-01-01 05:43:00,NA,NA,2117.33172076238,-166.651901779337,1686.58823378084,2117.33172076238
2020-01-01 05:44:00,NA,NA,2086.8906457942,-164.257945632557,1695.61639463021,2086.8906457942
2020-01-01 05:45:00,NA,NA,2057.46495905488,-150.487725052789,1703.8089198072,2057.46495905488
2020-01-01 05:46:00,-119.846380432999,1697.56256060381,NA,-119.846380432999,1697.56256060381,2038.26893096019
2020-01-01 05:47:00,NA,NA,1972.3657198021,-85.3188749073844,1695.63072234552,1972.3657198021
2020-01-01 05:48:00,NA,NA,1913.94511615937,-46.1453743495151,1707.03402292421,1913.94511615937
2020-01-01 05:49:00,NA,NA,1875.91321577117,-5.4486819339523,1711.76801290952,1875.91321577117
2020-01-01 05:50:00,33.5586632482444,1698.40350888731,NA,33.5586632482444,1698.40350888731,1833.28218291573
2020-01-01 05:51:00,NA,NA,1815.91423017775,104.243459145992,1690.58053834319,1815.91423017775
2020-01-01 05:52:00,NA,NA,1812.99151890998,196.701776119637,1676.08925912878,1812.99151890998
2020-01-01 05:53:00,NA,NA,1821.43228421117,271.929501083444,1637.74912676487,1821.43228421117
2020-01-01 05:54:00,NA,NA,1849.98677586734,348.020939993791,1621.25360800736,1849.98677586734
2020-01-01 05:55:00,NA,NA,1885.66818883167,457.125620906089,1596.83883865897,1885.66818883167
2020-01-01 05:56:00,NA,NA,1920.64428328827,568.842269182992,1565.17683207296,1920.64428328827
2020-01-01 05:57:00,NA,NA,1954.65448308505,692.864802910856,1514.60790808457,1954.65448308505
2020-01-01 05:58:00,NA,NA,1958.26746003299,802.580514811094,1450.19609504735,1958.26746003299
2020-01-01 05:59:00,NA,NA,1959.0201594526,881.725255727875,1399.60116527781,1959.0201594526
2020-01-01 06:00:00,975.444346655103,1345.95334932212,NA,975.444346655103,1345.95334932212,1960.98845097912
2020-01-01 06:01:00,NA,NA,1962.22393745446,1078.65815617791,1264.097727434,1962.22393745446
2020-01-01 06:02:00,NA,NA,1964.78886056317,1193.54305807607,1165.72016947598,1964.78886056317
2020-01-01 06:03:00,NA,NA,1984.88617135687,1294.58271093411,1056.64174835324,1984.88617135687
2020-01-01 06:04:00,NA,NA,2003.41924482372,1381.30831762145,959.056219382831,2003.41924482372
2020-01-01 06:05:00,NA,NA,1982.64988146803,1451.93828533248,877.737032257215,1982.64988146803
2020-01-01 06:06:00,1533.61479691148,791.76369007171,NA,1533.61479691148,791.76369007171,1969.47851724613
2020-01-01 06:07:00,NA,NA,1958.41378968251,1632.23401834286,675.99496716373,1958.41378968251
2020-01-01 06:08:00,NA,NA,1949.51162132488,1723.46611155666,561.511129696281,1949.51162132488
2020-01-01 06:09:00,NA,NA,1968.89400691478,1808.71063070574,473.28926572203,1968.89400691478
2020-01-01 06:10:00,NA,NA,1961.01586613364,1890.49350971535,373.819132566515,1961.01586613364
2020-01-01 06:11:00,NA,NA,1956.53983900317,1984.80981041089,269.991481505059,1956.53983900317
2020-01-01 06:12:00,2083.74293254963,163.21925722002,NA,2083.74293254963,163.21925722002,1930.54953631285
2020-01-01 06:13:00,NA,NA,1854.9800971142,2188.233170194,61.7700709943939,1854.9800971142
2020-01-01 06:14:00,NA,NA,1812.99637043148,2255.44444457373,-38.1013626183304,1812.99637043148
2020-01-01 06:15:00,NA,NA,1760.77582385152,2333.10915241635,-146.188688154643,1760.77582385152
2020-01-01 06:16:00,NA,NA,1701.88713648212,2396.55775639814,-274.259086280605,1701.88713648212
2020-01-01 06:17:00,2444.43476582675,-387.717161878546,NA,2444.43476582675,-387.717161878546,1591.6196519671
2020-01-01 06:18:00,NA,NA,1507.80572848691,2467.77438406577,-477.893582062984,1507.80572848691
2020-01-01 06:19:00,NA,NA,1435.22664923666,2481.60905808086,-565.014985703956,1435.22664923666
2020-01-01 06:20:00,2488.3622652102,-641.575776723382,NA,2488.3622652102,-641.575776723382,1338.29740670516
2020-01-01 06:21:00,NA,NA,1253.38612890196,2492.6580766938,-705.765398031829,1253.38612890196
2020-01-01 06:22:00,NA,NA,1136.30407408129,2507.23501261298,-776.483872963984,1136.30407408129
2020-01-01 06:23:00,NA,NA,1031.12855824453,2540.12420195471,-855.338353831185,1031.12855824453
2020-01-01 06:24:00,NA,NA,916.314781947934,2590.57868973363,-926.904034839783,916.314781947934
2020-01-01 06:25:00,NA,NA,863.198084906412,2631.50685580889,-997.092228250994,863.198084906412
2020-01-01 06:26:00,2648.82104980713,-1061.9895518481,NA,2648.82104980713,-1061.9895518481,831.458147612135
2020-01-01 06:27:00,NA,NA,797.973512985552,2654.10518460522,-1127.77309399091,797.973512985552
2020-01-01 06:28:00,2662.31089653701,-1234.51771699297,NA,2662.31089653701,-1234.51771699297,785.198537561231
2020-01-01 06:29:00,NA,NA,796.713176478373,2672.38584913379,-1355.11545550738,796.713176478373
2020-01-01 06:30:00,NA,NA,813.143461836181,2674.29034320884,-1463.95125888568,813.143461836181
2020-01-01 06:31:00,2674.00595468711,-1572.13949214141,NA,2674.00595468711,-1572.13949214141,822.792625574085
2020-01-01 06:32:00,2683.32202966647,-1664.35113949413,NA,2683.32202966647,-1664.35113949413,851.900953047727
2020-01-01 06:33:00,NA,NA,889.704975697672,2699.76374526905,-1757.50271984671,889.704975697672
2020-01-01 06:34:00,NA,NA,878.415387960926,2717.38795426165,-1833.06156240623,878.415387960926
2020-01-01 06:35:00,NA,NA,859.990906749499,2731.48654013305,-1912.78661628986,859.990906749499
2020-01-01 06:36:00,NA,NA,876.422059803079,2754.30213403917,-1984.54741006352,876.422059803079
2020-01-01 06:37:00,NA,NA,862.634032436905,2785.86189714393,-2059.13915734762,862.634032436905
2020-01-01 06:38:00,2803.6967776682,-2149.48705972636,NA,2803.6967776682,-2149.48705972636,869.976860549805
2020-01-01 06:39:00,NA,NA,868.455947221216,2812.927445134,-2231.18449463908,868.455947221216
2020-01-01 06:40:00,NA,NA,842.59195522577,2808.34653835235,-2302.75981785465,842.59195522577
2020-01-01 06:41:00,NA,NA,829.132615626229,2781.14899245406,-2353.85187258192,829.132615626229
2020-01-01 06:42:00,NA,NA,822.527001393646,2749.69660285131,-2411.44537331528,822.527001393646
2020-01-01 06:43:00,NA,NA,813.838608012621,2738.99285961624,-2467.63488656989,813.838608012621
2020-01-01 06:44:00,NA,NA,834.360130630187,2718.93469064094,-2514.28980701038,834.360130630187
2020-01-01 06:45:00,NA,NA,888.527154634821,2679.0506670643,-2539.41326853234,888.527154634821
2020-01-01 06:46:00,NA,NA,954.416826214185,2662.49578244173,-2575.24573137718,954.416826214185
2020-01-01 06:47:00,NA,NA,971.547927195841,2658.74231349333,-2614.95247311426,971.547927195841
2020-01-01 06:48:00,NA,NA,990.844779120527,2647.21681347774,-2651.84240386252,990.844779120527
2020-01-01 06:49:00,NA,NA,1042.78029487677,2658.70287978389,-2707.70988026499,1042.78029487677
2020-01-01 06:50:00,NA,NA,1101.1029898781,2681.25068972954,-2741.37358415495,1101.1029898781
2020-01-01 06:51:00,NA,NA,1174.83630433676,2688.58625278089,-2779.22720881031,1174.83630433676
2020-01-01 06:52:00,NA,NA,1210.50351512804,2696.08770296898,-2834.34678747738,1210.50351512804
2020-01-01 06:53:00,NA,NA,1211.83018511625,2704.67160093447,-2871.13494515168,1211.83018511625
2020-01-01 06:54:00,2715.63641600366,-2895.66452220671,NA,2715.63641600366,-2895.66452220671,1224.90673903799
2020-01-01 06:55:00,NA,NA,1249.12404087559,2719.53998409095,-2944.80828659027,1249.12404087559
2020-01-01 06:56:00,NA,NA,1274.80718553615,2712.12061249987,-2990.89993595832,1274.80718553615
2020-01-01 06:57:00,NA,NA,1283.13043418279,2711.67261752273,-3045.00469894075,1283.13043418279
2020-01-01 06:58:00,NA,NA,1296.92817510384,2707.01768437839,-3119.23359146827,1296.92817510384
2020-01-01 06:59:00,2699.633553851,-3207.12776335397,NA,2699.633553851,-3207.12776335397,1306.75542662561
2020-01-01 07:00:00,NA,NA,1290.78260225271,2681.73368008349,-3315.50358647052,1290.78260225271
2020-01-01 07:01:00,NA,NA,1263.1848552132,2680.17133814103,-3439.12457960404,1263.1848552132
2020-01-01 07:02:00,NA,NA,1279.23189696535,2701.25608987909,-3567.32196870416,1279.23189696535
2020-01-01 07:03:00,NA,NA,1278.62043351801,2726.75573874276,-3677.72180001375,1278.62043351801
2020-01-01 07:04:00,NA,NA,1242.82574780067,2759.98682656793,-3763.77333759377,1242.82574780067
2020-01-01 07:05:00,NA,NA,1208.70365248183,2815.26992626709,-3825.56134879157,1208.70365248183
2020-01-01 07:06:00,NA,NA,1173.61014357134,2880.21664510549,-3891.43702070442,1173.61014357134
2020-01-01 07:07:00,NA,NA,1136.15301640232,2949.09089906788,-3957.72088862716,1136.15301640232
2020-01-01 07:08:00,NA,NA,1091.97454655009,3047.68271254499,-3985.57904391457,1091.97454655009
2020-01-01 07:09:00,NA,NA,1007.14007300441,3174.93144865755,-4019.11147551222,1007.14007300441
2020-01-01 07:10:00,NA,NA,958.072316362973,3300.56353157232,-4074.22240958283,958.072316362973
2020-01-01 07:11:00,NA,NA,923.510430495378,3427.65124172367,-4130.87681998779,923.510430495378
2020-01-01 07:12:00,NA,NA,871.311722524924,3576.57774267569,-4170.26404441713,871.311722524924
2020-01-01 07:13:00,3733.11510488971,-4191.56888281307,NA,3733.11510488971,-4191.56888281307,849.526383792553
2020-01-01 07:14:00,NA,NA,817.427809864579,3899.90747927797,-4208.25912349023,817.427809864579
2020-01-01 07:15:00,NA,NA,785.127100717927,4067.44637826219,-4208.55686919271,785.127100717927
2020-01-01 07:16:00,4241.88852075217,-4201.70250505245,NA,4241.88852075217,-4201.70250505245,745.490345790478
2020-01-01 07:17:00,NA,NA,675.304649055202,4411.67238541203,-4211.47151094753,675.304649055202
2020-01-01 07:18:00,NA,NA,628.558406473798,4579.85022801878,-4234.65261247027,628.558406473798
2020-01-01 07:19:00,NA,NA,576.547990053167,4737.7025799067,-4249.96866235284,576.547990053167
2020-01-01 07:20:00,NA,NA,506.00374809682,4905.51765108676,-4261.73110830668,506.00374809682
2020-01-01 07:21:00,NA,NA,430.295263224943,5067.96516937055,-4298.59104178395,430.295263224943
2020-01-01 07:22:00,NA,NA,373.838545750161,5209.01087601843,-4342.0414579042,373.838545750161
2020-01-01 07:23:00,NA,NA,337.69144711296,5344.14161217307,-4396.50740494578,337.69144711296
2020-01-01 07:24:00,NA,NA,310.624580638959,5484.06207791975,-4455.137413118,310.624580638959
2020-01-01 07:25:00,NA,NA,273.466869803453,5628.99365942399,-4521.99330505267,273.466869803453
2020-01-01 07:26:00,NA,NA,221.744614997879,5773.80409872439,-4602.46112046253,221.744614997879
2020-01-01 07:27:00,5922.55485933194,-4698.21979676193,NA,5922.55485933194,-4698.21979676193,203.547205512346
2020-01-01 07:28:00,NA,NA,203.732930035263,6069.82761860274,-4762.3337369992,203.732930035263
2020-01-01 07:29:00,NA,NA,178.188220617214,6209.67142682603,-4833.14339271699,178.188220617214
2020-01-01 07:30:00,NA,NA,145.627647880905,6367.18035480671,-4916.81697659369,145.627647880905
2020-01-01 07:31:00,NA,NA,140.186353528368,6518.18742513977,-4989.25370937876,140.186353528368
2020-01-01 07:32:00,NA,NA,132.841300283894,6689.24081211474,-5056.72336670192,132.841300283894
2020-01-01 07:33:00,NA,NA,106.62367746691,6853.86222794471,-5108.5908450162,106.62367746691
2020-01-01 07:34:00,NA,NA,131.093490763883,7015.42666340152,-5167.18279766987,131.093490763883
2020-01-01 07:35:00,NA,NA,167.221743670196,7177.46383008105,-5239.34609283599,167.221743670196
2020-01-01 07:36:00,NA,NA,198.059185216826,7310.60593159952,-5319.59872330162,198.059185216826
2020-01-01 07:37:00,7442.8245249523,-5418.28263328365,NA,7442.8245249523,-5418.28263328365,237.994900461859
2020-01-01 07:38:00,NA,NA,269.043858027308,7579.29347819678,-5531.51013118257,269.043858027308
2020-01-01 07:39:00,NA,NA,311.210779352352,7714.21657969132,-5650.96981762361,311.210779352352
2020-01-01 07:40:00,NA,NA,384.451273420561,7835.41482342105,-5770.84665379438,384.451273420561
2020-01-01 07:41:00,NA,NA,441.157568409063,7940.82114085913,-5913.773967822,441.157568409063
2020-01-01 07:42:00,NA,NA,461.576835662786,8056.31080444872,-6046.0153885074,461.576835662786
2020-01-01 07:43:00,8173.43049368036,-6161.2916104227,NA,8173.43049368036,-6161.2916104227,443.99838039512
2020-01-01 07:44:00,NA,NA,467.259856836449,8303.50943378749,-6288.33754302015,467.259856836449
2020-01-01 07:45:00,NA,NA,519.749129819002,8423.2790914159,-6414.90791174315,519.749129819002
2020-01-01 07:46:00,NA,NA,562.690107915714,8542.71391244166,-6544.09083137945,562.690107915714
2020-01-01 07:47:00,8654.48679550609,-6647.98376469682,NA,8654.48679550609,-6647.98376469682,612.247044075857
2020-01-01 07:48:00,NA,NA,634.453561418861,8780.97331613265,-6737.57384881007,634.453561418861
2020-01-01 07:49:00,8927.37276292146,-6824.60004437426,NA,8927.37276292146,-6824.60004437426,633.955086710599
2020-01-01 07:50:00,NA,NA,620.746624452149,9080.53882589657,-6910.41321666844,620.746624452149
2020-01-01 07:51:00,9230.91001897333,-6977.4558135702,NA,9230.91001897333,-6977.4558135702,594.451227192058
2020-01-01 07:52:00,9390.31056317249,-7014.49924577407,NA,9390.31056317249,-7014.49924577407,525.663521569203
2020-01-01 07:53:00,NA,NA,470.859568021605,9537.22199454056,-7062.28273443865,470.859568021605
2020-01-01 07:54:00,NA,NA,385.628641718281,9679.80098315141,-7125.03491014515,385.628641718281
2020-01-01 07:55:00,NA,NA,296.581195783134,9816.26724846706,-7213.77284632295,296.581195783134
2020-01-01 07:56:00,NA,NA,263.092814599463,9936.02920264461,-7305.93934005173,263.092814599463
2020-01-01 07:57:00,NA,NA,264.564888970613,10026.7770671507,-7385.79394955885,264.564888970613
2020-01-01 07:58:00,NA,NA,222.789774645455,10111.3805908488,-7447.84986819936,222.789774645455
2020-01-01 07:59:00,NA,NA,149.352651077807,10213.790307645,-7498.68033188238,149.352651077807
2020-01-01 08:00:00,NA,NA,112.381286379625,10313.0265275148,-7545.04667105166,112.381286379625
2020-01-01 08:01:00,NA,NA,116.970914861286,10397.7069929429,-7578.33508259627,116.970914861286
2020-01-01 08:02:00,NA,NA,137.857838502426,10468.3429258379,-7581.42539880035,137.857838502426
2020-01-01 08:03:00,NA,NA,160.480868923791,10559.8916557492,-7557.52443977573,160.480868923791
2020-01-01 08:04:00,NA,NA,212.582434816307,10657.8036004416,-7545.76123254787,212.582434816307
2020-01-01 08:05:00,NA,NA,282.383195579356,10733.7824187455,-7556.61294299111,282.383195579356
2020-01-01 08:06:00,NA,NA,384.987622203509,10801.7616426693,-7581.6320709542,384.987622203509
2020-01-01 08:07:00,NA,NA,473.848653420921,10895.7494037989,-7626.59775657983,473.848653420921
2020-01-01 08:08:00,NA,NA,521.39836276629,11015.9453535656,-7700.23625314098,521.39836276629
2020-01-01 08:09:00,11127.3291827682,-7777.7683192126,NA,11127.3291827682,-7777.7683192126,581.660831420566
2020-01-01 08:10:00,NA,NA,600.825600304882,11229.8835442662,-7872.13658875385,600.825600304882
2020-01-01 08:11:00,NA,NA,596.547567753073,11340.0227259081,-7949.27935007541,596.547567753073
2020-01-01 08:12:00,NA,NA,598.439559470201,11451.9911964405,-8015.29740839668,598.439559470201
2020-01-01 08:13:00,NA,NA,632.03793853212,11567.2007389375,-8082.15127425581,632.03793853212
2020-01-01 08:14:00,NA,NA,646.634874258626,11664.832027556,-8156.51640676685,646.634874258626
2020-01-01 08:15:00,11755.698028761,-8248.64156496949,NA,11755.698028761,-8248.64156496949,684.903626411572
2020-01-01 08:16:00,NA,NA,713.620433152366,11841.9203920527,-8342.58177308213,713.620433152366
2020-01-01 08:17:00,NA,NA,753.90830457731,11911.9820682862,-8437.49760911841,753.90830457731
2020-01-01 08:18:00,NA,NA,783.308368147961,11959.617417342,-8544.72064772435,783.308368147961
2020-01-01 08:19:00,NA,NA,774.971991458522,12027.6583868893,-8688.66651772007,774.971991458522
2020-01-01 08:20:00,12107.9710133966,-8860.59913825285,NA,12107.9710133966,-8860.59913825285,762.224102956309
2020-01-01 08:21:00,NA,NA,761.750972769456,12162.496271359,-9033.33805174533,761.750972769456
2020-01-01 08:22:00,NA,NA,755.076152402761,12215.4768585273,-9188.28171332284,755.076152402761
2020-01-01 08:23:00,NA,NA,722.275830490462,12264.5796374043,-9339.42801125863,722.275830490462
2020-01-01 08:24:00,NA,NA,712.335205504693,12305.3511103961,-9476.63530509224,712.335205504693
2020-01-01 08:25:00,NA,NA,734.387948141532,12328.744323756,-9624.54816924964,734.387948141532
2020-01-01 08:26:00,12343.3702810145,-9759.92572456313,NA,12343.3702810145,-9759.92572456313,800.1093208548
2020-01-01 08:27:00,NA,NA,839.85653336059,12363.441713522,-9881.70125298798,839.85653336059
2020-01-01 08:28:00,NA,NA,856.613602513814,12381.0095966758,-10011.7283486521,856.613602513814
2020-01-01 08:29:00,NA,NA,881.774898522034,12400.2199375602,-10122.2640375865,881.774898522034
2020-01-01 08:30:00,NA,NA,914.181389629234,12419.3400091456,-10203.4810752258,914.181389629234
2020-01-01 08:31:00,NA,NA,938.226017353807,12421.6997961656,-10270.2842470683,938.226017353807
2020-01-01 08:32:00,12404.1166999404,-10348.2095959093,NA,12404.1166999404,-10348.2095959093,937.103094726458
2020-01-01 08:33:00,NA,NA,918.455905949241,12380.1173971481,-10428.0720720883,918.455905949241
2020-01-01 08:34:00,NA,NA,874.84968872687,12328.9407246278,-10506.2548793508,874.84968872687
2020-01-01 08:35:00,NA,NA,801.260750428494,12280.6717036626,-10571.8938601189,801.260750428494
2020-01-01 08:36:00,NA,NA,710.612735239903,12243.3338977814,-10648.3900170852,710.612735239903
2020-01-01 08:37:00,NA,NA,664.600446354207,12190.862824505,-10714.8465666542,664.600446354207
2020-01-01 08:38:00,12128.1134211421,-10772.0386707881,NA,12128.1134211421,-10772.0386707881,664.541395615548
2020-01-01 08:39:00,NA,NA,659.917442384865,12080.9447390597,-10812.0546699555,659.917442384865
2020-01-01 08:40:00,NA,NA,633.476796524657,12020.3255039099,-10853.7173778334,633.476796524657
2020-01-01 08:41:00,NA,NA,615.567239731649,11961.7191058089,-10902.4716197927,615.567239731649
2020-01-01 08:42:00,NA,NA,610.91988350635,11910.5583384402,-10956.7954334217,610.91988350635
2020-01-01 08:43:00,11844.7577149629,-11014.028375343,NA,11844.7577149629,-11014.028375343,601.464232424326
2020-01-01 08:44:00,NA,NA,610.087359216301,11748.5278278616,-11068.8560383423,610.087359216301
2020-01-01 08:45:00,NA,NA,590.832346653526,11658.0928736155,-11114.9641016524,590.832346653526
2020-01-01 08:46:00,NA,NA,549.884875337271,11557.5620850526,-11177.3357090094,549.884875337271
2020-01-01 08:47:00,NA,NA,553.814875118491,11469.8785589672,-11265.3548652335,553.814875118491
2020-01-01 08:48:00,NA,NA,616.971466408863,11387.2403222534,-11354.0198108454,616.971466408863
2020-01-01 08:49:00,NA,NA,687.330892827473,11273.6655475658,-11460.0040300876,687.330892827473
2020-01-01 08:50:00,NA,NA,752.614456695248,11166.9725498833,-11579.2249913839,752.614456695248
2020-01-01 08:51:00,NA,NA,821.42003572305,11045.3379111804,-11699.0911345801,821.42003572305
2020-01-01 08:52:00,NA,NA,898.078515047355,10915.6719526131,-11799.7088119604,898.078515047355
2020-01-01 08:53:00,10793.2672776763,-11892.5398298975,NA,10793.2672776763,-11892.5398298975,955.349841223251
2020-01-01 08:54:00,NA,NA,970.585990052004,10685.4133033826,-11968.6148937386,970.585990052004
2020-01-01 08:55:00,NA,NA,1005.31180623931,10606.7605730525,-12053.7598984287,1005.31180623931
2020-01-01 08:56:00,NA,NA,1038.42144931522,10561.7329087927,-12132.7148367807,1038.42144931522
2020-01-01 08:57:00,NA,NA,1070.83246950374,10526.0790068197,-12187.9608236868,1070.83246950374
2020-01-01 08:58:00,10489.3701925783,-12245.9953627046,NA,10489.3701925783,-12245.9953627046,1054.41162878642
2020-01-01 08:59:00,NA,NA,1005.1545982753,10436.3175662776,-12304.0591676683,1005.1545982753
2020-01-01 09:00:00,NA,NA,972.735575571149,10348.5255322097,-12377.7561152623,972.735575571149
2020-01-01 09:01:00,NA,NA,926.712625889278,10267.5077126774,-12432.6707799654,926.712625889278
2020-01-01 09:02:00,NA,NA,864.756260403259,10170.2389184408,-12471.0608971681,864.756260403259
2020-01-01 09:03:00,NA,NA,783.613662476222,10062.3546194326,-12491.537783824,783.613662476222
2020-01-01 09:04:00,NA,NA,727.122861415323,9957.34361484095,-12524.1915290906,727.122861415323
2020-01-01 09:05:00,NA,NA,686.661857997604,9869.43028268092,-12537.4666727495,686.661857997604
2020-01-01 09:06:00,NA,NA,644.140806367937,9778.08304492215,-12523.7837469012,644.140806367937
2020-01-01 09:07:00,NA,NA,641.223202556334,9684.30547505272,-12501.7783002684,641.223202556334
2020-01-01 09:08:00,NA,NA,677.152855363288,9585.12741436453,-12472.8453016084,677.152855363288
2020-01-01 09:09:00,NA,NA,740.798968773338,9470.42367610304,-12469.8768485811,740.798968773338
2020-01-01 09:10:00,NA,NA,829.825604126041,9370.91644557288,-12477.48091237,829.825604126041
2020-01-01 09:11:00,NA,NA,912.269598224486,9284.25180508221,-12491.9834664578,912.269598224486
2020-01-01 09:12:00,NA,NA,982.567871953157,9204.49046804814,-12494.3084694933,982.567871953157
2020-01-01 09:13:00,NA,NA,1056.45069927418,9117.50194414504,-12466.9302653884,1056.45069927418
2020-01-01 09:14:00,NA,NA,1096.21863517829,9037.27464472475,-12429.8016325222,1096.21863517829
2020-01-01 09:15:00,8961.40704519401,-12398.54489927,NA,8961.40704519401,-12398.54489927,1103.78610335331
2020-01-01 09:16:00,NA,NA,1081.55528304344,8899.43377939132,-12373.8218133958,1081.55528304344
2020-01-01 09:17:00,NA,NA,1032.4980294094,8848.81719830817,-12348.3372959919,1032.4980294094
2020-01-01 09:18:00,NA,NA,1020.47435038906,8789.72311744399,-12313.199172941,1020.47435038906
2020-01-01 09:19:00,NA,NA,967.077252505204,8741.47579119385,-12263.3213499786,967.077252505204
2020-01-01 09:20:00,NA,NA,896.343380226808,8710.21902419759,-12211.6881617071,896.343380226808
2020-01-01 09:21:00,NA,NA,823.52519586391,8674.55565838212,-12169.7480011032,823.52519586391
2020-01-01 09:22:00,NA,NA,745.907526494741,8639.57505290426,-12134.5679966361,745.907526494741
2020-01-01 09:23:00,NA,NA,680.084027190996,8606.26394801811,-12082.5502080139,680.084027190996
2020-01-01 09:24:00,8588.11007497777,-12009.7341063737,NA,8588.11007497777,-12009.7341063737,590.352580331032
2020-01-01 09:25:00,NA,NA,507.613617867627,8578.242045814,-11922.8776171996,507.613617867627
2020-01-01 09:26:00,NA,NA,440.461656769971,8569.58806722379,-11807.5645929968,440.461656769971
2020-01-01 09:27:00,NA,NA,356.671590221248,8565.53899326613,-11698.6222996046,356.671590221248
2020-01-01 09:28:00,NA,NA,276.450446142893,8580.27478886426,-11596.7017831992,276.450446142893
2020-01-01 09:29:00,8603.87640540575,-11466.4175150399,NA,8603.87640540575,-11466.4175150399,249.812735173469
2020-01-01 09:30:00,NA,NA,218.588305172688,8624.01419866244,-11324.8911412756,218.588305172688
2020-01-01 09:31:00,NA,NA,183.889121913325,8640.29953786268,-11201.6751847855,183.889121913325
2020-01-01 09:32:00,8651.2447724366,-11099.9227850862,NA,8651.2447724366,-11099.9227850862,147.129774249053
2020-01-01 09:33:00,NA,NA,89.0950669951283,8651.16249160572,-10994.1318277501,89.0950669951283
2020-01-01 09:34:00,NA,NA,60.5848499188061,8650.87361379033,-10909.9608940855,60.5848499188061
2020-01-01 09:35:00,8640.11961998418,-10826.1745144968,NA,8640.11961998418,-10826.1745144968,39.6604678565283
2020-01-01 09:36:00,NA,NA,39.8930981074972,8626.10730021721,-10735.720070461,39.8930981074972
2020-01-01 09:37:00,NA,NA,41.8736311133026,8613.01323045512,-10648.8085024677,41.8736311133026
2020-01-01 09:38:00,NA,NA,17.8248367546389,8617.02236614927,-10574.1790080032,17.8248367546389
2020-01-01 09:39:00,NA,NA,13.6601735567089,8626.4647190445,-10519.3283929173,13.6601735567089
2020-01-01 09:40:00,NA,NA,-12.3314537199086,8610.16258718651,-10465.8061652417,-12.3314537199086
2020-01-01 09:41:00,NA,NA,-80.4442593276052,8590.0837658603,-10388.6758543725,-80.4442593276052
2020-01-01 09:42:00,8578.68210025342,-10304.3516106853,NA,8578.68210025342,-10304.3516106853,-117.836774714892
2020-01-01 09:43:00,NA,NA,-104.73491872331,8578.75478156513,-10240.3864633059,-104.73491872331
2020-01-01 09:44:00,NA,NA,-63.0066003890541,8562.87192500696,-10196.1393419655,-63.0066003890541
2020-01-01 09:45:00,8559.39527112808,-10181.9562556391,NA,8559.39527112808,-10181.9562556391,-9.91610772273338
2020-01-01 09:46:00,NA,NA,49.4649012261484,8542.05022665603,-10186.2264753058,49.4649012261484
2020-01-01 09:47:00,NA,NA,102.103018791748,8506.69666224259,-10167.5238265681,102.103018791748
2020-01-01 09:48:00,8469.90973682026,-10110.7400557291,NA,8469.90973682026,-10110.7400557291,123.060405431074
2020-01-01 09:49:00,8421.96283500353,-10054.0725392338,NA,8421.96283500353,-10054.0725392338,135.351301884622
2020-01-01 09:50:00,NA,NA,151.534346303798,8369.26864009331,-10008.3987100709,151.534346303798
2020-01-01 09:51:00,8302.48783916511,-9960.66203590409,NA,8302.48783916511,-9960.66203590409,129.36722322559
2020-01-01 09:52:00,NA,NA,134.280773912458,8232.71030852547,-9914.87038521519,134.280773912458
2020-01-01 09:53:00,NA,NA,122.130340804549,8185.6975971627,-9854.37290011974,122.130340804549
2020-01-01 09:54:00,NA,NA,123.323466799807,8156.22153554747,-9811.39567457808,123.323466799807
2020-01-01 09:55:00,NA,NA,136.486193107711,8123.79877176702,-9743.94097267,136.486193107711
2020-01-01 09:56:00,NA,NA,174.860579460026,8087.67868379844,-9686.03831871521,174.860579460026
2020-01-01 09:57:00,NA,NA,207.63662925561,8052.04291040515,-9649.3641024933,207.63662925561
2020-01-01 09:58:00,NA,NA,188.717202222212,8032.2874620307,-9633.45601147182,188.717202222212
2020-01-01 09:59:00,NA,NA,164.245745388393,8030.58691257968,-9638.57598233246,164.245745388393
2020-01-01 10:00:00,NA,NA,119.182548519587,8042.17781420751,-9658.43326543721,119.182548519587
2020-01-01 10:01:00,NA,NA,60.1562355841839,8053.37463017566,-9664.21789402277,60.1562355841839
2020-01-01 10:02:00,NA,NA,39.6760281419719,8068.49028181794,-9633.66042949271,39.6760281419719
2020-01-01 10:03:00,NA,NA,65.2639299655563,8051.60420646775,-9600.39041374232,65.2639299655563
2020-01-01 10:04:00,NA,NA,62.3481899158707,8034.7209880007,-9558.22333277038,62.3481899158707
2020-01-01 10:05:00,NA,NA,40.8763681854764,8037.10560661935,-9528.83782801602,40.8763681854764
2020-01-01 10:06:00,NA,NA,64.5439007754416,8031.91746944151,-9500.33215011922,64.5439007754416
2020-01-01 10:07:00,NA,NA,103.649700980103,8046.77592383584,-9433.99430637669,103.649700980103
2020-01-01 10:08:00,NA,NA,97.5733150060688,8074.05162635785,-9370.51222991974,97.5733150060688
2020-01-01 10:09:00,8085.15250341636,-9316.48299975571,NA,8085.15250341636,-9316.48299975571,108.842584336589
2020-01-01 10:10:00,NA,NA,106.462437940349,8098.75477045234,-9242.90665518925,106.462437940349
2020-01-01 10:11:00,NA,NA,99.3218094569907,8125.63856860367,-9148.28245132209,99.3218094569907
2020-01-01 10:12:00,NA,NA,94.3605892091149,8151.24143802424,-9062.43831166138,94.3605892091149
2020-01-01 10:13:00,8175.6482258795,-8975.43294766833,NA,8175.6482258795,-8975.43294766833,40.5422538214707
2020-01-01 10:14:00,8223.62368760733,-8875.90371058369,NA,8223.62368760733,-8875.90371058369,10.1903837164044
2020-01-01 10:15:00,NA,NA,-10.0918038132475,8250.8710696222,-8796.78962268316,-10.0918038132475
2020-01-01 10:16:00,8271.13145463821,-8712.35030291756,NA,8271.13145463821,-8712.35030291756,-27.6365381074289
2020-01-01 10:17:00,NA,NA,-33.5114610549085,8298.95423501936,-8631.01830024995,-33.5114610549085
2020-01-01 10:18:00,NA,NA,-46.540047981152,8320.47895664061,-8565.96631444399,-46.540047981152
2020-01-01 10:19:00,8378.37613253798,-8503.78681766926,NA,8378.37613253798,-8503.78681766926,-69.9081990926955
2020-01-01 10:20:00,NA,NA,-58.4082405872415,8453.59855376043,-8432.77578809138,-58.4082405872415
2020-01-01 10:21:00,NA,NA,-20.0265956359176,8508.07038703478,-8357.4559289034,-20.0265956359176
2020-01-01 10:22:00,NA,NA,30.6774610220292,8552.82435800152,-8300.08068062577,30.6774610220292
2020-01-01 10:23:00,NA,NA,43.9359829278266,8604.22253814286,-8229.95400366489,43.9359829278266
2020-01-01 10:24:00,NA,NA,50.3784011225254,8659.21321436428,-8145.87951588322,50.3784011225254
2020-01-01 10:25:00,NA,NA,76.1498840945248,8713.80915748998,-8061.46662329664,76.1498840945248
2020-01-01 10:26:00,NA,NA,96.0331894911576,8752.76223936738,-7974.60290833948,96.0331894911576
2020-01-01 10:27:00,NA,NA,118.619072276568,8783.94296986722,-7857.48626683941,118.619072276568
2020-01-01 10:28:00,NA,NA,103.187773356037,8820.36621286416,-7757.2314917568,103.187773356037
2020-01-01 10:29:00,8871.05334852977,-7659.70668449155,NA,8871.05334852977,-7659.70668449155,76.1828578564066
2020-01-01 10:30:00,NA,NA,53.6854154034911,8933.22314705971,-7524.69070770366,53.6854154034911
2020-01-01 10:31:00,NA,NA,23.882338485164,9008.61414836516,-7380.53883968921,23.882338485164
2020-01-01 10:32:00,NA,NA,1.81181921243141,9065.96619018366,-7236.79515002062,1.81181921243141
2020-01-01 10:33:00,9108.92997883441,-7089.22685901305,NA,9108.92997883441,-7089.22685901305,-38.9971219208264
2020-01-01 10:34:00,NA,NA,-70.900342302145,9181.95052118743,-6947.70627834226,-70.900342302145
2020-01-01 10:35:00,NA,NA,-95.5620596876078,9255.20093604613,-6803.00847568162,-95.5620596876078
2020-01-01 10:36:00,NA,NA,-125.268764615223,9322.26536091023,-6654.98115111525,-125.268764615223
2020-01-01 10:37:00,NA,NA,-142.672541980002,9377.45883071644,-6501.77903429625,-142.672541980002
2020-01-01 10:38:00,NA,NA,-198.018277044926,9416.20833961809,-6346.96979009809,-198.018277044926
2020-01-01 10:39:00,NA,NA,-237.287490344392,9444.37881265964,-6194.21803761253,-237.287490344392
2020-01-01 10:40:00,9453.58213222811,-6031.30169651607,NA,9453.58213222811,-6031.30169651607,-269.634290729079
2020-01-01 10:41:00,NA,NA,-293.296937924985,9457.88108866364,-5873.02145556912,-293.296937924985
2020-01-01 10:42:00,NA,NA,-316.749939252521,9445.92664199795,-5726.1334794122,-316.749939252521
2020-01-01 10:43:00,NA,NA,-356.800928585107,9430.31252353342,-5579.81408464836,-356.800928585107
2020-01-01 10:44:00,9434.69172246949,-5455.02550173668,NA,9434.69172246949,-5455.02550173668,-417.547032527015
2020-01-01 10:45:00,NA,NA,-480.338870637175,9433.63071081438,-5322.83100627854,-480.338870637175
2020-01-01 10:46:00,NA,NA,-552.972834785712,9429.83227699102,-5195.13351838858,-552.972834785712
2020-01-01 10:47:00,NA,NA,-666.328187688348,9427.74952966106,-5068.1384467887,-666.328187688348
2020-01-01 10:48:00,NA,NA,-820.290553525081,9428.33906371147,-4961.27445416402,-820.290553525081
2020-01-01 10:49:00,NA,NA,-887.708555294913,9425.38990890922,-4848.41662908808,-887.708555294913
2020-01-01 10:50:00,9422.67437992696,-4737.56204206732,NA,9422.67437992696,-4737.56204206732,-939.126500999341
2020-01-01 10:51:00,NA,NA,-972.870193495113,9428.97541647635,-4607.02816196947,-972.870193495113
2020-01-01 10:52:00,9442.74110208061,-4474.49558547072,NA,9442.74110208061,-4474.49558547072,-1001.84237515302
2020-01-01 10:53:00,NA,NA,-999.41719133333,9439.79939802472,-4355.78911860965,-999.41719133333
2020-01-01 10:54:00,NA,NA,-1013.1127191144,9420.31898197208,-4256.84295979074,-1013.1127191144
2020-01-01 10:55:00,NA,NA,-1055.26329336509,9407.52263161308,-4148.13261839246,-1055.26329336509
2020-01-01 10:56:00,9419.28363797435,-4037.52164039316,NA,9419.28363797435,-4037.52164039316,-1081.80170041325
2020-01-01 10:57:00,NA,NA,-1047.47681165789,9446.50200775151,-3910.72824077781,-1047.47681165789
2020-01-01 10:58:00,NA,NA,-1004.5807019148,9459.12147320443,-3783.66975058876,-1004.5807019148
2020-01-01 10:59:00,NA,NA,-935.076808920003,9484.127699567,-3661.4813616462,-935.076808920003
2020-01-01 11:00:00,NA,NA,-897.407852178319,9517.32118024507,-3535.50059749822,-897.407852178319
2020-01-01 11:01:00,NA,NA,-847.445263093041,9539.27803691268,-3401.10029624148,-847.445263093041
2020-01-01 11:02:00,NA,NA,-732.80327559554,9542.13839361097,-3254.18553503748,-732.80327559554
2020-01-01 11:03:00,NA,NA,-662.765051215968,9521.41525621096,-3118.53809055277,-662.765051215968
2020-01-01 11:04:00,NA,NA,-586.337660557771,9501.65445721796,-2970.56823924623,-586.337660557771
2020-01-01 11:05:00,NA,NA,-518.507644126558,9471.3835251311,-2827.62784554538,-518.507644126558
2020-01-01 11:06:00,NA,NA,-439.130102564484,9445.63526887806,-2673.2460929069,-439.130102564484
2020-01-01 11:07:00,NA,NA,-337.672567596426,9424.03227580973,-2509.23582975245,-337.672567596426
2020-01-01 11:08:00,NA,NA,-237.872907490778,9393.44670511222,-2369.14132137166,-237.872907490778
2020-01-01 11:09:00,NA,NA,-131.327125093805,9357.56933130732,-2234.52113387205,-131.327125093805
2020-01-01 11:10:00,NA,NA,-53.0453888222789,9329.27526694258,-2120.3742260382,-53.0453888222789
2020-01-01 11:11:00,NA,NA,-54.7173257990777,9285.29727936599,-2038.37629544538,-54.7173257990777
2020-01-01 11:12:00,9238.98139442036,-1973.1146773477,NA,9238.98139442036,-1973.1146773477,-68.4449218620214
2020-01-01 11:13:00,NA,NA,-71.2550981373754,9177.89705883095,-1917.5284338546,-71.2550981373754
2020-01-01 11:14:00,9104.62655487559,-1889.07586184285,NA,9104.62655487559,-1889.07586184285,-118.76413897235
2020-01-01 11:15:00,NA,NA,-133.441780670458,9043.83631524667,-1859.35975965167,-133.441780670458
2020-01-01 11:16:00,NA,NA,-169.953157465721,8969.483858419,-1796.34590254908,-169.953157465721
2020-01-01 11:17:00,NA,NA,-186.086868461481,8885.14742811972,-1724.87802068119,-186.086868461481
2020-01-01 11:18:00,NA,NA,-178.534722155647,8810.44840788556,-1644.32090669369,-178.534722155647
2020-01-01 11:19:00,NA,NA,-144.479160099853,8743.47705267834,-1562.375718279,-144.479160099853
2020-01-01 11:20:00,8673.79557322885,-1472.42397892649,NA,8673.79557322885,-1472.42397892649,-65.5671384130314
2020-01-01 11:21:00,NA,NA,59.9088602559202,8611.76401411651,-1411.1134948913,59.9088602559202
2020-01-01 11:22:00,NA,NA,204.616392744906,8558.8595535184,-1356.18995759494,204.616392744906
2020-01-01 11:23:00,NA,NA,332.988178530311,8516.40860838832,-1295.87710039562,332.988178530311
2020-01-01 11:24:00,NA,NA,429.855478056718,8465.50576606015,-1225.69230653573,429.855478056718
2020-01-01 11:25:00,NA,NA,523.843194897435,8415.53643186519,-1178.21147339807,523.843194897435
2020-01-01 11:26:00,NA,NA,639.558826017097,8389.2953842454,-1148.38296226742,639.558826017097
2020-01-01 11:27:00,NA,NA,732.356528280655,8359.51940941728,-1125.53232899747,732.356528280655
2020-01-01 11:28:00,NA,NA,850.265813161689,8339.7002758928,-1126.4030954146,850.265813161689
2020-01-01 11:29:00,NA,NA,920.276242780718,8326.30957991536,-1155.3145271495,920.276242780718
2020-01-01 11:30:00,8317.59664195445,-1201.54364711485,NA,8317.59664195445,-1201.54364711485,962.620088244011
2020-01-01 11:31:00,NA,NA,966.19696215213,8280.61734109783,-1238.47550636884,966.19696215213
2020-01-01 11:32:00,8215.71889582872,-1265.41918916066,NA,8215.71889582872,-1265.41918916066,962.214818747003
2020-01-01 11:33:00,NA,NA,971.635703007455,8154.23639383902,-1275.84259073537,971.635703007455
2020-01-01 11:34:00,8107.58500384196,-1282.22753127551,NA,8107.58500384196,-1282.22753127551,975.927970273398
2020-01-01 11:35:00,NA,NA,979.690317974353,8099.71330738849,-1295.071599496,979.690317974353
2020-01-01 11:36:00,NA,NA,947.966402185289,8066.50039351099,-1301.1835998993,947.966402185289
2020-01-01 11:37:00,NA,NA,941.256613416554,8013.77595860501,-1287.4436953025,941.256613416554
2020-01-01 11:38:00,NA,NA,932.184265814446,7968.634821937,-1271.43748619594,932.184265814446
2020-01-01 11:39:00,NA,NA,901.722621808801,7901.95752067658,-1261.6535186354,901.722621808801
2020-01-01 11:40:00,NA,NA,841.441505807984,7845.55366588845,-1257.0430153728,841.441505807984
2020-01-01 11:41:00,NA,NA,788.533679937387,7785.36945060832,-1247.67908687709,788.533679937387
2020-01-01 11:42:00,NA,NA,730.045005750157,7706.70011194065,-1254.36479390815,730.045005750157
2020-01-01 11:43:00,NA,NA,672.429578022205,7612.94229326434,-1279.80502104505,672.429578022205
2020-01-01 11:44:00,NA,NA,633.854232303354,7528.9884717166,-1308.64290998291,633.854232303354
2020-01-01 11:45:00,NA,NA,632.92456293817,7446.39800623571,-1338.56886918724,632.92456293817
2020-01-01 11:46:00,7367.16491283331,-1371.38390448199,NA,7367.16491283331,-1371.38390448199,626.179319064385
2020-01-01 11:47:00,NA,NA,609.275064910223,7265.53775273546,-1377.42366397075,609.275064910223
2020-01-01 11:48:00,NA,NA,630.425172339995,7153.56564035925,-1399.89507576802,630.425172339995
2020-01-01 11:49:00,NA,NA,650.40641881258,7043.46610606776,-1430.15111395919,650.40641881258
2020-01-01 11:50:00,NA,NA,620.821919848585,6926.70605597732,-1423.90149061848,620.821919848585
2020-01-01 11:51:00,NA,NA,573.51074145877,6803.93775405811,-1422.94184362309,573.51074145877
2020-01-01 11:52:00,NA,NA,489.848085315247,6681.7072110787,-1419.79622449004,489.848085315247
2020-01-01 11:53:00,NA,NA,422.737392161879,6544.00207065969,-1409.54981030283,422.737392161879
2020-01-01 11:54:00,NA,NA,395.830589710813,6409.10419606901,-1403.67543897791,395.830589710813
2020-01-01 11:55:00,NA,NA,365.782659582612,6256.40345405438,-1406.82033204703,365.782659582612
2020-01-01 11:56:00,NA,NA,316.047519536633,6105.66498658471,-1397.12897101011,316.047519536633
2020-01-01 11:57:00,NA,NA,306.068587446613,5949.24003469525,-1384.56619433234,306.068587446613
2020-01-01 11:58:00,NA,NA,250.572237817819,5789.36854806878,-1363.77696385071,250.572237817819
2020-01-01 11:59:00,NA,NA,182.0558627456,5640.46849691346,-1341.45070943053,182.0558627456
2020-01-01 12:00:00,NA,NA,171.795362503795,5493.81919842777,-1311.03111359842,171.795362503795
2020-01-01 12:01:00,5358.81414823799,-1281.13325146467,NA,5358.81414823799,-1281.13325146467,171.541146439793
2020-01-01 12:02:00,NA,NA,202.447337599443,5243.47289302294,-1226.33921963449,202.447337599443
2020-01-01 12:03:00,NA,NA,219.06434774524,5142.09497317546,-1181.7015550966,219.06434774524
2020-01-01 12:04:00,NA,NA,236.256910483883,5039.25067629285,-1112.39737175047,236.256910483883
2020-01-01 12:05:00,NA,NA,227.3556336157,4947.82934773552,-1054.4682754533,227.3556336157
2020-01-01 12:06:00,NA,NA,192.450887164709,4887.65503758465,-1003.0286259072,192.450887164709
2020-01-01 12:07:00,NA,NA,204.33387786291,4831.2402692012,-940.095771344319,204.33387786291
2020-01-01 12:08:00,NA,NA,237.23730254493,4786.16630474071,-886.738796004061,237.23730254493
2020-01-01 12:09:00,NA,NA,268.366394310277,4762.56446682119,-828.378141777744,268.366394310277
2020-01-01 12:10:00,NA,NA,318.329186408349,4751.79845644745,-763.964856290753,318.329186408349
2020-01-01 12:11:00,4751.27114302884,-711.160804694713,NA,4751.27114302884,-711.160804694713,354.234650463263
2020-01-01 12:12:00,NA,NA,371.132649455173,4731.5762931104,-683.090803928089,371.132649455173
2020-01-01 12:13:00,NA,NA,352.604375629111,4705.48493038706,-688.82776974682,352.604375629111
2020-01-01 12:14:00,NA,NA,337.302835458205,4681.24819446936,-719.946016634644,337.302835458205
2020-01-01 12:15:00,NA,NA,346.805125725036,4651.53682159187,-744.469934380222,346.805125725036
2020-01-01 12:16:00,NA,NA,349.172339468422,4617.38890399031,-751.403213925973,349.172339468422
2020-01-01 12:17:00,NA,NA,375.124898398612,4559.50942669304,-786.869819059506,375.124898398612
2020-01-01 12:18:00,NA,NA,401.913289878966,4501.14640547111,-846.501789996936,401.913289878966
2020-01-01 12:19:00,NA,NA,449.204027244435,4436.06729391925,-915.685983574724,449.204027244435
2020-01-01 12:20:00,NA,NA,510.652865227996,4374.13243554537,-982.776178548303,510.652865227996
2020-01-01 12:21:00,NA,NA,571.586183633998,4290.48462577648,-1063.79514558285,571.586183633998
2020-01-01 12:22:00,NA,NA,698.147009312234,4195.47205254822,-1135.05731382866,698.147009312234
2020-01-01 12:23:00,NA,NA,814.061860104536,4093.37378201237,-1216.18364896404,814.061860104536
2020-01-01 12:24:00,NA,NA,926.383894055151,3993.18492914826,-1300.4440294293,926.383894055151
2020-01-01 12:25:00,NA,NA,1059.48788956372,3892.02114738283,-1394.63533182524,1059.48788956372
2020-01-01 12:26:00,NA,NA,1191.24416456693,3785.56549925214,-1476.50586143522,1191.24416456693
2020-01-01 12:27:00,3660.55712751393,-1538.41452877653,NA,3660.55712751393,-1538.41452877653,1261.5910056581
2020-01-01 12:28:00,NA,NA,1308.97764813325,3530.15963923203,-1583.7454215186,1308.97764813325
2020-01-01 12:29:00,NA,NA,1355.42163987459,3403.65550262737,-1621.31782658812,1355.42163987459
2020-01-01 12:30:00,3283.58628345653,-1649.90681247388,NA,3283.58628345653,-1649.90681247388,1388.25587619187
2020-01-01 12:31:00,NA,NA,1413.91808632777,3152.57467517804,-1648.00020319962,1413.91808632777
2020-01-01 12:32:00,NA,NA,1413.74489297979,3036.22935655198,-1637.03270062546,1413.74489297979
2020-01-01 12:33:00,NA,NA,1396.05367843938,2944.02937925749,-1611.88808314339,1396.05367843938
2020-01-01 12:34:00,NA,NA,1398.4156493131,2860.8094623269,-1589.45651510224,1398.4156493131
2020-01-01 12:35:00,NA,NA,1418.53970845499,2751.82394679979,-1586.92892712798,1418.53970845499
2020-01-01 12:36:00,NA,NA,1465.3031420354,2638.73212365644,-1578.00845993431,1465.3031420354
2020-01-01 12:37:00,NA,NA,1512.50658829907,2579.96681786551,-1533.13292675054,1512.50658829907
2020-01-01 12:38:00,2543.11809437005,-1510.36340930497,NA,2543.11809437005,-1510.36340930497,1553.29934935251
2020-01-01 12:39:00,NA,NA,1561.04587515063,2527.36672368602,-1496.47877615059,1561.04587515063
2020-01-01 12:40:00,2509.75934597276,-1474.43704234513,NA,2509.75934597276,-1474.43704234513,1543.89593232843
2020-01-01 12:41:00,NA,NA,1530.08259535352,2502.16598849347,-1434.76071743816,1530.08259535352
2020-01-01 12:42:00,NA,NA,1462.91015778625,2507.77648249821,-1411.61832112499,1462.91015778625
2020-01-01 12:43:00,NA,NA,1406.12182250951,2492.93102758659,-1356.86182502542,1406.12182250951
2020-01-01 12:44:00,NA,NA,1360.56308907815,2479.40634007259,-1293.74830629373,1360.56308907815
2020-01-01 12:45:00,NA,NA,1339.55435118325,2486.71665346527,-1226.04493988432,1339.55435118325
2020-01-01 12:46:00,NA,NA,1355.08193911904,2512.07693456399,-1142.3624304024,1355.08193911904
2020-01-01 12:47:00,2578.69538408241,-1029.95190403324,NA,2578.69538408241,-1029.95190403324,1368.49119215438
2020-01-01 12:48:00,2640.12990187678,-909.150317547195,NA,2640.12990187678,-909.150317547195,1353.9781316013
2020-01-01 12:49:00,2700.84888427331,-762.758759952221,NA,2700.84888427331,-762.758759952221,1301.5915340542
2020-01-01 12:50:00,NA,NA,1252.89332968147,2770.29007346637,-619.41033319538,1252.89332968147
2020-01-01 12:51:00,2846.74489189377,-505.763670828796,NA,2846.74489189377,-505.763670828796,1215.05185324609
2020-01-01 12:52:00,NA,NA,1164.23132281004,2884.20899071936,-415.954391656008,1164.23132281004
2020-01-01 12:53:00,NA,NA,1145.41732033412,2909.98079969242,-326.191204347058,1145.41732033412
2020-01-01 12:54:00,2922.03690702171,-235.690032119509,NA,2922.03690702171,-235.690032119509,1143.60100537721
2020-01-01 12:55:00,NA,NA,1123.83052898101,2935.92579842443,-156.065952355087,1123.83052898101
2020-01-01 12:56:00,NA,NA,1117.28175615449,2937.35904060343,-63.8007690060964,1117.28175615449
2020-01-01 12:57:00,NA,NA,1124.45348225762,2957.57523177541,45.6407437844197,1124.45348225762
2020-01-01 12:58:00,NA,NA,1141.46265868423,2977.05821234845,170.837829542563,1141.46265868423
2020-01-01 12:59:00,NA,NA,1161.34868026483,3002.9471210097,316.560883147021,1161.34868026483
2020-01-01 13:00:00,3033.28897035596,457.349569475829,NA,3033.28897035596,457.349569475829,1158.56312395922
2020-01-01 13:01:00,NA,NA,1114.7098655131,3080.06097564174,587.817984488827,1114.7098655131
2020-01-01 13:02:00,NA,NA,1075.06325075142,3138.57986000037,732.889738058422,1075.06325075142
2020-01-01 13:03:00,3194.99979546897,862.994319133902,NA,3194.99979546897,862.994319133902,1096.18757695783
2020-01-01 13:04:00,NA,NA,1087.29211454541,3238.19197537921,986.880456362709,1087.29211454541
2020-01-01 13:05:00,3278.96293552952,1103.29315460183,NA,3278.96293552952,1103.29315460183,1053.16574620519
2020-01-01 13:06:00,NA,NA,1038.78690050732,3318.62781857567,1218.81249570463,1038.78690050732
2020-01-01 13:07:00,NA,NA,1051.0656072594,3378.58009999397,1339.02047593933,1051.0656072594
2020-01-01 13:08:00,NA,NA,1028.39113031795,3445.86318161215,1449.4421811169,1028.39113031795
2020-01-01 13:09:00,NA,NA,987.159995522033,3498.83051126335,1546.12622500673,987.159995522033
2020-01-01 13:10:00,3556.82271634962,1611.98807212841,NA,3556.82271634962,1611.98807212841,922.197314502763
2020-01-01 13:11:00,NA,NA,884.372671610524,3627.32291713932,1665.04038550183,884.372671610524
2020-01-01 13:12:00,NA,NA,889.087046347677,3692.24850776229,1711.43706070573,889.087046347677
2020-01-01 13:13:00,NA,NA,922.318177358417,3745.22035550906,1743.22458702603,922.318177358417
2020-01-01 13:14:00,3760.02579223313,1767.14691167247,NA,3760.02579223313,1767.14691167247,992.288012232447
2020-01-01 13:15:00,3776.73116290843,1776.36700804831,NA,3776.73116290843,1776.36700804831,1049.76513624968
2020-01-01 13:16:00,NA,NA,1093.28646139477,3776.4161258372,1772.16873596239,1093.28646139477
2020-01-01 13:17:00,NA,NA,1150.92581107242,3771.34643552315,1762.20415882056,1150.92581107242
2020-01-01 13:18:00,NA,NA,1207.97749881753,3763.66957982172,1775.80098862427,1207.97749881753
2020-01-01 13:19:00,NA,NA,1251.71581982272,3719.42033588852,1792.00289658984,1251.71581982272
2020-01-01 13:20:00,NA,NA,1299.47341816721,3694.3527340375,1798.28374492998,1299.47341816721
2020-01-01 13:21:00,NA,NA,1314.08988187076,3696.6387596633,1793.04122425474,1314.08988187076
2020-01-01 13:22:00,NA,NA,1300.57365686991,3707.03642155665,1791.01823867713,1300.57365686991
2020-01-01 13:23:00,NA,NA,1259.93309723224,3716.70414786554,1819.69141703378,1259.93309723224
2020-01-01 13:24:00,NA,NA,1242.05855275934,3738.3525034156,1846.77648765559,1242.05855275934
2020-01-01 13:25:00,NA,NA,1236.19010567178,3761.50519232381,1855.17543483668,1236.19010567178
2020-01-01 13:26:00,NA,NA,1147.81804091764,3773.8221608999,1884.88564548797,1147.81804091764
2020-01-01 13:27:00,NA,NA,1107.05147068324,3802.94592563966,1886.81912982947,1107.05147068324
2020-01-01 13:28:00,NA,NA,1089.19512698475,3834.38717708045,1893.59329669274,1089.19512698475
2020-01-01 13:29:00,NA,NA,1053.5195582624,3868.46306592723,1882.48059799931,1053.5195582624
2020-01-01 13:30:00,NA,NA,1009.43638352429,3909.54316110202,1856.1837368422,1009.43638352429
2020-01-01 13:31:00,NA,NA,992.073552810199,3979.43144353012,1835.3602307218,992.073552810199
2020-01-01 13:32:00,4032.79607800469,1823.80011725526,NA,4032.79607800469,1823.80011725526,960.416079108264
2020-01-01 13:33:00,NA,NA,921.230854504506,4095.62065669065,1833.26945182836,921.230854504506
2020-01-01 13:34:00,4141.68948059634,1851.11738059343,NA,4141.68948059634,1851.11738059343,865.28077537298
2020-01-01 13:35:00,NA,NA,824.93574203779,4213.07193318332,1859.85308587114,824.93574203779
2020-01-01 13:36:00,4314.69954862768,1882.70768226951,NA,4314.69954862768,1882.70768226951,836.305547361178
2020-01-01 13:37:00,NA,NA,786.076628713319,4406.30339529305,1900.75118767667,786.076628713319
2020-01-01 13:38:00,NA,NA,746.33743566166,4498.62567102385,1958.03604093111,746.33743566166
2020-01-01 13:39:00,NA,NA,726.256678701366,4587.15003762068,2013.0281339293,726.256678701366
2020-01-01 13:40:00,NA,NA,735.375233581672,4681.95803320935,2057.9172898423,735.375233581672
2020-01-01 13:41:00,NA,NA,737.746425785897,4747.9791970071,2083.60528278183,737.746425785897
2020-01-01 13:42:00,NA,NA,773.174730092208,4789.746608369,2102.12020941134,773.174730092208
2020-01-01 13:43:00,NA,NA,810.675178670969,4807.58376703407,2132.20321377019,810.675178670969
2020-01-01 13:44:00,4830.70757427819,2188.06248348223,NA,4830.70757427819,2188.06248348223,847.715227501246
2020-01-01 13:45:00,NA,NA,883.463818649287,4851.7841019647,2257.96132960127,883.463818649287
2020-01-01 13:46:00,NA,NA,909.926744266247,4861.78801015378,2333.05780956234,909.926744266247
2020-01-01 13:47:00,NA,NA,933.049785578224,4859.61349787901,2414.93759887745,933.049785578224
2020-01-01 13:48:00,4844.45496061794,2490.90266234919,NA,4844.45496061794,2490.90266234919,901.411047988197
2020-01-01 13:49:00,NA,NA,844.981376211891,4820.91111549055,2568.1871213945,844.981376211891
2020-01-01 13:50:00,NA,NA,777.967707625204,4793.33737566791,2667.99781394416,777.967707625204
2020-01-01 13:51:00,NA,NA,740.964010006672,4745.15352689453,2765.20168136417,740.964010006672
2020-01-01 13:52:00,4664.18554088586,2855.09425935154,NA,4664.18554088586,2855.09425935154,703.541255726476
2020-01-01 13:53:00,NA,NA,694.080193765199,4565.47440916455,2954.88133064951,694.080193765199
2020-01-01 13:54:00,NA,NA,692.886771098393,4458.71763116364,3047.57222950819,692.886771098393
2020-01-01 13:55:00,NA,NA,678.268601706604,4334.23788858171,3128.70699273093,678.268601706604
2020-01-01 13:56:00,NA,NA,640.252733146492,4225.36367687083,3198.28091833033,640.252733146492
2020-01-01 13:57:00,NA,NA,605.479858097186,4111.63792174217,3241.49156539047,605.479858097186
2020-01-01 13:58:00,NA,NA,597.052137652818,4013.07954822311,3253.83185825309,597.052137652818
2020-01-01 13:59:00,NA,NA,591.5475223697,3942.25883206902,3268.36737464564,591.5475223697
2020-01-01 14:00:00,3891.24828380025,3289.26942541475,NA,3891.24828380025,3289.26942541475,572.955065744686
2020-01-01 14:01:00,NA,NA,591.391369951376,3844.84979370498,3303.25261656282,591.391369951376
2020-01-01 14:02:00,NA,NA,606.095063597363,3815.24335628618,3329.36881526727,606.095063597363
2020-01-01 14:03:00,3788.67677294197,3345.86132491231,NA,3788.67677294197,3345.86132491231,639.848211021838
2020-01-01 14:04:00,NA,NA,667.037251065609,3773.2378390627,3352.02118306247,667.037251065609
2020-01-01 14:05:00,NA,NA,681.461349378285,3774.96847977609,3372.15230619505,681.461349378285
2020-01-01 14:06:00,NA,NA,669.130253948328,3786.89042239274,3416.43024479375,669.130253948328
2020-01-01 14:07:00,NA,NA,659.443373847139,3790.28235072246,3452.57666625808,659.443373847139
2020-01-01 14:08:00,NA,NA,681.597548074262,3808.37138735541,3478.17669438572,681.597548074262
2020-01-01 14:09:00,NA,NA,752.752434187872,3825.7491890842,3499.53878901662,752.752434187872
2020-01-01 14:10:00,3836.38756477779,3524.46067918327,NA,3836.38756477779,3524.46067918327,817.473698800253
2020-01-01 14:11:00,NA,NA,875.379130463177,3852.53986431163,3566.089966573,875.379130463177
2020-01-01 14:12:00,3872.65905560814,3608.48143558323,NA,3872.65905560814,3608.48143558323,937.118649025815
2020-01-01 14:13:00,3890.82935289214,3674.07089258415,NA,3890.82935289214,3674.07089258415,949.063124052584
2020-01-01 14:14:00,NA,NA,958.839719064424,3923.0389112356,3715.53352791822,958.839719064424
2020-01-01 14:15:00,NA,NA,940.898184945633,3959.1154947598,3740.83899525685,940.898184945633
2020-01-01 14:16:00,NA,NA,944.759035467183,3994.52181375821,3728.09181591145,944.759035467183
2020-01-01 14:17:00,NA,NA,922.239009570271,4036.9824477366,3699.4059581267,922.239009570271
2020-01-01 14:18:00,NA,NA,854.650344095908,4081.78436368161,3693.04579823803,854.650344095908
2020-01-01 14:19:00,NA,NA,806.914507544556,4126.38784963545,3675.5239140931,806.914507544556
2020-01-01 14:20:00,NA,NA,785.609735581417,4167.47872174273,3637.87852199944,785.609735581417
2020-01-01 14:21:00,NA,NA,734.940697234802,4183.28578502208,3574.99041447519,734.940697234802
2020-01-01 14:22:00,NA,NA,678.321445130318,4171.31101921319,3518.69599427897,678.321445130318
2020-01-01 14:23:00,NA,NA,641.35551244853,4135.70831447874,3482.98895013393,641.35551244853
2020-01-01 14:24:00,NA,NA,665.827219150872,4064.32345011261,3435.36702827774,665.827219150872
2020-01-01 14:25:00,3989.75647115287,3404.73121236244,NA,3989.75647115287,3404.73121236244,733.288100036621
2020-01-01 14:26:00,NA,NA,800.204684780906,3930.25175916108,3379.45472115967,800.204684780906
2020-01-01 14:27:00,NA,NA,880.248877704897,3855.37962689094,3371.59377579584,880.248877704897
2020-01-01 14:28:00,NA,NA,931.79326283196,3784.32242204503,3371.62876758551,931.79326283196
2020-01-01 14:29:00,NA,NA,946.650960643694,3723.80966852503,3355.97812898225,946.650960643694
2020-01-01 14:30:00,NA,NA,953.476435356094,3673.08116022423,3347.2879595928,953.476435356094
2020-01-01 14:31:00,NA,NA,1022.66667140326,3613.56833284838,3372.2499871103,1022.66667140326
2020-01-01 14:32:00,NA,NA,1085.65564094318,3562.32740646509,3410.93797622717,1085.65564094318
2020-01-01 14:33:00,NA,NA,1097.51443611578,3514.77173904323,3454.30404759749,1097.51443611578
2020-01-01 14:34:00,NA,NA,1125.50307743931,3463.40361550413,3496.65457009274,1125.50307743931
2020-01-01 14:35:00,NA,NA,1104.14794468953,3404.14138195923,3534.75171736128,1104.14794468953
2020-01-01 14:36:00,NA,NA,1038.70410912822,3334.5601784061,3535.64078600074,1038.70410912822
2020-01-01 14:37:00,NA,NA,980.221975745237,3248.60608713121,3532.93734297833,980.221975745237
2020-01-01 14:38:00,3164.53951175992,3538.88924868157,NA,3164.53951175992,3538.88924868157,958.102133604303
2020-01-01 14:39:00,NA,NA,916.650303944366,3079.36312527032,3515.54257266541,916.650303944366
2020-01-01 14:40:00,NA,NA,882.816987340721,2978.27847793467,3481.98252434749,882.816987340721
2020-01-01 14:41:00,NA,NA,850.123537424904,2837.14850213772,3445.9631185203,850.123537424904
2020-01-01 14:42:00,NA,NA,810.64605343706,2695.29852301565,3420.91438837382,810.64605343706
2020-01-01 14:43:00,2541.46728477342,3396.30215830947,NA,2541.46728477342,3396.30215830947,791.246643505534
2020-01-01 14:44:00,NA,NA,762.778314156016,2353.25624920768,3372.84911696613,762.778314156016
2020-01-01 14:45:00,NA,NA,684.081593262725,2154.86349328836,3364.81236737594,684.081593262725
2020-01-01 14:46:00,NA,NA,606.281508479485,1946.92284663297,3381.42169423712,606.281508479485
2020-01-01 14:47:00,NA,NA,544.093596124421,1705.96911226361,3421.85900462486,544.093596124421
2020-01-01 14:48:00,NA,NA,497.105257815323,1462.47047126931,3453.12695321539,497.105257815323
2020-01-01 14:49:00,NA,NA,459.991978997609,1238.30861638901,3469.04800526604,459.991978997609
2020-01-01 14:50:00,NA,NA,428.353271945319,1006.98518975741,3483.34956650043,428.353271945319
2020-01-01 14:51:00,NA,NA,424.774148372389,761.33841413021,3487.31837028804,424.774148372389
2020-01-01 14:52:00,NA,NA,434.986187011834,527.024222293844,3495.1127021604,434.986187011834
2020-01-01 14:53:00,308.88135475617,3510.44787050589,NA,308.88135475617,3510.44787050589,469.396161056627
2020-01-01 14:54:00,NA,NA,482.661684624553,97.9823710781175,3537.62352977065,482.661684624553
2020-01-01 14:55:00,NA,NA,486.372108752564,-118.901336841905,3543.65626882523,486.372108752564
2020-01-01 14:56:00,-353.940276832351,3545.28748856698,NA,-353.940276832351,3545.28748856698,478.511780891208
2020-01-01 14:57:00,NA,NA,475.556403625163,-591.664813097753,3554.67649384728,475.556403625163
2020-01-01 14:58:00,NA,NA,481.629178284262,-836.037330903567,3580.09615070626,481.629178284262
2020-01-01 14:59:00,NA,NA,524.63992392701,-1091.0097126057,3595.06005710416,524.63992392701
2020-01-01 15:00:00,NA,NA,576.574450070417,-1355.29892493189,3598.86392760941,576.574450070417
2020-01-01 15:01:00,NA,NA,642.413312221512,-1604.02143116626,3607.84044840555,642.413312221512
2020-01-01 15:02:00,NA,NA,688.334583061921,-1838.17081063925,3638.40932062284,688.334583061921
2020-01-01 15:03:00,NA,NA,750.219761454342,-2056.90487649282,3669.44576447393,750.219761454342
2020-01-01 15:04:00,NA,NA,819.166221187934,-2284.88586906667,3699.47149338119,819.166221187934
2020-01-01 15:05:00,NA,NA,892.741377740426,-2509.42391801856,3746.51675155069,892.741377740426
2020-01-01 15:06:00,-2738.68975123194,3771.54348136858,NA,-2738.68975123194,3771.54348136858,959.217088782876
2020-01-01 15:07:00,NA,NA,990.246601128096,-2965.26007752045,3790.05952489701,990.246601128096
2020-01-01 15:08:00,NA,NA,1063.43712282717,-3189.31891865148,3788.72680089253,1063.43712282717
2020-01-01 15:09:00,NA,NA,1111.69353756992,-3409.59448566101,3768.0973177064,1111.69353756992
2020-01-01 15:10:00,NA,NA,1155.44869424732,-3632.89315039711,3739.06938782409,1155.44869424732
2020-01-01 15:11:00,NA,NA,1164.98768121955,-3880.74224101364,3706.10305901283,1164.98768121955
2020-01-01 15:12:00,NA,NA,1206.65732308213,-4113.43913426854,3647.14728962715,1206.65732308213
2020-01-01 15:13:00,-4316.37170741528,3572.80974420412,NA,-4316.37170741528,3572.80974420412,1233.90702074385
2020-01-01 15:14:00,NA,NA,1279.67562066036,-4528.76059952103,3498.84998148003,1279.67562066036
2020-01-01 15:15:00,NA,NA,1314.60298028693,-4747.9017302419,3430.05497875965,1314.60298028693
2020-01-01 15:16:00,NA,NA,1355.24354798977,-4969.12716690168,3368.93554835932,1355.24354798977
2020-01-01 15:17:00,NA,NA,1381.97292266759,-5144.21697883873,3333.11242195671,1381.97292266759
2020-01-01 15:18:00,NA,NA,1368.58763790026,-5284.35433895901,3306.25660056807,1368.58763790026
2020-01-01 15:19:00,NA,NA,1338.06223932946,-5410.64345244883,3288.71266650175,1338.06223932946
2020-01-01 15:20:00,NA,NA,1319.25889606716,-5528.55127152563,3260.37001239589,1319.25889606716
2020-01-01 15:21:00,NA,NA,1257.76778884001,-5641.27446947902,3223.49851260385,1257.76778884001
2020-01-01 15:22:00,NA,NA,1183.75587310767,-5721.79426939754,3164.97197737509,1183.75587310767
2020-01-01 15:23:00,NA,NA,1117.62642064032,-5801.55461895308,3104.70418812855,1117.62642064032
2020-01-01 15:24:00,NA,NA,1080.6703062595,-5874.43728974393,3050.0150633374,1080.6703062595
2020-01-01 15:25:00,NA,NA,1069.32032801103,-5953.27876284149,2997.98555622698,1069.32032801103
2020-01-01 15:26:00,-6026.11251656708,2940.20513028174,NA,-6026.11251656708,2940.20513028174,1049.86295750732
2020-01-01 15:27:00,NA,NA,1047.57166185299,-6097.11343336257,2907.69800546202,1047.57166185299
2020-01-01 15:28:00,-6179.85592521284,2874.17352942638,NA,-6179.85592521284,2874.17352942638,1042.54350051761
2020-01-01 15:29:00,NA,NA,1085.95832586392,-6279.61916921788,2846.86982525632,1085.95832586392
2020-01-01 15:30:00,NA,NA,1135.55911262712,-6384.58731236581,2823.88312020558,1135.55911262712
2020-01-01 15:31:00,NA,NA,1143.75453058268,-6471.91412184497,2802.75495376038,1143.75453058268
2020-01-01 15:32:00,-6556.91664054384,2779.69365828801,NA,-6556.91664054384,2779.69365828801,1104.42984394897
2020-01-01 15:33:00,NA,NA,1057.63517398261,-6640.86462495619,2718.5772264421,1057.63517398261
2020-01-01 15:34:00,NA,NA,997.51353116614,-6726.92250925619,2653.58858103825,997.51353116614
2020-01-01 15:35:00,NA,NA,956.785756198788,-6807.13556052762,2628.40996629736,956.785756198788
2020-01-01 15:36:00,-6899.84078621749,2602.01038852373,NA,-6899.84078621749,2602.01038852373,964.24380828403
2020-01-01 15:37:00,-6972.05515397362,2568.6206046461,NA,-6972.05515397362,2568.6206046461,942.982200487105
2020-01-01 15:38:00,-7036.48005265653,2539.25201060839,NA,-7036.48005265653,2539.25201060839,900.126270663281
2020-01-01 15:39:00,NA,NA,857.037551345246,-7104.00206500298,2467.70579634136,857.037551345246
2020-01-01 15:40:00,NA,NA,808.349222438062,-7202.90124293431,2403.69882993816,808.349222438062
2020-01-01 15:41:00,NA,NA,764.066628466477,-7324.55301537183,2337.74137391312,764.066628466477
2020-01-01 15:42:00,NA,NA,661.864120651743,-7477.52075549826,2263.12966066801,661.864120651743
2020-01-01 15:43:00,NA,NA,614.531531292891,-7637.46772260043,2184.05035858714,614.531531292891
2020-01-01 15:44:00,NA,NA,605.260635746781,-7798.6163888309,2098.26827321124,605.260635746781
2020-01-01 15:45:00,NA,NA,632.189712890319,-7977.98156475766,1982.89084469712,632.189712890319
2020-01-01 15:46:00,-8180.85991645613,1891.10403548934,NA,-8180.85991645613,1891.10403548934,627.998153168045
2020-01-01 15:47:00,NA,NA,606.123261578309,-8398.27304022864,1805.20130243928,606.123261578309
2020-01-01 15:48:00,NA,NA,604.086873444271,-8614.88825677987,1717.20827522813,604.086873444271
2020-01-01 15:49:00,NA,NA,627.004419428795,-8829.09227262871,1641.82944223099,627.004419428795
2020-01-01 15:50:00,NA,NA,672.028408833511,-9038.12426042386,1560.52926577617,672.028408833511
2020-01-01 15:51:00,NA,NA,689.846056404375,-9244.28278879693,1465.62580637284,689.846056404375
2020-01-01 15:52:00,NA,NA,683.488760028523,-9410.06262235728,1377.94817270001,683.488760028523
2020-01-01 15:53:00,NA,NA,654.654278188971,-9562.23814455926,1288.23153502943,654.654278188971
2020-01-01 15:54:00,NA,NA,599.618182850058,-9719.68361027378,1188.81696222066,599.618182850058
2020-01-01 15:55:00,NA,NA,525.995052507993,-9873.70354588246,1101.0591007525,525.995052507993
2020-01-01 15:56:00,NA,NA,495.37600442544,-10014.1677564811,1014.2387581614,495.37600442544
2020-01-01 15:57:00,NA,NA,488.235352515494,-10154.3025514589,926.838378246734,488.235352515494
2020-01-01 15:58:00,NA,NA,485.706831044265,-10287.0174506673,875.623166556914,485.706831044265
2020-01-01 15:59:00,-10417.2559247259,840.685397894425,NA,-10417.2559247259,840.685397894425,484.64847530992
2020-01-01 16:00:00,NA,NA,485.212251011606,-10537.780387717,805.070474642397,485.212251011606
2020-01-01 16:01:00,NA,NA,466.591370045585,-10668.884947696,765.247388713449,466.591370045585
2020-01-01 16:02:00,NA,NA,423.207464083923,-10783.3850918241,713.795479605901,423.207464083923
2020-01-01 16:03:00,NA,NA,364.887128297924,-10902.5104562686,638.034842852379,364.887128297924
2020-01-01 16:04:00,-11031.5179586572,549.585973105476,NA,-11031.5179586572,549.585973105476,281.605151295229
2020-01-01 16:05:00,NA,NA,215.450860888336,-11145.5432137442,456.928054566882,215.450860888336
2020-01-01 16:06:00,-11257.5868553608,362.811394258303,NA,-11257.5868553608,362.811394258303,175.618107331146
2020-01-01 16:07:00,NA,NA,192.015865882287,-11357.1214428965,284.766079130625,192.015865882287
2020-01-01 16:08:00,-11472.1070378382,205.87752101067,NA,-11472.1070378382,205.87752101067,234.063911567353
2020-01-01 16:09:00,NA,NA,269.596124952929,-11594.7285087574,148.446376893331,269.596124952929
2020-01-01 16:10:00,NA,NA,270.024510292752,-11697.9524293186,97.9063265991646,270.024510292752
2020-01-01 16:11:00,NA,NA,270.432165928671,-11776.8343545689,69.8698318067853,270.432165928671
2020-01-01 16:12:00,NA,NA,309.54682251661,-11840.8587864616,41.866958118809,309.54682251661
2020-01-01 16:13:00,NA,NA,359.82685759632,-11930.0262876613,44.7300945160341,359.82685759632
2020-01-01 16:14:00,NA,NA,384.197241839574,-11999.4713256946,74.336738437038,384.197241839574
2020-01-01 16:15:00,-12044.5423786249,113.426115163406,NA,-12044.5423786249,113.426115163406,377.609279808468
2020-01-01 16:16:00,NA,NA,365.467795175896,-12080.3348459686,149.555444612824,365.467795175896
2020-01-01 16:17:00,NA,NA,336.919400602601,-12119.5301978991,197.4917292422,336.919400602601
2020-01-01 16:18:00,NA,NA,320.73723264747,-12142.7310644828,256.555686405466,320.73723264747
2020-01-01 16:19:00,NA,NA,288.983549077818,-12150.5287324713,328.832977789597,288.983549077818
2020-01-01 16:20:00,NA,NA,233.929025977667,-12140.4928595213,438.482068391495,233.929025977667
2020-01-01 16:21:00,NA,NA,214.887899087583,-12115.6129734784,566.971503518739,214.887899087583
2020-01-01 16:22:00,NA,NA,188.186142559331,-12084.4043910945,697.84454479078,188.186142559331
2020-01-01 16:23:00,NA,NA,189.370320528499,-12053.7577917882,812.762689630984,189.370320528499
2020-01-01 16:24:00,NA,NA,232.463407667482,-12050.7165813998,908.984817307939,232.463407667482
2020-01-01 16:25:00,NA,NA,253.897180219155,-12039.2748194868,1012.72750853667,253.897180219155
2020-01-01 16:26:00,NA,NA,277.477268733485,-12010.4216724471,1151.60973331169,277.477268733485
2020-01-01 16:27:00,-11976.3068432373,1302.8436782374,NA,-11976.3068432373,1302.8436782374,306.613774616374
2020-01-01 16:28:00,NA,NA,295.943957263299,-11932.8189101144,1453.33011943632,295.943957263299
2020-01-01 16:29:00,-11869.9306843063,1598.66128995879,NA,-11869.9306843063,1598.66128995879,294.965502416459
2020-01-01 16:30:00,NA,NA,319.422851102214,-11802.4119057068,1739.02695226488,319.422851102214
2020-01-01 16:31:00,NA,NA,279.097887294159,-11704.3373082073,1880.16343064,279.097887294159
2020-01-01 16:32:00,NA,NA,251.751983288731,-11589.2488460848,2008.03681053261,251.751983288731
2020-01-01 16:33:00,-11485.0757815915,2139.89113255001,NA,-11485.0757815915,2139.89113255001,231.49571731762
2020-01-01 16:34:00,-11396.59916638,2280.69249888658,NA,-11396.59916638,2280.69249888658,279.245537277619
2020-01-01 16:35:00,NA,NA,329.331398397611,-11307.5030767042,2420.4669458756,329.331398397611
2020-01-01 16:36:00,NA,NA,329.291599610116,-11242.672466882,2556.97291251082,329.291599610116
2020-01-01 16:37:00,-11170.4350771784,2673.92391837714,NA,-11170.4350771784,2673.92391837714,331.983284285973
2020-01-01 16:38:00,NA,NA,325.500228222884,-11088.3117045964,2778.12284158184,325.500228222884
2020-01-01 16:39:00,NA,NA,342.296396323251,-11008.3243643683,2873.29147462992,342.296396323251
2020-01-01 16:40:00,NA,NA,332.528170008447,-10923.0894753052,2967.11971948185,332.528170008447
2020-01-01 16:41:00,NA,NA,320.718537798793,-10858.9968850193,3038.08916210068,320.718537798793
2020-01-01 16:42:00,-10821.3592875362,3104.87761402766,NA,-10821.3592875362,3104.87761402766,328.319037824606
2020-01-01 16:43:00,-10772.6628019821,3192.78617800739,NA,-10772.6628019821,3192.78617800739,334.981275119696
2020-01-01 16:44:00,NA,NA,344.806166030714,-10727.8145646092,3268.90505445607,344.806166030714
2020-01-01 16:45:00,NA,NA,365.45370060264,-10698.2214794852,3336.68910634217,365.45370060264
2020-01-01 16:46:00,NA,NA,421.19560072401,-10669.8592637948,3414.5608669304,421.19560072401
2020-01-01 16:47:00,NA,NA,494.720685710066,-10634.3205572816,3502.94815029629,494.720685710066
2020-01-01 16:48:00,NA,NA,541.053727220633,-10601.1891688593,3582.35220844098,541.053727220633
2020-01-01 16:49:00,NA,NA,539.746294543846,-10588.9534248264,3669.43952384963,539.746294543846
2020-01-01 16:50:00,NA,NA,530.842716543865,-10591.3004611059,3751.65149354451,530.842716543865
2020-01-01 16:51:00,NA,NA,495.197881943686,-10588.9717903297,3860.39152961237,495.197881943686
2020-01-01 16:52:00,NA,NA,501.339487376597,-10583.7764553485,3967.3297280973,501.339487376597
2020-01-01 16:53:00,NA,NA,510.868458264049,-10546.281489634,4062.85501181195,510.868458264049
2020-01-01 16:54:00,NA,NA,530.823889383748,-10530.0555639016,4145.90059382897,530.823889383748
2020-01-01 16:55:00,NA,NA,595.005057254011,-10503.3258037693,4242.8633230111,595.005057254011
2020-01-01 16:56:00,NA,NA,628.871314855232,-10466.2249354031,4358.51705008137,628.871314855232
2020-01-01 16:57:00,NA,NA,645.054571200247,-10415.2577019763,4461.75343314596,645.054571200247
2020-01-01 16:58:00,NA,NA,693.35021259596,-10373.7827280227,4575.05596946934,693.35021259596
2020-01-01 16:59:00,-10338.4611351356,4685.24056594155,NA,-10338.4611351356,4685.24056594155,707.449134010144
2020-01-01 17:00:00,NA,NA,704.692884457386,-10316.767355037,4808.3598463584,704.692884457386
2020-01-01 17:01:00,NA,NA,681.490116003122,-10285.9151727568,4960.85910372209,681.490116003122
2020-01-01 17:02:00,-10245.3482351283,5102.57117226313,NA,-10245.3482351283,5102.57117226313,640.419001397329
2020-01-01 17:03:00,NA,NA,677.701844616709,-10197.1312212675,5250.27316842031,677.701844616709
2020-01-01 17:04:00,NA,NA,699.377558351601,-10150.6779705647,5406.34422675004,699.377558351601
2020-01-01 17:05:00,NA,NA,722.171696621396,-10100.1129939142,5588.00324833766,722.171696621396
2020-01-01 17:06:00,NA,NA,697.998143897413,-10072.4713322509,5766.78462961923,697.998143897413
2020-01-01 17:07:00,NA,NA,656.564718602379,-10048.6164196395,5949.73263460404,656.564718602379
2020-01-01 17:08:00,NA,NA,639.087137195712,-10025.0428646606,6126.0261342194,639.087137195712
2020-01-01 17:09:00,-10008.4646169496,6294.6294329055,NA,-10008.4646169496,6294.6294329055,645.780151322099
2020-01-01 17:10:00,NA,NA,687.682729844547,-10009.3449790729,6463.37533037618,687.682729844547
2020-01-01 17:11:00,NA,NA,675.86877352825,-10032.1387616312,6624.23900846209,675.86877352825
2020-01-01 17:12:00,-10076.2818854359,6755.04000021335,NA,-10076.2818854359,6755.04000021335,636.214300994125
2020-01-01 17:13:00,NA,NA,633.055581870068,-10122.5162021917,6896.23619887657,633.055581870068
2020-01-01 17:14:00,NA,NA,632.151189315631,-10157.4372159853,7019.07449548707,632.151189315631
2020-01-01 17:15:00,NA,NA,632.611237354688,-10201.2113522409,7129.0842618555,632.611237354688
2020-01-01 17:16:00,NA,NA,633.730597414203,-10238.3247743214,7233.19122788175,633.730597414203
2020-01-01 17:17:00,NA,NA,642.421970395347,-10264.0633707357,7350.40178411391,642.421970395347
2020-01-01 17:18:00,NA,NA,651.739718346462,-10281.8358721214,7461.74860859683,651.739718346462
2020-01-01 17:19:00,NA,NA,656.737418654868,-10299.383473152,7566.84601499935,656.737418654868
2020-01-01 17:20:00,NA,NA,644.464931510272,-10328.5506797784,7651.47531183996,644.464931510272
2020-01-01 17:21:00,NA,NA,643.437935892318,-10358.4495454679,7707.81810058852,643.437935892318
2020-01-01 17:22:00,NA,NA,651.550873957191,-10385.0259726915,7751.20496988605,651.550873957191
2020-01-01 17:23:00,NA,NA,658.367070680187,-10399.7169459479,7777.74442050696,658.367070680187
2020-01-01 17:24:00,NA,NA,626.12729541069,-10429.5571931027,7777.95396206279,626.12729541069
2020-01-01 17:25:00,NA,NA,584.130195105622,-10458.4590066691,7777.66158257007,584.130195105622
2020-01-01 17:26:00,-10447.1978220966,7778.14626707252,NA,-10447.1978220966,7778.14626707252,546.696461319966
2020-01-01 17:27:00,-10409.4077037214,7797.02352478549,NA,-10409.4077037214,7797.02352478549,523.317829882889
2020-01-01 17:28:00,NA,NA,529.560000438076,-10371.348963396,7827.26254234327,529.560000438076
2020-01-01 17:29:00,NA,NA,507.368715375367,-10359.3271878188,7883.46181162487,507.368715375367
2020-01-01 17:30:00,NA,NA,473.592824462328,-10327.8004976998,7943.61304577586,473.592824462328
2020-01-01 17:31:00,NA,NA,478.059379602805,-10304.7698421095,7984.19849569799,478.059379602805
2020-01-01 17:32:00,NA,NA,448.354641825029,-10265.6133779859,8043.86887356108,448.354641825029
2020-01-01 17:33:00,-10226.6437853202,8117.71436943249,NA,-10226.6437853202,8117.71436943249,436.015388373059
2020-01-01 17:34:00,-10210.3027935384,8209.02938839855,NA,-10210.3027935384,8209.02938839855,420.49355016922
2020-01-01 17:35:00,NA,NA,415.202154619548,-10202.380662752,8323.0280276689,415.202154619548
2020-01-01 17:36:00,NA,NA,441.779913735783,-10208.7100679436,8450.98366687707,441.779913735783
2020-01-01 17:37:00,NA,NA,461.761966831113,-10211.1257928694,8575.74154024056,461.761966831113
2020-01-01 17:38:00,-10244.799029942,8692.66426258351,NA,-10244.799029942,8692.66426258351,479.077637480319
2020-01-01 17:39:00,NA,NA,544.674895550351,-10268.9323913916,8819.12445803823,544.674895550351
2020-01-01 17:40:00,-10310.4759383327,8944.86173799525,NA,-10310.4759383327,8944.86173799525,600.825433317702
2020-01-01 17:41:00,-10396.763086272,9078.79424070184,NA,-10396.763086272,9078.79424070184,638.974253945096
2020-01-01 17:42:00,NA,NA,655.649540615665,-10461.3877453948,9201.67093602526,655.649540615665
2020-01-01 17:43:00,NA,NA,680.313732228917,-10514.0978067986,9317.85284654441,680.313732228917
2020-01-01 17:44:00,NA,NA,696.837434121543,-10576.9638394028,9437.02538227975,696.837434121543
2020-01-01 17:45:00,NA,NA,698.88790037768,-10601.1093383265,9570.73875578736,698.88790037768
2020-01-01 17:46:00,NA,NA,652.524354044072,-10591.8052311756,9704.6727754482,652.524354044072
2020-01-01 17:47:00,NA,NA,591.174786347985,-10559.7369353704,9833.29966468869,591.174786347985
2020-01-01 17:48:00,NA,NA,528.572284734685,-10526.6061132468,9943.94717144221,528.572284734685
2020-01-01 17:49:00,NA,NA,518.331163911495,-10491.0388072372,10028.639244544,518.331163911495
2020-01-01 17:50:00,-10470.6634321114,10089.1169596013,NA,-10470.6634321114,10089.1169596013,467.435949552425
2020-01-01 17:51:00,NA,NA,402.467851986995,-10435.4966955603,10126.3079817783,402.467851986995
2020-01-01 17:52:00,NA,NA,370.501744581278,-10380.2862651582,10179.8078532174,370.501744581278
2020-01-01 17:53:00,NA,NA,353.452275607897,-10333.6356240935,10227.6970749038,353.452275607897
2020-01-01 17:54:00,-10266.7436287851,10243.6683026603,NA,-10266.7436287851,10243.6683026603,342.310938529756
2020-01-01 17:55:00,-10202.207039525,10259.7802750211,NA,-10202.207039525,10259.7802750211,315.331696139878
2020-01-01 17:56:00,NA,NA,317.155161048025,-10139.1767654543,10263.6296580762,317.155161048025
2020-01-01 17:57:00,NA,NA,363.608711300536,-10056.0837969703,10271.8830809712,363.608711300536
2020-01-01 17:58:00,NA,NA,405.457720082538,-9968.0443731066,10295.4395493352,405.457720082538
2020-01-01 17:59:00,NA,NA,465.030985096178,-9881.4322374013,10314.0362247306,465.030985096178
2020-01-01 18:00:00,NA,NA,521.175559436015,-9793.58269150651,10336.9310712294,521.175559436015
2020-01-01 18:01:00,NA,NA,573.074655565574,-9721.75861358847,10355.8541606091,573.074655565574
2020-01-01 18:02:00,NA,NA,602.710447089146,-9656.38953133852,10384.5908561396,602.710447089146
2020-01-01 18:03:00,NA,NA,604.732986195659,-9572.66795514768,10409.9806564632,604.732986195659
2020-01-01 18:04:00,NA,NA,618.433249983577,-9488.51724196742,10424.9363083093,618.433249983577
2020-01-01 18:05:00,NA,NA,645.088348143526,-9432.42899856685,10457.6968729994,645.088348143526
2020-01-01 18:06:00,NA,NA,648.174400054909,-9378.95871270041,10473.4805660602,648.174400054909
2020-01-01 18:07:00,NA,NA,581.020172427613,-9363.12229313381,10504.75903203,581.020172427613
2020-01-01 18:08:00,-9367.38572145162,10534.6962818189,NA,-9367.38572145162,10534.6962818189,476.439823596968
2020-01-01 18:09:00,NA,NA,407.020060081858,-9386.34542538796,10577.6078340336,407.020060081858
2020-01-01 18:10:00,NA,NA,346.552201220442,-9405.38023000615,10618.1057112271,346.552201220442
2020-01-01 18:11:00,-9431.57169410862,10630.1459472816,NA,-9431.57169410862,10630.1459472816,288.134226752765
2020-01-01 18:12:00,NA,NA,258.573930465249,-9459.10487842498,10623.4521672403,258.573930465249
2020-01-01 18:13:00,NA,NA,272.659344693053,-9471.7341311951,10617.4117224334,272.659344693053
2020-01-01 18:14:00,NA,NA,295.925974614037,-9463.55676695349,10601.1613850714,295.925974614037
2020-01-01 18:15:00,NA,NA,302.342829559772,-9452.30075570703,10573.449342467,302.342829559772
2020-01-01 18:16:00,NA,NA,274.989778086823,-9422.3229295703,10544.7045231714,274.989778086823
2020-01-01 18:17:00,NA,NA,249.848209883717,-9369.10342728185,10525.7674132903,249.848209883717
2020-01-01 18:18:00,-9301.0315622141,10536.4187566443,NA,-9301.0315622141,10536.4187566443,236.714058743309
2020-01-01 18:19:00,NA,NA,236.020543082297,-9254.29856584408,10545.5610704744,236.020543082297
2020-01-01 18:20:00,NA,NA,211.767182429751,-9203.46016327014,10526.5752640632,211.767182429751
2020-01-01 18:21:00,NA,NA,200.050114785618,-9142.5088732114,10506.3291336757,200.050114785618
2020-01-01 18:22:00,NA,NA,183.852408862994,-9081.25224525032,10484.0863543915,183.852408862994
2020-01-01 18:23:00,NA,NA,199.213837559135,-9005.42863428095,10446.4754331027,199.213837559135
2020-01-01 18:24:00,NA,NA,182.513111462827,-8919.14942847912,10394.8937916785,182.513111462827
2020-01-01 18:25:00,NA,NA,171.716229813035,-8827.17164273483,10322.9740070185,171.716229813035
2020-01-01 18:26:00,NA,NA,173.290697332373,-8727.5272023926,10254.3358473555,173.290697332373
2020-01-01 18:27:00,NA,NA,198.437744837521,-8644.57878940745,10178.3934762886,198.437744837521
2020-01-01 18:28:00,NA,NA,245.081295699436,-8588.30722975839,10092.4696031022,245.081295699436
2020-01-01 18:29:00,NA,NA,295.133021766244,-8538.42881802041,9995.06764201157,295.133021766244
2020-01-01 18:30:00,NA,NA,357.86304060738,-8496.50519729108,9915.41265424065,357.86304060738
2020-01-01 18:31:00,NA,NA,395.078780470349,-8452.12722494045,9835.82623033154,395.078780470349
2020-01-01 18:32:00,NA,NA,430.126788498609,-8405.24645388656,9767.94277430541,430.126788498609
2020-01-01 18:33:00,NA,NA,465.526309026486,-8370.20192165881,9709.15049663891,465.526309026486
2020-01-01 18:34:00,-8328.71220587855,9649.14868887979,NA,-8328.71220587855,9649.14868887979,512.754103051225
2020-01-01 18:35:00,NA,NA,561.121502492562,-8294.42014954122,9591.4445409233,561.121502492562
2020-01-01 18:36:00,-8241.02370037488,9526.20732337656,NA,-8241.02370037488,9526.20732337656,603.882168280134
2020-01-01 18:37:00,NA,NA,638.967112381957,-8166.16379109476,9464.66095285323,638.967112381957
2020-01-01 18:38:00,NA,NA,665.187810133913,-8086.78088125362,9398.35296894319,665.187810133913
2020-01-01 18:39:00,NA,NA,699.254076270487,-8021.22662345004,9323.93658627194,699.254076270487
2020-01-01 18:40:00,NA,NA,731.134672804923,-7965.64069539842,9232.22803401828,731.134672804923
2020-01-01 18:41:00,NA,NA,698.685383441041,-7920.34675617185,9145.53900594135,698.685383441041
2020-01-01 18:42:00,NA,NA,632.403786331448,-7882.37569504722,9046.63660101479,632.403786331448
2020-01-01 18:43:00,NA,NA,586.209675745659,-7862.88487013015,8982.17993431746,586.209675745659
2020-01-01 18:44:00,NA,NA,511.68441486781,-7834.264830211,8916.31590279545,511.68441486781
2020-01-01 18:45:00,NA,NA,427.434911233218,-7802.71879993217,8876.83063675759,427.434911233218
2020-01-01 18:46:00,NA,NA,353.018927640716,-7756.01896891665,8848.18266613883,353.018927640716
2020-01-01 18:47:00,NA,NA,240.30643155967,-7680.11378968197,8808.76265457298,240.30643155967
2020-01-01 18:48:00,NA,NA,133.109063299864,-7598.09617881557,8771.45631872317,133.109063299864
2020-01-01 18:49:00,-7504.88653620623,8712.76209235728,NA,-7504.88653620623,8712.76209235728,73.4541362836022
2020-01-01 18:50:00,NA,NA,57.4021373150208,-7412.30149192153,8644.88264955047,57.4021373150208
2020-01-01 18:51:00,-7321.74800962913,8585.6362157952,NA,-7321.74800962913,8585.6362157952,75.0567422950962
2020-01-01 18:52:00,-7228.37969503888,8537.1013181726,NA,-7228.37969503888,8537.1013181726,73.5445105659874
2020-01-01 18:53:00,NA,NA,71.5736485250813,-7136.44106034013,8491.13034006732,71.5736485250813
2020-01-01 18:54:00,-7030.72538055238,8448.27394724265,NA,-7030.72538055238,8448.27394724265,95.5925011935852
2020-01-01 18:55:00,-6921.44524635015,8397.0242817088,NA,-6921.44524635015,8397.0242817088,140.806922926194
2020-01-01 18:56:00,NA,NA,200.693516989412,-6803.80956507424,8333.06461281449,200.693516989412
2020-01-01 18:57:00,NA,NA,238.657394377967,-6673.01244070357,8280.53444614166,238.657394377967
2020-01-01 18:58:00,NA,NA,245.374206425956,-6559.51630792725,8213.17520435907,245.374206425956
2020-01-01 18:59:00,NA,NA,219.351055806221,-6459.08698865576,8166.3918511896,219.351055806221
2020-01-01 19:00:00,NA,NA,176.950864315391,-6351.25116520399,8123.4971039706,176.950864315391
2020-01-01 19:01:00,NA,NA,134.480069263644,-6260.66993079089,8080.04597670231,134.480069263644
2020-01-01 19:02:00,NA,NA,69.3406669974746,-6135.3430739276,8040.59639214838,69.3406669974746
2020-01-01 19:03:00,NA,NA,-29.3999943693362,-6024.87658147729,8000.89424155639,-29.3999943693362
2020-01-01 19:04:00,NA,NA,-133.751314873983,-5927.10735362668,7962.79822176231,-133.751314873983
2020-01-01 19:05:00,NA,NA,-202.469265459083,-5820.7630711958,7919.3292597772,-202.469265459083
2020-01-01 19:06:00,NA,NA,-302.119052243107,-5719.54777582356,7863.61611344837,-302.119052243107
2020-01-01 19:07:00,NA,NA,-362.066095969351,-5662.06102688882,7816.49037925246,-362.066095969351
2020-01-01 19:08:00,NA,NA,-375.701339867143,-5606.79373121232,7758.08342781644,-375.701339867143
2020-01-01 19:09:00,NA,NA,-364.894375955532,-5533.29275380326,7698.19997485085,-364.894375955532
2020-01-01 19:10:00,NA,NA,-356.851325800879,-5481.85940107531,7632.55065120881,-356.851325800879
2020-01-01 19:11:00,NA,NA,-331.918860054054,-5442.82231895816,7570.02594453986,-331.918860054054
2020-01-01 19:12:00,NA,NA,-286.598830306196,-5379.80373920912,7508.71861046117,-286.598830306196
2020-01-01 19:13:00,NA,NA,-258.574060334757,-5316.82116244912,7437.83072724246,-258.574060334757
2020-01-01 19:14:00,NA,NA,-234.953647045456,-5243.00056427718,7344.93182723328,-234.953647045456
2020-01-01 19:15:00,NA,NA,-225.842432555629,-5165.04326773047,7248.4565658125,-225.842432555629
2020-01-01 19:16:00,NA,NA,-251.449928509759,-5079.35052781566,7124.68767405753,-251.449928509759
2020-01-01 19:17:00,NA,NA,-214.970421781597,-4991.38969209335,7002.51079104162,-214.970421781597
2020-01-01 19:18:00,-4882.47363616788,6856.50703435475,NA,-4882.47363616788,6856.50703435475,-173.952802841865
2020-01-01 19:19:00,NA,NA,-87.597156343441,-4750.79644233406,6724.23322498061,-87.597156343441
2020-01-01 19:20:00,NA,NA,12.3308247863425,-4618.61212588754,6580.40089471078,12.3308247863425
2020-01-01 19:21:00,NA,NA,81.2918309278976,-4459.36924521956,6414.29944474706,81.2918309278976
2020-01-01 19:22:00,NA,NA,183.677164322246,-4327.52022288232,6233.7174733646,183.677164322246
2020-01-01 19:23:00,NA,NA,271.315418193904,-4208.30215769065,6049.7193059629,271.315418193904
2020-01-01 19:24:00,NA,NA,332.205644430125,-4090.04434508904,5867.92587740469,332.205644430125
2020-01-01 19:25:00,NA,NA,392.914798448695,-3986.73136064465,5689.6751414293,392.914798448695
2020-01-01 19:26:00,NA,NA,459.793209754328,-3879.40879575933,5510.68091950532,459.793209754328
2020-01-01 19:27:00,NA,NA,524.377770644404,-3802.01975622074,5338.05007853609,524.377770644404
2020-01-01 19:28:00,NA,NA,626.828328518197,-3739.66815061677,5158.93110586322,626.828328518197
2020-01-01 19:29:00,NA,NA,730.128524826717,-3672.16176580562,4975.86882438018,730.128524826717
2020-01-01 19:30:00,NA,NA,780.17455514796,-3625.15849544205,4785.21633763602,780.17455514796
2020-01-01 19:31:00,NA,NA,839.433648443329,-3573.76222900736,4630.15939405678,839.433648443329
2020-01-01 19:32:00,NA,NA,859.819424420462,-3538.18434706317,4483.15195029847,859.819424420462
2020-01-01 19:33:00,NA,NA,867.945712680126,-3520.14788414314,4319.13890079846,867.945712680126
2020-01-01 19:34:00,NA,NA,827.80726918191,-3513.75619234505,4160.03406227189,827.80726918191
2020-01-01 19:35:00,NA,NA,793.42826335183,-3504.84989846686,3995.56359444928,793.42826335183
2020-01-01 19:36:00,NA,NA,751.112674110109,-3522.05220362023,3845.85061453127,751.112674110109
2020-01-01 19:37:00,NA,NA,711.202404479924,-3565.19804296963,3699.77447711749,711.202404479924
2020-01-01 19:38:00,NA,NA,649.570236023576,-3634.32548495336,3552.16713999502,649.570236023576
2020-01-01 19:39:00,NA,NA,564.085645594741,-3713.37771163998,3403.22649480737,564.085645594741
2020-01-01 19:40:00,NA,NA,500.346676132864,-3816.10752400377,3255.18012588337,500.346676132864
2020-01-01 19:41:00,NA,NA,418.154171695698,-3925.90661672077,3107.50385150997,418.154171695698
2020-01-01 19:42:00,NA,NA,353.958355453225,-4036.42961867351,2947.61630253118,353.958355453225
2020-01-01 19:43:00,NA,NA,358.582998650344,-4149.47402748483,2814.11865979348,358.582998650344
2020-01-01 19:44:00,-4265.85000083017,2710.51491050355,NA,-4265.85000083017,2710.51491050355,353.499211753694
2020-01-01 19:45:00,NA,NA,332.175082002969,-4401.36000561031,2623.4587017242,332.175082002969
2020-01-01 19:46:00,-4548.40257440664,2546.27321770686,NA,-4548.40257440664,2546.27321770686,324.255006857344
2020-01-01 19:47:00,NA,NA,319.45999838722,-4692.37048353116,2461.43978740523,319.45999838722
2020-01-01 19:48:00,NA,NA,311.468655096521,-4804.55483225416,2384.50989569762,311.468655096521
2020-01-01 19:49:00,NA,NA,291.151254624148,-4878.94412887234,2284.96442605139,291.151254624148
2020-01-01 19:50:00,NA,NA,335.442163866402,-4923.45640617675,2210.06067071912,335.442163866402
2020-01-01 19:51:00,NA,NA,405.075015736638,-4960.66582848055,2156.06132163134,405.075015736638
2020-01-01 19:52:00,NA,NA,483.121804167746,-5011.61488899527,2115.14101317667,483.121804167746
2020-01-01 19:53:00,NA,NA,541.357296224629,-5069.40796162904,2060.57951489881,541.357296224629
2020-01-01 19:54:00,-5138.12339371066,2000.98038124885,NA,-5138.12339371066,2000.98038124885,576.166174559732
2020-01-01 19:55:00,NA,NA,577.871175983229,-5215.27345166176,1941.46962756894,577.871175983229
2020-01-01 19:56:00,NA,NA,548.583194142595,-5303.17302603651,1884.55453986879,548.583194142595
2020-01-01 19:57:00,NA,NA,517.880684095638,-5399.34358622486,1803.88639956335,517.880684095638
2020-01-01 19:58:00,-5502.81644529091,1715.74457226051,NA,-5502.81644529091,1715.74457226051,485.423693960195
2020-01-01 19:59:00,-5609.19111473003,1625.37238991835,NA,-5609.19111473003,1625.37238991835,479.345418151612
2020-01-01 20:00:00,NA,NA,473.060229424428,-5714.47887043634,1525.04765434382,473.060229424428
2020-01-01 20:01:00,NA,NA,449.307363807795,-5794.04411308802,1440.61238857517,449.307363807795
2020-01-01 20:02:00,NA,NA,429.544002066352,-5881.16974093984,1349.63464759718,429.544002066352
2020-01-01 20:03:00,NA,NA,424.30132070642,-5938.05581375188,1232.148591757,424.30132070642
2020-01-01 20:04:00,NA,NA,444.230811089595,-5988.61339770766,1105.02632736999,444.230811089595
2020-01-01 20:05:00,NA,NA,425.983738729712,-6030.16087410558,986.857412492195,425.983738729712
2020-01-01 20:06:00,NA,NA,390.13062078088,-6062.3846739481,874.592161041359,390.13062078088
2020-01-01 20:07:00,NA,NA,384.103054137957,-6092.07403756197,752.741937744231,384.103054137957
2020-01-01 20:08:00,NA,NA,375.013427371819,-6111.39530912625,649.853021735522,375.013427371819
2020-01-01 20:09:00,NA,NA,293.391976964776,-6139.77595253244,544.319152339233,293.391976964776
2020-01-01 20:10:00,NA,NA,266.879620032902,-6178.29534736149,459.980115658148,266.879620032902
2020-01-01 20:11:00,-6214.10416049714,384.711340782726,NA,-6214.10416049714,384.711340782726,260.671464388126
2020-01-01 20:12:00,NA,NA,269.953370210305,-6232.17545451879,307.266715420895,269.953370210305
2020-01-01 20:13:00,NA,NA,256.184536627119,-6255.07849166629,208.579492029543,256.184536627119
2020-01-01 20:14:00,-6278.27815538213,119.569690871467,NA,-6278.27815538213,119.569690871467,271.86215134044
2020-01-01 20:15:00,NA,NA,303.229211787894,-6292.57440447057,44.5381349693636,303.229211787894
2020-01-01 20:16:00,NA,NA,361.449510370091,-6324.47420508358,-34.7773903720379,361.449510370091
2020-01-01 20:17:00,-6339.26241402087,-112.704448410183,NA,-6339.26241402087,-112.704448410183,404.937790237822
2020-01-01 20:18:00,NA,NA,406.95270696892,-6340.35453361142,-187.556737818118,406.95270696892
2020-01-01 20:19:00,NA,NA,381.482268053336,-6337.26109005532,-263.745270787337,381.482268053336
2020-01-01 20:20:00,NA,NA,347.966854698647,-6345.81999853052,-328.949020406677,347.966854698647
2020-01-01 20:21:00,-6348.94263498058,-394.386030524378,NA,-6348.94263498058,-394.386030524378,281.173354969472
2020-01-01 20:22:00,NA,NA,225.804897840905,-6364.35256038244,-450.969980971761,225.804897840905
2020-01-01 20:23:00,NA,NA,191.189039926571,-6380.90539532108,-478.110558978106,191.189039926571
2020-01-01 20:24:00,NA,NA,167.845768664474,-6397.66187673384,-489.502709193074,167.845768664474
2020-01-01 20:25:00,NA,NA,177.59399984736,-6416.12961574283,-506.657112509627,177.59399984736
2020-01-01 20:26:00,-6434.51647628374,-521.75576091247,NA,-6434.51647628374,-521.75576091247,217.34520711029
2020-01-01 20:27:00,NA,NA,239.817492110549,-6442.68055994229,-539.858851981123,239.817492110549
2020-01-01 20:28:00,NA,NA,249.57035558347,-6453.96655126921,-536.801067807302,249.57035558347
2020-01-01 20:29:00,NA,NA,267.291726831087,-6484.01562395704,-532.290529157938,267.291726831087
2020-01-01 20:30:00,NA,NA,270.073981589325,-6518.90935026389,-562.180530265182,270.073981589325
2020-01-01 20:31:00,NA,NA,275.962227812436,-6560.87458449887,-605.699187310476,275.962227812436
2020-01-01 20:32:00,NA,NA,241.649271788974,-6594.62206893731,-677.170749378927,241.649271788974
2020-01-01 20:33:00,NA,NA,194.283097750086,-6629.57780954493,-761.387545182094,194.283097750086
2020-01-01 20:34:00,NA,NA,174.064191527241,-6684.2160920104,-853.264239656679,174.064191527241
2020-01-01 20:35:00,NA,NA,157.981541842658,-6756.07045676358,-967.153725454022,157.981541842658
2020-01-01 20:36:00,NA,NA,109.849752872917,-6823.19916396938,-1098.49898601783,109.849752872917
2020-01-01 20:37:00,NA,NA,52.3061804073835,-6888.0750972984,-1233.02464424001,52.3061804073835
2020-01-01 20:38:00,NA,NA,6.85222582254857,-6959.40334078343,-1348.01657006804,6.85222582254857
2020-01-01 20:39:00,NA,NA,-17.9758325458743,-6997.42280017154,-1446.07332895025,-17.9758325458743
2020-01-01 20:40:00,NA,NA,-23.6409643944643,-7016.7394447687,-1557.66464982389,-23.6409643944643
2020-01-01 20:41:00,NA,NA,-12.3927342497854,-7020.80212849685,-1666.91673533865,-12.3927342497854
2020-01-01 20:42:00,NA,NA,36.2933609603794,-7046.73394393397,-1775.88851416849,36.2933609603794
2020-01-01 20:43:00,-7066.76364724051,-1890.89063349953,NA,-7066.76364724051,-1890.89063349953,88.320056041109
2020-01-01 20:44:00,NA,NA,124.640792356602,-7085.04032486198,-1999.40712341032,124.640792356602
2020-01-01 20:45:00,NA,NA,147.580520990535,-7099.02340543791,-2108.4098820405,147.580520990535
2020-01-01 20:46:00,-7123.47895717422,-2216.59526918206,NA,-7123.47895717422,-2216.59526918206,178.314846086854
2020-01-01 20:47:00,NA,NA,235.001653476746,-7137.57061063569,-2348.71848652646,235.001653476746
2020-01-01 20:48:00,NA,NA,266.391728214601,-7149.18945775411,-2473.20125418518,266.391728214601
2020-01-01 20:49:00,NA,NA,225.317959713894,-7134.33152221771,-2602.47050158379,225.317959713894
2020-01-01 20:50:00,NA,NA,207.604621757532,-7117.87553899044,-2775.02979675088,207.604621757532
2020-01-01 20:51:00,-7099.37007196428,-2932.9314858939,NA,-7099.37007196428,-2932.9314858939,145.998111851535
2020-01-01 20:52:00,NA,NA,67.3519111327936,-7086.59533635389,-3082.95049780279,67.3519111327936
2020-01-01 20:53:00,NA,NA,-5.8864490002862,-7057.4718122431,-3197.58097361982,-5.8864490002862
2020-01-01 20:54:00,-7023.52878390053,-3292.94131209873,NA,-7023.52878390053,-3292.94131209873,-32.480739433348
2020-01-01 20:55:00,NA,NA,-4.32840018378123,-6983.34749652732,-3360.11436204803,-4.32840018378123
2020-01-01 20:56:00,NA,NA,40.9062515106463,-6952.08717769736,-3393.38433885114,40.9062515106463
2020-01-01 20:57:00,NA,NA,78.0616394430975,-6928.63272892774,-3422.37932117082,78.0616394430975
2020-01-01 20:58:00,NA,NA,107.405350769791,-6904.04721627051,-3487.18054739509,107.405350769791
2020-01-01 20:59:00,NA,NA,154.367176181137,-6878.52020050996,-3538.63637117173,154.367176181137
2020-01-01 21:00:00,NA,NA,212.998779521929,-6872.06821505856,-3563.51677013648,212.998779521929
2020-01-01 21:01:00,NA,NA,252.121506259327,-6850.96059988122,-3587.14358070132,252.121506259327
2020-01-01 21:02:00,NA,NA,271.537053873458,-6844.36272014986,-3605.63074487752,271.537053873458
2020-01-01 21:03:00,NA,NA,270.814004506511,-6861.11152916283,-3630.8187965062,270.814004506511
2020-01-01 21:04:00,NA,NA,251.69829680978,-6892.3803939704,-3666.23377478441,251.69829680978
2020-01-01 21:05:00,NA,NA,223.02063834275,-6920.4067880553,-3673.41219163363,223.02063834275
2020-01-01 21:06:00,NA,NA,191.577089739689,-6975.52478307746,-3685.63755685792,191.577089739689
2020-01-01 21:07:00,NA,NA,163.209598301008,-7030.58239904778,-3707.59390982386,163.209598301008
2020-01-01 21:08:00,NA,NA,186.481926216617,-7067.39452849073,-3744.95413004615,186.481926216617
2020-01-01 21:09:00,NA,NA,225.11421257827,-7098.8940352513,-3762.26060907146,225.11421257827
2020-01-01 21:10:00,NA,NA,210.202086387652,-7122.30634902866,-3756.93922058331,210.202086387652
2020-01-01 21:11:00,NA,NA,225.22671743029,-7125.88250821948,-3768.64172645123,225.22671743029
2020-01-01 21:12:00,NA,NA,265.942292122259,-7128.19051713221,-3778.39320073488,265.942292122259
2020-01-01 21:13:00,NA,NA,293.936503970596,-7128.58918036623,-3775.4787063829,293.936503970596
2020-01-01 21:14:00,NA,NA,336.621257584816,-7132.57459054565,-3754.58296347874,336.621257584816
2020-01-01 21:15:00,NA,NA,377.425239001931,-7149.2387094386,-3754.3346180472,377.425239001931
2020-01-01 21:16:00,NA,NA,386.255754368396,-7156.52661630382,-3770.02341604089,386.255754368396
2020-01-01 21:17:00,NA,NA,377.332937214651,-7139.50700051104,-3774.33287356048,377.332937214651
2020-01-01 21:18:00,NA,NA,389.091156141104,-7106.82831070924,-3766.00574762307,389.091156141104
2020-01-01 21:19:00,NA,NA,416.858773879852,-7085.29587016204,-3758.08876005962,416.858773879852
2020-01-01 21:20:00,NA,NA,446.649145556476,-7058.12819954967,-3761.89033775231,446.649145556476
2020-01-01 21:21:00,NA,NA,473.448304188948,-7022.6339685365,-3772.61159673321,473.448304188948
2020-01-01 21:22:00,NA,NA,508.773466788029,-6988.11134552769,-3784.81232598305,508.773466788029
2020-01-01 21:23:00,NA,NA,549.074294458224,-6942.56996630473,-3814.59430535177,549.074294458224
2020-01-01 21:24:00,-6898.48092207237,-3841.55529819389,NA,-6898.48092207237,-3841.55529819389,625.14448548845
2020-01-01 21:25:00,-6842.68781477377,-3848.92295853196,NA,-6842.68781477377,-3848.92295853196,697.983782143426
2020-01-01 21:26:00,NA,NA,719.923172322158,-6762.52612822875,-3825.70007687399,719.923172322158
2020-01-01 21:27:00,NA,NA,778.837606267598,-6702.28653414692,-3797.00092738012,778.837606267598
2020-01-01 21:28:00,NA,NA,863.807181736351,-6633.98203358838,-3757.02818314142,863.807181736351
2020-01-01 21:29:00,NA,NA,919.747678320407,-6551.23404942647,-3722.35877118236,919.747678320407
2020-01-01 21:30:00,NA,NA,964.545962925658,-6455.56785522518,-3700.34326399363,964.545962925658
2020-01-01 21:31:00,NA,NA,1002.29061938322,-6349.67908480336,-3686.51288378295,1002.29061938322
2020-01-01 21:32:00,NA,NA,1048.48283631442,-6241.89266395402,-3652.74578530735,1048.48283631442
2020-01-01 21:33:00,-6138.07487363909,-3606.56947185475,NA,-6138.07487363909,-3606.56947185475,1081.64257038951
2020-01-01 21:34:00,-6024.26710143145,-3560.34766258354,NA,-6024.26710143145,-3560.34766258354,1051.5603407701
2020-01-01 21:35:00,NA,NA,980.422127427158,-5915.40282415678,-3491.31899597635,980.422127427158
2020-01-01 21:36:00,NA,NA,926.244906563405,-5802.64259582401,-3408.8019681492,926.244906563405
2020-01-01 21:37:00,NA,NA,874.607575767432,-5672.84117874026,-3331.38848850686,874.607575767432
2020-01-01 21:38:00,NA,NA,819.919488561867,-5561.91647964333,-3284.52932145029,819.919488561867
2020-01-01 21:39:00,NA,NA,787.854884619254,-5437.08400962436,-3246.81917452588,787.854884619254
2020-01-01 21:40:00,NA,NA,777.539260781518,-5317.00114610308,-3202.36830407036,777.539260781518
2020-01-01 21:41:00,NA,NA,758.605717951535,-5201.62338387946,-3181.88728270978,758.605717951535
2020-01-01 21:42:00,NA,NA,783.395936885925,-5121.84523133912,-3170.50891152848,783.395936885925
2020-01-01 21:43:00,NA,NA,788.448193124644,-5052.51115639159,-3168.03159441503,788.448193124644
2020-01-01 21:44:00,NA,NA,763.502545189663,-4981.43338684048,-3150.83517871584,763.502545189663
2020-01-01 21:45:00,NA,NA,745.095474685235,-4903.36662310937,-3118.40995779427,745.095474685235
2020-01-01 21:46:00,NA,NA,723.217934481021,-4835.85114302969,-3086.12906203761,723.217934481021
2020-01-01 21:47:00,-4779.46899017759,-3057.89128085054,NA,-4779.46899017759,-3057.89128085054,691.215639903947
2020-01-01 21:48:00,NA,NA,628.987475963011,-4736.00740727649,-3047.11305796285,628.987475963011
2020-01-01 21:49:00,NA,NA,589.588603533373,-4690.04271973385,-3062.1078127127,589.588603533373
2020-01-01 21:50:00,NA,NA,580.730132483009,-4658.9012124467,-3090.74826561274,580.730132483009
2020-01-01 21:51:00,NA,NA,595.046445514768,-4597.04302881435,-3114.4974434468,595.046445514768
2020-01-01 21:52:00,NA,NA,618.359438277698,-4523.2544705822,-3105.51898095012,618.359438277698
2020-01-01 21:53:00,NA,NA,636.194403679537,-4428.19688626722,-3089.42531959247,636.194403679537
2020-01-01 21:54:00,NA,NA,650.562751842318,-4335.12535511436,-3103.54939663518,650.562751842318
2020-01-01 21:55:00,NA,NA,665.868458099748,-4241.25225021583,-3100.18133460457,665.868458099748
2020-01-01 21:56:00,NA,NA,653.974208630197,-4160.61635291589,-3103.78493735373,653.974208630197
2020-01-01 21:57:00,NA,NA,639.773576683308,-4079.60288490144,-3073.70372355736,639.773576683308
2020-01-01 21:58:00,NA,NA,646.844355168359,-4000.90854319654,-3036.31352217466,646.844355168359
2020-01-01 21:59:00,NA,NA,674.951463575812,-3922.43799590939,-3012.64863245579,674.951463575812
2020-01-01 22:00:00,NA,NA,724.394756456514,-3834.31802429821,-2999.94836394605,724.394756456514
2020-01-01 22:01:00,NA,NA,722.093997431246,-3753.21384489271,-2983.45447500166,722.093997431246
2020-01-01 22:02:00,NA,NA,702.562083532419,-3690.36153372418,-2970.16231070213,702.562083532419
2020-01-01 22:03:00,NA,NA,637.402647087503,-3609.87164098019,-2925.48170132085,637.402647087503
2020-01-01 22:04:00,-3546.65387712979,-2873.68902780897,NA,-3546.65387712979,-2873.68902780897,582.02712176316
2020-01-01 22:05:00,NA,NA,500.96447286491,-3486.34598798947,-2830.0971979539,500.96447286491
2020-01-01 22:06:00,NA,NA,383.266267076699,-3457.50914386351,-2763.34493679417,383.266267076699
2020-01-01 22:07:00,NA,NA,277.717324330256,-3435.95382758731,-2693.45930273075,277.717324330256
2020-01-01 22:08:00,NA,NA,229.190370908389,-3419.86776344833,-2595.02010508367,229.190370908389
2020-01-01 22:09:00,-3422.84201892759,-2492.94118617339,NA,-3422.84201892759,-2492.94118617339,178.55945479034
2020-01-01 22:10:00,-3409.29341386953,-2372.53315709115,NA,-3409.29341386953,-2372.53315709115,69.8160815012921
2020-01-01 22:11:00,NA,NA,-1.65077924122806,-3374.62444201255,-2258.38081972759,-1.65077924122806
2020-01-01 22:12:00,NA,NA,20.3166405260096,-3333.26911482174,-2135.38208785453,20.3166405260096
2020-01-01 22:13:00,NA,NA,44.0946925676883,-3317.98679140132,-2041.88075291089,44.0946925676883
2020-01-01 22:14:00,NA,NA,98.6914463989795,-3319.37889912085,-1970.67073821356,98.6914463989795
2020-01-01 22:15:00,NA,NA,131.763136807066,-3368.01862274761,-1902.90876975563,131.763136807066
2020-01-01 22:16:00,-3412.62435727226,-1824.52141460265,NA,-3412.62435727226,-1824.52141460265,102.308435578328
2020-01-01 22:17:00,-3459.63605612263,-1748.18653687614,NA,-3459.63605612263,-1748.18653687614,52.3784216001953
2020-01-01 22:18:00,NA,NA,2.27929402481683,-3498.57611399025,-1667.26177337198,2.27929402481683
2020-01-01 22:19:00,NA,NA,-10.8888119652273,-3519.54142771111,-1569.04560030275,-10.8888119652273
2020-01-01 22:20:00,NA,NA,-33.3774608990912,-3541.70988564458,-1478.12539395211,-33.3774608990912
2020-01-01 22:21:00,-3560.64923929622,-1397.38060777551,NA,-3560.64923929622,-1397.38060777551,-75.5209559464594
2020-01-01 22:22:00,NA,NA,-149.509091449311,-3594.01784200813,-1312.73514270225,-149.509091449311
2020-01-01 22:23:00,NA,NA,-234.086285347981,-3652.69856097142,-1223.60638219891,-234.086285347981
2020-01-01 22:24:00,NA,NA,-322.265636146744,-3715.18483259846,-1158.90358581233,-322.265636146744
2020-01-01 22:25:00,NA,NA,-383.35993025584,-3772.10941857984,-1128.00937248693,-383.35993025584
2020-01-01 22:26:00,NA,NA,-439.392861601912,-3829.52948452123,-1101.99824206673,-439.392861601912
2020-01-01 22:27:00,NA,NA,-517.169236217985,-3893.73343856973,-1064.33901647665,-517.169236217985
2020-01-01 22:28:00,-3959.48093126521,-1019.63105621266,NA,-3959.48093126521,-1019.63105621266,-635.023695631522
2020-01-01 22:29:00,NA,NA,-750.489065689794,-4023.85002023727,-965.471273608186,-750.489065689794
2020-01-01 22:30:00,NA,NA,-855.842789638984,-4082.4214330882,-876.308949121728,-855.842789638984
2020-01-01 22:31:00,NA,NA,-946.213372754715,-4134.70273591934,-793.592554728168,-946.213372754715
2020-01-01 22:32:00,NA,NA,-1058.00517847409,-4191.08059302201,-736.734823778059,-1058.00517847409
2020-01-01 22:33:00,NA,NA,-1167.11970720055,-4237.34011437883,-673.106600943225,-1167.11970720055
2020-01-01 22:34:00,NA,NA,-1282.59543379688,-4268.79134944533,-601.643936178497,-1282.59543379688
2020-01-01 22:35:00,NA,NA,-1381.6784917599,-4303.71407053129,-537.613429373822,-1381.6784917599
2020-01-01 22:36:00,NA,NA,-1424.3585231653,-4339.57901919383,-492.250316442491,-1424.3585231653
2020-01-01 22:37:00,NA,NA,-1481.08560805209,-4352.89692090807,-458.857853788785,-1481.08560805209
2020-01-01 22:38:00,NA,NA,-1550.2133765868,-4369.13566014239,-425.93883066087,-1550.2133765868
2020-01-01 22:39:00,NA,NA,-1651.75327035087,-4391.93127295597,-392.565010198962,-1651.75327035087
2020-01-01 22:40:00,NA,NA,-1786.58108803509,-4409.27732857408,-345.177205290921,-1786.58108803509
2020-01-01 22:41:00,-4445.28327054367,-283.554440462024,NA,-4445.28327054367,-283.554440462024,-1870.26154202064
2020-01-01 22:42:00,NA,NA,-1892.36996072451,-4482.14015520294,-210.639597941391,-1892.36996072451
2020-01-01 22:43:00,NA,NA,-1913.21114451681,-4507.66578506029,-178.817736814057,-1913.21114451681
2020-01-01 22:44:00,-4515.39556693128,-188.866212465997,NA,-4515.39556693128,-188.866212465997,-1878.4918857336
2020-01-01 22:45:00,NA,NA,-1851.01839858212,-4503.36993193578,-234.392442999023,-1851.01839858212
2020-01-01 22:46:00,NA,NA,-1791.07942844376,-4503.84986356909,-282.5914853956,-1791.07942844376
2020-01-01 22:47:00,NA,NA,-1748.5988980839,-4498.1576566347,-332.462621058163,-1748.5988980839
2020-01-01 22:48:00,NA,NA,-1724.39317994732,-4496.44972107209,-361.897655161221,-1724.39317994732
2020-01-01 22:49:00,NA,NA,-1672.51925672902,-4508.16557662696,-375.982107652578,-1672.51925672902
2020-01-01 22:50:00,NA,NA,-1657.28062272899,-4521.39818872193,-395.881941015938,-1657.28062272899
2020-01-01 22:51:00,NA,NA,-1670.8343881655,-4514.30424194201,-435.113284321055,-1670.8343881655
2020-01-01 22:52:00,NA,NA,-1688.56773193374,-4499.38953395037,-443.417038797051,-1688.56773193374
2020-01-01 22:53:00,NA,NA,-1710.92875402849,-4480.57566855491,-435.447008797922,-1710.92875402849
2020-01-01 22:54:00,NA,NA,-1691.70841169168,-4462.91370027051,-444.383464157852,-1691.70841169168
2020-01-01 22:55:00,NA,NA,-1674.36544041473,-4468.30589566911,-472.519852328425,-1674.36544041473
2020-01-01 22:56:00,-4487.29967775793,-491.741799429933,NA,-4487.29967775793,-491.741799429933,-1684.86538075305
2020-01-01 22:57:00,NA,NA,-1681.95533370119,-4499.4435883663,-475.174628773743,-1681.95533370119
2020-01-01 22:58:00,NA,NA,-1682.65902172761,-4520.13925781106,-458.115511135018,-1682.65902172761
2020-01-01 22:59:00,NA,NA,-1695.99952820061,-4546.20434868038,-422.396436122297,-1695.99952820061
2020-01-01 23:00:00,NA,NA,-1693.12420578612,-4576.81742340214,-382.999791755403,-1693.12420578612
2020-01-01 23:01:00,NA,NA,-1654.84181879179,-4615.89732102221,-353.976956753799,-1654.84181879179
2020-01-01 23:02:00,NA,NA,-1633.5110246139,-4638.23252187914,-324.184355287452,-1633.5110246139
2020-01-01 23:03:00,NA,NA,-1617.99981591896,-4652.38054968733,-320.705681601052,-1617.99981591896
2020-01-01 23:04:00,NA,NA,-1577.70643959499,-4655.21813662149,-353.446294425698,-1577.70643959499
2020-01-01 23:05:00,NA,NA,-1511.87960254116,-4647.22975230846,-380.187773714556,-1511.87960254116
2020-01-01 23:06:00,NA,NA,-1417.09442930456,-4637.34680153473,-401.17113490785,-1417.09442930456
2020-01-01 23:07:00,NA,NA,-1313.99937033449,-4641.00244254971,-411.978579579659,-1313.99937033449
2020-01-01 23:08:00,NA,NA,-1230.51285269763,-4639.10000423227,-428.374792085592,-1230.51285269763
2020-01-01 23:09:00,-4626.30639989281,-452.975021142798,NA,-4626.30639989281,-452.975021142798,-1169.89093611785
2020-01-01 23:10:00,-4619.52081055882,-478.719247218959,NA,-4619.52081055882,-478.719247218959,-1151.32403981721
2020-01-01 23:11:00,NA,NA,-1152.6792024577,-4626.65952828627,-493.726591499487,-1152.6792024577
2020-01-01 23:12:00,NA,NA,-1139.96004886596,-4625.87521595937,-502.438961464165,-1139.96004886596
2020-01-01 23:13:00,NA,NA,-1125.0231070092,-4607.08212283516,-515.490535253677,-1125.0231070092
2020-01-01 23:14:00,-4577.82880529064,-529.080646510478,NA,-4577.82880529064,-529.080646510478,-1129.75810950718
2020-01-01 23:15:00,NA,NA,-1103.93105311012,-4548.50341425517,-530.919304990892,-1103.93105311012
2020-01-01 23:16:00,-4515.78305362355,-554.911157962049,NA,-4515.78305362355,-554.911157962049,-1083.91662511074
2020-01-01 23:17:00,NA,NA,-1082.71925422048,-4471.02838698811,-595.036025055919,-1082.71925422048
2020-01-01 23:18:00,NA,NA,-1069.37695313874,-4412.62162837352,-611.271701605851,-1069.37695313874
2020-01-01 23:19:00,NA,NA,-1060.71328045464,-4349.65110633908,-623.655070447708,-1060.71328045464
2020-01-01 23:20:00,-4308.98005703923,-640.182761084131,NA,-4308.98005703923,-640.182761084131,-1028.17929921816
2020-01-01 23:21:00,NA,NA,-1002.5661576508,-4255.09177333101,-658.72627300672,-1002.5661576508
2020-01-01 23:22:00,NA,NA,-984.654252397039,-4187.52153364121,-665.202296093141,-984.654252397039
2020-01-01 23:23:00,NA,NA,-974.216044363134,-4095.3050055691,-674.933475434973,-974.216044363134
2020-01-01 23:24:00,NA,NA,-973.180189787064,-3996.84283558905,-681.170061720286,-973.180189787064
2020-01-01 23:25:00,NA,NA,-901.888318287876,-3929.3749382979,-714.873509226816,-901.888318287876
2020-01-01 23:26:00,NA,NA,-827.832203188934,-3877.44645835254,-787.152423089426,-827.832203188934
2020-01-01 23:27:00,NA,NA,-746.497219217269,-3830.36201022892,-846.402378187923,-746.497219217269
2020-01-01 23:28:00,NA,NA,-626.82193230071,-3802.45746766256,-893.781387238907,-626.82193230071
2020-01-01 23:29:00,NA,NA,-579.555759355063,-3794.54568519545,-949.198242098464,-579.555759355063
2020-01-01 23:30:00,-3795.80555277893,-1020.82112914981,NA,-3795.80555277893,-1020.82112914981,-613.592679196385
2020-01-01 23:31:00,-3822.63542816406,-1065.37865423286,NA,-3822.63542816406,-1065.37865423286,-654.161718507326
2020-01-01 23:32:00,NA,NA,-659.508878637645,-3850.84035562727,-1087.14649432718,-659.508878637645
2020-01-01 23:33:00,NA,NA,-666.26971362052,-3867.73602310855,-1095.1830270337,-666.26971362052
2020-01-01 23:34:00,NA,NA,-627.747462388114,-3893.74483569852,-1068.519720125,-627.747462388114
2020-01-01 23:35:00,NA,NA,-634.220027668987,-3916.08726085041,-1037.73673954819,-634.220027668987
2020-01-01 23:36:00,NA,NA,-670.555170582671,-3913.92229269236,-1004.30102527283,-670.555170582671
2020-01-01 23:37:00,NA,NA,-679.537180253983,-3924.32112475117,-971.13335137203,-679.537180253983
2020-01-01 23:38:00,NA,NA,-661.41949190977,-3909.20938784253,-911.028934446444,-661.41949190977
2020-01-01 23:39:00,-3913.80796909853,-828.224487536084,NA,-3913.80796909853,-828.224487536084,-637.244249850148
2020-01-01 23:40:00,NA,NA,-609.58621353454,-3942.30492074155,-738.934324716373,-609.58621353454
2020-01-01 23:41:00,NA,NA,-597.041278521448,-3987.45919585426,-659.420365480553,-597.041278521448
2020-01-01 23:42:00,NA,NA,-564.634307216191,-4014.91658509964,-567.848893821479,-564.634307216191
2020-01-01 23:43:00,NA,NA,-518.106604861391,-4052.9567266302,-473.006089148902,-518.106604861391
2020-01-01 23:44:00,NA,NA,-482.841754578959,-4090.2127096958,-412.225830524486,-482.841754578959
2020-01-01 23:45:00,-4109.01372618658,-353.764365684684,NA,-4109.01372618658,-353.764365684684,-452.349912840101
2020-01-01 23:46:00,NA,NA,-405.405273123845,-4140.64228433601,-321.108797732206,-405.405273123845
2020-01-01 23:47:00,NA,NA,-355.771810231071,-4183.52966863633,-301.585753197799,-355.771810231071
2020-01-01 23:48:00,NA,NA,-346.846885476572,-4230.2660759836,-307.179206844028,-346.846885476572
2020-01-01 23:49:00,NA,NA,-338.002856981108,-4258.36769111378,-286.425851089528,-338.002856981108
2020-01-01 23:50:00,NA,NA,-354.443102078641,-4253.49397030761,-258.366257828806,-354.443102078641
2020-01-01 23:51:00,-4251.05849956218,-248.701987369555,NA,-4251.05849956218,-248.701987369555,-376.272482677767
2020-01-01 23:52:00,NA,NA,-394.007596333825,-4251.32602532429,-245.979908446328,-394.007596333825
2020-01-01 23:53:00,-4259.59593622171,-218.703674994688,NA,-4259.59593622171,-218.703674994688,-425.280641682496
2020-01-01 23:54:00,-4275.01732890839,-190.91762933997,NA,-4275.01732890839,-190.91762933997,-511.116173018493
2020-01-01 23:55:00,NA,NA,-584.696797001372,-4277.92888182391,-177.421851239251,-584.696797001372
2020-01-01 23:56:00,NA,NA,-582.602347158353,-4271.91787877639,-169.198545699827,-582.602347158353
2020-01-01 23:57:00,NA,NA,-558.468285178685,-4259.22135043251,-163.531447169577,-558.468285178685
2020-01-01 23:58:00,NA,NA,-572.140784983277,-4235.78197383043,-154.910340691994,-572.140784983277
2020-01-01 23:59:00,NA,NA,-580.357368610132,-4183.53483841478,-139.760735716086,-580.357368610132
2020-01-02,NA,NA,-620.045990962289,-4099.25006650201,-115.541142193996,-620.045990962289
2020-01-02 00:01:00,NA,NA,-631.372584930149,-4022.10033198106,-93.2539186139766,-631.372584930149
2020-01-02 00:02:00,NA,NA,-640.092805621052,-3944.64230209601,-54.7104665129623,-640.092805621052
2020-01-02 00:03:00,NA,NA,-619.554615630338,-3874.20599966713,3.57234936821612,-619.554615630338
2020-01-02 00:04:00,-3790.09609610764,98.435194631885,NA,-3790.09609610764,98.435194631885,-548.255194838122
2020-01-02 00:05:00,NA,NA,-489.588602022427,-3690.93605418629,211.86981271656,-489.588602022427
2020-01-02 00:06:00,NA,NA,-457.903651909297,-3594.5520753467,321.450125652666,-457.903651909297
2020-01-02 00:07:00,NA,NA,-484.736564144004,-3504.00248912491,422.263162940799,-484.736564144004
2020-01-02 00:08:00,NA,NA,-519.597595326886,-3417.09834051068,533.388673979033,-519.597595326886
2020-01-02 00:09:00,NA,NA,-557.724996843342,-3334.05873014881,658.147509501952,-557.724996843342
2020-01-02 00:10:00,NA,NA,-609.534832703258,-3267.84575279463,767.492641742179,-609.534832703258
2020-01-02 00:11:00,NA,NA,-644.055085205794,-3183.32228077482,873.317685157271,-644.055085205794
2020-01-02 00:12:00,NA,NA,-670.165689021907,-3090.19732339612,952.313262177242,-670.165689021907
2020-01-02 00:13:00,NA,NA,-650.550714358881,-2982.71429419229,1013.26439217379,-650.550714358881
2020-01-02 00:14:00,NA,NA,-621.409319384373,-2880.18558298491,1070.69872420952,-621.409319384373
2020-01-02 00:15:00,NA,NA,-633.567665789146,-2797.09733379578,1105.76345711091,-633.567665789146
2020-01-02 00:16:00,NA,NA,-672.066583767609,-2703.05836691372,1136.94973571859,-672.066583767609
2020-01-02 00:17:00,NA,NA,-680.455450086506,-2579.01730662348,1182.35883514843,-680.455450086506
2020-01-02 00:18:00,NA,NA,-657.436359371432,-2429.13062378095,1215.02047323429,-657.436359371432
2020-01-02 00:19:00,NA,NA,-590.755710392578,-2272.18082475093,1253.23122804674,-590.755710392578
2020-01-02 00:20:00,-2110.74449721585,1292.34641182736,NA,-2110.74449721585,1292.34641182736,-523.848787639816
2020-01-02 00:21:00,NA,NA,-484.358586735027,-1949.83410136969,1323.5561034162,-484.358586735027
2020-01-02 00:22:00,NA,NA,-452.106863775789,-1775.1090171632,1340.74613902015,-452.106863775789
2020-01-02 00:23:00,NA,NA,-411.703854476744,-1611.4403480125,1324.14536650545,-411.703854476744
2020-01-02 00:24:00,NA,NA,-341.568050532446,-1470.01047467282,1301.87384014528,-341.568050532446
2020-01-02 00:25:00,NA,NA,-249.003212022708,-1323.93691865246,1280.67687008724,-249.003212022708
2020-01-02 00:26:00,NA,NA,-150.93962005477,-1173.46917550533,1253.8532983277,-150.93962005477
2020-01-02 00:27:00,NA,NA,-20.3533386343978,-1014.01630237444,1220.10039382323,-20.3533386343978
2020-01-02 00:28:00,NA,NA,108.257154537028,-855.919587350887,1198.56046689821,108.257154537028
2020-01-02 00:29:00,-699.489726731846,1184.41554928482,NA,-699.489726731846,1184.41554928482,199.006340204899
2020-01-02 00:30:00,NA,NA,266.403971052967,-546.103225775257,1170.35783021924,266.403971052967
2020-01-02 00:31:00,NA,NA,312.580148073371,-409.17993647827,1177.11930118465,312.580148073371
2020-01-02 00:32:00,NA,NA,341.825669876005,-256.752787263722,1197.27922516945,341.825669876005
2020-01-02 00:33:00,NA,NA,296.641602371579,-125.953192020688,1209.05045379613,296.641602371579
2020-01-02 00:34:00,NA,NA,232.336948930295,-14.622450914298,1212.56411500539,232.336948930295
2020-01-02 00:35:00,NA,NA,151.309647723583,97.5558354200846,1220.17044333052,151.309647723583
2020-01-02 00:36:00,NA,NA,120.306790753223,182.94375187793,1215.6376884878,120.306790753223
2020-01-02 00:37:00,NA,NA,119.760906487467,269.584812315326,1206.21693062748,119.760906487467
2020-01-02 00:38:00,NA,NA,60.8306717533064,341.571305740081,1201.35136622904,60.8306717533064
2020-01-02 00:39:00,NA,NA,-0.342312587275214,402.597898285205,1209.59130493897,-0.342312587275214
2020-01-02 00:40:00,NA,NA,-61.5853593299626,464.512888046507,1237.27270590669,-61.5853593299626
2020-01-02 00:41:00,521.508825683925,1241.63294379995,NA,521.508825683925,1241.63294379995,-116.471000892434
2020-01-02 00:42:00,578.753061534958,1219.13301011233,NA,578.753061534958,1219.13301011233,-219.601340209763
2020-01-02 00:43:00,NA,NA,-353.779697488643,628.166304582435,1180.19970979142,-353.779697488643
2020-01-02 00:44:00,NA,NA,-464.439319289199,699.128146041145,1144.36384856212,-464.439319289199
2020-01-02 00:45:00,NA,NA,-516.041739362828,761.201600975128,1123.47140005606,-516.041739362828
2020-01-02 00:46:00,826.675735262143,1109.06136835047,NA,826.675735262143,1109.06136835047,-532.092258579727
2020-01-02 00:47:00,912.353880160744,1095.10948246298,NA,912.353880160744,1095.10948246298,-527.027713207461
2020-01-02 00:48:00,NA,NA,-531.405849014551,1013.23503634809,1073.36514621135,-531.405849014551
2020-01-02 00:49:00,NA,NA,-572.109888021822,1104.19008665476,1038.49950453628,-572.109888021822
2020-01-02 00:50:00,NA,NA,-603.19494815628,1216.02646604164,995.977301573614,-603.19494815628
2020-01-02 00:51:00,NA,NA,-642.56624461045,1330.2700918311,973.494385615836,-642.56624461045
2020-01-02 00:52:00,NA,NA,-634.739642929476,1418.89287083299,931.403171739637,-634.739642929476
2020-01-02 00:53:00,NA,NA,-587.916124535493,1488.44217211656,891.871284944321,-587.916124535493
2020-01-02 00:54:00,NA,NA,-533.850929894036,1518.83713674487,853.379973422143,-533.850929894036
2020-01-02 00:55:00,NA,NA,-492.37492491569,1559.30805059662,819.232066207317,-492.37492491569
2020-01-02 00:56:00,NA,NA,-452.446768574495,1609.26488028998,780.48667302209,-452.446768574495
2020-01-02 00:57:00,NA,NA,-417.455205080063,1666.62686259153,733.810313782744,-417.455205080063
2020-01-02 00:58:00,1729.56408345499,674.303989998138,NA,1729.56408345499,674.303989998138,-422.921786214779
2020-01-02 00:59:00,NA,NA,-420.015046225,1796.75061803884,598.212211066749,-420.015046225
2020-01-02 01:00:00,NA,NA,-435.053638916912,1853.88491870063,513.295657662929,-435.053638916912
2020-01-02 01:01:00,1942.2892683053,419.969814856733,NA,1942.2892683053,419.969814856733,-481.149796605505
2020-01-02 01:02:00,NA,NA,-548.313038292079,2049.15986308298,342.651936815412,-548.313038292079
2020-01-02 01:03:00,2183.37053509478,283.965821471421,NA,2183.37053509478,283.965821471421,-646.549626362934
2020-01-02 01:04:00,NA,NA,-746.276291935724,2307.81869619126,195.299649600875,-746.276291935724
2020-01-02 01:05:00,NA,NA,-847.666119079377,2403.95304323852,94.5750569056738,-847.666119079377
2020-01-02 01:06:00,2501.62508364988,18.4362140414595,NA,2501.62508364988,18.4362140414595,-904.960567745012
2020-01-02 01:07:00,NA,NA,-993.090527051382,2610.77289356504,-35.1183659025172,-993.090527051382
2020-01-02 01:08:00,NA,NA,-1055.36433952477,2711.81126307875,-79.790440305329,-1055.36433952477
2020-01-02 01:09:00,NA,NA,-1105.74445297196,2841.00183163961,-123.95996426605,-1105.74445297196
2020-01-02 01:10:00,2975.87553383475,-163.015988433422,NA,2975.87553383475,-163.015988433422,-1139.19656226889
2020-01-02 01:11:00,NA,NA,-1184.75158747306,3088.43596607996,-205.149448352183,-1184.75158747306
2020-01-02 01:12:00,NA,NA,-1250.38020653731,3235.13672924779,-219.095949454896,-1250.38020653731
2020-01-02 01:13:00,NA,NA,-1286.4945971817,3369.08285139652,-228.456835148644,-1286.4945971817
2020-01-02 01:14:00,NA,NA,-1323.59388821996,3472.60103971057,-219.907800448529,-1323.59388821996
2020-01-02 01:15:00,NA,NA,-1352.78806201836,3577.45716491979,-226.419268338189,-1352.78806201836
2020-01-02 01:16:00,3683.84991107255,-249.820105699701,NA,3683.84991107255,-249.820105699701,-1366.40011319413
2020-01-02 01:17:00,NA,NA,-1407.94845647866,3815.79292894538,-272.20780533977,-1407.94845647866
2020-01-02 01:18:00,NA,NA,-1427.73935314802,3953.38951177772,-301.946429092885,-1427.73935314802
2020-01-02 01:19:00,NA,NA,-1413.63923227899,4100.48177176704,-344.16015113472,-1413.63923227899
2020-01-02 01:20:00,4257.90356725219,-388.054810070952,NA,4257.90356725219,-388.054810070952,-1354.28391695033
2020-01-02 01:21:00,4418.37318508993,-429.558561572771,NA,4418.37318508993,-429.558561572771,-1295.44389130783
2020-01-02 01:22:00,NA,NA,-1239.91411434072,4598.48404688944,-464.071760300406,-1239.91411434072
2020-01-02 01:23:00,4782.82593861277,-490.600886386971,NA,4782.82593861277,-490.600886386971,-1192.17495294649
2020-01-02 01:24:00,NA,NA,-1133.76050079188,4970.41667517086,-513.058282571871,-1133.76050079188
2020-01-02 01:25:00,NA,NA,-1127.3537933197,5186.78385546009,-528.235586227345,-1127.3537933197
2020-01-02 01:26:00,NA,NA,-1147.97543746445,5421.86127189649,-564.562849165207,-1147.97543746445
2020-01-02 01:27:00,NA,NA,-1164.29559623798,5644.40621286925,-612.636560704949,-1164.29559623798
2020-01-02 01:28:00,NA,NA,-1150.75250689728,5879.36344225609,-675.461012096106,-1150.75250689728
2020-01-02 01:29:00,NA,NA,-1130.48970409369,6107.56407213249,-742.624155028777,-1130.48970409369
2020-01-02 01:30:00,NA,NA,-1138.45288817656,6336.20668643016,-797.285684813473,-1138.45288817656
2020-01-02 01:31:00,6555.38877796451,-840.272361232863,NA,6555.38877796451,-840.272361232863,-1141.96134502809
2020-01-02 01:32:00,NA,NA,-1154.17407276602,6761.84203897113,-874.332710543318,-1154.17407276602
2020-01-02 01:33:00,NA,NA,-1194.04307030141,6953.308307986,-882.713051583146,-1194.04307030141
2020-01-02 01:34:00,7156.64160292955,-887.285324073959,NA,7156.64160292955,-887.285324073959,-1225.54837733202
2020-01-02 01:35:00,7366.65747259556,-901.067044787761,NA,7366.65747259556,-901.067044787761,-1218.38496498748
2020-01-02 01:36:00,NA,NA,-1205.03268570726,7576.45402631153,-906.002595374233,-1205.03268570726
2020-01-02 01:37:00,NA,NA,-1215.06443948077,7772.58313378819,-913.014542368658,-1215.06443948077
2020-01-02 01:38:00,NA,NA,-1218.4436361957,7958.53565884915,-933.623363381576,-1218.4436361957
2020-01-02 01:39:00,NA,NA,-1210.70643550799,8141.93987464606,-948.197729019175,-1210.70643550799
2020-01-02 01:40:00,NA,NA,-1154.59879166309,8312.20504172809,-948.998235066472,-1154.59879166309
2020-01-02 01:41:00,NA,NA,-1071.04405954364,8480.78928385805,-972.018604276704,-1071.04405954364
2020-01-02 01:42:00,NA,NA,-968.812571662398,8651.51781085318,-1012.40073983455,-968.812571662398
2020-01-02 01:43:00,8845.99320957949,-1070.37051387217,NA,8845.99320957949,-1070.37051387217,-845.522550019683
2020-01-02 01:44:00,NA,NA,-720.67815001417,9044.49526036281,-1143.89952542587,-720.67815001417
2020-01-02 01:45:00,NA,NA,-607.863384817772,9224.92922351562,-1231.94551552955,-607.863384817772
2020-01-02 01:46:00,NA,NA,-530.3823613106,9398.47011883651,-1321.12811274882,-530.3823613106
2020-01-02 01:47:00,NA,NA,-444.724661625079,9570.79490946889,-1415.56351505392,-444.724661625079
2020-01-02 01:48:00,NA,NA,-345.618441983192,9738.80664734569,-1512.71393377422,-345.618441983192
2020-01-02 01:49:00,NA,NA,-253.274998211945,9942.60943879948,-1591.31445631563,-253.274998211945
2020-01-02 01:50:00,10159.7857166087,-1642.48770776544,NA,10159.7857166087,-1642.48770776544,-146.233748982703
2020-01-02 01:51:00,10369.4802319925,-1686.48386346733,NA,10369.4802319925,-1686.48386346733,-63.9213442762431
2020-01-02 01:52:00,NA,NA,-52.8322288302468,10555.2607198184,-1722.08911138597,-52.8322288302468
2020-01-02 01:53:00,10738.1538469245,-1778.7020874104,NA,10738.1538469245,-1778.7020874104,-105.059913979832
2020-01-02 01:54:00,NA,NA,-164.429844412187,10909.7642338238,-1832.73713536242,-164.429844412187
2020-01-02 01:55:00,11049.5073886386,-1863.83747000996,NA,11049.5073886386,-1863.83747000996,-176.23672100046
2020-01-02 01:56:00,NA,NA,-145.196859523873,11167.096085891,-1886.67244514426,-145.196859523873
2020-01-02 01:57:00,NA,NA,-112.637961759547,11257.6026713321,-1904.58399663252,-112.637961759547
2020-01-02 01:58:00,NA,NA,-102.884978364874,11354.7855955823,-1944.52202846431,-102.884978364874
2020-01-02 01:59:00,NA,NA,-84.2036184326459,11412.8837096956,-1978.15628575359,-84.2036184326459
2020-01-02 02:00:00,11448.1452174242,-2029.3873809266,NA,11448.1452174242,-2029.3873809266,-89.591735323753
2020-01-02 02:01:00,NA,NA,-67.8282947683143,11476.8611047372,-2076.07824865402,-67.8282947683143
2020-01-02 02:02:00,NA,NA,-44.8762061842276,11515.2777317908,-2118.94069175815,-44.8762061842276
2020-01-02 02:03:00,NA,NA,-50.1308776428078,11549.8750417937,-2175.08839726221,-50.1308776428078
2020-01-02 02:04:00,NA,NA,-70.8930643239113,11579.4509007963,-2210.9942666707,-70.8930643239113
2020-01-02 02:05:00,NA,NA,-77.9489752128124,11609.9581543948,-2224.3922478782,-77.9489752128124
2020-01-02 02:06:00,NA,NA,-99.7429384655355,11648.4802304065,-2223.36329078469,-99.7429384655355
2020-01-02 02:07:00,NA,NA,-152.324974645679,11697.4423864759,-2197.695927115,-152.324974645679
2020-01-02 02:08:00,11726.139659626,-2210.70534459097,NA,11726.139659626,-2210.70534459097,-237.882713861703
2020-01-02 02:09:00,NA,NA,-286.705631840945,11740.5622338458,-2233.98263399794,-286.705631840945
2020-01-02 02:10:00,NA,NA,-330.156848065372,11762.2804218233,-2246.14556834045,-330.156848065372
2020-01-02 02:11:00,NA,NA,-379.32009958166,11787.1532265142,-2258.21130211976,-379.32009958166
2020-01-02 02:12:00,11805.3987973251,-2264.84084588524,NA,11805.3987973251,-2264.84084588524,-402.774507637186
2020-01-02 02:13:00,NA,NA,-435.442956698308,11794.5260724632,-2250.43582911523,-435.442956698308
2020-01-02 02:14:00,11768.229531799,-2219.94296878866,NA,11768.229531799,-2219.94296878866,-460.374164654449
2020-01-02 02:15:00,11745.4294718622,-2156.9819020061,NA,11745.4294718622,-2156.9819020061,-465.153401353387
2020-01-02 02:16:00,NA,NA,-527.653062054648,11714.9634860005,-2089.00766709584,-527.653062054648
2020-01-02 02:17:00,NA,NA,-620.867254878933,11650.9177019662,-2017.77297990673,-620.867254878933
2020-01-02 02:18:00,11567.6072227529,-1957.64216079493,NA,11567.6072227529,-1957.64216079493,-701.622379550158
2020-01-02 02:19:00,NA,NA,-770.614079030071,11513.0450166318,-1939.03657646318,-770.614079030071
2020-01-02 02:20:00,NA,NA,-794.924644220053,11459.3413369782,-1911.01624090753,-794.924644220053
2020-01-02 02:21:00,NA,NA,-824.054471830285,11425.4435893606,-1876.46598219242,-824.054471830285
2020-01-02 02:22:00,NA,NA,-850.538249332212,11369.4634568329,-1806.13931500822,-850.538249332212
2020-01-02 02:23:00,NA,NA,-858.348795689612,11319.251468497,-1737.40093347111,-858.348795689612
2020-01-02 02:24:00,NA,NA,-891.111147613759,11245.845688561,-1667.68654661284,-891.111147613759
2020-01-02 02:25:00,NA,NA,-924.966070082983,11141.6670819216,-1605.24501443202,-924.966070082983
2020-01-02 02:26:00,NA,NA,-941.741703540865,11039.9936018694,-1549.78575307476,-941.741703540865
2020-01-02 02:27:00,NA,NA,-994.786596168835,10933.9679430644,-1513.79046608423,-994.786596168835
2020-01-02 02:28:00,NA,NA,-1036.30625931696,10853.9562760879,-1502.53752836388,-1036.30625931696
2020-01-02 02:29:00,NA,NA,-1051.39204648429,10812.0870401811,-1516.47150481986,-1051.39204648429
2020-01-02 02:30:00,NA,NA,-1089.89396861318,10790.9426000937,-1529.09257443216,-1089.89396861318
2020-01-02 02:31:00,NA,NA,-1155.37952969181,10781.5650569168,-1545.17740746925,-1155.37952969181
2020-01-02 02:32:00,NA,NA,-1244.21248656824,10774.8825282988,-1552.1014019932,-1244.21248656824
2020-01-02 02:33:00,NA,NA,-1321.20420605183,10763.3301894023,-1560.33202889414,-1321.20420605183
2020-01-02 02:34:00,NA,NA,-1376.70407052036,10761.4197360525,-1585.25868681044,-1376.70407052036
2020-01-02 02:35:00,10755.9069584977,-1626.95444078364,NA,10755.9069584977,-1626.95444078364,-1441.92812873339
2020-01-02 02:36:00,NA,NA,-1519.22462222734,10746.1063282477,-1671.92339301895,-1519.22462222734
2020-01-02 02:37:00,NA,NA,-1586.42787357468,10731.6830733359,-1721.82365036611,-1586.42787357468
2020-01-02 02:38:00,NA,NA,-1673.3183442654,10745.0390602895,-1763.85966708114,-1673.3183442654
2020-01-02 02:39:00,10767.6237597829,-1782.28654535759,NA,10767.6237597829,-1782.28654535759,-1750.00824341629
2020-01-02 02:40:00,NA,NA,-1799.03921009005,10787.8718672277,-1800.37830055559,-1799.03921009005
2020-01-02 02:41:00,NA,NA,-1847.43618147675,10812.8582317535,-1801.75955100569,-1847.43618147675
2020-01-02 02:42:00,NA,NA,-1886.07429646678,10852.7639428648,-1786.58324108517,-1886.07429646678
2020-01-02 02:43:00,NA,NA,-1890.24394975682,10901.226279487,-1774.1362854991,-1890.24394975682
2020-01-02 02:44:00,NA,NA,-1911.62934335407,10914.4170650785,-1760.63812504341,-1911.62934335407
2020-01-02 02:45:00,NA,NA,-1962.77355741511,10910.564499008,-1730.44862886763,-1962.77355741511
2020-01-02 02:46:00,NA,NA,-2003.9169344933,10887.4905325117,-1682.66287866501,-2003.9169344933
2020-01-02 02:47:00,NA,NA,-2052.98189413165,10837.6825548574,-1624.96760701764,-2052.98189413165
2020-01-02 02:48:00,NA,NA,-2121.17966869832,10797.2249658997,-1572.32144684998,-2121.17966869832
2020-01-02 02:49:00,NA,NA,-2173.16327776746,10774.5938582319,-1528.16880007897,-2173.16327776746
2020-01-02 02:50:00,NA,NA,-2230.20241341232,10747.2430277763,-1496.2792707888,-2230.20241341232
2020-01-02 02:51:00,10718.8064039969,-1455.81717868715,NA,10718.8064039969,-1455.81717868715,-2288.71100873584
2020-01-02 02:52:00,NA,NA,-2317.25337614707,10702.0970984638,-1440.19832886227,-2317.25337614707
2020-01-02 02:53:00,NA,NA,-2355.11231991138,10695.4869976176,-1433.684528036,-2355.11231991138
2020-01-02 02:54:00,NA,NA,-2390.6858096218,10705.381646584,-1427.65832678574,-2390.6858096218
2020-01-02 02:55:00,NA,NA,-2445.85840621591,10751.1886963654,-1415.58546958898,-2445.85840621591
2020-01-02 02:56:00,NA,NA,-2470.37238635066,10793.611719322,-1379.72422129823,-2470.37238635066
2020-01-02 02:57:00,NA,NA,-2482.02278006216,10856.6414761748,-1336.33518344501,-2482.02278006216
2020-01-02 02:58:00,NA,NA,-2534.62300340811,10938.624698681,-1296.76810909495,-2534.62300340811
2020-01-02 02:59:00,NA,NA,-2590.37591179581,11014.239919878,-1232.51795980223,-2590.37591179581
2020-01-02 03:00:00,11101.7026559642,-1158.43681239726,NA,11101.7026559642,-1158.43681239726,-2584.64916526527
2020-01-02 03:01:00,NA,NA,-2535.0165907816,11191.1143265524,-1090.46306419492,-2535.0165907816
2020-01-02 03:02:00,NA,NA,-2480.9076655253,11276.9368664059,-1033.94375622787,-2480.9076655253
2020-01-02 03:03:00,NA,NA,-2433.6229053006,11376.1969363689,-949.148741016341,-2433.6229053006
2020-01-02 03:04:00,NA,NA,-2411.76753266593,11485.3514433826,-846.86638981145,-2411.76753266593
2020-01-02 03:05:00,NA,NA,-2398.37166906757,11594.2138281952,-738.729964755626,-2398.37166906757
2020-01-02 03:06:00,NA,NA,-2398.61076473507,11682.0968156214,-618.077861068045,-2398.61076473507
2020-01-02 03:07:00,NA,NA,-2412.20877855699,11761.3589586082,-471.337320711108,-2412.20877855699
2020-01-02 03:08:00,11825.8533509195,-311.169175469247,NA,11825.8533509195,-311.169175469247,-2421.91259164271
2020-01-02 03:09:00,NA,NA,-2462.18443418629,11878.1719581166,-137.413294392684,-2462.18443418629
2020-01-02 03:10:00,11924.6516688318,29.9992613138842,NA,11924.6516688318,29.9992613138842,-2514.85624685605
2020-01-02 03:11:00,11962.0678998039,163.819605372416,NA,11962.0678998039,163.819605372416,-2560.30534423814
2020-01-02 03:12:00,NA,NA,-2649.93410346079,12011.4635590458,299.828345657016,-2649.93410346079
2020-01-02 03:13:00,NA,NA,-2734.10078775357,12051.0974354106,453.999617620934,-2734.10078775357
2020-01-02 03:14:00,NA,NA,-2780.16053081689,12080.0969460136,602.699018528138,-2780.16053081689
2020-01-02 03:15:00,NA,NA,-2789.34523960479,12108.0712736797,748.925893745096,-2789.34523960479
2020-01-02 03:16:00,12131.2828293344,905.118437786085,NA,12131.2828293344,905.118437786085,-2799.14742770528
2020-01-02 03:17:00,NA,NA,-2820.28821430463,12146.0083785628,1057.85778195164,-2820.28821430463
2020-01-02 03:18:00,NA,NA,-2825.71628537863,12155.9110196959,1218.56078059474,-2825.71628537863
2020-01-02 03:19:00,NA,NA,-2796.59030161865,12174.8645405086,1385.75323754463,-2796.59030161865
2020-01-02 03:20:00,NA,NA,-2774.10201832143,12198.9584599192,1552.61125605828,-2774.10201832143
2020-01-02 03:21:00,NA,NA,-2764.73848952017,12212.944537478,1739.5538320344,-2764.73848952017
2020-01-02 03:22:00,12223.2797155488,1953.0456377372,NA,12223.2797155488,1953.0456377372,-2734.33999019464
2020-01-02 03:23:00,NA,NA,-2744.47461556155,12240.2841029823,2176.84719685705,-2744.47461556155
2020-01-02 03:24:00,NA,NA,-2782.83425207837,12290.4955849694,2406.51759390212,-2782.83425207837
2020-01-02 03:25:00,NA,NA,-2780.45554985615,12341.262870921,2648.22181194552,-2780.45554985615
2020-01-02 03:26:00,NA,NA,-2787.82787113208,12403.5072370538,2879.73659169398,-2787.82787113208
2020-01-02 03:27:00,12476.9278148013,3111.29873668426,NA,12476.9278148013,3111.29873668426,-2818.21677313916
2020-01-02 03:28:00,NA,NA,-2827.22541730851,12522.3084019382,3335.82426558572,-2827.22541730851
2020-01-02 03:29:00,NA,NA,-2845.27651492248,12564.2809925956,3558.51756436983,-2845.27651492248
2020-01-02 03:30:00,NA,NA,-2800.15254654734,12625.5503795956,3780.89182063144,-2800.15254654734
2020-01-02 03:31:00,NA,NA,-2738.29215041567,12664.6252397459,4013.44357297233,-2738.29215041567
2020-01-02 03:32:00,NA,NA,-2708.00349917972,12693.5011109668,4245.55702464147,-2708.00349917972
2020-01-02 03:33:00,NA,NA,-2646.27046198158,12714.658987818,4488.42105402562,-2646.27046198158
2020-01-02 03:34:00,NA,NA,-2618.25580470524,12719.4641003474,4715.80122049605,-2618.25580470524
2020-01-02 03:35:00,NA,NA,-2614.08933394911,12705.9470791656,4931.97445536377,-2614.08933394911
2020-01-02 03:36:00,NA,NA,-2617.89175037035,12696.8476836483,5126.05392271664,-2617.89175037035
2020-01-02 03:37:00,NA,NA,-2614.12953116386,12699.7577113525,5304.86565795523,-2614.12953116386
2020-01-02 03:38:00,12726.2730415457,5485.72712332545,NA,12726.2730415457,5485.72712332545,-2639.24260421319
2020-01-02 03:39:00,NA,NA,-2661.34224187616,12757.2789169484,5697.68061997772,-2661.34224187616
2020-01-02 03:40:00,12809.5255397487,5887.05864503586,NA,12809.5255397487,5887.05864503586,-2660.06774482833
2020-01-02 03:41:00,12850.1447747247,6046.09761707002,NA,12850.1447747247,6046.09761707002,-2626.05708095336
2020-01-02 03:42:00,NA,NA,-2555.76984474861,12895.5455556564,6214.60734347424,-2555.76984474861
2020-01-02 03:43:00,NA,NA,-2477.92315454694,12928.9705472945,6390.30099798953,-2477.92315454694
2020-01-02 03:44:00,NA,NA,-2424.36063056977,12981.0453230213,6552.56503876088,-2424.36063056977
2020-01-02 03:45:00,NA,NA,-2381.81953275323,13036.0504671806,6677.80140601996,-2381.81953275323
2020-01-02 03:46:00,13100.5659073959,6788.55939923264,NA,13100.5659073959,6788.55939923264,-2371.80079090868
2020-01-02 03:47:00,NA,NA,-2340.2443197367,13190.5143678133,6883.71613784319,-2340.2443197367
2020-01-02 03:48:00,NA,NA,-2326.2290632705,13300.2456531291,6958.63731099755,-2326.2290632705
2020-01-02 03:49:00,13410.356845828,7039.7323083791,NA,13410.356845828,7039.7323083791,-2336.72156048248
2020-01-02 03:50:00,NA,NA,-2334.11838026754,13530.5539105236,7123.75728195626,-2334.11838026754
2020-01-02 03:51:00,NA,NA,-2347.6099708114,13665.483495775,7205.3078349099,-2347.6099708114
2020-01-02 03:52:00,NA,NA,-2366.89603703575,13796.6661349747,7289.19729172151,-2366.89603703575
2020-01-02 03:53:00,NA,NA,-2351.13575046265,13920.3150261074,7388.29340865194,-2351.13575046265
2020-01-02 03:54:00,NA,NA,-2315.2781934362,14048.8012351071,7503.09445639056,-2315.2781934362
2020-01-02 03:55:00,NA,NA,-2304.22920027637,14176.0622511062,7628.75578392109,-2304.22920027637
2020-01-02 03:56:00,NA,NA,-2295.44722774511,14281.7837557198,7739.26162643823,-2295.44722774511
2020-01-02 03:57:00,NA,NA,-2279.70951577135,14358.9501412011,7852.90674416269,-2279.70951577135
2020-01-02 03:58:00,NA,NA,-2257.2049541043,14414.2324862355,7955.70845783152,-2257.2049541043
2020-01-02 03:59:00,NA,NA,-2231.31892296258,14466.3394903186,8054.91469032359,-2231.31892296258
2020-01-02 04:00:00,NA,NA,-2179.33768886227,14521.3845769267,8163.54393630016,-2179.33768886227
2020-01-02 04:01:00,NA,NA,-2195.59628380494,14589.2517792705,8265.94751323504,-2195.59628380494
2020-01-02 04:02:00,NA,NA,-2230.48922483756,14632.6803483184,8347.51674565517,-2230.48922483756
2020-01-02 04:03:00,NA,NA,-2249.32674945744,14672.2867668722,8408.72626973354,-2249.32674945744
2020-01-02 04:04:00,14729.698205931,8462.85017424908,NA,14729.698205931,8462.85017424908,-2259.95298063386
2020-01-02 04:05:00,NA,NA,-2260.71292219906,14770.2411764362,8520.83497445192,-2260.71292219906
2020-01-02 04:06:00,NA,NA,-2271.00735346174,14824.2648282576,8573.83962001046,-2271.00735346174
2020-01-02 04:07:00,NA,NA,-2272.83109933744,14886.4941627407,8628.04972768025,-2272.83109933744
2020-01-02 04:08:00,NA,NA,-2289.11835269364,14970.7212121533,8679.97055725048,-2289.11835269364
2020-01-02 04:09:00,NA,NA,-2267.41536934685,15063.8425063536,8729.98665859335,-2267.41536934685
2020-01-02 04:10:00,15126.864721134,8761.90647918913,NA,15126.864721134,8761.90647918913,-2251.97971644249
2020-01-02 04:11:00,NA,NA,-2258.76433695282,15186.0304674585,8788.52034489566,-2258.76433695282
2020-01-02 04:12:00,NA,NA,-2246.93536643482,15243.452568658,8811.11354158373,-2246.93536643482
2020-01-02 04:13:00,NA,NA,-2257.51206609764,15290.8133769205,8841.22507348804,-2257.51206609764
2020-01-02 04:14:00,15344.8361417343,8846.79739565884,NA,15344.8361417343,8846.79739565884,-2293.91729970189
2020-01-02 04:15:00,NA,NA,-2312.0485297997,15399.6009980377,8845.87122104344,-2312.0485297997
2020-01-02 04:16:00,NA,NA,-2311.34322470092,15453.4986810113,8833.97377163888,-2311.34322470092
2020-01-02 04:17:00,NA,NA,-2337.32059485246,15514.5322554275,8815.99898553254,-2337.32059485246
2020-01-02 04:18:00,NA,NA,-2375.02859348696,15575.6024448131,8793.63112945935,-2375.02859348696
2020-01-02 04:19:00,NA,NA,-2404.22155339913,15612.4523773703,8774.04302523519,-2404.22155339913
2020-01-02 04:20:00,15625.3542942037,8747.31296301169,NA,15625.3542942037,8747.31296301169,-2415.62755195083
2020-01-02 04:21:00,15611.4240299029,8733.08075513122,NA,15611.4240299029,8733.08075513122,-2390.67704183588
2020-01-02 04:22:00,NA,NA,-2354.10267291326,15599.6193597444,8738.57016145215,-2354.10267291326
2020-01-02 04:23:00,NA,NA,-2309.87044287592,15601.3210462863,8744.33644784415,-2309.87044287592
2020-01-02 04:24:00,15611.6325126234,8759.97646504815,NA,15611.6325126234,8759.97646504815,-2281.82645644959
2020-01-02 04:25:00,NA,NA,-2251.65789947234,15629.8502459748,8812.90531576827,-2251.65789947234
2020-01-02 04:26:00,NA,NA,-2189.91285433498,15672.110647795,8880.52076428263,-2189.91285433498
2020-01-02 04:27:00,NA,NA,-2135.30866223989,15743.2237593652,8950.68092782221,-2135.30866223989
2020-01-02 04:28:00,NA,NA,-2098.32703573246,15788.1894057679,9011.72157340878,-2098.32703573246
2020-01-02 04:29:00,NA,NA,-2098.11964277805,15832.3030024378,9070.66011250598,-2098.11964277805
2020-01-02 04:30:00,15881.2969205133,9115.47640718433,NA,15881.2969205133,9115.47640718433,-2102.37534763091
2020-01-02 04:31:00,NA,NA,-2104.38293587606,15945.8575987648,9172.10898174953,-2104.38293587606
2020-01-02 04:32:00,NA,NA,-2081.88496436866,16010.734875206,9236.59853910033,-2081.88496436866
2020-01-02 04:33:00,NA,NA,-2059.05970266869,16070.9064123585,9312.4280908953,-2059.05970266869
2020-01-02 04:34:00,16125.1522558327,9377.08348410109,NA,16125.1522558327,9377.08348410109,-2033.75074810969
2020-01-02 04:35:00,16193.8804060206,9437.40304700232,NA,16193.8804060206,9437.40304700232,-2043.92122496106
2020-01-02 04:36:00,NA,NA,-2057.23498705253,16264.8119869707,9502.76360672645,-2057.23498705253
2020-01-02 04:37:00,16352.5961923287,9537.26092307033,NA,16352.5961923287,9537.26092307033,-2099.12778993896
2020-01-02 04:38:00,NA,NA,-2159.85412934097,16457.4475392361,9539.94684581035,-2159.85412934097
2020-01-02 04:39:00,16568.0216910158,9538.43192133043,NA,16568.0216910158,9538.43192133043,-2229.96534398284
2020-01-02 04:40:00,NA,NA,-2285.74680542202,16683.3941123923,9551.54779944908,-2285.74680542202
2020-01-02 04:41:00,NA,NA,-2313.56981311236,16797.9299797867,9567.08022983292,-2313.56981311236
2020-01-02 04:42:00,NA,NA,-2342.47163086501,16904.963598327,9580.67604179501,-2342.47163086501
2020-01-02 04:43:00,NA,NA,-2324.40426481425,17003.2923612564,9593.66068447128,-2324.40426481425
2020-01-02 04:44:00,NA,NA,-2307.09756780976,17135.2278695964,9625.69623597894,-2307.09756780976
2020-01-02 04:45:00,17232.1024928932,9665.50395568516,NA,17232.1024928932,9665.50395568516,-2291.84776408655
2020-01-02 04:46:00,NA,NA,-2304.61105515443,17306.176364181,9679.46623172995,-2304.61105515443
2020-01-02 04:47:00,17365.6903132474,9683.64056573596,NA,17365.6903132474,9683.64056573596,-2316.61863082379
2020-01-02 04:48:00,17432.8203604773,9679.26635323888,NA,17432.8203604773,9679.26635323888,-2316.31053971319
2020-01-02 04:49:00,NA,NA,-2303.96217937841,17487.6448715002,9690.45320517377,-2303.96217937841
2020-01-02 04:50:00,NA,NA,-2288.6672532382,17515.6475301862,9726.76575578592,-2288.6672532382
2020-01-02 04:51:00,17545.9205621041,9764.46510212163,NA,17545.9205621041,9764.46510212163,-2279.47916795321
2020-01-02 04:52:00,NA,NA,-2286.56886715401,17577.18334198,9794.5612026682,-2286.56886715401
2020-01-02 04:53:00,NA,NA,-2337.7474846596,17591.9112370404,9829.12782834716,-2337.7474846596
2020-01-02 04:54:00,17603.022646048,9878.99670584112,NA,17603.022646048,9878.99670584112,-2435.17259917529
2020-01-02 04:55:00,NA,NA,-2546.59885076645,17607.25504325,9908.43854867001,-2546.59885076645
2020-01-02 04:56:00,NA,NA,-2622.09993380577,17609.4617382821,9933.88696821835,-2622.09993380577
2020-01-02 04:57:00,NA,NA,-2665.69193782929,17601.4045507259,9969.64290799773,-2665.69193782929
2020-01-02 04:58:00,17597.5057412156,9965.21549857128,NA,17597.5057412156,9965.21549857128,-2695.33646354537
2020-01-02 04:59:00,NA,NA,-2724.78761377035,17582.283039474,9960.65807148337,-2724.78761377035
2020-01-02 05:00:00,17554.462009394,9976.37069183402,NA,17554.462009394,9976.37069183402,-2764.78112864172
2020-01-02 05:01:00,17512.1016111692,10014.9703733425,NA,17512.1016111692,10014.9703733425,-2779.00155898448
2020-01-02 05:02:00,NA,NA,-2789.29711598213,17477.4243703857,10032.4262053009,-2789.29711598213
2020-01-02 05:03:00,NA,NA,-2801.55070323658,17453.1197353743,10048.2674924444,-2801.55070323658
2020-01-02 05:04:00,NA,NA,-2810.96395757861,17417.0027919185,10070.1270943417,-2810.96395757861
2020-01-02 05:05:00,NA,NA,-2831.48951221553,17370.093053526,10087.4836379478,-2831.48951221553
2020-01-02 05:06:00,NA,NA,-2811.66616466344,17299.4114669414,10123.7231565522,-2811.66616466344
2020-01-02 05:07:00,NA,NA,-2782.07887182515,17211.9728423572,10177.6942970477,-2782.07887182515
2020-01-02 05:08:00,NA,NA,-2764.242071569,17115.4349225465,10229.4077960863,-2764.242071569
2020-01-02 05:09:00,NA,NA,-2755.82495947108,17016.2223082715,10290.3973828776,-2755.82495947108
2020-01-02 05:10:00,NA,NA,-2804.67011235145,16914.781866471,10333.614779491,-2804.67011235145
2020-01-02 05:11:00,16797.6202592206,10379.569705615,NA,16797.6202592206,10379.569705615,-2802.89348423857
2020-01-02 05:12:00,NA,NA,-2812.1728143999,16694.1752831347,10414.8235706444,-2812.1728143999
2020-01-02 05:13:00,NA,NA,-2819.95397810658,16610.41742857,10455.2879584786,-2819.95397810658
2020-01-02 05:14:00,NA,NA,-2805.61798268395,16533.625068381,10522.5405081795,-2805.61798268395
2020-01-02 05:15:00,NA,NA,-2753.72592858644,16413.8301125514,10559.2932954944,-2753.72592858644
2020-01-02 05:16:00,NA,NA,-2724.54527829019,16272.4790194087,10564.2885875416,-2724.54527829019
2020-01-02 05:17:00,16148.5609314564,10588.2753678916,NA,16148.5609314564,10588.2753678916,-2723.65085027443
2020-01-02 05:18:00,NA,NA,-2708.08125782348,16049.7936756441,10623.3964448065,-2708.08125782348
2020-01-02 05:19:00,15969.9131400857,10649.2296911782,NA,15969.9131400857,10649.2296911782,-2639.3238460873
2020-01-02 05:20:00,NA,NA,-2593.49126623084,15914.1730869512,10688.4653198782,-2593.49126623084
2020-01-02 05:21:00,15869.0078269495,10738.2588372956,NA,15869.0078269495,10738.2588372956,-2586.30160009622
2020-01-02 05:22:00,NA,NA,-2574.17254360906,15804.2881002846,10826.3970338772,-2574.17254360906
2020-01-02 05:23:00,NA,NA,-2532.03970893253,15734.3611476437,10915.0404480752,-2532.03970893253
2020-01-02 05:24:00,NA,NA,-2546.47007396744,15667.6047373598,11008.8737620419,-2546.47007396744
2020-01-02 05:25:00,NA,NA,-2527.39929293638,15610.8296055465,11110.0173557008,-2527.39929293638
2020-01-02 05:26:00,15563.5878022372,11220.5318415635,NA,15563.5878022372,11220.5318415635,-2491.90740003035
2020-01-02 05:27:00,NA,NA,-2481.26853816749,15542.4993162153,11315.0861680994,-2481.26853816749
2020-01-02 05:28:00,NA,NA,-2480.87041907751,15527.8283836505,11394.389525843,-2480.87041907751
2020-01-02 05:29:00,NA,NA,-2465.49993520073,15501.2678859986,11482.8604273914,-2465.49993520073
2020-01-02 05:30:00,NA,NA,-2444.63942540173,15501.1377905854,11582.081894443,-2444.63942540173
2020-01-02 05:31:00,NA,NA,-2410.83660464616,15487.1329390571,11673.2154591725,-2410.83660464616
2020-01-02 05:32:00,NA,NA,-2384.05069177224,15471.7680639403,11771.3898133147,-2384.05069177224
2020-01-02 05:33:00,NA,NA,-2360.88343524221,15460.2883124109,11863.2832864361,-2360.88343524221
2020-01-02 05:34:00,NA,NA,-2390.10065661024,15459.6671303499,11960.7002252983,-2390.10065661024
2020-01-02 05:35:00,NA,NA,-2412.6644966779,15456.0910904169,12057.6084817988,-2412.6644966779
2020-01-02 05:36:00,NA,NA,-2436.40795763595,15454.6019251555,12141.7420313527,-2436.40795763595
2020-01-02 05:37:00,NA,NA,-2520.5218851502,15463.8054212624,12220.9972017191,-2520.5218851502
2020-01-02 05:38:00,NA,NA,-2604.31380794818,15488.646243527,12288.7548363257,-2604.31380794818
2020-01-02 05:39:00,NA,NA,-2701.89664911171,15530.6406333626,12354.1390859412,-2701.89664911171
2020-01-02 05:40:00,NA,NA,-2777.43075207779,15567.8761225968,12405.5924813944,-2777.43075207779
2020-01-02 05:41:00,NA,NA,-2829.99349802914,15598.1475041403,12459.4882363053,-2829.99349802914
2020-01-02 05:42:00,NA,NA,-2867.80758024266,15658.9471505687,12515.6543757088,-2867.80758024266
2020-01-02 05:43:00,NA,NA,-2903.84090727197,15679.693288358,12556.0254619681,-2903.84090727197
2020-01-02 05:44:00,15722.73967581,12595.0273144992,NA,15722.73967581,12595.0273144992,-2925.3000515241
2020-01-02 05:45:00,NA,NA,-2994.9778414981,15760.6637549638,12635.7392244133,-2994.9778414981
2020-01-02 05:46:00,NA,NA,-3084.5418461572,15786.9563380317,12678.8691983457,-3084.5418461572
2020-01-02 05:47:00,NA,NA,-3141.69024888409,15812.1533942961,12699.9975812842,-3141.69024888409
2020-01-02 05:48:00,NA,NA,-3194.98754675004,15845.0819019231,12719.0263528745,-3194.98754675004
2020-01-02 05:49:00,NA,NA,-3265.90143261972,15890.4654410578,12748.1966534796,-3265.90143261972
2020-01-02 05:50:00,NA,NA,-3291.13121614332,15932.2679195358,12761.706379357,-3291.13121614332
2020-01-02 05:51:00,15977.3612095538,12764.4797189457,NA,15977.3612095538,12764.4797189457,-3318.9408985606
2020-01-02 05:52:00,NA,NA,-3344.81482275225,16043.3786282533,12761.9457244332,-3344.81482275225
2020-01-02 05:53:00,NA,NA,-3347.30047457091,16114.7615165216,12755.9765634605,-3347.30047457091
2020-01-02 05:54:00,NA,NA,-3327.83092521041,16174.995138184,12750.3228020418,-3327.83092521041
2020-01-02 05:55:00,NA,NA,-3311.24766051889,16217.2608066452,12749.7149289965,-3311.24766051889
2020-01-02 05:56:00,16240.399301042,12751.6222981904,NA,16240.399301042,12751.6222981904,-3310.1252721359
2020-01-02 05:57:00,NA,NA,-3308.93173950696,16267.2802042444,12764.0300262524,-3308.93173950696
2020-01-02 05:58:00,NA,NA,-3313.24059721903,16285.0355813874,12800.6897670629,-3313.24059721903
2020-01-02 05:59:00,NA,NA,-3323.40795654312,16290.6570062316,12854.6935444511,-3323.40795654312
2020-01-02 06:00:00,NA,NA,-3303.00450199933,16308.2860054174,12878.2069940234,-3303.00450199933
2020-01-02 06:01:00,16318.5361932533,12890.3975167202,NA,16318.5361932533,12890.3975167202,-3241.67998006648
2020-01-02 06:02:00,NA,NA,-3151.6262737147,16304.9655951373,12904.9245911567,-3151.6262737147
2020-01-02 06:03:00,NA,NA,-3041.50050059898,16289.7076822624,12914.3117363441,-3041.50050059898
2020-01-02 06:04:00,NA,NA,-2981.82938433389,16266.3034870215,12921.0213953908,-2981.82938433389
2020-01-02 06:05:00,16236.3466565751,12924.8713639551,NA,16236.3466565751,12924.8713639551,-2944.78969377108
2020-01-02 06:06:00,NA,NA,-2935.34910194211,16187.7637680949,12941.8090487162,-2935.34910194211
2020-01-02 06:07:00,NA,NA,-2923.11616262204,16139.383174081,12981.7998310457,-2923.11616262204
2020-01-02 06:08:00,NA,NA,-2899.78877403198,16073.771735758,13022.1805737047,-2899.78877403198
2020-01-02 06:09:00,NA,NA,-2862.20495904739,15997.5976516401,13067.4304382034,-2862.20495904739
2020-01-02 06:10:00,NA,NA,-2788.15506535701,15929.674403562,13121.6971992976,-2788.15506535701
2020-01-02 06:11:00,15839.3249571119,13178.9761777369,NA,15839.3249571119,13178.9761777369,-2680.24660224321
2020-01-02 06:12:00,NA,NA,-2621.50699231138,15731.4577815909,13230.8782520136,-2621.50699231138
2020-01-02 06:13:00,NA,NA,-2611.5629726305,15633.0620171208,13286.1038888253,-2611.5629726305
2020-01-02 06:14:00,NA,NA,-2604.07063241585,15547.2066282486,13337.4069458049,-2604.07063241585
2020-01-02 06:15:00,NA,NA,-2586.94397779262,15471.60865605,13372.5692851142,-2586.94397779262
2020-01-02 06:16:00,15415.9425741925,13407.2074849602,NA,15415.9425741925,13407.2074849602,-2550.87671915707
2020-01-02 06:17:00,NA,NA,-2511.76615634559,15378.3859414003,13442.684012906,-2511.76615634559
2020-01-02 06:18:00,NA,NA,-2477.17923420365,15355.9756620037,13467.457131155,-2477.17923420365
2020-01-02 06:19:00,15356.395863943,13512.1509843527,NA,15356.395863943,13512.1509843527,-2417.86611234504
2020-01-02 06:20:00,NA,NA,-2350.0847683838,15355.9855245812,13564.1855972577,-2350.0847683838
2020-01-02 06:21:00,15340.2956854759,13603.5547208187,NA,15340.2956854759,13603.5547208187,-2299.56898224117
2020-01-02 06:22:00,15311.7309044462,13613.6656845337,NA,15311.7309044462,13613.6656845337,-2292.78333440449
2020-01-02 06:23:00,NA,NA,-2312.85770012972,15290.0240423308,13623.206358384,-2312.85770012972
2020-01-02 06:24:00,15268.5314878606,13650.8186909712,NA,15268.5314878606,13650.8186909712,-2354.4908591698
2020-01-02 06:25:00,NA,NA,-2364.77231461416,15248.8998266592,13686.6813031743,-2364.77231461416
2020-01-02 06:26:00,NA,NA,-2350.47605525974,15237.7858459107,13726.0137636212,-2350.47605525974
2020-01-02 06:27:00,NA,NA,-2357.55993352292,15235.3375216818,13776.6119953756,-2357.55993352292
2020-01-02 06:28:00,NA,NA,-2339.12526158959,15242.5284587581,13824.1301478362,-2339.12526158959
2020-01-02 06:29:00,NA,NA,-2347.57402546555,15256.8720794075,13832.6211490237,-2347.57402546555
2020-01-02 06:30:00,NA,NA,-2413.46402603346,15253.6365802252,13851.5077771957,-2413.46402603346
2020-01-02 06:31:00,NA,NA,-2475.09971451805,15239.5095763515,13905.7874355373,-2475.09971451805
2020-01-02 06:32:00,NA,NA,-2522.70981312912,15193.4539533569,13971.2845350197,-2522.70981312912
2020-01-02 06:33:00,NA,NA,-2505.83039850814,15170.8850198938,14026.7106406843,-2505.83039850814
2020-01-02 06:34:00,NA,NA,-2478.60240418968,15150.6805248261,14090.7171526528,-2478.60240418968
2020-01-02 06:35:00,NA,NA,-2493.4205744872,15112.2789932711,14153.8054062717,-2493.4205744872
2020-01-02 06:36:00,NA,NA,-2550.13530637509,15066.9778786903,14223.6752722058,-2550.13530637509
2020-01-02 06:37:00,NA,NA,-2579.06886377082,15027.7084582893,14287.7042486346,-2579.06886377082
2020-01-02 06:38:00,NA,NA,-2588.36304166933,14993.4926432867,14337.12211125,-2588.36304166933
2020-01-02 06:39:00,NA,NA,-2637.22683850092,14940.7517310538,14401.2770036788,-2637.22683850092
2020-01-02 06:40:00,14889.5289776171,14467.5779308801,NA,14889.5289776171,14467.5779308801,-2717.28472872953
2020-01-02 06:41:00,NA,NA,-2775.1060738402,14826.8158833275,14538.8235516977,-2775.1060738402
2020-01-02 06:42:00,NA,NA,-2846.62019093592,14759.8553846538,14593.0436535558,-2846.62019093592
2020-01-02 06:43:00,NA,NA,-2899.74423632233,14710.749433026,14631.9772315351,-2899.74423632233
2020-01-02 06:44:00,NA,NA,-2929.59874499715,14664.1932032838,14641.4765065307,-2929.59874499715
2020-01-02 06:45:00,NA,NA,-2955.76868612322,14599.2968565849,14644.1829870487,-2955.76868612322
2020-01-02 06:46:00,NA,NA,-2911.33573713175,14529.6560441279,14666.9541620374,-2911.33573713175
2020-01-02 06:47:00,NA,NA,-2893.86199648752,14452.8443719344,14709.4688722392,-2893.86199648752
2020-01-02 06:48:00,NA,NA,-2877.15072659134,14376.7622750249,14742.9111199167,-2877.15072659134
2020-01-02 06:49:00,NA,NA,-2843.35464818871,14306.1740012271,14786.4502516171,-2843.35464818871
2020-01-02 06:50:00,NA,NA,-2830.08875805598,14237.4413293335,14830.0260733103,-2830.08875805598
2020-01-02 06:51:00,NA,NA,-2810.56854946699,14146.5806234831,14848.5553690129,-2810.56854946699
2020-01-02 06:52:00,NA,NA,-2810.67055913932,14040.5610028535,14867.7691055339,-2810.67055913932
2020-01-02 06:53:00,NA,NA,-2791.98535630146,13894.4276466012,14904.4494894585,-2791.98535630146
2020-01-02 06:54:00,NA,NA,-2745.40775021312,13742.0542369616,14950.285110418,-2745.40775021312
2020-01-02 06:55:00,NA,NA,-2708.81560937692,13568.6349765402,14981.9630967673,-2708.81560937692
2020-01-02 06:56:00,13399.9399050467,15028.8965986937,NA,13399.9399050467,15028.8965986937,-2692.65754168069
2020-01-02 06:57:00,NA,NA,-2680.19553633796,13221.5046394983,15089.9242826074,-2680.19553633796
2020-01-02 06:58:00,NA,NA,-2640.05138181387,13064.4642984702,15166.0639594276,-2640.05138181387
2020-01-02 06:59:00,NA,NA,-2575.54840440046,12937.7968781508,15233.7942010703,-2575.54840440046
2020-01-02 07:00:00,12837.6928088598,15282.2519877196,NA,12837.6928088598,15282.2519877196,-2475.70517439297
2020-01-02 07:01:00,12753.2694265816,15306.9946103627,NA,12753.2694265816,15306.9946103627,-2385.46367881995
2020-01-02 07:02:00,NA,NA,-2323.77010592932,12675.372727937,15330.608830819,-2323.77010592932
2020-01-02 07:03:00,NA,NA,-2242.41200682703,12603.7603554082,15329.1641359985,-2242.41200682703
2020-01-02 07:04:00,NA,NA,-2191.66988789276,12526.6214117171,15321.7824426107,-2191.66988789276
2020-01-02 07:05:00,NA,NA,-2216.03495945349,12433.9317068518,15320.6791388172,-2216.03495945349
2020-01-02 07:06:00,12343.9341037087,15316.8901244693,NA,12343.9341037087,15316.8901244693,-2300.89434918202
2020-01-02 07:07:00,NA,NA,-2395.2615127872,12256.4027436458,15313.7758052656,-2395.2615127872
2020-01-02 07:08:00,NA,NA,-2466.27266646791,12187.3587504787,15324.231973703,-2466.27266646791
2020-01-02 07:09:00,NA,NA,-2561.3676054927,12112.8240641274,15326.0180135168,-2561.3676054927
2020-01-02 07:10:00,12041.5339940776,15301.0950648251,NA,12041.5339940776,15301.0950648251,-2704.97706707936
2020-01-02 07:11:00,NA,NA,-2825.53625026508,11971.8707919108,15289.5648814553,-2825.53625026508
2020-01-02 07:12:00,11906.1807596772,15305.0362026544,NA,11906.1807596772,15305.0362026544,-2930.86608270176
2020-01-02 07:13:00,NA,NA,-2994.64407586514,11837.9400900317,15319.5244368042,-2994.64407586514
2020-01-02 07:14:00,NA,NA,-3036.44415849784,11796.4684547917,15334.2803332189,-3036.44415849784
2020-01-02 07:15:00,NA,NA,-3044.07912124363,11762.1771785662,15356.2476909263,-3044.07912124363
2020-01-02 07:16:00,NA,NA,-3047.41685940003,11720.2375797202,15381.1904365469,-3047.41685940003
2020-01-02 07:17:00,NA,NA,-3057.66660135429,11669.9057428273,15415.3232533026,-3057.66660135429
2020-01-02 07:18:00,NA,NA,-3071.35521435946,11623.9350315418,15434.2520381247,-3071.35521435946
2020-01-02 07:19:00,NA,NA,-3115.63293526952,11573.4109748384,15447.6634377795,-3115.63293526952
2020-01-02 07:20:00,NA,NA,-3148.23079324759,11518.4677322987,15474.4129642787,-3148.23079324759
2020-01-02 07:21:00,11484.7745504123,15513.2482528237,NA,11484.7745504123,15513.2482528237,-3181.49825597147
2020-01-02 07:22:00,NA,NA,-3218.71457989385,11463.4907987662,15549.6987018785,-3218.71457989385
2020-01-02 07:23:00,11442.7496187648,15553.3265698629,NA,11442.7496187648,15553.3265698629,-3270.66645446187
2020-01-02 07:24:00,11427.4683905605,15550.6809365036,NA,11427.4683905605,15550.6809365036,-3294.54645233384
2020-01-02 07:25:00,NA,NA,-3286.24568186873,11400.1876841721,15563.3826276193,-3286.24568186873
2020-01-02 07:26:00,NA,NA,-3273.15695815845,11366.185045434,15583.5060734417,-3273.15695815845
2020-01-02 07:27:00,NA,NA,-3271.35291641721,11328.9991189791,15614.9344735747,-3271.35291641721
2020-01-02 07:28:00,NA,NA,-3238.03620477427,11281.1333932322,15639.3506200178,-3238.03620477427
2020-01-02 07:29:00,11235.869034785,15658.832106051,NA,11235.869034785,15658.832106051,-3225.2267531128
2020-01-02 07:30:00,NA,NA,-3234.86088821816,11185.9448221345,15672.3387883779,-3234.86088821816
2020-01-02 07:31:00,NA,NA,-3230.26027626215,11129.2332396477,15686.6667130058,-3230.26027626215
2020-01-02 07:32:00,NA,NA,-3255.79049569507,11079.2363349882,15703.6835108638,-3255.79049569507
2020-01-02 07:33:00,NA,NA,-3339.67208833163,11012.7171871039,15720.2617657534,-3339.67208833163
2020-01-02 07:34:00,NA,NA,-3462.15668613078,10948.0048534729,15732.1689882687,-3462.15668613078
2020-01-02 07:35:00,NA,NA,-3560.03640935047,10901.2913475304,15750.1825645057,-3560.03640935047
2020-01-02 07:36:00,NA,NA,-3595.65335858201,10837.8169512296,15787.0440626153,-3595.65335858201
2020-01-02 07:37:00,10742.7921132245,15815.1612183038,NA,10742.7921132245,15815.1612183038,-3671.63256025477
2020-01-02 07:38:00,NA,NA,-3683.69108581572,10642.306726311,15821.299382446,-3683.69108581572
2020-01-02 07:39:00,NA,NA,-3699.92193914555,10514.6667267844,15801.7820820639,-3699.92193914555
2020-01-02 07:40:00,NA,NA,-3740.50886109392,10395.422499043,15785.7963923697,-3740.50886109392
2020-01-02 07:41:00,NA,NA,-3776.5121183643,10288.527077445,15768.1018405856,-3776.5121183643
2020-01-02 07:42:00,NA,NA,-3793.87089438116,10206.7163436943,15741.2912457795,-3793.87089438116
2020-01-02 07:43:00,NA,NA,-3777.95410243823,10134.6336612018,15719.5413561301,-3777.95410243823
2020-01-02 07:44:00,NA,NA,-3759.58731149699,10061.8802088264,15685.4781981965,-3759.58731149699
2020-01-02 07:45:00,NA,NA,-3763.6492894772,10002.0504827018,15636.7745688482,-3763.6492894772
2020-01-02 07:46:00,NA,NA,-3796.23685582072,9946.46002776157,15576.0239409867,-3796.23685582072
2020-01-02 07:47:00,NA,NA,-3874.32370849909,9891.89767740334,15495.988249897,-3874.32370849909
2020-01-02 07:48:00,NA,NA,-3931.10311661718,9834.71136252212,15420.0941542593,-3931.10311661718
2020-01-02 07:49:00,9778.40089829292,15364.5195169324,NA,9778.40089829292,15364.5195169324,-3988.73392995817
2020-01-02 07:50:00,9724.0465595506,15303.5775105075,NA,9724.0465595506,15303.5775105075,-4064.15097097097
2020-01-02 07:51:00,NA,NA,-4182.66328475524,9667.04302183338,15273.3204974055,-4182.66328475524
2020-01-02 07:52:00,NA,NA,-4276.88867322432,9595.52521768985,15233.499043388,-4276.88867322432
2020-01-02 07:53:00,NA,NA,-4352.34906580086,9511.42618039898,15182.4586646041,-4352.34906580086
2020-01-02 07:54:00,NA,NA,-4393.19696723198,9424.91133660986,15146.7474899201,-4393.19696723198
2020-01-02 07:55:00,NA,NA,-4376.80625727092,9334.77462328761,15114.7761242613,-4376.80625727092
2020-01-02 07:56:00,9256.25787672454,15089.1238772704,NA,9256.25787672454,15089.1238772704,-4307.97408689896
2020-01-02 07:57:00,NA,NA,-4261.33081978411,9179.62120064052,15072.5132515309,-4261.33081978411
2020-01-02 07:58:00,NA,NA,-4269.6656615348,9113.41822231981,15075.0964559432,-4269.6656615348
2020-01-02 07:59:00,NA,NA,-4322.39761643387,9059.48134396791,15083.9901822599,-4322.39761643387
2020-01-02 08:00:00,NA,NA,-4388.25692347596,9006.34081544366,15083.8361997444,-4388.25692347596
2020-01-02 08:01:00,NA,NA,-4441.64132204968,8937.52445361588,15045.8665234575,-4441.64132204968
2020-01-02 08:02:00,NA,NA,-4487.7043362076,8892.69060391109,14999.423208679,-4487.7043362076
2020-01-02 08:03:00,NA,NA,-4551.45295788262,8847.66478848645,14934.7931137993,-4551.45295788262
2020-01-02 08:04:00,NA,NA,-4623.2338475109,8784.71575657598,14853.1945381488,-4623.2338475109
2020-01-02 08:05:00,NA,NA,-4666.28110798789,8731.24835806476,14746.7923142621,-4666.28110798789
2020-01-02 08:06:00,NA,NA,-4677.4514067875,8680.06178812775,14661.1774367781,-4677.4514067875
2020-01-02 08:07:00,NA,NA,-4659.84663320206,8631.80031492117,14564.4963074741,-4659.84663320206
2020-01-02 08:08:00,NA,NA,-4615.18813998075,8573.40886930785,14456.4412435073,-4615.18813998075
2020-01-02 08:09:00,NA,NA,-4553.98830995924,8486.56809830014,14359.9027248729,-4553.98830995924
2020-01-02 08:10:00,NA,NA,-4521.86617812532,8386.60603923578,14262.144673735,-4521.86617812532
2020-01-02 08:11:00,NA,NA,-4530.92366398365,8276.91119356028,14174.6703623589,-4530.92366398365
2020-01-02 08:12:00,NA,NA,-4572.7538332765,8176.19732290353,14100.9567377665,-4572.7538332765
2020-01-02 08:13:00,NA,NA,-4624.72682655556,8089.04051805485,14038.0973231762,-4624.72682655556
2020-01-02 08:14:00,NA,NA,-4687.06076130495,8010.77964270788,13964.6168050923,-4687.06076130495
2020-01-02 08:15:00,NA,NA,-4696.46125474932,7924.00574342997,13882.1370801039,-4696.46125474932
2020-01-02 08:16:00,NA,NA,-4690.99774260787,7854.15509203716,13796.8374140593,-4690.99774260787
2020-01-02 08:17:00,7778.66926585666,13698.7953768446,NA,7778.66926585666,13698.7953768446,-4714.57950068497
2020-01-02 08:18:00,NA,NA,-4719.05268349985,7703.38783589453,13597.1180601714,-4719.05268349985
2020-01-02 08:19:00,NA,NA,-4713.51204226252,7606.2902728369,13478.3347454457,-4713.51204226252
2020-01-02 08:20:00,NA,NA,-4685.0005926403,7496.23228973988,13358.0460040334,-4685.0005926403
2020-01-02 08:21:00,NA,NA,-4656.3737918049,7405.64357786311,13248.5185865937,-4656.3737918049
2020-01-02 08:22:00,7319.75385371357,13140.9533836909,NA,7319.75385371357,13140.9533836909,-4621.70104310612
2020-01-02 08:23:00,NA,NA,-4625.81179935115,7240.38039397984,13044.6922921861,-4625.81179935115
2020-01-02 08:24:00,7172.82526909877,12975.0492036114,NA,7172.82526909877,12975.0492036114,-4619.5205198144
2020-01-02 08:25:00,NA,NA,-4607.54341763201,7108.39122059509,12894.3658133762,-4607.54341763201
2020-01-02 08:26:00,NA,NA,-4615.32636609363,7073.75672816148,12808.6613892801,-4615.32636609363
2020-01-02 08:27:00,NA,NA,-4612.0126258641,7034.7792959416,12746.6986117843,-4612.0126258641
2020-01-02 08:28:00,NA,NA,-4590.26670481138,6983.84097085848,12698.5872458117,-4590.26670481138
2020-01-02 08:29:00,NA,NA,-4605.26292570894,6913.74378199416,12676.964033775,-4605.26292570894
2020-01-02 08:30:00,NA,NA,-4581.23361767446,6841.24554531052,12655.5747429236,-4581.23361767446
2020-01-02 08:31:00,NA,NA,-4552.60110429035,6766.44961149495,12620.3533128701,-4552.60110429035
2020-01-02 08:32:00,NA,NA,-4515.70431168492,6662.23415171306,12587.377362669,-4515.70431168492
2020-01-02 08:33:00,NA,NA,-4479.56173539195,6526.15489616506,12552.6047334176,-4479.56173539195
2020-01-02 08:34:00,NA,NA,-4440.63932901071,6376.91989173076,12526.7528490367,-4440.63932901071
2020-01-02 08:35:00,NA,NA,-4336.30168576091,6207.23049909295,12502.7349691447,-4336.30168576091
2020-01-02 08:36:00,6031.53566680723,12485.6378502878,NA,6031.53566680723,12485.6378502878,-4288.75712157484
2020-01-02 08:37:00,NA,NA,-4264.05211710012,5897.22666395584,12469.2073741151,-4264.05211710012
2020-01-02 08:38:00,NA,NA,-4253.37196665888,5774.96670897237,12471.2385601257,-4253.37196665888
2020-01-02 08:39:00,NA,NA,-4236.46752614021,5636.01745387652,12481.1455813137,-4236.46752614021
2020-01-02 08:40:00,NA,NA,-4203.39175956846,5482.79773237399,12484.5657024826,-4203.39175956846
2020-01-02 08:41:00,NA,NA,-4197.43848610465,5330.58532303764,12495.3288740698,-4197.43848610465
2020-01-02 08:42:00,5171.97375923231,12504.3622630894,NA,5171.97375923231,12504.3622630894,-4249.87175107638
2020-01-02 08:43:00,NA,NA,-4305.46226479293,5039.66951194196,12505.4477205101,-4305.46226479293
2020-01-02 08:44:00,NA,NA,-4361.86321953526,4898.3250322104,12487.3097510069,-4361.86321953526
2020-01-02 08:45:00,NA,NA,-4405.76742187133,4769.73374868204,12474.0620770333,-4405.76742187133
2020-01-02 08:46:00,NA,NA,-4443.91176552258,4651.10941827982,12477.3966892867,-4443.91176552258
2020-01-02 08:47:00,NA,NA,-4429.17360747304,4531.49700612567,12505.2748832666,-4429.17360747304
2020-01-02 08:48:00,NA,NA,-4391.94379982281,4412.26464444286,12546.2091644808,-4391.94379982281
2020-01-02 08:49:00,NA,NA,-4371.65975260776,4304.46931774851,12601.2030910376,-4371.65975260776
2020-01-02 08:50:00,NA,NA,-4355.10900622243,4177.72932782936,12664.2379315338,-4355.10900622243
2020-01-02 08:51:00,4065.44785641549,12707.3699943931,NA,4065.44785641549,12707.3699943931,-4318.60746284274
2020-01-02 08:52:00,3976.62340376857,12739.9614840013,NA,3976.62340376857,12739.9614840013,-4268.35501623332
2020-01-02 08:53:00,NA,NA,-4231.01128932682,3896.89715084108,12789.3986573448,-4231.01128932682
2020-01-02 08:54:00,NA,NA,-4211.85349837711,3821.97651291869,12853.2881290749,-4211.85349837711
2020-01-02 08:55:00,NA,NA,-4211.5806519776,3757.18694827032,12892.1917689882,-4211.5806519776
2020-01-02 08:56:00,NA,NA,-4211.88844764463,3676.03269176685,12913.6013444136,-4211.88844764463
2020-01-02 08:57:00,NA,NA,-4209.27359786908,3599.86845592673,12917.0812271576,-4209.27359786908
2020-01-02 08:58:00,3515.24953308502,12911.1576344347,NA,3515.24953308502,12911.1576344347,-4185.31694019822
2020-01-02 08:59:00,NA,NA,-4180.20146758551,3403.88706272801,12876.0583237443,-4180.20146758551
2020-01-02 09:00:00,NA,NA,-4162.18885553429,3281.80844257818,12837.6291388136,-4162.18885553429
2020-01-02 09:01:00,NA,NA,-4139.7361601014,3142.77430962058,12798.368208802,-4139.7361601014
2020-01-02 09:02:00,NA,NA,-4099.75948943314,3024.26159299168,12760.1549776677,-4099.75948943314
2020-01-02 09:03:00,NA,NA,-4093.92604035003,2940.66517651177,12722.6044399488,-4093.92604035003
2020-01-02 09:04:00,NA,NA,-4086.30517588586,2886.9500761684,12670.8949629157,-4086.30517588586
2020-01-02 09:05:00,2857.43502424996,12615.5574704501,NA,2857.43502424996,12615.5574704501,-4073.00857570986
2020-01-02 09:06:00,2845.3970075027,12563.4627581411,NA,2845.3970075027,12563.4627581411,-4045.2012589154
2020-01-02 09:07:00,NA,NA,-3996.92696627701,2843.32728087857,12506.6280865135,-3996.92696627701
2020-01-02 09:08:00,NA,NA,-3934.79358596012,2848.97402887622,12473.3056244761,-3934.79358596012
2020-01-02 09:09:00,NA,NA,-3881.8786123768,2846.9137661468,12439.7670310166,-3881.8786123768
2020-01-02 09:10:00,NA,NA,-3856.28072767171,2843.46997335472,12413.6480341506,-3856.28072767171
2020-01-02 09:11:00,NA,NA,-3845.6917232406,2834.67754806851,12385.889539753,-3845.6917232406
2020-01-02 09:12:00,NA,NA,-3862.9170888945,2809.90594160129,12334.5845530963,-3862.9170888945
2020-01-02 09:13:00,2785.53322658114,12299.3335224926,NA,2785.53322658114,12299.3335224926,-3877.47063691111
2020-01-02 09:14:00,2774.55272324296,12269.3440843727,NA,2774.55272324296,12269.3440843727,-3856.8756100639
2020-01-02 09:15:00,NA,NA,-3826.67036214643,2805.50293214919,12242.4267215031,-3826.67036214643
2020-01-02 09:16:00,NA,NA,-3771.10752432806,2854.82166618327,12199.5655355386,-3771.10752432806
2020-01-02 09:17:00,NA,NA,-3749.82332119077,2895.00892697122,12151.1002252106,-3749.82332119077
2020-01-02 09:18:00,2941.92469023121,12113.6624425878,NA,2941.92469023121,12113.6624425878,-3724.54490060618
2020-01-02 09:19:00,NA,NA,-3668.60245335394,2985.02925590175,12074.1936646336,-3668.60245335394
2020-01-02 09:20:00,3044.73847651753,12030.041690281,NA,3044.73847651753,12030.041690281,-3598.32085318942
2020-01-02 09:21:00,3107.39775930681,11962.9352710651,NA,3107.39775930681,11962.9352710651,-3535.81739595907
2020-01-02 09:22:00,NA,NA,-3500.82406973106,3153.07748386079,11887.1708863927,-3500.82406973106
2020-01-02 09:23:00,NA,NA,-3492.27309028927,3212.36607585944,11820.888707486,-3492.27309028927
2020-01-02 09:24:00,NA,NA,-3501.38340025623,3290.02319629074,11771.6363242425,-3501.38340025623
2020-01-02 09:25:00,NA,NA,-3483.26134825919,3363.75359929545,11734.7821431369,-3483.26134825919
2020-01-02 09:26:00,NA,NA,-3420.63922576275,3421.83570748764,11685.9100590883,-3420.63922576275
2020-01-02 09:27:00,NA,NA,-3327.42622745186,3474.91944228485,11629.6165657277,-3327.42622745186
2020-01-02 09:28:00,NA,NA,-3256.32871591766,3546.11153000964,11578.511038593,-3256.32871591766
2020-01-02 09:29:00,3617.5130706498,11519.4829691215,NA,3617.5130706498,11519.4829691215,-3254.54758138622
2020-01-02 09:30:00,NA,NA,-3257.7307437274,3693.72429980277,11461.4477647285,-3257.7307437274
2020-01-02 09:31:00,NA,NA,-3255.26535668628,3766.13572192503,11388.5474885067,-3255.26535668628
2020-01-02 09:32:00,NA,NA,-3257.61571404083,3842.88709926647,11328.2324748838,-3257.61571404083
2020-01-02 09:33:00,NA,NA,-3303.4033390233,3937.60920203282,11261.7681535276,-3303.4033390233
2020-01-02 09:34:00,NA,NA,-3348.74346532047,4045.57718482362,11218.1732210916,-3348.74346532047
2020-01-02 09:35:00,NA,NA,-3395.70388882354,4158.0415856532,11197.9480907144,-3395.70388882354
2020-01-02 09:36:00,NA,NA,-3434.25662456946,4276.94138949993,11197.127790719,-3434.25662456946
2020-01-02 09:37:00,NA,NA,-3531.82000434111,4412.4088374019,11220.5460933729,-3531.82000434111
2020-01-02 09:38:00,NA,NA,-3613.56918710539,4569.88873434269,11258.0234809845,-3613.56918710539
2020-01-02 09:39:00,NA,NA,-3671.79358985832,4772.94078825651,11295.1959280337,-3671.79358985832
2020-01-02 09:40:00,NA,NA,-3724.41735534119,4979.8898139684,11336.1788018763,-3724.41735534119
2020-01-02 09:41:00,NA,NA,-3779.07682027851,5184.73728026024,11381.0599892311,-3779.07682027851
2020-01-02 09:42:00,NA,NA,-3791.454080357,5375.5315702046,11430.369671605,-3791.454080357
2020-01-02 09:43:00,5540.91323155748,11495.7640586295,NA,5540.91323155748,11495.7640586295,-3848.5310987984
2020-01-02 09:44:00,NA,NA,-3931.34783966992,5696.2275307319,11557.9803601406,-3931.34783966992
2020-01-02 09:45:00,5861.77915889245,11621.2415227518,NA,5861.77915889245,11621.2415227518,-3986.2801502568
2020-01-02 09:46:00,NA,NA,-4011.07334045019,6035.48661403122,11697.6320331828,-4011.07334045019
2020-01-02 09:47:00,NA,NA,-4034.72469374598,6207.53840154862,11772.0639158959,-4034.72469374598
2020-01-02 09:48:00,NA,NA,-4040.87265483245,6413.67955916315,11853.3666742854,-4040.87265483245
2020-01-02 09:49:00,NA,NA,-4037.2476386465,6630.37484065841,11930.491995856,-4037.2476386465
2020-01-02 09:50:00,NA,NA,-3991.11296144185,6850.95243774675,12021.9088249909,-3991.11296144185
2020-01-02 09:51:00,NA,NA,-3977.4624122063,7053.62384010045,12131.462813353,-3977.4624122063
2020-01-02 09:52:00,NA,NA,-3994.22607094774,7269.14504107937,12249.1105609217,-3994.22607094774
2020-01-02 09:53:00,7487.42460361744,12359.3057775332,NA,7487.42460361744,12359.3057775332,-4014.29271075082
2020-01-02 09:54:00,NA,NA,-4038.23711716219,7703.57288328346,12479.5595510628,-4038.23711716219
2020-01-02 09:55:00,NA,NA,-4014.46921372106,7916.75307759024,12568.1976934073,-4014.46921372106
2020-01-02 09:56:00,NA,NA,-3985.6599409221,8107.73365177521,12643.3935030564,-3985.6599409221
2020-01-02 09:57:00,8276.87669054699,12732.7948885662,NA,8276.87669054699,12732.7948885662,-3938.15108848724
2020-01-02 09:58:00,NA,NA,-3906.99344853814,8447.40697679059,12819.6653436611,-3906.99344853814
2020-01-02 09:59:00,NA,NA,-3891.3832296125,8632.10071482531,12918.1993105712,-3891.3832296125
2020-01-02 10:00:00,NA,NA,-3840.73960380464,8807.50024841081,13011.4131523959,-3840.73960380464
2020-01-02 10:01:00,8989.92803160529,13085.1915174302,NA,8989.92803160529,13085.1915174302,-3793.00746954125
2020-01-02 10:02:00,NA,NA,-3754.27282822236,9155.68238914559,13169.7781674359,-3754.27282822236
2020-01-02 10:03:00,NA,NA,-3716.09640052397,9319.99494587876,13241.4718424789,-3716.09640052397
2020-01-02 10:04:00,NA,NA,-3660.54895195781,9476.61126836712,13306.5432496314,-3660.54895195781
2020-01-02 10:05:00,NA,NA,-3577.93173029777,9620.09380246857,13357.7842091672,-3577.93173029777
2020-01-02 10:06:00,NA,NA,-3498.64440829371,9726.4092575068,13422.3202271666,-3498.64440829371
2020-01-02 10:07:00,NA,NA,-3374.40103145813,9835.49118709507,13502.6557091742,-3374.40103145813
2020-01-02 10:08:00,NA,NA,-3255.85643296523,9916.25107327577,13558.4779926848,-3255.85643296523
2020-01-02 10:09:00,NA,NA,-3182.9229708405,9986.96899747938,13612.6314617145,-3182.9229708405
2020-01-02 10:10:00,10054.3147492349,13662.0648782899,NA,10054.3147492349,13662.0648782899,-3104.20550483284
2020-01-02 10:11:00,NA,NA,-3032.63833825831,10127.9108228131,13719.4623991925,-3032.63833825831
2020-01-02 10:12:00,NA,NA,-2983.34447863128,10232.990509526,13782.2870745392,-2983.34447863128
2020-01-02 10:13:00,NA,NA,-2930.01647581259,10345.0794952116,13868.1316305005,-2930.01647581259
2020-01-02 10:14:00,NA,NA,-2831.82012461624,10478.8471392486,13990.2205186876,-2831.82012461624
2020-01-02 10:15:00,NA,NA,-2708.052909358,10607.9894392417,14115.0129160314,-2708.052909358
2020-01-02 10:16:00,10729.6106898131,14247.2469516345,NA,10729.6106898131,14247.2469516345,-2622.55119430666
2020-01-02 10:17:00,NA,NA,-2565.46168171633,10858.6385621591,14354.9141303887,-2565.46168171633
2020-01-02 10:18:00,NA,NA,-2551.39805782611,10985.5607862952,14459.2045941836,-2551.39805782611
2020-01-02 10:19:00,NA,NA,-2565.00240724878,11092.9715954144,14548.4874672502,-2565.00240724878
2020-01-02 10:20:00,NA,NA,-2549.09296618792,11183.8090089046,14651.8141161097,-2549.09296618792
2020-01-02 10:21:00,NA,NA,-2501.78423391109,11266.7644190511,14735.6086350263,-2501.78423391109
2020-01-02 10:22:00,NA,NA,-2478.6219899084,11344.9047164496,14790.1115558749,-2478.6219899084
2020-01-02 10:23:00,NA,NA,-2469.99449388893,11392.5894681023,14848.6159926224,-2469.99449388893
2020-01-02 10:24:00,NA,NA,-2466.52886000955,11460.3091307706,14921.6869609027,-2466.52886000955
2020-01-02 10:25:00,NA,NA,-2507.14835555507,11560.6384214112,15014.3002322746,-2507.14835555507
2020-01-02 10:26:00,NA,NA,-2567.42903579747,11662.0484491757,15095.8022253297,-2567.42903579747
2020-01-02 10:27:00,11741.1562060645,15153.9872334081,NA,11741.1562060645,15153.9872334081,-2643.12071327504
2020-01-02 10:28:00,NA,NA,-2722.28001978555,11814.8030123925,15208.5829324227,-2722.28001978555
2020-01-02 10:29:00,NA,NA,-2748.18977205598,11907.8261403019,15249.3293285969,-2748.18977205598
2020-01-02 10:30:00,NA,NA,-2740.54443051244,12004.0090177968,15257.550089873,-2740.54443051244
2020-01-02 10:31:00,12101.6640485666,15280.2698334686,NA,12101.6640485666,15280.2698334686,-2722.36516054571
2020-01-02 10:32:00,NA,NA,-2719.54349474256,12206.6233645459,15308.8568436075,-2719.54349474256
2020-01-02 10:33:00,NA,NA,-2707.29269537113,12304.083712797,15339.5446436553,-2707.29269537113
2020-01-02 10:34:00,12370.6794447378,15385.1342803026,NA,12370.6794447378,15385.1342803026,-2681.14762214948
2020-01-02 10:35:00,NA,NA,-2708.506262796,12452.9478256852,15432.3551842831,-2708.506262796
2020-01-02 10:36:00,12534.1600115738,15491.2617888682,NA,12534.1600115738,15491.2617888682,-2714.0813047652
2020-01-02 10:37:00,NA,NA,-2670.27242923953,12614.8675920933,15539.5064408722,-2670.27242923953
2020-01-02 10:38:00,NA,NA,-2584.18068619951,12703.3311233591,15579.7483121771,-2584.18068619951
2020-01-02 10:39:00,NA,NA,-2440.52837853878,12769.060275144,15620.0642753228,-2440.52837853878
2020-01-02 10:40:00,NA,NA,-2324.20360549458,12841.314970188,15664.0688244617,-2324.20360549458
2020-01-02 10:41:00,NA,NA,-2270.04876065825,12926.5598052808,15707.280642201,-2270.04876065825
2020-01-02 10:42:00,NA,NA,-2222.70070881072,13017.9602773053,15715.0497819847,-2222.70070881072
2020-01-02 10:43:00,NA,NA,-2174.9274714346,13127.4357614374,15730.4190264831,-2174.9274714346
2020-01-02 10:44:00,NA,NA,-2120.95372616431,13228.9299057273,15762.8239239495,-2120.95372616431
2020-01-02 10:45:00,NA,NA,-2055.74101377695,13327.4724233134,15781.7913134865,-2055.74101377695
2020-01-02 10:46:00,NA,NA,-2014.28833406538,13426.5107741544,15796.0891607091,-2014.28833406538
2020-01-02 10:47:00,NA,NA,-1982.59317410131,13528.4754451289,15813.9482154722,-1982.59317410131
2020-01-02 10:48:00,NA,NA,-1939.03581407119,13632.3846586143,15849.3219590768,-1939.03581407119
2020-01-02 10:49:00,NA,NA,-1943.17170063229,13745.5841217922,15890.4881840134,-1943.17170063229
2020-01-02 10:50:00,13839.2854935858,15937.8122325115,NA,13839.2854935858,15937.8122325115,-1920.42700206948
2020-01-02 10:51:00,NA,NA,-1914.09160747453,13899.5410737635,15965.056787625,-1914.09160747453
2020-01-02 10:52:00,NA,NA,-1907.11461561545,13931.8472068288,15970.8340015984,-1907.11461561545
2020-01-02 10:53:00,NA,NA,-1913.39013510723,13976.5908717891,15947.0558436208,-1913.39013510723
2020-01-02 10:54:00,NA,NA,-1915.77009593457,14041.9671944276,15897.1850692937,-1915.77009593457
2020-01-02 10:55:00,NA,NA,-1930.94106470631,14100.8239970148,15845.9359945484,-1930.94106470631
2020-01-02 10:56:00,14168.8189034696,15772.9951821646,NA,14168.8189034696,15772.9951821646,-1970.87667208562
2020-01-02 10:57:00,NA,NA,-2046.40885853147,14253.5858274692,15689.2663024085,-2046.40885853147
2020-01-02 10:58:00,14331.7127788291,15649.852758106,NA,14331.7127788291,15649.852758106,-2174.82886707407
2020-01-02 10:59:00,NA,NA,-2247.53590914562,14405.1269923381,15626.8757514933,-2247.53590914562
2020-01-02 11:00:00,NA,NA,-2318.50057563547,14488.8675581626,15595.2755287573,-2318.50057563547
2020-01-02 11:01:00,14587.7319370586,15537.7950966898,NA,14587.7319370586,15537.7950966898,-2381.96165697214
2020-01-02 11:02:00,NA,NA,-2426.30397914218,14697.1745950365,15484.1156221445,-2426.30397914218
2020-01-02 11:03:00,14831.0154991728,15415.368151959,NA,14831.0154991728,15415.368151959,-2473.1262001616
2020-01-02 11:04:00,NA,NA,-2465.37341463312,14960.0842133925,15347.7393714858,-2465.37341463312
2020-01-02 11:05:00,NA,NA,-2435.47502158511,15070.0472229753,15290.6190512144,-2435.47502158511
2020-01-02 11:06:00,15169.5578748375,15225.3504755421,NA,15169.5578748375,15225.3504755421,-2416.62956230108
2020-01-02 11:07:00,NA,NA,-2408.77134864501,15251.7795398671,15138.1537321472,-2408.77134864501
2020-01-02 11:08:00,NA,NA,-2369.14441337071,15314.658275247,15045.0433332104,-2369.14441337071
2020-01-02 11:09:00,NA,NA,-2348.29016103793,15364.3459614137,14947.9390188775,-2348.29016103793
2020-01-02 11:10:00,NA,NA,-2329.42556710272,15424.1294355731,14826.096996315,-2329.42556710272
2020-01-02 11:11:00,NA,NA,-2263.58146337956,15474.6573926249,14694.8477347845,-2263.58146337956
2020-01-02 11:12:00,NA,NA,-2188.74944392635,15506.8162540859,14568.237790847,-2188.74944392635
2020-01-02 11:13:00,NA,NA,-2097.0558963741,15554.6447212773,14438.2175698877,-2097.0558963741
2020-01-02 11:14:00,NA,NA,-2043.68595297133,15621.0178219642,14326.4552243354,-2043.68595297133
2020-01-02 11:15:00,NA,NA,-2005.83942840587,15706.5636967197,14207.6570569414,-2005.83942840587
2020-01-02 11:16:00,NA,NA,-2002.00829927274,15781.5476893834,14098.3239796836,-2002.00829927274
2020-01-02 11:17:00,NA,NA,-2051.25310146332,15863.6542900583,14005.4606694772,-2051.25310146332
2020-01-02 11:18:00,NA,NA,-2135.30106804831,15938.2110099419,13924.6448373943,-2135.30106804831
2020-01-02 11:19:00,NA,NA,-2195.79338581981,15995.8261995376,13841.1744784511,-2195.79338581981
2020-01-02 11:20:00,NA,NA,-2211.08813306347,16040.5534106614,13756.6431074052,-2211.08813306347
2020-01-02 11:21:00,NA,NA,-2256.6570287019,16060.1232418204,13672.6813123788,-2256.6570287019
2020-01-02 11:22:00,NA,NA,-2321.82543290102,16059.877671918,13618.8453627242,-2321.82543290102
2020-01-02 11:23:00,NA,NA,-2391.24485684314,16055.7163281759,13570.6336455427,-2391.24485684314
2020-01-02 11:24:00,16069.1763639561,13528.8104476442,NA,16069.1763639561,13528.8104476442,-2391.0605860095
2020-01-02 11:25:00,NA,NA,-2415.42769510846,16082.2650586259,13470.8376928008,-2415.42769510846
2020-01-02 11:26:00,NA,NA,-2416.44025037842,16084.3777666482,13414.7267324944,-2416.44025037842
2020-01-02 11:27:00,16085.9377912275,13355.7677097683,NA,16085.9377912275,13355.7677097683,-2399.89123615035
2020-01-02 11:28:00,NA,NA,-2429.4993158513,16093.9504119258,13276.0756334755,-2429.4993158513
2020-01-02 11:29:00,NA,NA,-2468.89553195579,16103.2579889081,13204.8418116698,-2468.89553195579
2020-01-02 11:30:00,NA,NA,-2494.46869388355,16099.3743625275,13131.5576596145,-2494.46869388355
2020-01-02 11:31:00,16087.2287119518,13054.0567660334,NA,16087.2287119518,13054.0567660334,-2527.04283625531
2020-01-02 11:32:00,NA,NA,-2513.97211618042,16080.3174044606,12971.5796716045,-2513.97211618042
2020-01-02 11:33:00,NA,NA,-2514.88460543437,16086.4165579544,12890.1363877893,-2514.88460543437
2020-01-02 11:34:00,NA,NA,-2527.08121689192,16101.8225385335,12809.5698203538,-2527.08121689192
2020-01-02 11:35:00,NA,NA,-2527.10157379346,16109.4437679714,12737.1898844825,-2527.10157379346
2020-01-02 11:36:00,NA,NA,-2508.17136160937,16118.0941862733,12650.9340700337,-2508.17136160937
2020-01-02 11:37:00,NA,NA,-2490.40872752491,16113.1389198174,12571.0800243587,-2490.40872752491
2020-01-02 11:38:00,NA,NA,-2466.88924093994,16080.5078662532,12477.6638450245,-2466.88924093994
2020-01-02 11:39:00,NA,NA,-2423.44325959515,16030.8295958771,12391.6684122422,-2423.44325959515
2020-01-02 11:40:00,NA,NA,-2414.60566153419,15973.6222335901,12307.2059051498,-2414.60566153419
2020-01-02 11:41:00,NA,NA,-2393.19665510145,15896.7428432771,12220.6681931319,-2393.19665510145
2020-01-02 11:42:00,NA,NA,-2399.28755747073,15798.6431941386,12149.9441527353,-2399.28755747073
2020-01-02 11:43:00,NA,NA,-2408.76054641696,15697.4919311926,12096.2099482406,-2408.76054641696
2020-01-02 11:44:00,NA,NA,-2368.98486092872,15582.4144807912,12037.6119659462,-2368.98486092872
2020-01-02 11:45:00,NA,NA,-2307.04163766034,15458.1647183462,11977.2907824915,-2307.04163766034
2020-01-02 11:46:00,NA,NA,-2245.49692177181,15321.5841051145,11921.6984710955,-2245.49692177181
2020-01-02 11:47:00,NA,NA,-2191.53993162519,15168.5802264818,11869.0317069689,-2191.53993162519
2020-01-02 11:48:00,NA,NA,-2139.91509511374,15028.4724537218,11830.5360765356,-2139.91509511374
2020-01-02 11:49:00,NA,NA,-2056.47672606334,14896.1217169182,11796.170808366,-2056.47672606334
2020-01-02 11:50:00,NA,NA,-1968.11132284651,14765.9512280921,11747.7104342522,-1968.11132284651
2020-01-02 11:51:00,NA,NA,-1910.07141178035,14627.5296883097,11684.781397902,-1910.07141178035
2020-01-02 11:52:00,NA,NA,-1903.01823743304,14488.0692581021,11599.3459419627,-1903.01823743304
2020-01-02 11:53:00,NA,NA,-1932.08391966521,14365.6952858844,11516.3408893356,-1932.08391966521
2020-01-02 11:54:00,14253.4134899426,11447.6330976436,NA,14253.4134899426,11447.6330976436,-1954.77325169428
2020-01-02 11:55:00,14150.7860528634,11383.0508207933,NA,14150.7860528634,11383.0508207933,-2003.62072183082
2020-01-02 11:56:00,14034.4521719202,11306.0901797257,NA,14034.4521719202,11306.0901797257,-2082.25265969831
2020-01-02 11:57:00,NA,NA,-2127.34004135177,13902.8821385521,11210.7628094537,-2127.34004135177
2020-01-02 11:58:00,NA,NA,-2113.59700775201,13756.6292205647,11094.1560262261,-2113.59700775201
2020-01-02 11:59:00,NA,NA,-2054.27914336282,13625.9685792741,10953.041446375,-2054.27914336282
2020-01-02 12:00:00,NA,NA,-2017.94976800589,13495.7605872567,10830.0923615529,-2017.94976800589
2020-01-02 12:01:00,NA,NA,-2008.87022102191,13366.875277906,10692.0323131966,-2008.87022102191
2020-01-02 12:02:00,NA,NA,-1998.02764521583,13240.1879558667,10554.524493428,-1998.02764521583
2020-01-02 12:03:00,NA,NA,-2011.20953836931,13097.055218536,10436.8953813069,-2011.20953836931
2020-01-02 12:04:00,NA,NA,-2015.48949346707,12974.6201929509,10325.5516532809,-2015.48949346707
2020-01-02 12:05:00,NA,NA,-2006.15329357622,12893.2406391497,10202.6750613794,-2006.15329357622
2020-01-02 12:06:00,NA,NA,-2000.92003168621,12815.5194819294,10104.5390147665,-2000.92003168621
2020-01-02 12:07:00,NA,NA,-1968.95638334556,12730.3942704673,10018.4425824832,-1968.95638334556
2020-01-02 12:08:00,NA,NA,-1937.82661411873,12649.7269450948,9917.74978223353,-1937.82661411873
2020-01-02 12:09:00,12603.8129403177,9823.90964710205,NA,12603.8129403177,9823.90964710205,-1935.83353729366
2020-01-02 12:10:00,NA,NA,-1945.94107313512,12560.3049559351,9775.5858082736,-1945.94107313512
2020-01-02 12:11:00,NA,NA,-1968.79845605085,12523.7666081685,9735.15591414117,-1968.79845605085
2020-01-02 12:12:00,12503.4060439096,9712.3421773119,NA,12503.4060439096,9712.3421773119,-2008.23787457597
2020-01-02 12:13:00,NA,NA,-2079.66238018703,12494.8994281832,9674.496048745,-2079.66238018703
2020-01-02 12:14:00,NA,NA,-2100.39175945542,12479.7544778093,9660.7126815479,-2100.39175945542
2020-01-02 12:15:00,NA,NA,-2070.57207056407,12455.3346237724,9647.86073743274,-2070.57207056407
2020-01-02 12:16:00,NA,NA,-2023.94163099921,12440.9887560787,9636.08812618739,-2023.94163099921
2020-01-02 12:17:00,NA,NA,-2019.89447386922,12449.2119191132,9610.35134376619,-2019.89447386922
2020-01-02 12:18:00,NA,NA,-2001.34146881432,12444.6197284386,9562.69003323638,-2001.34146881432
2020-01-02 12:19:00,12443.7445305919,9496.97773531706,NA,12443.7445305919,9496.97773531706,-1983.12304325185
2020-01-02 12:20:00,NA,NA,-1976.36671420431,12445.203627476,9425.76141834641,-1976.36671420431
2020-01-02 12:21:00,NA,NA,-1990.88348447026,12438.9428983493,9357.4230611605,-1990.88348447026
2020-01-02 12:22:00,NA,NA,-1992.35637207555,12439.0126131899,9277.65662569014,-1992.35637207555
2020-01-02 12:23:00,12452.0076379495,9227.26533953328,NA,12452.0076379495,9227.26533953328,-1944.92020095419
2020-01-02 12:24:00,NA,NA,-1940.76978457429,12469.547587307,9179.06298634967,-1940.76978457429
2020-01-02 12:25:00,NA,NA,-1990.87360142596,12471.0349542803,9121.04663349769,-1990.87360142596
2020-01-02 12:26:00,NA,NA,-2019.60956091417,12480.3331535953,9075.13330324747,-2019.60956091417
2020-01-02 12:27:00,12497.1017120887,9025.00590723974,NA,12497.1017120887,9025.00590723974,-2071.23486749555
2020-01-02 12:28:00,NA,NA,-2097.38437158546,12518.4068324946,8979.53844465596,-2097.38437158546
2020-01-02 12:29:00,NA,NA,-2094.4766390887,12562.8026189749,8935.73332902135,-2094.4766390887
2020-01-02 12:30:00,NA,NA,-2075.90904119449,12579.0340048289,8896.31634517715,-2075.90904119449
2020-01-02 12:31:00,NA,NA,-2055.47422097455,12574.3702135438,8843.66306883167,-2055.47422097455
2020-01-02 12:32:00,12550.5924176553,8761.1520364242,NA,12550.5924176553,8761.1520364242,-2001.06582494134
2020-01-02 12:33:00,NA,NA,-1992.09827716049,12505.2204788682,8676.39548785493,-1992.09827716049
2020-01-02 12:34:00,NA,NA,-1974.42426831083,12467.6661998236,8594.92113914868,-1974.42426831083
2020-01-02 12:35:00,NA,NA,-1953.15438138022,12448.4056272788,8545.58444015493,-1953.15438138022
2020-01-02 12:36:00,NA,NA,-1924.94125517185,12435.5327747077,8511.57332323567,-1924.94125517185
2020-01-02 12:37:00,12455.6226409605,8498.06551922554,NA,12455.6226409605,8498.06551922554,-1907.03911210383
2020-01-02 12:38:00,NA,NA,-1890.30756692294,12502.3678117508,8511.12411775061,-1890.30756692294
2020-01-02 12:39:00,NA,NA,-1845.52512802868,12563.3222964487,8518.5021261051,-1845.52512802868
2020-01-02 12:40:00,12599.3032555754,8514.21542038241,NA,12599.3032555754,8514.21542038241,-1795.46672672141
2020-01-02 12:41:00,12613.2739610858,8508.66869114829,NA,12613.2739610858,8508.66869114829,-1713.1426214228
2020-01-02 12:42:00,NA,NA,-1677.88387571673,12630.3159617089,8493.9491827821,-1677.88387571673
2020-01-02 12:43:00,NA,NA,-1635.53372122756,12645.1556654336,8470.68628739194,-1635.53372122756
2020-01-02 12:44:00,NA,NA,-1571.87710540367,12646.8498906137,8461.48314491645,-1571.87710540367
2020-01-02 12:45:00,NA,NA,-1517.41636178385,12651.4737462885,8470.8581382602,-1517.41636178385
2020-01-02 12:46:00,NA,NA,-1490.23686976272,12653.6884632216,8467.35729471586,-1490.23686976272
2020-01-02 12:47:00,12633.2310622493,8466.10693416339,NA,12633.2310622493,8466.10693416339,-1504.92867085016
2020-01-02 12:48:00,12605.5691032517,8452.96859215722,NA,12605.5691032517,8452.96859215722,-1488.18665460854
2020-01-02 12:49:00,NA,NA,-1428.46168596232,12566.2842611556,8440.66638286516,-1428.46168596232
2020-01-02 12:50:00,NA,NA,-1373.7648402961,12521.5659816739,8419.66759836494,-1373.7648402961
2020-01-02 12:51:00,NA,NA,-1361.36232747002,12473.3389362904,8393.6767359643,-1361.36232747002
2020-01-02 12:52:00,NA,NA,-1349.34853300194,12416.4911422922,8380.90939597727,-1349.34853300194
2020-01-02 12:53:00,12371.3606105323,8366.89577585803,NA,12371.3606105323,8366.89577585803,-1314.69885081662
2020-01-02 12:54:00,NA,NA,-1221.7084309136,12330.1409691441,8343.94468402476,-1221.7084309136
2020-01-02 12:55:00,NA,NA,-1121.81355511365,12297.6016857252,8325.13872403793,-1121.81355511365
2020-01-02 12:56:00,NA,NA,-1066.59046774704,12265.8201187483,8333.51068299126,-1066.59046774704
2020-01-02 12:57:00,12216.6874083474,8372.74539244097,NA,12216.6874083474,8372.74539244097,-1056.37407784468
2020-01-02 12:58:00,NA,NA,-1033.75859930271,12155.7509702699,8411.99147628907,-1033.75859930271
2020-01-02 12:59:00,NA,NA,-963.728611050441,12144.1579937723,8446.75400854136,-963.728611050441
2020-01-02 13:00:00,NA,NA,-946.651295180439,12146.2573345123,8464.34384574127,-946.651295180439
2020-01-02 13:01:00,NA,NA,-927.551909438508,12134.5016968337,8481.60348692347,-927.551909438508
2020-01-02 13:02:00,NA,NA,-900.720182169735,12132.3603666012,8486.64830476987,-900.720182169735
2020-01-02 13:03:00,NA,NA,-925.889109384112,12117.0878128304,8498.11067635559,-925.889109384112
2020-01-02 13:04:00,NA,NA,-945.31511907301,12107.3291424396,8517.8457902208,-945.31511907301
2020-01-02 13:05:00,NA,NA,-946.807101968613,12099.0290858947,8549.78274360893,-946.807101968613
2020-01-02 13:06:00,NA,NA,-977.531259833506,12091.6972284161,8576.32100309819,-977.531259833506
2020-01-02 13:07:00,NA,NA,-989.449035787771,12078.8826921015,8581.3878861968,-989.449035787771
2020-01-02 13:08:00,NA,NA,-992.400458679495,12052.1676216433,8592.65405381543,-992.400458679495
2020-01-02 13:09:00,NA,NA,-1046.1043226098,12025.0929377067,8592.70393144275,-1046.1043226098
2020-01-02 13:10:00,NA,NA,-1085.97759287173,11991.8281096516,8578.02238501691,-1085.97759287173
2020-01-02 13:11:00,NA,NA,-1071.55243429341,11977.7296584243,8555.45214276066,-1071.55243429341
2020-01-02 13:12:00,NA,NA,-1039.18233830451,11947.145071947,8563.62504787371,-1039.18233830451
2020-01-02 13:13:00,NA,NA,-1022.81198494686,11899.2171779001,8574.12396850988,-1022.81198494686
2020-01-02 13:14:00,NA,NA,-1028.73252077793,11865.7960869674,8558.65595768803,-1028.73252077793
2020-01-02 13:15:00,NA,NA,-989.535687746611,11842.0147328048,8529.76946968401,-989.535687746611
2020-01-02 13:16:00,NA,NA,-955.681213200344,11825.900358243,8506.51516767839,-955.681213200344
2020-01-02 13:17:00,NA,NA,-934.614425344857,11803.2319140111,8472.01673639934,-934.614425344857
2020-01-02 13:18:00,NA,NA,-902.803135688096,11768.9613664819,8442.74474448991,-902.803135688096
2020-01-02 13:19:00,NA,NA,-879.878329204189,11741.8250883635,8415.49590438117,-879.878329204189
2020-01-02 13:20:00,NA,NA,-819.735108401407,11716.5151286747,8401.86809542427,-819.735108401407
2020-01-02 13:21:00,NA,NA,-760.03218132974,11692.535164923,8400.33185309361,-760.03218132974
2020-01-02 13:22:00,NA,NA,-749.473701901958,11664.4973623551,8385.25790715135,-749.473701901958
2020-01-02 13:23:00,NA,NA,-784.781294962774,11654.9781909455,8350.54916022664,-784.781294962774
2020-01-02 13:24:00,NA,NA,-810.475596173276,11654.3029237011,8314.07720065515,-810.475596173276
2020-01-02 13:25:00,NA,NA,-862.116750350386,11652.9263170054,8281.96504925878,-862.116750350386
2020-01-02 13:26:00,NA,NA,-928.00945432766,11661.0045763115,8229.76246433695,-928.00945432766
2020-01-02 13:27:00,NA,NA,-968.082441725027,11667.7348793084,8170.36441410099,-968.082441725027
2020-01-02 13:28:00,NA,NA,-1013.05680528964,11662.8339386552,8115.07337016397,-1013.05680528964
2020-01-02 13:29:00,NA,NA,-1062.51233939931,11676.9619388958,8057.33722252837,-1062.51233939931
2020-01-02 13:30:00,NA,NA,-1118.81205377615,11709.4216940866,7991.96832987896,-1118.81205377615
2020-01-02 13:31:00,NA,NA,-1185.48578803352,11741.2196450377,7943.68559981801,-1185.48578803352
2020-01-02 13:32:00,NA,NA,-1275.25036210964,11795.2431865018,7898.02911422282,-1275.25036210964
2020-01-02 13:33:00,NA,NA,-1385.37416963289,11830.4776549474,7852.221152103,-1385.37416963289
2020-01-02 13:34:00,NA,NA,-1453.40232547172,11858.4977776253,7823.60423202934,-1453.40232547172
2020-01-02 13:35:00,NA,NA,-1511.88108163826,11902.1530515879,7800.86148249869,-1511.88108163826
2020-01-02 13:36:00,NA,NA,-1577.65620643474,11954.7770796517,7773.95240198779,-1577.65620643474
2020-01-02 13:37:00,NA,NA,-1622.20722179932,12020.0712720363,7737.37143471737,-1622.20722179932
2020-01-02 13:38:00,NA,NA,-1638.98773694487,12067.5139317153,7719.40784723787,-1638.98773694487
2020-01-02 13:39:00,12084.1268305472,7713.29433663624,NA,12084.1268305472,7713.29433663624,-1642.10348682394
2020-01-02 13:40:00,NA,NA,-1612.32950290656,12103.8714773675,7719.16828036145,-1612.32950290656
2020-01-02 13:41:00,12098.2235169379,7708.81305082802,NA,12098.2235169379,7708.81305082802,-1601.27551043033
2020-01-02 13:42:00,NA,NA,-1585.33966166313,12075.9672068253,7675.56496577634,-1585.33966166313
2020-01-02 13:43:00,12074.3279671058,7622.52339255986,NA,12074.3279671058,7622.52339255986,-1574.46141356461
2020-01-02 13:44:00,NA,NA,-1568.10111736841,12065.2254522596,7558.42466191846,-1568.10111736841
2020-01-02 13:45:00,NA,NA,-1583.15526264235,12071.9658981635,7496.70456177574,-1583.15526264235
2020-01-02 13:46:00,NA,NA,-1589.14619002255,12077.0661894797,7438.98553014939,-1589.14619002255
2020-01-02 13:47:00,12103.003282555,7404.56705217301,NA,12103.003282555,7404.56705217301,-1671.02541919807
2020-01-02 13:48:00,12138.3693369711,7396.9665322192,NA,12138.3693369711,7396.9665322192,-1774.79618361532
2020-01-02 13:49:00,NA,NA,-1831.21771233072,12189.296314321,7390.67490762882,-1831.21771233072
2020-01-02 13:50:00,NA,NA,-1873.90485908123,12227.2736072663,7364.15495448956,-1873.90485908123
2020-01-02 13:51:00,NA,NA,-1920.61991696056,12237.0325813042,7311.4671314383,-1920.61991696056
2020-01-02 13:52:00,NA,NA,-1957.8565249587,12251.4391338486,7246.66503668238,-1957.8565249587
2020-01-02 13:53:00,NA,NA,-2038.30890457613,12272.3326993267,7172.65232314455,-2038.30890457613
2020-01-02 13:54:00,NA,NA,-2112.74897261194,12286.1805026846,7087.2724438031,-2112.74897261194
2020-01-02 13:55:00,NA,NA,-2203.76538997307,12300.8957806046,7011.43609325131,-2203.76538997307
2020-01-02 13:56:00,NA,NA,-2268.29299295583,12333.6348400466,6931.875115737,-2268.29299295583
2020-01-02 13:57:00,NA,NA,-2319.09517843915,12366.0643364333,6866.99202706774,-2319.09517843915
2020-01-02 13:58:00,12367.5040709633,6789.05857878671,NA,12367.5040709633,6789.05857878671,-2374.67669505333
2020-01-02 13:59:00,NA,NA,-2402.05612975829,12363.967161629,6731.29329551568,-2402.05612975829
2020-01-02 14:00:00,NA,NA,-2417.08722938762,12377.6591437666,6691.45159188834,-2417.08722938762
2020-01-02 14:01:00,NA,NA,-2453.73057426301,12406.9413267982,6688.29072823246,-2453.73057426301
2020-01-02 14:02:00,NA,NA,-2478.36434395024,12447.9857928667,6707.88387734427,-2478.36434395024
2020-01-02 14:03:00,NA,NA,-2509.14134345391,12487.3990166792,6750.30602057116,-2509.14134345391
2020-01-02 14:04:00,12534.6827061099,6767.82444939699,NA,12534.6827061099,6767.82444939699,-2535.22967748129
2020-01-02 14:05:00,NA,NA,-2547.9644754929,12594.4012120678,6785.14747881069,-2547.9644754929
2020-01-02 14:06:00,NA,NA,-2531.46566499199,12634.9717925862,6806.0798607429,-2531.46566499199
2020-01-02 14:07:00,NA,NA,-2491.39267847589,12653.4281199605,6833.76868039252,-2491.39267847589
2020-01-02 14:08:00,NA,NA,-2445.63962261357,12642.8467153524,6869.73863616611,-2445.63962261357
2020-01-02 14:09:00,12590.0408226826,6894.41323997177,NA,12590.0408226826,6894.41323997177,-2406.74708834492
2020-01-02 14:10:00,12526.8858022684,6932.95803837991,NA,12526.8858022684,6932.95803837991,-2357.18271201857
2020-01-02 14:11:00,NA,NA,-2332.25210561976,12476.9084083742,6992.53792221399,-2332.25210561976
2020-01-02 14:12:00,NA,NA,-2344.63142505182,12435.3960939968,7049.73335694201,-2344.63142505182
2020-01-02 14:13:00,NA,NA,-2303.04598790831,12362.7375077503,7088.51508058811,-2303.04598790831
2020-01-02 14:14:00,12289.1448780582,7102.81653435291,NA,12289.1448780582,7102.81653435291,-2289.21183115541
2020-01-02 14:15:00,NA,NA,-2270.7454288224,12222.3713513365,7099.05142229207,-2270.7454288224
2020-01-02 14:16:00,NA,NA,-2280.93425660047,12145.9847722607,7093.98111866159,-2280.93425660047
2020-01-02 14:17:00,NA,NA,-2292.82933693064,12077.9510814473,7118.32291807405,-2292.82933693064
2020-01-02 14:18:00,NA,NA,-2283.314695751,12013.9079354022,7140.07377267901,-2283.314695751
2020-01-02 14:19:00,NA,NA,-2322.2244504366,11945.4925618815,7167.53066482787,-2322.2244504366
2020-01-02 14:20:00,NA,NA,-2393.20682343164,11875.1573232956,7214.83835283521,-2393.20682343164
2020-01-02 14:21:00,NA,NA,-2421.80286200246,11809.2424078467,7270.16049674632,-2421.80286200246
2020-01-02 14:22:00,NA,NA,-2406.95504634164,11749.9552499787,7313.27787681647,-2406.95504634164
2020-01-02 14:23:00,NA,NA,-2417.3356595367,11702.414172558,7345.1973766375,-2417.3356595367
2020-01-02 14:24:00,NA,NA,-2428.64587466158,11668.1650182434,7385.25815662811,-2428.64587466158
2020-01-02 14:25:00,NA,NA,-2428.91239580671,11608.5338498267,7429.31665538552,-2428.91239580671
2020-01-02 14:26:00,11542.6020544324,7481.20796398203,NA,11542.6020544324,7481.20796398203,-2476.23680166364
2020-01-02 14:27:00,NA,NA,-2540.9100716498,11464.321367412,7553.10726972412,-2540.9100716498
2020-01-02 14:28:00,NA,NA,-2570.77367047858,11374.6878852148,7642.33713303095,-2570.77367047858
2020-01-02 14:29:00,NA,NA,-2575.18358352512,11289.9480232039,7714.19389033349,-2575.18358352512
2020-01-02 14:30:00,NA,NA,-2604.44523872262,11209.0996883439,7781.48835206673,-2604.44523872262
2020-01-02 14:31:00,NA,NA,-2665.60792626996,11133.2922858852,7840.70297484052,-2665.60792626996
2020-01-02 14:32:00,NA,NA,-2755.71104098556,11040.8696755079,7896.27890280148,-2755.71104098556
2020-01-02 14:33:00,NA,NA,-2831.1966338369,10949.232218551,7946.00830295052,-2831.1966338369
2020-01-02 14:34:00,NA,NA,-2897.4919584207,10852.9817953976,7976.74644405804,-2897.4919584207
2020-01-02 14:35:00,10779.9237779276,8035.51279035778,NA,10779.9237779276,8035.51279035778,-2976.28006512556
2020-01-02 14:36:00,NA,NA,-3027.47349994552,10745.245948211,8091.77013253994,-3027.47349994552
2020-01-02 14:37:00,NA,NA,-3062.07054995247,10734.5723255777,8138.10368718309,-3062.07054995247
2020-01-02 14:38:00,NA,NA,-3088.8143532606,10720.2927130806,8178.38378975769,-3088.8143532606
2020-01-02 14:39:00,NA,NA,-3091.40432832784,10708.0252818357,8233.38196725807,-3091.40432832784
2020-01-02 14:40:00,NA,NA,-3075.66203397552,10683.2861581943,8284.28821307807,-3075.66203397552
2020-01-02 14:41:00,NA,NA,-3085.24622863455,10653.7530868229,8348.93750754984,-3085.24622863455
2020-01-02 14:42:00,10644.8992166505,8423.57883256887,NA,10644.8992166505,8423.57883256887,-3096.19301730188
2020-01-02 14:43:00,NA,NA,-3137.93964198309,10658.2894152251,8498.08587912255,-3137.93964198309
2020-01-02 14:44:00,10677.1315796911,8611.15120359284,NA,10677.1315796911,8611.15120359284,-3221.06926006642
2020-01-02 14:45:00,NA,NA,-3291.36225392919,10696.5181733092,8721.45719601133,-3291.36225392919
2020-01-02 14:46:00,10731.6629207759,8822.20324281467,NA,10731.6629207759,8822.20324281467,-3382.74095489204
2020-01-02 14:47:00,NA,NA,-3469.38167264073,10775.4695714003,8905.6385953092,-3469.38167264073
2020-01-02 14:48:00,NA,NA,-3501.25177739176,10829.9549785167,8991.14973627589,-3501.25177739176
2020-01-02 14:49:00,NA,NA,-3512.04282254789,10908.3433552524,9112.29029895235,-3512.04282254789
2020-01-02 14:50:00,NA,NA,-3545.66620797053,10986.4912611789,9232.75193154822,-3545.66620797053
2020-01-02 14:51:00,NA,NA,-3563.96284410035,11050.6419375796,9363.25032100423,-3563.96284410035
2020-01-02 14:52:00,NA,NA,-3585.42858952629,11102.1914099748,9517.43895594166,-3585.42858952629
2020-01-02 14:53:00,NA,NA,-3596.28960886612,11126.728008485,9660.40316085529,-3596.28960886612
2020-01-02 14:54:00,11146.4408982105,9795.70456908082,NA,11146.4408982105,9795.70456908082,-3561.87510710558
2020-01-02 14:55:00,NA,NA,-3523.7113679463,11175.1990589511,9905.00818932063,-3523.7113679463
2020-01-02 14:56:00,11204.0752480157,10013.7755351251,NA,11204.0752480157,10013.7755351251,-3514.86571536215
2020-01-02 14:57:00,NA,NA,-3529.78294520822,11246.5165306123,10114.8117993884,-3529.78294520822
2020-01-02 14:58:00,NA,NA,-3548.82493462722,11305.2575699462,10227.9173096129,-3548.82493462722
2020-01-02 14:59:00,NA,NA,-3618.91376042174,11378.9338800808,10351.5114800432,-3618.91376042174
2020-01-02 15:00:00,NA,NA,-3691.47917980935,11462.412605723,10460.4512088616,-3691.47917980935
2020-01-02 15:01:00,NA,NA,-3750.95045840643,11548.7815299969,10554.2898188827,-3750.95045840643
2020-01-02 15:02:00,NA,NA,-3830.98518408276,11640.1032124861,10630.3363163752,-3830.98518408276
2020-01-02 15:03:00,NA,NA,-3930.28953953098,11739.2002409814,10692.7266314319,-3930.28953953098
2020-01-02 15:04:00,11838.823578602,10789.0845759881,NA,11838.823578602,10789.0845759881,-3997.58613873211
2020-01-02 15:05:00,NA,NA,-4004.08133314268,11896.8215161,10876.4757382562,-4004.08133314268
2020-01-02 15:06:00,NA,NA,-3996.0398049234,11928.6857636389,10937.6414375551,-3996.0398049234
2020-01-02 15:07:00,NA,NA,-3958.69615593526,11950.8627752626,10967.7152781505,-3958.69615593526
2020-01-02 15:08:00,NA,NA,-3875.32080205591,11966.7279096195,10981.2051524225,-3875.32080205591
2020-01-02 15:09:00,NA,NA,-3811.73352109492,12006.3779288593,10989.3090032409,-3811.73352109492
2020-01-02 15:10:00,NA,NA,-3753.6781805075,12021.3520920108,11001.0956046105,-3753.6781805075
2020-01-02 15:11:00,NA,NA,-3697.6528499033,12029.0725644391,11029.4375224853,-3697.6528499033
2020-01-02 15:12:00,NA,NA,-3660.08672222667,12066.2452567794,11065.9904011582,-3660.08672222667
2020-01-02 15:13:00,12104.1910128113,11095.8955187248,NA,12104.1910128113,11095.8955187248,-3594.77560793595
2020-01-02 15:14:00,NA,NA,-3484.62521372288,12138.0829520116,11137.2950173981,-3484.62521372288
2020-01-02 15:15:00,NA,NA,-3404.78252663281,12190.8631945811,11182.2701083224,-3404.78252663281
2020-01-02 15:16:00,NA,NA,-3373.39104772554,12255.7286706519,11215.8919891422,-3373.39104772554
2020-01-02 15:17:00,NA,NA,-3373.22055545748,12333.6917027639,11259.0252326805,-3373.22055545748
2020-01-02 15:18:00,NA,NA,-3334.43867677843,12410.6665780167,11288.6646406267,-3334.43867677843
2020-01-02 15:19:00,NA,NA,-3268.77717341933,12517.1011867954,11341.0779311127,-3268.77717341933
2020-01-02 15:20:00,NA,NA,-3165.2464563644,12645.9248268423,11390.2930989229,-3165.2464563644
2020-01-02 15:21:00,NA,NA,-3087.87928476937,12758.440954848,11399.2635816452,-3087.87928476937
2020-01-02 15:22:00,NA,NA,-3066.45522128119,12866.6588608212,11425.4873022835,-3066.45522128119
2020-01-02 15:23:00,NA,NA,-3086.32336157569,12975.6904093738,11432.9907406209,-3086.32336157569
2020-01-02 15:24:00,NA,NA,-3126.921024962,13074.0594450261,11439.8178125467,-3126.921024962
2020-01-02 15:25:00,NA,NA,-3119.21593868753,13175.8924024162,11470.9453174546,-3119.21593868753
2020-01-02 15:26:00,13253.3732363108,11510.3001101437,NA,13253.3732363108,11510.3001101437,-3093.63037894707
2020-01-02 15:27:00,NA,NA,-3048.386115974,13300.1647015498,11557.7985120145,-3048.386115974
2020-01-02 15:28:00,NA,NA,-3036.21228798959,13356.8577629914,11592.9073721901,-3036.21228798959
2020-01-02 15:29:00,NA,NA,-3005.37244394612,13405.3928106363,11614.4627331132,-3005.37244394612
2020-01-02 15:30:00,NA,NA,-2954.62387985982,13459.233895032,11601.5766624562,-2954.62387985982
2020-01-02 15:31:00,13516.2296668671,11588.336485469,NA,13516.2296668671,11588.336485469,-2933.6861842164
2020-01-02 15:32:00,13583.486105189,11585.3400123256,NA,13583.486105189,11585.3400123256,-2868.8089624632
2020-01-02 15:33:00,NA,NA,-2792.03232456356,13647.7175955946,11581.232122854,-2792.03232456356
2020-01-02 15:34:00,NA,NA,-2672.19298773087,13705.8446666035,11564.3073403117,-2672.19298773087
2020-01-02 15:35:00,NA,NA,-2538.11614711659,13771.7180896127,11519.1485107093,-2538.11614711659
2020-01-02 15:36:00,NA,NA,-2417.14111301181,13829.3911425201,11475.3715218603,-2417.14111301181
2020-01-02 15:37:00,NA,NA,-2313.12708570128,13895.9033174097,11419.2526770852,-2313.12708570128
2020-01-02 15:38:00,NA,NA,-2258.58577300451,13946.2753203336,11367.9708842615,-2258.58577300451
2020-01-02 15:39:00,NA,NA,-2260.85274325465,13976.7091053409,11317.5011771314,-2260.85274325465
2020-01-02 15:40:00,NA,NA,-2284.09121771423,14010.4787061372,11270.4760570604,-2284.09121771423
2020-01-02 15:41:00,NA,NA,-2307.50939271818,14040.4380605711,11235.0852868908,-2307.50939271818
2020-01-02 15:42:00,NA,NA,-2353.35653979434,14063.6905094961,11187.8314788812,-2353.35653979434
2020-01-02 15:43:00,NA,NA,-2405.5237271614,14084.9513786379,11124.5440030782,-2405.5237271614
2020-01-02 15:44:00,NA,NA,-2411.70932530867,14106.5840277692,11044.2959780812,-2411.70932530867
2020-01-02 15:45:00,14123.8982275261,10965.7460691618,NA,14123.8982275261,10965.7460691618,-2406.39912626654
2020-01-02 15:46:00,NA,NA,-2384.44620388107,14158.2075536527,10893.1235212282,-2384.44620388107
2020-01-02 15:47:00,NA,NA,-2348.23245386874,14204.937125401,10823.3914161774,-2348.23245386874
2020-01-02 15:48:00,NA,NA,-2396.68797821921,14240.5921196229,10739.5891051332,-2396.68797821921
2020-01-02 15:49:00,NA,NA,-2469.4075506525,14262.2591335757,10677.6902359957,-2469.4075506525
2020-01-02 15:50:00,NA,NA,-2511.11955587665,14297.873006215,10636.5389700786,-2511.11955587665
2020-01-02 15:51:00,NA,NA,-2558.27648261069,14334.2419865453,10586.945828733,-2558.27648261069
2020-01-02 15:52:00,NA,NA,-2619.16115275899,14383.1295757078,10531.6122936838,-2619.16115275899
2020-01-02 15:53:00,14433.8116139698,10466.4481930679,NA,14433.8116139698,10466.4481930679,-2662.09961089064
2020-01-02 15:54:00,NA,NA,-2697.53809514511,14447.055093765,10396.851981546,-2697.53809514511
2020-01-02 15:55:00,NA,NA,-2721.26063090178,14429.5579434403,10336.1870241362,-2721.26063090178
2020-01-02 15:56:00,NA,NA,-2718.03049457913,14394.4521856261,10288.4948638345,-2718.03049457913
2020-01-02 15:57:00,NA,NA,-2764.64216613387,14337.8619906214,10243.1272648715,-2764.64216613387
2020-01-02 15:58:00,14272.8424223002,10182.2250137109,NA,14272.8424223002,10182.2250137109,-2816.0562399694
2020-01-02 15:59:00,NA,NA,-2865.86770546288,14197.203310459,10106.6318825206,-2865.86770546288
2020-01-02 16:00:00,NA,NA,-2884.17557288429,14108.2532706439,10021.166682268,-2884.17557288429
2020-01-02 16:01:00,NA,NA,-2877.4210752933,14007.3549618036,9912.00895948457,-2877.4210752933
2020-01-02 16:02:00,NA,NA,-2844.83981102973,13914.7045685585,9782.10285180067,-2844.83981102973
2020-01-02 16:03:00,NA,NA,-2813.80372899648,13813.0447663834,9635.96972475335,-2813.80372899648
2020-01-02 16:04:00,NA,NA,-2795.98642236666,13698.109644147,9501.85892897918,-2795.98642236666
2020-01-02 16:05:00,NA,NA,-2841.59054016461,13558.5986382635,9361.21090399339,-2841.59054016461
2020-01-02 16:06:00,NA,NA,-2925.68471570862,13428.9747108079,9225.58887664517,-2925.68471570862
2020-01-02 16:07:00,NA,NA,-3015.08435478205,13291.1376068729,9100.37374486,-3015.08435478205
2020-01-02 16:08:00,NA,NA,-3092.51509731179,13152.308435788,8974.0220938914,-3092.51509731179
2020-01-02 16:09:00,NA,NA,-3130.62484990298,13021.6225623888,8872.76240202674,-3130.62484990298
2020-01-02 16:10:00,12896.5839761412,8745.05683247757,NA,12896.5839761412,8745.05683247757,-3128.19165590967
2020-01-02 16:11:00,NA,NA,-3124.77948006036,12787.3127782601,8605.31010447416,-3124.77948006036
2020-01-02 16:12:00,NA,NA,-3150.54573812975,12714.4253019413,8489.46242462707,-3150.54573812975
2020-01-02 16:13:00,NA,NA,-3175.5704730257,12657.4245129968,8402.74538568761,-3175.5704730257
2020-01-02 16:14:00,12608.8693966756,8298.86421838966,NA,12608.8693966756,8298.86421838966,-3202.20151306185
2020-01-02 16:15:00,12550.7814164364,8183.48425747803,NA,12550.7814164364,8183.48425747803,-3218.57431255356
2020-01-02 16:16:00,NA,NA,-3202.41822462963,12481.1337337644,8065.60965509236,-3202.41822462963
2020-01-02 16:17:00,NA,NA,-3160.12052437782,12400.5981252684,7939.44627177046,-3160.12052437782
2020-01-02 16:18:00,NA,NA,-3093.92622170409,12324.7941783251,7815.6506497287,-3093.92622170409
2020-01-02 16:19:00,NA,NA,-3042.86437452638,12262.1991920534,7689.0556978393,-3042.86437452638
2020-01-02 16:20:00,NA,NA,-3020.66903182989,12170.0815906754,7580.25362192291,-3020.66903182989
2020-01-02 16:21:00,NA,NA,-3008.87115260101,12075.4173867833,7474.27455924103,-3008.87115260101
2020-01-02 16:22:00,NA,NA,-2992.22167671805,12009.4500800704,7389.39238838383,-2992.22167671805
2020-01-02 16:23:00,NA,NA,-2949.39809354112,11926.9360079117,7296.0978108833,-2949.39809354112
2020-01-02 16:24:00,NA,NA,-2878.96046290297,11849.1039010967,7191.00524962344,-2878.96046290297
2020-01-02 16:25:00,NA,NA,-2818.39337177255,11776.5138166221,7087.89901070232,-2818.39337177255
2020-01-02 16:26:00,NA,NA,-2749.05731670844,11712.4609525577,6987.40635757546,-2749.05731670844
2020-01-02 16:27:00,NA,NA,-2710.28762191245,11635.6878152489,6879.60347033253,-2710.28762191245
2020-01-02 16:28:00,NA,NA,-2689.95720624502,11553.4223490695,6771.80052531524,-2689.95720624502
2020-01-02 16:29:00,NA,NA,-2677.60886974587,11496.3316662219,6656.91927589844,-2677.60886974587
2020-01-02 16:30:00,NA,NA,-2685.48745822686,11456.086330304,6547.19876294081,-2685.48745822686
2020-01-02 16:31:00,11436.4024865246,6436.4126207212,NA,11436.4024865246,6436.4126207212,-2666.21243923576
2020-01-02 16:32:00,NA,NA,-2615.42701786992,11426.5887969943,6345.82820461478,-2615.42701786992
2020-01-02 16:33:00,NA,NA,-2509.09614366959,11425.009395109,6276.19159549387,-2509.09614366959
2020-01-02 16:34:00,NA,NA,-2406.42307873646,11437.7673923325,6217.4899086298,-2406.42307873646
2020-01-02 16:35:00,NA,NA,-2300.50256899155,11449.2855725637,6165.88170386685,-2300.50256899155
2020-01-02 16:36:00,NA,NA,-2205.36219387264,11477.659846313,6117.41961464967,-2205.36219387264
2020-01-02 16:37:00,NA,NA,-2102.20354723134,11488.5700096035,6069.83480921222,-2102.20354723134
2020-01-02 16:38:00,NA,NA,-1955.55513039771,11467.3411809834,6013.72796336835,-1955.55513039771
2020-01-02 16:39:00,NA,NA,-1818.32170787521,11443.9917887638,5933.19696652813,-1818.32170787521
2020-01-02 16:40:00,NA,NA,-1657.07591967393,11457.7513177352,5836.20413997518,-1657.07591967393
2020-01-02 16:41:00,NA,NA,-1516.17236998167,11493.2490947534,5716.83209844498,-1516.17236998167
2020-01-02 16:42:00,NA,NA,-1386.25586407481,11557.2418728404,5585.74802069107,-1386.25586407481
2020-01-02 16:43:00,11627.5138479499,5497.68111427667,NA,11627.5138479499,5497.68111427667,-1292.95374904221
2020-01-02 16:44:00,NA,NA,-1234.37294692927,11697.9616218179,5408.44373110097,-1234.37294692927
2020-01-02 16:45:00,NA,NA,-1187.20642429133,11759.7314113821,5321.88387965752,-1187.20642429133
2020-01-02 16:46:00,NA,NA,-1187.98812304902,11817.8559471845,5250.88225630298,-1187.98812304902
2020-01-02 16:47:00,NA,NA,-1176.87440626791,11875.6091958271,5212.3761697865,-1176.87440626791
2020-01-02 16:48:00,NA,NA,-1163.28500702343,11956.5644095953,5203.68355603212,-1163.28500702343
2020-01-02 16:49:00,NA,NA,-1142.23295184856,12051.172556896,5202.16556200059,-1142.23295184856
2020-01-02 16:50:00,12135.7925446592,5212.43497865232,NA,12135.7925446592,5212.43497865232,-1130.27861407787
2020-01-02 16:51:00,NA,NA,-1093.46096436648,12196.5157642127,5219.89573517182,-1093.46096436648
2020-01-02 16:52:00,NA,NA,-1082.66781721846,12261.8962321927,5241.99955570482,-1082.66781721846
2020-01-02 16:53:00,NA,NA,-1076.50463203227,12329.8610270283,5281.22807884037,-1076.50463203227
2020-01-02 16:54:00,NA,NA,-1108.811635218,12370.2724909366,5323.88781662406,-1108.811635218
2020-01-02 16:55:00,NA,NA,-1154.7387708177,12390.1584072016,5360.257851516,-1154.7387708177
2020-01-02 16:56:00,12424.9713343145,5355.57677327206,NA,12424.9713343145,5355.57677327206,-1225.10711884323
2020-01-02 16:57:00,NA,NA,-1308.64358430487,12471.064221175,5322.85121397044,-1308.64358430487
2020-01-02 16:58:00,NA,NA,-1373.70473271245,12482.5276401193,5299.33147719792,-1373.70473271245
2020-01-02 16:59:00,NA,NA,-1427.44957279317,12484.3312405915,5277.04200307043,-1427.44957279317
2020-01-02 17:00:00,12493.0814462542,5256.89903402075,NA,12493.0814462542,5256.89903402075,-1419.2151692942
2020-01-02 17:01:00,12490.6347438303,5238.93416849062,NA,12490.6347438303,5238.93416849062,-1437.88141931295
2020-01-02 17:02:00,NA,NA,-1496.63103080797,12477.9991035131,5236.46089095198,-1496.63103080797
2020-01-02 17:03:00,NA,NA,-1600.90260301464,12469.3694723846,5230.88902335215,-1600.90260301464
2020-01-02 17:04:00,NA,NA,-1667.86702697219,12475.4996638333,5215.11308299347,-1667.86702697219
2020-01-02 17:05:00,NA,NA,-1706.28063772102,12504.5096862447,5204.3174639279,-1706.28063772102
2020-01-02 17:06:00,NA,NA,-1723.51934636662,12551.6544650298,5194.5160590276,-1723.51934636662
2020-01-02 17:07:00,NA,NA,-1735.43754218007,12613.0425829397,5177.53533177919,-1735.43754218007
2020-01-02 17:08:00,NA,NA,-1720.73013878396,12671.8205596318,5135.99402432961,-1720.73013878396
2020-01-02 17:09:00,NA,NA,-1716.325962618,12751.0138162806,5095.18945457753,-1716.325962618
2020-01-02 17:10:00,NA,NA,-1699.37241386268,12838.0114925691,5081.58362146641,-1699.37241386268
2020-01-02 17:11:00,NA,NA,-1674.25330225142,12935.7649375546,5054.51104396421,-1674.25330225142
2020-01-02 17:12:00,NA,NA,-1651.60437315081,13032.1488825278,4991.68169222367,-1651.60437315081
2020-01-02 17:13:00,NA,NA,-1613.93626556511,13127.2562971161,4938.10546471273,-1613.93626556511
2020-01-02 17:14:00,NA,NA,-1600.24880832306,13208.2531765325,4884.81419263954,-1600.24880832306
2020-01-02 17:15:00,NA,NA,-1595.67358591053,13286.439635619,4810.14532881647,-1595.67358591053
2020-01-02 17:16:00,NA,NA,-1590.35526127931,13360.6040301432,4769.21534974901,-1590.35526127931
2020-01-02 17:17:00,NA,NA,-1554.83522146176,13418.1099662139,4745.00913360292,-1554.83522146176
2020-01-02 17:18:00,13442.445061712,4736.47875221259,NA,13442.445061712,4736.47875221259,-1533.51654411524
2020-01-02 17:19:00,NA,NA,-1521.58803148521,13447.0156865063,4712.60425679288,-1521.58803148521
2020-01-02 17:20:00,NA,NA,-1515.67236448515,13423.2748157432,4681.89100033537,-1515.67236448515
2020-01-02 17:21:00,NA,NA,-1533.80308160304,13386.1130405101,4640.63868879433,-1533.80308160304
2020-01-02 17:22:00,NA,NA,-1571.22137812003,13350.2120351633,4559.85943590544,-1571.22137812003
2020-01-02 17:23:00,13344.6636179075,4461.09287158224,NA,13344.6636179075,4461.09287158224,-1613.72004211162
2020-01-02 17:24:00,NA,NA,-1662.82900930566,13361.9072985932,4368.411624637,-1662.82900930566
2020-01-02 17:25:00,NA,NA,-1677.10412770739,13382.0394044884,4295.69917774287,-1677.10412770739
2020-01-02 17:26:00,NA,NA,-1687.7734369748,13393.8178868144,4228.45288152068,-1687.7734369748
2020-01-02 17:27:00,NA,NA,-1778.02977382969,13390.7929217412,4157.1695703763,-1778.02977382969
2020-01-02 17:28:00,NA,NA,-1863.28112127156,13398.9623097352,4073.24768056489,-1863.28112127156
2020-01-02 17:29:00,NA,NA,-1956.73757065743,13388.6792793644,3975.23999043165,-1956.73757065743
2020-01-02 17:30:00,NA,NA,-2026.17213879936,13390.2156799324,3879.69674797912,-2026.17213879936
2020-01-02 17:31:00,NA,NA,-2031.1834875717,13388.3089563217,3809.42301404045,-2031.1834875717
2020-01-02 17:32:00,NA,NA,-2001.91284716414,13417.1135335979,3734.30285497713,-2001.91284716414
2020-01-02 17:33:00,NA,NA,-1937.93977709776,13447.5341835183,3672.86796574639,-1937.93977709776
2020-01-02 17:34:00,NA,NA,-1931.68381166575,13466.962018538,3610.50097111272,-1931.68381166575
2020-01-02 17:35:00,NA,NA,-1950.63454583288,13475.6398240225,3553.90545646476,-1950.63454583288
2020-01-02 17:36:00,13487.0939211762,3521.33776251475,NA,13487.0939211762,3521.33776251475,-1984.76944614049
2020-01-02 17:37:00,13506.143040988,3499.68100008223,NA,13506.143040988,3499.68100008223,-1981.04750361657
2020-01-02 17:38:00,NA,NA,-1936.91713461378,13510.8427100183,3473.9260588198,-1936.91713461378
2020-01-02 17:39:00,NA,NA,-1899.45661330416,13501.708387972,3459.39514698288,-1899.45661330416
2020-01-02 17:40:00,NA,NA,-1869.85745093545,13483.4746006237,3461.36862620953,-1869.85745093545
2020-01-02 17:41:00,13452.7357999775,3434.92080332568,NA,13452.7357999775,3434.92080332568,-1857.45415410361
2020-01-02 17:42:00,NA,NA,-1829.16308827922,13410.4982951341,3366.06155192478,-1829.16308827922
2020-01-02 17:43:00,NA,NA,-1757.49048615992,13354.9868486019,3315.3301688884,-1757.49048615992
2020-01-02 17:44:00,NA,NA,-1675.69979952378,13299.9098323541,3273.59664818177,-1675.69979952378
2020-01-02 17:45:00,NA,NA,-1653.55633991324,13232.3513759319,3248.27841351216,-1653.55633991324
2020-01-02 17:46:00,13153.9782468257,3221.48427952276,NA,13153.9782468257,3221.48427952276,-1608.19162054382
2020-01-02 17:47:00,NA,NA,-1587.29413697391,13079.5621494603,3192.27318007171,-1587.29413697391
2020-01-02 17:48:00,NA,NA,-1573.75237497444,13011.7010291309,3137.54710815227,-1573.75237497444
2020-01-02 17:49:00,12935.7018619109,3069.55515789276,NA,12935.7018619109,3069.55515789276,-1532.2147791768
2020-01-02 17:50:00,NA,NA,-1517.13799569944,12855.5528205388,3000.57093707683,-1517.13799569944
2020-01-02 17:51:00,NA,NA,-1486.5146614699,12793.6339106649,2934.3090763365,-1486.5146614699
2020-01-02 17:52:00,NA,NA,-1463.84617311233,12732.7916159363,2853.28544403623,-1463.84617311233
2020-01-02 17:53:00,NA,NA,-1449.35513167884,12676.8795484456,2760.63580999548,-1449.35513167884
2020-01-02 17:54:00,NA,NA,-1412.65356640544,12603.3562834987,2659.24029354432,-1412.65356640544
2020-01-02 17:55:00,NA,NA,-1385.87154533991,12527.1465420811,2551.48836727573,-1385.87154533991
2020-01-02 17:56:00,NA,NA,-1369.60493342997,12467.3490779725,2461.26524595281,-1369.60493342997
2020-01-02 17:57:00,NA,NA,-1365.64750082828,12432.7750731412,2398.8678999714,-1365.64750082828
2020-01-02 17:58:00,NA,NA,-1330.36192791052,12399.087139069,2337.23221238245,-1330.36192791052
2020-01-02 17:59:00,12371.8912681592,2246.94095085403,NA,12371.8912681592,2246.94095085403,-1259.76601621472
2020-01-02 18:00:00,NA,NA,-1202.59006685637,12347.5216234896,2114.66781595798,-1202.59006685637
2020-01-02 18:01:00,NA,NA,-1127.99425648702,12321.7053106533,1967.49321197221,-1127.99425648702
2020-01-02 18:02:00,12285.0241748121,1814.10044775806,NA,12285.0241748121,1814.10044775806,-1050.79700762223
2020-01-02 18:03:00,12232.7773584747,1643.83589323,NA,12232.7773584747,1643.83589323,-1016.60467504579
2020-01-02 18:04:00,NA,NA,-997.932846425828,12191.6313303267,1475.75171850887,-997.932846425828
2020-01-02 18:05:00,NA,NA,-989.387101209865,12163.8886674198,1312.86527888153,-989.387101209865
2020-01-02 18:06:00,12133.6213285742,1178.90703377021,NA,12133.6213285742,1178.90703377021,-962.221767280891
2020-01-02 18:07:00,NA,NA,-917.90925721274,12137.2396912892,1049.85850913882,-917.90925721274
2020-01-02 18:08:00,NA,NA,-894.579513032288,12149.5087101279,925.261259814251,-894.579513032288
2020-01-02 18:09:00,NA,NA,-844.729736860966,12162.7381783905,802.025726953916,-844.729736860966
2020-01-02 18:10:00,NA,NA,-789.101980989946,12192.4295590783,667.836481549191,-789.101980989946
2020-01-02 18:11:00,12208.2208654776,526.775033027612,NA,12208.2208654776,526.775033027612,-685.91239605637
2020-01-02 18:12:00,NA,NA,-603.156945347176,12212.8170014702,394.34532601504,-603.156945347176
2020-01-02 18:13:00,NA,NA,-533.339085259082,12214.5170075708,277.143007937854,-533.339085259082
2020-01-02 18:14:00,NA,NA,-469.083375861281,12211.7569354486,155.510021069505,-469.083375861281
2020-01-02 18:15:00,NA,NA,-405.331704859486,12228.886108342,57.0826162083125,-405.331704859486
2020-01-02 18:16:00,NA,NA,-322.811144679683,12248.0132212142,-22.1515901101743,-322.811144679683
2020-01-02 18:17:00,NA,NA,-259.826503103062,12270.1017502504,-93.4244381967545,-259.826503103062
2020-01-02 18:18:00,NA,NA,-204.260690069949,12314.5308829813,-165.271219874468,-204.260690069949
2020-01-02 18:19:00,12352.6106746083,-240.277635793184,NA,12352.6106746083,-240.277635793184,-151.477253656071
2020-01-02 18:20:00,NA,NA,-78.9776344873426,12393.3551320132,-312.744217965155,-78.9776344873426
2020-01-02 18:21:00,NA,NA,-1.54534085918039,12442.9027476922,-402.02000071468,-1.54534085918039
2020-01-02 18:22:00,NA,NA,60.7936863515735,12473.5256882468,-488.10875217319,60.7936863515735
2020-01-02 18:23:00,12509.2214410221,-565.955308044373,NA,12509.2214410221,-565.955308044373,91.6401690842496
2020-01-02 18:24:00,NA,NA,142.17633410631,12572.7273361239,-643.176147637683,142.17633410631
2020-01-02 18:25:00,12655.5828406261,-741.283408616265,NA,12655.5828406261,-741.283408616265,216.935800523594
2020-01-02 18:26:00,NA,NA,297.708956000324,12725.1419198527,-850.256084346515,297.708956000324
2020-01-02 18:27:00,NA,NA,338.712595557374,12778.2704490332,-959.985111810768,338.712595557374
2020-01-02 18:28:00,NA,NA,349.280098772246,12852.7116718263,-1062.46350272109,349.280098772246
2020-01-02 18:29:00,NA,NA,322.115596982552,12940.049059166,-1161.16362357503,322.115596982552
2020-01-02 18:30:00,NA,NA,272.711927411471,13054.9684828667,-1243.10388831605,272.711927411471
2020-01-02 18:31:00,NA,NA,200.52900237939,13190.2675265047,-1349.6533784391,200.52900237939
2020-01-02 18:32:00,NA,NA,125.055336336288,13347.991101642,-1487.24010079137,125.055336336288
2020-01-02 18:33:00,NA,NA,85.7334496112911,13501.8233547903,-1625.30179921923,85.7334496112911
2020-01-02 18:34:00,13677.4777309133,-1759.16525459614,NA,13677.4777309133,-1759.16525459614,54.6775144937792
2020-01-02 18:35:00,13852.6299589739,-1921.55301880588,NA,13852.6299589739,-1921.55301880588,18.028132422004
2020-01-02 18:36:00,14029.8467973403,-2089.20650611532,NA,14029.8467973403,-2089.20650611532,-11.7199883895366
2020-01-02 18:37:00,NA,NA,-87.1413846821179,14180.8689259412,-2264.27334576769,-87.1413846821179
2020-01-02 18:38:00,NA,NA,-107.40511380343,14338.7575946859,-2446.50949597558,-107.40511380343
2020-01-02 18:39:00,NA,NA,-152.877793712971,14504.9563851711,-2615.32949600933,-152.877793712971
2020-01-02 18:40:00,NA,NA,-214.636921567552,14673.2016389661,-2771.8906013488,-214.636921567552
2020-01-02 18:41:00,NA,NA,-270.691618048964,14846.8478236304,-2915.35423515551,-270.691618048964
2020-01-02 18:42:00,NA,NA,-308.759839968557,15034.368127359,-3052.99459942984,-308.759839968557
2020-01-02 18:43:00,NA,NA,-287.364185165436,15216.4621060993,-3180.41735484903,-287.364185165436
2020-01-02 18:44:00,NA,NA,-240.845262777743,15383.4443350621,-3269.92070321266,-240.845262777743
2020-01-02 18:45:00,NA,NA,-160.666602426037,15538.3112312615,-3343.69367325678,-160.666602426037
2020-01-02 18:46:00,NA,NA,-35.478612686315,15674.7727458604,-3411.57660301066,-35.478612686315
2020-01-02 18:47:00,15800.1097201303,-3489.68662021295,NA,15800.1097201303,-3489.68662021295,136.233140408476
2020-01-02 18:48:00,NA,NA,327.282320042819,15898.4341141776,-3592.60103247818,327.282320042819
2020-01-02 18:49:00,NA,NA,515.780990260286,15967.407703609,-3694.56624473869,515.780990260286
2020-01-02 18:50:00,NA,NA,717.263796912609,16051.2797729553,-3802.00030289411,717.263796912609
2020-01-02 18:51:00,NA,NA,876.758309834771,16132.5045280591,-3932.73392990361,876.758309834771
2020-01-02 18:52:00,NA,NA,1012.71144677982,16224.0993139876,-4064.07603182794,1012.71144677982
2020-01-02 18:53:00,NA,NA,1118.44741734213,16329.0870171868,-4213.92064694112,1118.44741734213
2020-01-02 18:54:00,NA,NA,1210.94313900121,16398.0736033719,-4378.03166176935,1210.94313900121
2020-01-02 18:55:00,NA,NA,1269.59791645496,16439.2748078758,-4567.9785446657,1269.59791645496
2020-01-02 18:56:00,NA,NA,1279.34173540351,16502.2113141851,-4770.87169913201,1279.34173540351
2020-01-02 18:57:00,NA,NA,1271.43760169654,16564.4645022907,-4982.17469255036,1271.43760169654
2020-01-02 18:58:00,NA,NA,1276.91000212008,16635.372001674,-5161.45886573454,1276.91000212008
2020-01-02 18:59:00,NA,NA,1273.51331441024,16701.7861057208,-5334.90078873164,1273.51331441024
2020-01-02 19:00:00,NA,NA,1294.85021215652,16766.6566367179,-5506.746977722,1294.85021215652
2020-01-02 19:01:00,NA,NA,1330.98233146255,16834.2410059565,-5674.11022276699,1330.98233146255
2020-01-02 19:02:00,16873.706902311,-5825.34568519804,NA,16873.706902311,-5825.34568519804,1406.67398027983
2020-01-02 19:03:00,NA,NA,1449.65124967481,16885.2031260929,-5994.41718263928,1449.65124967481
2020-01-02 19:04:00,16886.5903631602,-6153.07165883666,NA,16886.5903631602,-6153.07165883666,1464.30213219415
2020-01-02 19:05:00,NA,NA,1421.70588958874,16863.3121659601,-6309.731035402,1421.70588958874
2020-01-02 19:06:00,NA,NA,1353.28714956582,16830.6885008855,-6460.8475935422,1353.28714956582
2020-01-02 19:07:00,NA,NA,1308.25814014462,16782.801805696,-6593.90097653722,1308.25814014462
2020-01-02 19:08:00,NA,NA,1290.60758726209,16746.7350382989,-6716.60050271339,1290.60758726209
2020-01-02 19:09:00,NA,NA,1299.78662901401,16706.160987469,-6813.00424469935,1299.78662901401
2020-01-02 19:10:00,NA,NA,1312.63764147124,16651.7948755052,-6918.03362505537,1312.63764147124
2020-01-02 19:11:00,NA,NA,1305.88369432479,16613.7499078247,-7043.30447773946,1305.88369432479
2020-01-02 19:12:00,16573.7105225779,-7150.50699306426,NA,16573.7105225779,-7150.50699306426,1324.24494048766
2020-01-02 19:13:00,16531.0593324065,-7282.09074527038,NA,16531.0593324065,-7282.09074527038,1312.14947178759
2020-01-02 19:14:00,NA,NA,1296.29676818134,16483.2105536248,-7421.69143691846,1296.29676818134
2020-01-02 19:15:00,NA,NA,1274.96221411753,16431.844219424,-7548.44530709541,1274.96221411753
2020-01-02 19:16:00,16372.6777953167,-7672.39279592204,NA,16372.6777953167,-7672.39279592204,1258.45032169026
2020-01-02 19:17:00,16312.215177582,-7781.62635481015,NA,16312.215177582,-7781.62635481015,1233.64309046146
2020-01-02 19:18:00,NA,NA,1186.34422849312,16270.7024809612,-7890.96415933727,1186.34422849312
2020-01-02 19:19:00,NA,NA,1150.46331519222,16243.8943731676,-8005.15475439266,1150.46331519222
2020-01-02 19:20:00,NA,NA,1106.77106054493,16200.4487169027,-8116.13322900751,1106.77106054493
2020-01-02 19:21:00,NA,NA,1058.20270104711,16139.7516762096,-8214.10618849636,1058.20270104711
2020-01-02 19:22:00,NA,NA,1009.55264870354,16067.848010649,-8312.20951360052,1009.55264870354
2020-01-02 19:23:00,NA,NA,962.339366374601,15995.225015248,-8400.89647964148,962.339366374601
2020-01-02 19:24:00,NA,NA,924.359450368153,15911.6066502579,-8487.23714856509,924.359450368153
2020-01-02 19:25:00,NA,NA,863.596843435972,15847.5337933846,-8570.60892943817,863.596843435972
2020-01-02 19:26:00,NA,NA,818.177266153387,15802.8430930797,-8649.26350298906,818.177266153387
2020-01-02 19:27:00,NA,NA,791.391342622048,15776.951918012,-8721.90762071262,791.391342622048
2020-01-02 19:28:00,15743.8966093911,-8801.05487207318,NA,15743.8966093911,-8801.05487207318,721.136262850026
2020-01-02 19:29:00,NA,NA,633.695996054068,15706.2611954846,-8890.88161501858,633.695996054068
2020-01-02 19:30:00,NA,NA,526.022478577608,15671.9362501693,-8992.23575013091,526.022478577608
2020-01-02 19:31:00,15643.0150645885,-9090.82814192897,NA,15643.0150645885,-9090.82814192897,445.008780716521
2020-01-02 19:32:00,NA,NA,388.625914781668,15613.2004408373,-9182.13312257118,388.625914781668
2020-01-02 19:33:00,NA,NA,371.853233054191,15576.151407287,-9284.08526989881,371.853233054191
2020-01-02 19:34:00,NA,NA,338.815370742228,15529.1840453609,-9397.01853305798,338.815370742228
2020-01-02 19:35:00,NA,NA,320.068224310812,15498.4239592522,-9513.39409479418,320.068224310812
2020-01-02 19:36:00,15484.0806329445,-9629.02984532692,NA,15484.0806329445,-9629.02984532692,295.812225434916
2020-01-02 19:37:00,NA,NA,322.987929487103,15466.3453502306,-9701.01270020501,322.987929487103
2020-01-02 19:38:00,NA,NA,346.992746924958,15472.7272916369,-9756.48452257867,346.992746924958
2020-01-02 19:39:00,NA,NA,347.234732479323,15502.0535918728,-9795.95424598337,347.234732479323
2020-01-02 19:40:00,NA,NA,347.825928778151,15525.867937709,-9812.62351032557,347.825928778151
2020-01-02 19:41:00,NA,NA,350.245540668116,15539.0888525678,-9817.64155645017,350.245540668116
2020-01-02 19:42:00,NA,NA,366.508200198599,15545.2536483056,-9808.32584616075,366.508200198599
2020-01-02 19:43:00,NA,NA,366.872027289108,15575.0386222601,-9801.99820972765,366.872027289108
2020-01-02 19:44:00,NA,NA,306.966201662468,15603.0887311486,-9776.19590318082,306.966201662468
2020-01-02 19:45:00,NA,NA,237.922652578334,15616.0521132259,-9749.321487806,237.922652578334
2020-01-02 19:46:00,NA,NA,211.417213667305,15608.1527442838,-9722.19650828743,211.417213667305
2020-01-02 19:47:00,15566.949529079,-9670.04074507566,NA,15566.949529079,-9670.04074507566,176.219997293666
2020-01-02 19:48:00,NA,NA,154.912015901383,15520.9156284459,-9599.30615031827,154.912015901383
2020-01-02 19:49:00,NA,NA,96.4832176938753,15500.7685920639,-9527.09045660064,96.4832176938753
2020-01-02 19:50:00,NA,NA,45.1598272154691,15497.8857833707,-9457.21270934454,45.1598272154691
2020-01-02 19:51:00,NA,NA,-32.6217450972928,15486.3101470447,-9410.68168940291,-32.6217450972928
2020-01-02 19:52:00,NA,NA,-99.5308178757467,15491.9616663273,-9365.41089132747,-99.5308178757467
2020-01-02 19:53:00,NA,NA,-141.394918609435,15536.569838826,-9349.97213711587,-141.394918609435
2020-01-02 19:54:00,NA,NA,-182.798398290092,15609.2056209467,-9381.15461657729,-182.798398290092
2020-01-02 19:55:00,NA,NA,-235.086720377552,15687.0066709646,-9420.49388521466,-235.086720377552
2020-01-02 19:56:00,NA,NA,-303.368533113064,15759.6027718587,-9467.33853918277,-303.368533113064
2020-01-02 19:57:00,NA,NA,-321.794933328552,15835.7399778098,-9519.77362917708,-321.794933328552
2020-01-02 19:58:00,NA,NA,-301.219069811023,15921.4399210172,-9581.00770032421,-301.219069811023
2020-01-02 19:59:00,15994.8737369116,-9638.75259324841,NA,15994.8737369116,-9638.75259324841,-278.006856369058
2020-01-02 20:00:00,16025.3804390413,-9691.02804294079,NA,16025.3804390413,-9691.02804294079,-230.758568962609
2020-01-02 20:01:00,NA,NA,-166.397577946986,16050.5173893245,-9719.43228425707,-166.397577946986
2020-01-02 20:02:00,NA,NA,-112.784339956518,16064.506464546,-9741.07849685163,-112.784339956518
2020-01-02 20:03:00,16074.8983818064,-9763.90111932158,NA,16074.8983818064,-9763.90111932158,-55.2328731453746
2020-01-02 20:04:00,NA,NA,-38.6913079342974,16064.7338659108,-9787.49134316319,-38.6913079342974
2020-01-02 20:05:00,NA,NA,-36.152297745184,16040.5249535032,-9786.88377956637,-36.152297745184
2020-01-02 20:06:00,NA,NA,-79.2662981541682,16032.7204898092,-9760.82260874485,-79.2662981541682
2020-01-02 20:07:00,NA,NA,-158.77074609606,16032.9092701631,-9750.68500959564,-158.77074609606
2020-01-02 20:08:00,NA,NA,-235.875829517528,16018.0743204666,-9728.76374551864,-235.875829517528
2020-01-02 20:09:00,NA,NA,-262.383942157244,16018.5592659878,-9707.39100496435,-262.383942157244
2020-01-02 20:10:00,NA,NA,-293.447149289886,16032.3391683931,-9692.27925951142,-293.447149289886
2020-01-02 20:11:00,NA,NA,-313.495668875364,16041.5486474263,-9678.6750538766,-313.495668875364
2020-01-02 20:12:00,NA,NA,-292.661952743973,16041.9228560501,-9664.94500450772,-292.661952743973
2020-01-02 20:13:00,NA,NA,-232.744273213613,16020.8691699612,-9653.48914080432,-232.744273213613
2020-01-02 20:14:00,NA,NA,-187.597406247363,16003.2713010603,-9644.38680244343,-187.597406247363
2020-01-02 20:15:00,15982.707182694,-9636.85509537125,NA,15982.707182694,-9636.85509537125,-123.029420189918
2020-01-02 20:16:00,NA,NA,-93.7219305475811,15946.0062807363,-9619.4984565763,-93.7219305475811
2020-01-02 20:17:00,NA,NA,-94.022595840226,15904.0713863409,-9572.62932487499,-94.022595840226
2020-01-02 20:18:00,NA,NA,-114.654116574078,15844.904737888,-9521.65076526739,-114.654116574078
2020-01-02 20:19:00,NA,NA,-139.995642405167,15801.6842283429,-9464.27132007672,-139.995642405167
2020-01-02 20:20:00,NA,NA,-191.069008232823,15763.8547024297,-9395.75824564768,-191.069008232823
2020-01-02 20:21:00,NA,NA,-207.438887574025,15732.567652232,-9348.65893395446,-207.438887574025
2020-01-02 20:22:00,15691.3030789539,-9288.255526151,NA,15691.3030789539,-9288.255526151,-192.395909503657
2020-01-02 20:23:00,NA,NA,-154.524983148205,15655.3525478965,-9235.97479817706,-154.524983148205
2020-01-02 20:24:00,15618.0170070982,-9199.12927779821,NA,15618.0170070982,-9199.12927779821,-114.971879679502
2020-01-02 20:25:00,15581.9722016355,-9147.98718818197,NA,15581.9722016355,-9147.98718818197,-85.9834998588173
2020-01-02 20:26:00,NA,NA,-35.9912927255226,15520.5829076795,-9114.94815408114,-35.9912927255226
2020-01-02 20:27:00,15463.0777754919,-9098.03216817514,NA,15463.0777754919,-9098.03216817514,61.3379196355854
2020-01-02 20:28:00,NA,NA,110.296617927116,15412.688184397,-9089.8878438224,110.296617927116
2020-01-02 20:29:00,NA,NA,165.305804652319,15392.6558244006,-9087.23034448535,165.305804652319
2020-01-02 20:30:00,NA,NA,242.665543404657,15365.2546103273,-9106.77693218016,242.665543404657
2020-01-02 20:31:00,NA,NA,301.606123648812,15331.8768497215,-9124.92436768658,301.606123648812
2020-01-02 20:32:00,NA,NA,312.663390251486,15276.9181538887,-9110.3838426137,312.663390251486
2020-01-02 20:33:00,NA,NA,341.54950792686,15205.8268270687,-9083.7606366988,341.54950792686
2020-01-02 20:34:00,NA,NA,410.083758336477,15132.0231977112,-9073.41041959804,410.083758336477
2020-01-02 20:35:00,NA,NA,478.413618458337,15064.5550450388,-9067.68489548467,478.413618458337
2020-01-02 20:36:00,NA,NA,500.744131757678,15004.5436195302,-9049.35419272219,500.744131757678
2020-01-02 20:37:00,NA,NA,512.680565007459,14961.6513821503,-9037.47789374915,512.680565007459
2020-01-02 20:38:00,14920.2097943316,-9015.30254694163,NA,14920.2097943316,-9015.30254694163,527.551628717627
2020-01-02 20:39:00,NA,NA,523.771480940723,14867.3631280126,-8992.7262803973,523.771480940723
2020-01-02 20:40:00,NA,NA,501.856993377397,14835.8548696121,-8965.417864931,501.856993377397
2020-01-02 20:41:00,NA,NA,483.151404675922,14827.7939871958,-8940.19964050407,483.151404675922
2020-01-02 20:42:00,NA,NA,436.467018566319,14811.8509004671,-8926.28206456969,436.467018566319
2020-01-02 20:43:00,NA,NA,384.614599321682,14792.7394124161,-8925.97623659381,384.614599321682
2020-01-02 20:44:00,14787.0806910898,-8946.62388836076,NA,14787.0806910898,-8946.62388836076,389.753471525111
2020-01-02 20:45:00,14791.2309422461,-8971.91463992627,NA,14791.2309422461,-8971.91463992627,348.004036394398
2020-01-02 20:46:00,NA,NA,311.092741244613,14786.9669515395,-8981.89754280606,311.092741244613
2020-01-02 20:47:00,NA,NA,255.59508396731,14799.7257640502,-9014.28638140676,255.59508396731
2020-01-02 20:48:00,NA,NA,251.805076386839,14837.2364558399,-9028.18696633351,251.805076386839
2020-01-02 20:49:00,NA,NA,281.066478014251,14882.3870893786,-9015.83530289436,281.066478014251
2020-01-02 20:50:00,NA,NA,315.530719168138,14927.4914471589,-9009.41431828038,315.530719168138
2020-01-02 20:51:00,NA,NA,382.871406976349,14975.5942538242,-8981.64828419162,382.871406976349
2020-01-02 20:52:00,NA,NA,416.715520976627,15011.3899137381,-8919.32907935441,416.715520976627
2020-01-02 20:53:00,NA,NA,435.489086321937,15027.2126554479,-8858.19052664295,435.489086321937
2020-01-02 20:54:00,NA,NA,457.478168887496,15013.705982357,-8774.45152743784,457.478168887496
2020-01-02 20:55:00,NA,NA,479.998972106534,14999.413241679,-8683.3170128157,479.998972106534
2020-01-02 20:56:00,NA,NA,495.461803814984,14983.02984701,-8588.36617111859,495.461803814984
2020-01-02 20:57:00,NA,NA,519.259155063843,14987.4787155883,-8516.55065275418,519.259155063843
2020-01-02 20:58:00,NA,NA,525.339495754475,14983.2127143218,-8431.18526876473,525.339495754475
2020-01-02 20:59:00,NA,NA,486.688823086535,14975.733270024,-8328.28001334083,486.688823086535
2020-01-02 21:00:00,NA,NA,459.890411889099,14971.8014723246,-8211.77897384966,459.890411889099
2020-01-02 21:01:00,14991.4506355354,-8105.34699781707,NA,14991.4506355354,-8105.34699781707,450.218007356988
2020-01-02 21:02:00,NA,NA,458.594040812996,14992.6805778525,-8011.16403327224,458.594040812996
2020-01-02 21:03:00,NA,NA,449.750174107185,14985.5060772051,-7941.77932196906,449.750174107185
2020-01-02 21:04:00,14992.4004414004,-7861.89127783459,NA,14992.4004414004,-7861.89127783459,426.338808072454
2020-01-02 21:05:00,NA,NA,442.228943311661,14978.7534804065,-7789.33794729166,442.228943311661
2020-01-02 21:06:00,NA,NA,459.41775694877,14953.2664303354,-7746.29909910484,459.41775694877
2020-01-02 21:07:00,NA,NA,495.185580549696,14926.6975660883,-7689.04109477177,495.185580549696
2020-01-02 21:08:00,NA,NA,524.420753295935,14917.7694371031,-7612.05441654396,524.420753295935
2020-01-02 21:09:00,14927.5144582431,-7526.91447291246,NA,14927.5144582431,-7526.91447291246,515.423907101542
2020-01-02 21:10:00,14922.5681949061,-7442.59931879317,NA,14922.5681949061,-7442.59931879317,515.937897105169
2020-01-02 21:11:00,NA,NA,511.578533151525,14909.3889712527,-7360.40058341178,511.578533151525
2020-01-02 21:12:00,NA,NA,547.556379836787,14901.6868751326,-7270.81256628726,547.556379836787
2020-01-02 21:13:00,NA,NA,610.400766960721,14894.2713569324,-7193.14842811455,610.400766960721
2020-01-02 21:14:00,14879.4675594821,-7121.3050896514,NA,14879.4675594821,-7121.3050896514,644.56999657266
2020-01-02 21:15:00,NA,NA,644.495720538823,14853.3340073401,-7046.10417411985,644.495720538823
2020-01-02 21:16:00,NA,NA,643.331293350254,14805.5541264152,-6990.54460942698,643.331293350254
2020-01-02 21:17:00,NA,NA,669.241713609607,14756.5974487817,-6940.09276236475,669.241713609607
2020-01-02 21:18:00,NA,NA,691.990169969897,14717.5246641836,-6877.58950186232,691.990169969897
2020-01-02 21:19:00,NA,NA,701.548674504361,14670.3055411505,-6829.12902687025,701.548674504361
2020-01-02 21:20:00,NA,NA,696.721753519761,14612.9448795755,-6760.72215525625,696.721753519761
2020-01-02 21:21:00,NA,NA,661.829787029406,14545.4063544751,-6701.8529249105,661.829787029406
2020-01-02 21:22:00,NA,NA,573.705257924181,14477.3681024694,-6661.78490032248,573.705257924181
2020-01-02 21:23:00,NA,NA,528.206766977815,14385.8743682016,-6609.53174059459,528.206766977815
2020-01-02 21:24:00,NA,NA,538.702849766143,14275.3441387619,-6545.57190953898,538.702849766143
2020-01-02 21:25:00,14171.9631684516,-6464.74889922851,NA,14171.9631684516,-6464.74889922851,521.060583769222
2020-01-02 21:26:00,NA,NA,528.113628667512,14074.7785533039,-6402.36341410158,528.113628667512
2020-01-02 21:27:00,13980.2056380126,-6340.20310609184,NA,13980.2056380126,-6340.20310609184,511.51126262734
2020-01-02 21:28:00,NA,NA,490.437896268986,13892.6439135194,-6275.35977595668,490.437896268986
2020-01-02 21:29:00,NA,NA,513.536778116347,13803.0160185246,-6219.08687069318,513.536778116347
2020-01-02 21:30:00,NA,NA,501.62738502273,13707.6197370585,-6153.56185239842,501.62738502273
2020-01-02 21:31:00,NA,NA,477.02423598189,13633.3664156785,-6084.0290843135,477.02423598189
2020-01-02 21:32:00,NA,NA,424.886586572895,13579.8682095085,-6004.54939534375,424.886586572895
2020-01-02 21:33:00,13519.6283244535,-5923.47601934574,NA,13519.6283244535,-5923.47601934574,348.64353764832
2020-01-02 21:34:00,NA,NA,315.294977757616,13470.8812463261,-5845.17288165851,315.294977757616
2020-01-02 21:35:00,NA,NA,321.722121253798,13421.7214239346,-5783.39570664762,321.722121253798
2020-01-02 21:36:00,13365.9146762579,-5722.70966355498,NA,13365.9146762579,-5722.70966355498,388.196704469289
2020-01-02 21:37:00,NA,NA,472.324147814343,13324.985902485,-5673.23232085649,472.324147814343
2020-01-02 21:38:00,NA,NA,573.082423219065,13268.7678593029,-5637.81555510281,573.082423219065
2020-01-02 21:39:00,NA,NA,656.360776371649,13226.8611994585,-5601.98681612607,656.360776371649
2020-01-02 21:40:00,NA,NA,771.675295552866,13178.8938639952,-5566.84499775774,771.675295552866
2020-01-02 21:41:00,NA,NA,855.163832276428,13110.8857263142,-5555.24416064926,855.163832276428
2020-01-02 21:42:00,NA,NA,956.370460132948,13046.9471501339,-5571.52287015868,956.370460132948
2020-01-02 21:43:00,12987.2791195942,-5578.07631068452,NA,12987.2791195942,-5578.07631068452,1043.1675481264
2020-01-02 21:44:00,NA,NA,1102.51095877579,12927.458426379,-5574.37208680497,1102.51095877579
2020-01-02 21:45:00,NA,NA,1139.09684778794,12890.9110599848,-5558.64037913721,1139.09684778794
2020-01-02 21:46:00,12847.5037224565,-5516.16791573881,NA,12847.5037224565,-5516.16791573881,1172.38789614556
2020-01-02 21:47:00,NA,NA,1209.0502740224,12804.9177859055,-5474.78735624706,1209.0502740224
2020-01-02 21:48:00,NA,NA,1215.2674479088,12753.9063765249,-5447.06829940941,1215.2674479088
2020-01-02 21:49:00,NA,NA,1252.68318776263,12703.2388328043,-5431.80504668065,1252.68318776263
2020-01-02 21:50:00,NA,NA,1294.95093523003,12681.9246335663,-5408.00054529872,1294.95093523003
2020-01-02 21:51:00,NA,NA,1314.18118270328,12691.7826796017,-5414.5485664566,1314.18118270328
2020-01-02 21:52:00,NA,NA,1328.83147994542,12697.6493644724,-5406.65018459069,1328.83147994542
2020-01-02 21:53:00,NA,NA,1353.67611690092,12698.8614875011,-5386.88703983557,1353.67611690092
2020-01-02 21:54:00,NA,NA,1347.31325511425,12707.9481303126,-5393.14909544336,1347.31325511425
2020-01-02 21:55:00,12734.6760805634,-5398.85280062296,NA,12734.6760805634,-5398.85280062296,1331.70354038611
2020-01-02 21:56:00,NA,NA,1325.03400385808,12752.8942135356,-5400.44916539637,1325.03400385808
2020-01-02 21:57:00,NA,NA,1289.81277957967,12771.6986289676,-5415.42136525184,1289.81277957967
2020-01-02 21:58:00,NA,NA,1240.27480084059,12778.7933973856,-5444.82089950649,1240.27480084059
2020-01-02 21:59:00,NA,NA,1184.97692358881,12773.3827669,-5482.63908945776,1184.97692358881
2020-01-02 22:00:00,NA,NA,1150.29069674415,12782.0801895463,-5536.34102305335,1150.29069674415
2020-01-02 22:01:00,12801.398533886,-5609.80476934109,NA,12801.398533886,-5609.80476934109,1135.49411079214
2020-01-02 22:02:00,NA,NA,1149.11292885393,12837.3551571276,-5680.38201100267,1149.11292885393
2020-01-02 22:03:00,NA,NA,1158.35915445797,12884.334245797,-5740.24520084644,1158.35915445797
2020-01-02 22:04:00,NA,NA,1176.08245720157,12931.5175203983,-5803.6937649622,1176.08245720157
2020-01-02 22:05:00,NA,NA,1175.6672793069,12970.0931960622,-5860.93694004248,1175.6672793069
2020-01-02 22:06:00,NA,NA,1118.50962811198,12996.662226805,-5918.19875946011,1118.50962811198
2020-01-02 22:07:00,NA,NA,1095.12619372982,13008.8466415278,-5986.57155179291,1095.12619372982
2020-01-02 22:08:00,NA,NA,1098.62258607717,13027.2120719531,-6072.84758759288,1098.62258607717
2020-01-02 22:09:00,NA,NA,1117.85930369826,13046.2416428459,-6129.4634938141,1117.85930369826
2020-01-02 22:10:00,NA,NA,1148.69721002024,13059.6422688687,-6168.46350935791,1148.69721002024
2020-01-02 22:11:00,NA,NA,1136.5709352157,13076.9966171431,-6199.90489517028,1136.5709352157
2020-01-02 22:12:00,NA,NA,1130.67185892904,13110.7695627887,-6243.44945400334,1130.67185892904
2020-01-02 22:13:00,13144.0322952662,-6299.27132802119,NA,13144.0322952662,-6299.27132802119,1108.43208770483
2020-01-02 22:14:00,NA,NA,1081.96404878412,13200.4741388181,-6339.25126806821,1081.96404878412
2020-01-02 22:15:00,NA,NA,1073.30957747405,13245.2583090114,-6382.81080363732,1073.30957747405
2020-01-02 22:16:00,NA,NA,1041.02114527463,13253.3269772482,-6429.99767056915,1041.02114527463
2020-01-02 22:17:00,NA,NA,975.136680235145,13263.590224697,-6465.36368858181,975.136680235145
2020-01-02 22:18:00,13255.747662467,-6507.02573249733,NA,13255.747662467,-6507.02573249733,890.1783418146
2020-01-02 22:19:00,NA,NA,800.511458852327,13231.0958790898,-6559.56541121689,800.511458852327
2020-01-02 22:20:00,NA,NA,776.261618339953,13195.0531295788,-6622.62573992562,776.261618339953
2020-01-02 22:21:00,NA,NA,706.152262007322,13160.5216913881,-6684.23852223226,706.152262007322
2020-01-02 22:22:00,NA,NA,589.627072399372,13115.9816735111,-6712.88182500612,589.627072399372
2020-01-02 22:23:00,NA,NA,488.522474426126,13040.6850402487,-6701.71216563649,488.522474426126
2020-01-02 22:24:00,NA,NA,379.884265354797,12956.7061965327,-6661.48081998215,379.884265354797
2020-01-02 22:25:00,NA,NA,286.054906781927,12878.8816985442,-6637.75417103852,286.054906781927
2020-01-02 22:26:00,NA,NA,266.376634072461,12788.3229331013,-6619.36906573187,266.376634072461
2020-01-02 22:27:00,12725.4215997555,-6618.88842863812,NA,12725.4215997555,-6618.88842863812,252.656897919692
2020-01-02 22:28:00,NA,NA,265.045909972793,12668.1056534926,-6639.37467207143,265.045909972793
2020-01-02 22:29:00,NA,NA,285.828323798927,12622.9373601591,-6651.038137313,285.828323798927
2020-01-02 22:30:00,NA,NA,259.306992840756,12583.0210379186,-6637.32332236602,259.306992840756
2020-01-02 22:31:00,12560.2832117564,-6603.22393438716,NA,12560.2832117564,-6603.22393438716,214.005579715018
2020-01-02 22:32:00,NA,NA,206.630102604083,12502.3911107482,-6565.15238034685,206.630102604083
2020-01-02 22:33:00,NA,NA,224.267942060453,12457.0207276751,-6507.78340832803,224.267942060453
2020-01-02 22:34:00,NA,NA,219.460708479088,12430.1338169142,-6472.68132758025,219.460708479088
2020-01-02 22:35:00,12408.0242033265,-6454.77886122362,NA,12408.0242033265,-6454.77886122362,217.447536741837
2020-01-02 22:36:00,12378.4523565707,-6449.49035031674,NA,12378.4523565707,-6449.49035031674,223.316998260622
2020-01-02 22:37:00,NA,NA,216.600956870135,12324.2282854972,-6451.69667300006,216.600956870135
2020-01-02 22:38:00,12287.2046153195,-6467.5213633293,NA,12287.2046153195,-6467.5213633293,239.212929635532
2020-01-02 22:39:00,NA,NA,300.407236047184,12249.6387273257,-6496.01032209942,300.407236047184
2020-01-02 22:40:00,NA,NA,377.721822396266,12205.0547863864,-6503.52820704265,377.721822396266
2020-01-02 22:41:00,NA,NA,464.675026524277,12127.6486742447,-6520.9820754384,464.675026524277
2020-01-02 22:42:00,NA,NA,574.691747337948,12039.4552624774,-6530.06214712033,574.691747337948
2020-01-02 22:43:00,NA,NA,670.633715479481,11947.7248405063,-6512.50001428581,670.633715479481
2020-01-02 22:44:00,NA,NA,738.022157806825,11843.7675001377,-6516.87780158667,738.022157806825
2020-01-02 22:45:00,NA,NA,776.804976444354,11748.0729799473,-6533.64999389994,776.804976444354
2020-01-02 22:46:00,NA,NA,775.026209921147,11628.7250663944,-6547.09578466066,775.026209921147
2020-01-02 22:47:00,NA,NA,766.806674651058,11511.8086706924,-6563.70951610508,766.806674651058
2020-01-02 22:48:00,NA,NA,752.260113062839,11380.1506936413,-6560.70164031606,752.260113062839
2020-01-02 22:49:00,11237.2607108911,-6562.34723539374,NA,11237.2607108911,-6562.34723539374,751.030211443545
2020-01-02 22:50:00,NA,NA,713.95866875625,11104.629464848,-6583.49243432431,713.95866875625
2020-01-02 22:51:00,NA,NA,688.765048387949,10977.9450393817,-6596.81126857776,688.765048387949
2020-01-02 22:52:00,NA,NA,704.852445212777,10847.9581220676,-6610.33963924424,704.852445212777
2020-01-02 22:53:00,NA,NA,740.44242415231,10705.0819233728,-6616.82677023533,740.44242415231
2020-01-02 22:54:00,NA,NA,799.8639331263,10550.3906120611,-6619.71697744182,799.8639331263
2020-01-02 22:55:00,10402.152542702,-6621.71118643219,NA,10402.152542702,-6621.71118643219,869.92063391307
2020-01-02 22:56:00,NA,NA,966.643696025713,10277.8812200582,-6631.39046184331,966.643696025713
2020-01-02 22:57:00,NA,NA,1039.15824557301,10180.5729408051,-6652.07573676723,1039.15824557301
2020-01-02 22:58:00,NA,NA,1070.25427319197,10089.8193944171,-6693.99768707683,1070.25427319197
2020-01-02 22:59:00,NA,NA,1054.03746215924,10008.8610867709,-6753.15874920987,1054.03746215924
2020-01-02 23:00:00,NA,NA,1021.17826410915,9926.625915424,-6825.39762492867,1021.17826410915
2020-01-02 23:01:00,NA,NA,1076.08077336152,9859.16767020281,-6892.31299973158,1076.08077336152
2020-01-02 23:02:00,9783.69418920838,-6940.99454236089,NA,9783.69418920838,-6940.99454236089,1143.61128725985
2020-01-02 23:03:00,NA,NA,1149.07022532459,9712.53622469397,-6965.01497044346,1149.07022532459
2020-01-02 23:04:00,NA,NA,1139.52326469324,9631.39086572798,-6974.15060375897,1139.52326469324
2020-01-02 23:05:00,NA,NA,1149.75426196483,9557.04529226845,-6963.13841560175,1149.75426196483
2020-01-02 23:06:00,NA,NA,1168.36464425253,9497.95363783623,-6929.90886146669,1168.36464425253
2020-01-02 23:07:00,NA,NA,1169.48145597979,9434.34387667131,-6894.8871908213,1169.48145597979
2020-01-02 23:08:00,NA,NA,1165.36227540562,9370.63306185159,-6845.42468283254,1165.36227540562
2020-01-02 23:09:00,NA,NA,1150.90074406821,9322.92725861046,-6821.18714959898,1150.90074406821
2020-01-02 23:10:00,NA,NA,1148.971291108,9251.13113417888,-6830.12941812412,1148.971291108
2020-01-02 23:11:00,NA,NA,1169.94212711536,9161.27802874075,-6859.15363907104,1169.94212711536
2020-01-02 23:12:00,9079.61319999854,-6886.57134952532,NA,9079.61319999854,-6886.57134952532,1153.43196685
2020-01-02 23:13:00,NA,NA,1129.01158264611,8998.83811133714,-6922.24386073775,1129.01158264611
2020-01-02 23:14:00,NA,NA,1078.80631134354,8917.15976398553,-6939.56560396019,1078.80631134354
2020-01-02 23:15:00,NA,NA,1001.94805011615,8850.14458427058,-6935.8911993077,1001.94805011615
2020-01-02 23:16:00,8794.15736377692,-6936.96071639084,NA,8794.15736377692,-6936.96071639084,921.774287497583
2020-01-02 23:17:00,NA,NA,855.379171663242,8726.51075090071,-6942.448155554,855.379171663242
2020-01-02 23:18:00,8657.99460812969,-6947.0261735719,NA,8657.99460812969,-6947.0261735719,775.08367113296
2020-01-02 23:19:00,NA,NA,717.048486333339,8619.28498839532,-6947.73360468598,717.048486333339
2020-01-02 23:20:00,NA,NA,673.505072685137,8602.19020656008,-6941.3053215041,673.505072685137
2020-01-02 23:21:00,NA,NA,625.033702341211,8587.84424676691,-6936.67410171745,625.033702341211
2020-01-02 23:22:00,NA,NA,594.603640909414,8563.67697190491,-6923.67438282582,594.603640909414
2020-01-02 23:23:00,NA,NA,574.792091628325,8542.12801169318,-6885.9942489427,574.792091628325
2020-01-02 23:24:00,8525.38251290687,-6846.63645546289,NA,8525.38251290687,-6846.63645546289,520.911370105899
2020-01-02 23:25:00,NA,NA,487.657144436831,8510.80849532318,-6819.51085927973,487.657144436831
2020-01-02 23:26:00,NA,NA,471.029935059654,8528.05633749223,-6776.27689280143,471.029935059654
2020-01-02 23:27:00,NA,NA,465.816855144005,8538.81258580504,-6752.60096197871,465.816855144005
2020-01-02 23:28:00,NA,NA,486.067402391788,8566.72625233599,-6738.17260142568,486.067402391788
2020-01-02 23:29:00,NA,NA,506.159150493802,8593.58423734623,-6716.95324797899,506.159150493802
2020-01-02 23:30:00,NA,NA,503.920459081643,8622.79065502458,-6712.4818994714,503.920459081643
2020-01-02 23:31:00,NA,NA,497.436152520127,8659.52686789122,-6716.94655130563,497.436152520127
2020-01-02 23:32:00,NA,NA,464.810799125246,8708.07008882308,-6701.3929437251,464.810799125246
2020-01-02 23:33:00,NA,NA,445.375649151556,8758.62583589402,-6704.43937342676,445.375649151556
2020-01-02 23:34:00,8824.69221746143,-6712.2060216593,NA,8824.69221746143,-6712.2060216593,433.435791743579
2020-01-02 23:35:00,NA,NA,448.755211866302,8887.5873401942,-6728.00326477433,448.755211866302
2020-01-02 23:36:00,NA,NA,454.634476942314,8949.75359365544,-6752.82341904301,454.634476942314
2020-01-02 23:37:00,NA,NA,425.716623452901,9018.84504029152,-6773.04732125268,425.716623452901
2020-01-02 23:38:00,NA,NA,359.333766161573,9074.4758346771,-6787.45230322927,359.333766161573
2020-01-02 23:39:00,9157.92237054479,-6830.52651623312,NA,9157.92237054479,-6830.52651623312,285.134145242413
2020-01-02 23:40:00,NA,NA,171.957240231075,9255.91303349577,-6889.38995019683,171.957240231075
2020-01-02 23:41:00,NA,NA,99.7567799478564,9347.91216050545,-6943.23060909444,99.7567799478564
2020-01-02 23:42:00,NA,NA,107.308147464291,9434.47186904245,-6968.11806073244,107.308147464291
2020-01-02 23:43:00,NA,NA,133.625125793436,9528.89595969699,-7002.77793486179,133.625125793436
2020-01-02 23:44:00,NA,NA,216.017819003203,9616.85927399782,-7039.23414674207,216.017819003203
2020-01-02 23:45:00,NA,NA,349.861740072472,9676.40969411413,-7075.56618046362,349.861740072472
2020-01-02 23:46:00,NA,NA,489.375558791602,9736.38059426157,-7103.18319513594,489.375558791602
2020-01-02 23:47:00,NA,NA,612.17111825735,9794.08918403525,-7124.1534975676,612.17111825735
2020-01-02 23:48:00,NA,NA,716.913396576809,9827.73166893398,-7149.87822512839,716.913396576809
2020-01-02 23:49:00,9841.1845523912,-7176.61288505004,NA,9841.1845523912,-7176.61288505004,800.403296519197
2020-01-02 23:50:00,9821.83754502814,-7217.66365079054,NA,9821.83754502814,-7217.66365079054,844.279213373531
2020-01-02 23:51:00,NA,NA,886.799063220995,9807.06446698073,-7243.17889534405,886.799063220995
2020-01-02 23:52:00,NA,NA,947.851899553098,9808.02570682536,-7261.60482116942,947.851899553098
2020-01-02 23:53:00,NA,NA,982.390174053978,9839.83516045328,-7290.85939046896,982.390174053978
2020-01-02 23:54:00,9888.16518329277,-7319.68264389507,NA,9888.16518329277,-7319.68264389507,1029.0870599007
2020-01-02 23:55:00,NA,NA,1049.92726810853,9924.46566441046,-7346.93444944822,1049.92726810853
2020-01-02 23:56:00,9967.47077174468,-7384.00504759271,NA,9967.47077174468,-7384.00504759271,1042.98673163216
2020-01-02 23:57:00,10024.2496239192,-7419.95535663367,NA,10024.2496239192,-7419.95535663367,993.079387776121
2020-01-02 23:58:00,NA,NA,944.027405249928,10060.7511647832,-7445.80167774615,944.027405249928
2020-01-02 23:59:00,NA,NA,876.82078203785,10122.9487555922,-7477.28524622683,876.82078203785
2020-01-03,10216.5551601762,-7520.76426398745,NA,10216.5551601762,-7520.76426398745,776.08219160745
2020-01-03 00:01:00,NA,NA,643.305393541437,10285.4583930994,-7568.51553502986,643.305393541437
2020-01-03 00:02:00,NA,NA,575.096520138459,10358.9877092888,-7621.8166075185,575.096520138459
2020-01-03 00:03:00,NA,NA,528.959439801924,10406.1323699636,-7679.9322149871,528.959439801924
2020-01-03 00:04:00,NA,NA,541.401831803795,10439.5277926181,-7737.45431612035,541.401831803795
2020-01-03 00:05:00,NA,NA,513.63934177774,10463.3875751888,-7801.010459069,513.63934177774
2020-01-03 00:06:00,NA,NA,483.847967263133,10466.1240988094,-7850.07555958804,483.847967263133
2020-01-03 00:07:00,NA,NA,419.444182003395,10467.2570378828,-7909.70469180356,419.444182003395
2020-01-03 00:08:00,NA,NA,351.121209559885,10461.5917405274,-7964.67325952311,351.121209559885
2020-01-03 00:09:00,NA,NA,281.346305353717,10451.5552043127,-8032.14567406155,281.346305353717
2020-01-03 00:10:00,NA,NA,253.099748474653,10430.6377371723,-8074.69647499833,253.099748474653
2020-01-03 00:11:00,NA,NA,190.811169278068,10393.0318558721,-8103.13591661723,190.811169278068
2020-01-03 00:12:00,NA,NA,117.182297787069,10341.8470686704,-8137.14621395525,117.182297787069
2020-01-03 00:13:00,NA,NA,45.6067467169086,10269.3308429386,-8162.69848204366,45.6067467169086
2020-01-03 00:14:00,NA,NA,5.49379884732122,10224.2144601601,-8179.20421093036,5.49379884732122
2020-01-03 00:15:00,NA,NA,-14.532760926747,10195.7481119985,-8193.98542935563,-14.532760926747
2020-01-03 00:16:00,NA,NA,-19.7339037187178,10175.7606321563,-8221.72370338349,-19.7339037187178
2020-01-03 00:17:00,NA,NA,-15.2107682498567,10155.8493091779,-8244.10831177142,-15.2107682498567
2020-01-03 00:18:00,NA,NA,-8.26310510633419,10123.6030169701,-8239.68848398086,-8.26310510633419
2020-01-03 00:19:00,NA,NA,19.4356531950052,10082.2913597202,-8257.46733196822,19.4356531950052
2020-01-03 00:20:00,NA,NA,19.4636517657918,10017.4654454065,-8288.61181099646,19.4636517657918
2020-01-03 00:21:00,NA,NA,-9.39197885376697,9951.17445957136,-8311.02266336642,-9.39197885376697
2020-01-03 00:22:00,9902.00324193613,-8361.66423332768,NA,9902.00324193613,-8361.66423332768,-29.1477239337115
2020-01-03 00:23:00,NA,NA,-31.6762199977024,9850.75576249551,-8441.47296616728,-31.6762199977024
2020-01-03 00:24:00,NA,NA,-34.9649584657322,9800.47408665096,-8499.9393060679,-34.9649584657322
2020-01-03 00:25:00,NA,NA,-55.6289917600648,9746.2003995672,-8546.12880555852,-55.6289917600648
2020-01-03 00:26:00,NA,NA,-96.2599742052224,9688.98027937172,-8591.32043501694,-96.2599742052224
2020-01-03 00:27:00,NA,NA,-175.66018166752,9635.20265712668,-8650.9318117413,-175.66018166752
2020-01-03 00:28:00,NA,NA,-215.7969424569,9563.04254530439,-8708.22795907014,-215.7969424569
2020-01-03 00:29:00,NA,NA,-212.096712135268,9496.94663827339,-8777.54474112246,-212.096712135268
2020-01-03 00:30:00,NA,NA,-277.454951769306,9432.986206274,-8833.83720309553,-277.454951769306
2020-01-03 00:31:00,9367.17493780606,-8868.57081655776,NA,9367.17493780606,-8868.57081655776,-298.42810594437
2020-01-03 00:32:00,NA,NA,-299.773329797378,9294.44768710695,-8896.93613247008,-299.773329797378
2020-01-03 00:33:00,9238.32756407703,-8926.75535696601,NA,9238.32756407703,-8926.75535696601,-316.588253683241
2020-01-03 00:34:00,NA,NA,-327.697335211642,9184.91204360412,-8965.45781836251,-327.697335211642
2020-01-03 00:35:00,9113.82454272274,-9008.23635272295,NA,9113.82454272274,-9008.23635272295,-339.011056511796
2020-01-03 00:36:00,NA,NA,-342.769201900959,9063.55774691497,-9033.67895463692,-342.769201900959
2020-01-03 00:37:00,NA,NA,-333.633798529744,9029.36027439238,-9050.54182510276,-333.633798529744
2020-01-03 00:38:00,NA,NA,-299.933786749148,8977.88013140045,-9093.51013827303,-299.933786749148
2020-01-03 00:39:00,NA,NA,-269.05391279202,8912.24762080438,-9141.68728135473,-269.05391279202
2020-01-03 00:40:00,NA,NA,-239.132449544509,8817.57804512023,-9170.49575616037,-239.132449544509
2020-01-03 00:41:00,NA,NA,-210.417604817666,8733.18789036824,-9193.6444777566,-210.417604817666
2020-01-03 00:42:00,NA,NA,-178.561775607006,8666.37606008033,-9224.82628735338,-178.561775607006
2020-01-03 00:43:00,NA,NA,-107.010865030294,8628.53846430755,-9252.0748341651,-107.010865030294
2020-01-03 00:44:00,8615.45461996483,-9288.51685223421,NA,8615.45461996483,-9288.51685223421,6.41351020226583
2020-01-03 00:45:00,NA,NA,85.523132165556,8637.48843010483,-9334.26196901377,85.523132165556
2020-01-03 00:46:00,NA,NA,174.3895952075,8679.62429026327,-9393.044142467,174.3895952075
2020-01-03 00:47:00,NA,NA,278.0310845602,8694.43384167036,-9469.08321591758,278.0310845602
2020-01-03 00:48:00,NA,NA,352.188629762313,8708.65437943917,-9537.91814559027,352.188629762313
2020-01-03 00:49:00,8734.03994377721,-9590.06129994882,NA,8734.03994377721,-9590.06129994882,375.160476132638
2020-01-03 00:50:00,NA,NA,362.54297938173,8745.30871891455,-9636.72571370813,362.54297938173
2020-01-03 00:51:00,NA,NA,373.952280479773,8739.21299610389,-9686.57826422125,373.952280479773
2020-01-03 00:52:00,8746.76152360473,-9730.28713585228,NA,8746.76152360473,-9730.28713585228,376.934418323379
2020-01-03 00:53:00,NA,NA,368.385102343158,8780.41207312809,-9767.43737328193,368.385102343158
2020-01-03 00:54:00,NA,NA,339.013306392855,8813.7842314337,-9812.61628548051,339.013306392855
2020-01-03 00:55:00,8843.21547429361,-9843.09341323692,NA,8843.21547429361,-9843.09341323692,289.356928760263
2020-01-03 00:56:00,8880.2502112123,-9853.96767054164,NA,8880.2502112123,-9853.96767054164,205.550333925978
2020-01-03 00:57:00,NA,NA,87.0646067286946,8935.78793735812,-9863.56312607816,87.0646067286946
2020-01-03 00:58:00,NA,NA,-45.769666957655,8996.31569307189,-9854.5774933872,-45.769666957655
2020-01-03 00:59:00,NA,NA,-198.222954101042,9064.02214628251,-9838.73719684939,-198.222954101042
2020-01-03 01:00:00,NA,NA,-333.979996796503,9127.79275505868,-9828.89220221087,-333.979996796503
2020-01-03 01:01:00,NA,NA,-435.162776645789,9139.04224109249,-9817.46225963115,-435.162776645789
2020-01-03 01:02:00,NA,NA,-532.231052267188,9122.95813940455,-9779.16154102213,-532.231052267188
2020-01-03 01:03:00,NA,NA,-603.174786040589,9112.85455815088,-9767.59415476765,-603.174786040589
2020-01-03 01:04:00,NA,NA,-652.148500963029,9103.25702313901,-9783.3772108337,-652.148500963029
2020-01-03 01:05:00,NA,NA,-686.712286418651,9096.42314805254,-9802.55613587125,-686.712286418651
2020-01-03 01:06:00,NA,NA,-706.348822499741,9121.41933242862,-9812.08625854019,-706.348822499741
2020-01-03 01:07:00,NA,NA,-670.189628000454,9129.6539713077,-9819.79310915401,-670.189628000454
2020-01-03 01:08:00,NA,NA,-604.477279210622,9131.23539402169,-9842.98858874779,-604.477279210622
2020-01-03 01:09:00,NA,NA,-518.0142056132,9126.86643923873,-9868.73305438374,-518.0142056132
2020-01-03 01:10:00,NA,NA,-472.576185036085,9119.23514862812,-9869.36336647017,-472.576185036085
2020-01-03 01:11:00,NA,NA,-472.447325152658,9122.44445895968,-9852.19153309048,-472.447325152658
2020-01-03 01:12:00,NA,NA,-546.131108364999,9130.27206046424,-9819.05847089233,-546.131108364999
2020-01-03 01:13:00,NA,NA,-590.484099578775,9102.47913405081,-9775.05199660782,-590.484099578775
2020-01-03 01:14:00,NA,NA,-614.668066664578,9062.83593957999,-9747.96714709717,-614.668066664578
2020-01-03 01:15:00,NA,NA,-608.639544577249,9033.60176614759,-9727.47605872724,-608.639544577249
2020-01-03 01:16:00,9036.51275775212,-9710.31402230152,NA,9036.51275775212,-9710.31402230152,-634.944377395765
2020-01-03 01:17:00,NA,NA,-673.54796498351,9063.65786495289,-9711.86931627854,-673.54796498351
2020-01-03 01:18:00,NA,NA,-680.901263126293,9078.04718806219,-9707.35755097674,-680.901263126293
2020-01-03 01:19:00,NA,NA,-640.573359687073,9060.5423777681,-9702.3200396284,-640.573359687073
2020-01-03 01:20:00,NA,NA,-579.343838030421,9037.59617976632,-9689.40555230372,-579.343838030421
2020-01-03 01:21:00,NA,NA,-530.792527469701,9006.97017806431,-9681.94701847523,-530.792527469701
2020-01-03 01:22:00,NA,NA,-531.953703189269,8974.78592952696,-9666.07553047116,-531.953703189269
2020-01-03 01:23:00,NA,NA,-554.437324457668,8954.90782978037,-9638.5971588256,-554.437324457668
2020-01-03 01:24:00,NA,NA,-523.054371138777,8928.39307782564,-9573.93553785744,-523.054371138777
2020-01-03 01:25:00,NA,NA,-500.979874359218,8900.15492807834,-9518.36989557421,-500.979874359218
2020-01-03 01:26:00,NA,NA,-495.951750175778,8864.59782462302,-9447.57564270107,-495.951750175778
2020-01-03 01:27:00,8829.30660607375,-9391.83287921008,NA,8829.30660607375,-9391.83287921008,-470.093936659469
2020-01-03 01:28:00,NA,NA,-459.113298790505,8811.25644699713,-9350.53837510311,-459.113298790505
2020-01-03 01:29:00,8785.59107507786,-9316.79494816619,NA,8785.59107507786,-9316.79494816619,-483.117039074568
2020-01-03 01:30:00,NA,NA,-549.149783100723,8758.2922406199,-9306.69182832934,-549.149783100723
2020-01-03 01:31:00,NA,NA,-631.045591818151,8711.50751432775,-9310.60727984533,-631.045591818151
2020-01-03 01:32:00,8661.6538234963,-9340.31122433964,NA,8661.6538234963,-9340.31122433964,-720.840315043262
2020-01-03 01:33:00,8604.64482379913,-9399.78450351038,NA,8604.64482379913,-9399.78450351038,-791.911730429433
2020-01-03 01:34:00,NA,NA,-824.897894569136,8557.2575675627,-9466.77210854717,-824.897894569136
2020-01-03 01:35:00,NA,NA,-833.289957905914,8527.67424391846,-9512.136970132,-833.289957905914
2020-01-03 01:36:00,NA,NA,-821.299368091202,8507.13392162585,-9517.89907030003,-821.299368091202
2020-01-03 01:37:00,NA,NA,-820.827679774057,8518.94417218275,-9527.92016425535,-820.827679774057
2020-01-03 01:38:00,NA,NA,-883.82439122493,8552.02171460284,-9525.63407366428,-883.82439122493
2020-01-03 01:39:00,NA,NA,-981.69156345522,8599.83321231849,-9507.50393585507,-981.69156345522
2020-01-03 01:40:00,NA,NA,-1076.62327696316,8641.51458072833,-9518.75513113457,-1076.62327696316
2020-01-03 01:41:00,NA,NA,-1181.8078985195,8694.20222479192,-9551.56842868307,-1181.8078985195
2020-01-03 01:42:00,NA,NA,-1261.27246657379,8764.11007042427,-9610.01848921417,-1261.27246657379
2020-01-03 01:43:00,NA,NA,-1314.63560555635,8832.8245637228,-9670.70028765325,-1314.63560555635
2020-01-03 01:44:00,NA,NA,-1350.7270454805,8898.4048339665,-9722.61874016284,-1350.7270454805
2020-01-03 01:45:00,NA,NA,-1387.61675104513,8958.22853609665,-9760.77506452356,-1387.61675104513
2020-01-03 01:46:00,NA,NA,-1489.5128434547,9003.31295100759,-9790.05296030877,-1489.5128434547
2020-01-03 01:47:00,NA,NA,-1573.16708713072,9057.10603040712,-9834.92681977518,-1573.16708713072
2020-01-03 01:48:00,NA,NA,-1644.27781796596,9094.96538158584,-9876.12235280136,-1644.27781796596
2020-01-03 01:49:00,NA,NA,-1679.70544165683,9121.76665932071,-9909.94361745542,-1679.70544165683
2020-01-03 01:50:00,9178.34704698667,-9967.09926398335,NA,9178.34704698667,-9967.09926398335,-1710.27885695906
2020-01-03 01:51:00,NA,NA,-1709.89090945668,9246.38841295206,-10049.1580267854,-1709.89090945668
2020-01-03 01:52:00,NA,NA,-1718.59551685073,9297.60047239417,-10119.2210671999,-1718.59551685073
2020-01-03 01:53:00,NA,NA,-1735.69946000173,9345.51729791441,-10178.5168681261,-1735.69946000173
2020-01-03 01:54:00,NA,NA,-1733.09507396727,9363.75568684262,-10239.1502103657,-1733.09507396727
2020-01-03 01:55:00,NA,NA,-1737.17477166196,9352.6546763762,-10302.7784460999,-1737.17477166196
2020-01-03 01:56:00,9330.0651409255,-10368.4590165542,NA,9330.0651409255,-10368.4590165542,-1702.84502254245
2020-01-03 01:57:00,NA,NA,-1615.59545223182,9305.92539630521,-10446.7760825853,-1615.59545223182
2020-01-03 01:58:00,NA,NA,-1532.07663852727,9282.75965542103,-10501.7102863404,-1532.07663852727
2020-01-03 01:59:00,9270.63393954517,-10552.9305019687,NA,9270.63393954517,-10552.9305019687,-1456.93805608789
2020-01-03 02:00:00,NA,NA,-1375.32792207122,9271.40682025634,-10601.7167834398,-1375.32792207122
2020-01-03 02:01:00,NA,NA,-1301.8577311727,9281.6532674988,-10645.0365835179,-1301.8577311727
2020-01-03 02:02:00,NA,NA,-1235.82336411351,9309.60949675996,-10701.0371274438,-1235.82336411351
2020-01-03 02:03:00,NA,NA,-1189.77624556261,9326.48655149595,-10746.5964763053,-1189.77624556261
2020-01-03 02:04:00,NA,NA,-1142.58510063159,9330.85228286257,-10805.3721018337,-1142.58510063159
2020-01-03 02:05:00,NA,NA,-1052.09739636193,9339.88694249208,-10863.2207414491,-1052.09739636193
2020-01-03 02:06:00,NA,NA,-1006.91325721633,9360.48675992402,-10924.6978603715,-1006.91325721633
2020-01-03 02:07:00,NA,NA,-970.127484135429,9394.14006345442,-10985.5093196691,-970.127484135429
2020-01-03 02:08:00,NA,NA,-954.521316352014,9415.57764393364,-11065.9990884769,-954.521316352014
2020-01-03 02:09:00,NA,NA,-947.746091789384,9437.88143262754,-11164.6963107943,-947.746091789384
2020-01-03 02:10:00,9436.30293558956,-11250.6609640216,NA,9436.30293558956,-11250.6609640216,-991.202112432883
2020-01-03 02:11:00,NA,NA,-1045.02330876552,9414.04876125736,-11327.6070721518,-1045.02330876552
2020-01-03 02:12:00,NA,NA,-1090.54960861863,9402.93296008402,-11418.5454518013,-1090.54960861863
2020-01-03 02:13:00,NA,NA,-1134.94003478153,9406.35837911408,-11489.1629370694,-1134.94003478153
2020-01-03 02:14:00,NA,NA,-1129.85716448527,9413.69690815436,-11541.7569631553,-1129.85716448527
2020-01-03 02:15:00,NA,NA,-1110.38633743148,9432.37435657852,-11587.3550439046,-1110.38633743148
2020-01-03 02:16:00,NA,NA,-1113.03005085646,9458.31149425494,-11631.4848036346,-1113.03005085646
2020-01-03 02:17:00,NA,NA,-1127.88513400678,9476.65822032524,-11675.1868241183,-1127.88513400678
2020-01-03 02:18:00,NA,NA,-1158.22506643733,9477.69999037483,-11726.1367582879,-1158.22506643733
2020-01-03 02:19:00,NA,NA,-1170.47321983307,9463.37764999839,-11770.405282351,-1170.47321983307
2020-01-03 02:20:00,NA,NA,-1191.35115919307,9443.7794588853,-11800.4856252988,-1191.35115919307
2020-01-03 02:21:00,9390.30405707674,-11833.026723136,NA,9390.30405707674,-11833.026723136,-1217.0323644515
2020-01-03 02:22:00,NA,NA,-1274.08259444267,9340.50998741955,-11867.6937522286,-1274.08259444267
2020-01-03 02:23:00,NA,NA,-1304.9331426704,9291.22723618034,-11909.1417512098,-1304.9331426704
2020-01-03 02:24:00,NA,NA,-1370.32284423863,9263.39509669539,-11963.7760714687,-1370.32284423863
2020-01-03 02:25:00,NA,NA,-1432.79422789654,9250.3869855444,-12035.1690080281,-1432.79422789654
2020-01-03 02:26:00,NA,NA,-1436.3096847147,9233.45148621167,-12090.7975096797,-1436.3096847147
2020-01-03 02:27:00,9219.39825322065,-12153.8777177978,NA,9219.39825322065,-12153.8777177978,-1453.3652325072
2020-01-03 02:28:00,NA,NA,-1483.09142347037,9215.14222329239,-12207.7049198871,-1483.09142347037
2020-01-03 02:29:00,NA,NA,-1503.6240158777,9214.92789377415,-12274.79688212,-1503.6240158777
2020-01-03 02:30:00,NA,NA,-1551.5135160048,9219.96572714848,-12331.4264021261,-1551.5135160048
2020-01-03 02:31:00,NA,NA,-1584.16361344369,9219.27212621809,-12393.5866288064,-1584.16361344369
2020-01-03 02:32:00,9228.990458888,-12435.5742869491,NA,9228.990458888,-12435.5742869491,-1644.44814550491
2020-01-03 02:33:00,NA,NA,-1682.81745874361,9211.4902658875,-12462.6595440827,-1682.81745874361
2020-01-03 02:34:00,NA,NA,-1701.11898482161,9205.43745339458,-12501.7439787,-1701.11898482161
2020-01-03 02:35:00,NA,NA,-1723.72300543566,9208.48038936268,-12545.0814879629,-1723.72300543566
2020-01-03 02:36:00,9204.35432978468,-12575.8252067493,NA,9204.35432978468,-12575.8252067493,-1735.00894416715
2020-01-03 02:37:00,NA,NA,-1731.10089595875,9190.95510289342,-12606.6212088015,-1731.10089595875
2020-01-03 02:38:00,NA,NA,-1705.84377855755,9185.616641464,-12643.1477229548,-1705.84377855755
2020-01-03 02:39:00,NA,NA,-1662.35194040325,9188.26416919669,-12677.4553771275,-1662.35194040325
2020-01-03 02:40:00,9182.04193813864,-12710.3704633604,NA,9182.04193813864,-12710.3704633604,-1648.44220802132
2020-01-03 02:41:00,NA,NA,-1642.18011422123,9167.18138719819,-12752.9657939165,-1642.18011422123
2020-01-03 02:42:00,9147.0833442673,-12807.1783490882,NA,9147.0833442673,-12807.1783490882,-1640.73725387293
2020-01-03 02:43:00,NA,NA,-1583.13401414377,9117.77774275678,-12850.8345786573,-1583.13401414377
2020-01-03 02:44:00,NA,NA,-1531.1484250892,9079.4416519054,-12879.7519293008,-1531.1484250892
2020-01-03 02:45:00,NA,NA,-1453.90680809424,9043.29263612931,-12890.4764889521,-1453.90680809424
2020-01-03 02:46:00,NA,NA,-1412.57703390573,9020.37227627887,-12883.0224544806,-1412.57703390573
2020-01-03 02:47:00,9010.37431849727,-12844.864858678,NA,9010.37431849727,-12844.864858678,-1423.69930240346
2020-01-03 02:48:00,NA,NA,-1457.27823783056,8989.48015356536,-12786.7470053864,-1457.27823783056
2020-01-03 02:49:00,NA,NA,-1552.0043749445,8978.39491436664,-12705.476323737,-1552.0043749445
2020-01-03 02:50:00,NA,NA,-1632.93927041279,8971.12073080471,-12607.3647075813,-1632.93927041279
2020-01-03 02:51:00,8971.87390733381,-12493.8415259916,NA,8971.87390733381,-12493.8415259916,-1684.05383564396
2020-01-03 02:52:00,NA,NA,-1730.11013074017,8973.0809409616,-12384.8701183571,-1730.11013074017
2020-01-03 02:53:00,NA,NA,-1766.89868961969,8972.24621569987,-12299.3462055474,-1766.89868961969
2020-01-03 02:54:00,NA,NA,-1848.48875235226,9000.00950783298,-12209.4274494049,-1848.48875235226
2020-01-03 02:55:00,9007.18785123527,-12121.9574911817,NA,9007.18785123527,-12121.9574911817,-1918.0935644524
2020-01-03 02:56:00,NA,NA,-1988.164068048,9030.39733333075,-12018.260224925,-1988.164068048
2020-01-03 02:57:00,NA,NA,-2080.38519653001,9052.30002535812,-11906.2068293756,-2080.38519653001
2020-01-03 02:58:00,NA,NA,-2173.43783435034,9074.28240561188,-11799.5290543301,-2173.43783435034
2020-01-03 02:59:00,NA,NA,-2252.41590672303,9096.28704191278,-11713.8952678469,-2252.41590672303
2020-01-03 03:00:00,NA,NA,-2313.90516256226,9104.56683551165,-11636.6876465387,-2313.90516256226
2020-01-03 03:01:00,NA,NA,-2383.39579510158,9104.63429684858,-11551.7146047467,-2383.39579510158
2020-01-03 03:02:00,NA,NA,-2471.95488782694,9122.48224903559,-11444.7558688536,-2471.95488782694
2020-01-03 03:03:00,NA,NA,-2549.91448070777,9109.30968142491,-11331.9822226722,-2549.91448070777
2020-01-03 03:04:00,NA,NA,-2626.72668439848,9107.41560484333,-11215.6000667943,-2626.72668439848
2020-01-03 03:05:00,NA,NA,-2643.99256212393,9078.85926634828,-11117.9519921332,-2643.99256212393
2020-01-03 03:06:00,NA,NA,-2665.17799076505,9027.07165075309,-11045.1151114674,-2665.17799076505
2020-01-03 03:07:00,NA,NA,-2699.01087537017,8962.02849725827,-10977.1012776175,-2699.01087537017
2020-01-03 03:08:00,NA,NA,-2721.17987090765,8903.84058667844,-10872.9507411443,-2721.17987090765
2020-01-03 03:09:00,NA,NA,-2720.70197699637,8864.14002605726,-10788.9942270159,-2720.70197699637
2020-01-03 03:10:00,NA,NA,-2729.46911362237,8830.36555016844,-10729.0781587149,-2729.46911362237
2020-01-03 03:11:00,NA,NA,-2730.23612541886,8810.25982880377,-10698.1561270017,-2730.23612541886
2020-01-03 03:12:00,8784.7672012846,-10673.3972829387,NA,8784.7672012846,-10673.3972829387,-2734.41557702026
2020-01-03 03:13:00,NA,NA,-2748.16953520615,8764.60479413084,-10649.4155683362,-2748.16953520615
2020-01-03 03:14:00,NA,NA,-2751.26001076053,8757.17746819343,-10622.4537356852,-2751.26001076053
2020-01-03 03:15:00,8755.58831656457,-10607.6642564759,NA,8755.58831656457,-10607.6642564759,-2755.97024039378
2020-01-03 03:16:00,8744.58361821652,-10590.1802892073,NA,8744.58361821652,-10590.1802892073,-2796.61356345723
2020-01-03 03:17:00,NA,NA,-2834.5929531859,8736.06948863584,-10576.7473289062,-2834.5929531859
2020-01-03 03:18:00,8752.25755409735,-10567.995024792,NA,8752.25755409735,-10567.995024792,-2875.44399633197
2020-01-03 03:19:00,NA,NA,-2941.53996609856,8774.51267076628,-10550.0952827493,-2941.53996609856
2020-01-03 03:20:00,NA,NA,-2986.51103694995,8801.53770739168,-10533.294127696,-2986.51103694995
2020-01-03 03:21:00,NA,NA,-2960.12486552238,8817.94670436566,-10506.4268827042,-2960.12486552238
2020-01-03 03:22:00,NA,NA,-2912.71367670004,8848.0992897143,-10500.7108572255,-2912.71367670004
2020-01-03 03:23:00,8868.57046715581,-10478.4213534694,NA,8868.57046715581,-10478.4213534694,-2861.73641205665
2020-01-03 03:24:00,NA,NA,-2866.84107782853,8882.66792649612,-10457.8393863214,-2866.84107782853
2020-01-03 03:25:00,NA,NA,-2854.97217945658,8920.55900612706,-10424.881172083,-2854.97217945658
2020-01-03 03:26:00,NA,NA,-2817.5947123954,8969.96767199179,-10393.9658951546,-2817.5947123954
2020-01-03 03:27:00,NA,NA,-2824.63134502633,9023.3008731936,-10342.4168502176,-2824.63134502633
2020-01-03 03:28:00,NA,NA,-2816.717228641,9083.70879755428,-10290.4587687865,-2816.717228641
2020-01-03 03:29:00,9119.45119915386,-10247.1424884266,NA,9119.45119915386,-10247.1424884266,-2831.72560118112
2020-01-03 03:30:00,NA,NA,-2878.00701994058,9144.8690462704,-10206.0298614557,-2878.00701994058
2020-01-03 03:31:00,NA,NA,-2955.48162289085,9183.86394011595,-10155.403367805,-2955.48162289085
2020-01-03 03:32:00,9233.93486270124,-10115.1184662185,NA,9233.93486270124,-10115.1184662185,-3049.82753312701
2020-01-03 03:33:00,NA,NA,-3112.59378742152,9273.91496592898,-10083.2798094336,-3112.59378742152
2020-01-03 03:34:00,NA,NA,-3156.98676915957,9322.70554757051,-10088.3190252255,-3156.98676915957
2020-01-03 03:35:00,9366.82261544834,-10081.8473089913,NA,9366.82261544834,-10081.8473089913,-3194.34612796618
2020-01-03 03:36:00,9405.98655231796,-10026.8123352403,NA,9405.98655231796,-10026.8123352403,-3267.65963897186
2020-01-03 03:37:00,NA,NA,-3363.22601271717,9462.29744424341,-9944.96170023678,-3363.22601271717
2020-01-03 03:38:00,NA,NA,-3433.1142158702,9522.39524494951,-9859.49050493135,-3433.1142158702
2020-01-03 03:39:00,9560.84291220071,-9780.02405394299,NA,9560.84291220071,-9780.02405394299,-3473.68621035458
2020-01-03 03:40:00,9597.98478630624,-9723.90169303312,NA,9597.98478630624,-9723.90169303312,-3503.79698583045
2020-01-03 03:41:00,NA,NA,-3580.51968781308,9661.95586011491,-9649.22720558595,-3580.51968781308
2020-01-03 03:42:00,NA,NA,-3622.46554877534,9754.8142457701,-9547.35226968852,-3622.46554877534
2020-01-03 03:43:00,NA,NA,-3618.19119842332,9844.24946909115,-9450.05955057212,-3618.19119842332
2020-01-03 03:44:00,NA,NA,-3616.33939753344,9930.40263764968,-9342.58136125521,-3616.33939753344
2020-01-03 03:45:00,9999.66346364473,-9231.7545856214,NA,9999.66346364473,-9231.7545856214,-3643.93590892708
2020-01-03 03:46:00,NA,NA,-3676.16107822594,10076.7790780725,-9125.1645956618,-3676.16107822594
2020-01-03 03:47:00,NA,NA,-3688.24476769996,10177.8311991669,-9025.53383810195,-3688.24476769996
2020-01-03 03:48:00,NA,NA,-3683.53338627381,10281.9310962191,-8935.24065731325,-3683.53338627381
2020-01-03 03:49:00,NA,NA,-3686.4714139239,10408.5355905328,-8858.71958858336,-3686.4714139239
2020-01-03 03:50:00,NA,NA,-3660.20772839386,10516.2283535268,-8796.88580264135,-3660.20772839386
2020-01-03 03:51:00,NA,NA,-3689.70053761642,10621.5163997278,-8727.32702884685,-3689.70053761642
2020-01-03 03:52:00,NA,NA,-3740.65161875018,10714.4341827653,-8683.00166390309,-3740.65161875018
2020-01-03 03:53:00,NA,NA,-3767.50106899648,10806.9993359566,-8676.64260912923,-3767.50106899648
2020-01-03 03:54:00,NA,NA,-3818.88055425152,10903.7801860696,-8711.24792697748,-3818.88055425152
2020-01-03 03:55:00,NA,NA,-3878.92809901368,11002.1929810046,-8751.8798312369,-3878.92809901368
2020-01-03 03:56:00,NA,NA,-3904.14644248542,11104.4196630138,-8765.7326574761,-3904.14644248542
2020-01-03 03:57:00,NA,NA,-3886.61018602493,11193.4043371165,-8753.58204189065,-3886.61018602493
2020-01-03 03:58:00,NA,NA,-3860.81170603177,11283.6127923208,-8741.83893390186,-3860.81170603177
2020-01-03 03:59:00,NA,NA,-3798.80837556897,11387.0656538673,-8748.11177971727,-3798.80837556897
2020-01-03 04:00:00,NA,NA,-3724.79255022844,11510.6627514886,-8761.52834240625,-3724.79255022844
2020-01-03 04:01:00,11642.8201375634,-8782.81874679466,NA,11642.8201375634,-8782.81874679466,-3625.45069971269
2020-01-03 04:02:00,NA,NA,-3593.5848803216,11793.0178828731,-8803.94811777271,-3593.5848803216
2020-01-03 04:03:00,NA,NA,-3588.87188892782,11906.6433342619,-8806.63905415112,-3588.87188892782
2020-01-03 04:04:00,NA,NA,-3594.67797620516,12022.2618927555,-8818.29089202523,-3594.67797620516
2020-01-03 04:05:00,NA,NA,-3591.9953105993,12141.4888891674,-8862.97706919382,-3591.9953105993
2020-01-03 04:06:00,NA,NA,-3565.61166500947,12262.2559141912,-8927.64135228092,-3565.61166500947
2020-01-03 04:07:00,NA,NA,-3503.94674906231,12391.3007638977,-9007.59817406114,-3503.94674906231
2020-01-03 04:08:00,NA,NA,-3472.8842827491,12544.9195974766,-9061.41292498281,-3472.8842827491
2020-01-03 04:09:00,12714.6384841708,-9106.57445866995,NA,12714.6384841708,-9106.57445866995,-3458.33807615072
2020-01-03 04:10:00,12883.4064791598,-9182.79812176759,NA,12883.4064791598,-9182.79812176759,-3467.6070247934
2020-01-03 04:11:00,NA,NA,-3474.6083403769,13025.9434222395,-9286.65060767255,-3474.6083403769
2020-01-03 04:12:00,NA,NA,-3453.78976954123,13131.5629282103,-9394.72585882794,-3453.78976954123
2020-01-03 04:13:00,NA,NA,-3409.61810944453,13207.5308801866,-9505.60026047493,-3409.61810944453
2020-01-03 04:14:00,13271.2560661181,-9613.11277786262,NA,13271.2560661181,-9613.11277786262,-3389.59080126765
2020-01-03 04:15:00,NA,NA,-3379.48890824591,13336.2028359157,-9709.43932867173,-3379.48890824591
2020-01-03 04:16:00,NA,NA,-3381.20504156545,13384.3772006542,-9821.82890730402,-3381.20504156545
2020-01-03 04:17:00,NA,NA,-3337.52640203482,13444.109343999,-9945.86429014258,-3337.52640203482
2020-01-03 04:18:00,NA,NA,-3269.7530081237,13517.9027815864,-10072.5531091747,-3269.7530081237
2020-01-03 04:19:00,NA,NA,-3241.54357166739,13599.5179806644,-10179.4103807359,-3241.54357166739
2020-01-03 04:20:00,NA,NA,-3215.1010313675,13705.392581673,-10295.9081817476,-3215.1010313675
2020-01-03 04:21:00,NA,NA,-3211.42778089584,13816.5280048367,-10420.9602221404,-3211.42778089584
2020-01-03 04:22:00,NA,NA,-3225.52465450728,13937.7527469439,-10568.1818568866,-3225.52465450728
2020-01-03 04:23:00,14081.9409581869,-10723.4781771192,NA,14081.9409581869,-10723.4781771192,-3236.87945288785
2020-01-03 04:24:00,NA,NA,-3244.02240459108,14215.8928309513,-10885.786320291,-3244.02240459108
2020-01-03 04:25:00,14364.067418315,-11044.0683972187,NA,14364.067418315,-11044.0683972187,-3274.15867605489
2020-01-03 04:26:00,NA,NA,-3295.60992115679,14527.1087019437,-11193.9022532409,-3295.60992115679
2020-01-03 04:27:00,NA,NA,-3319.18557824587,14695.5927761965,-11342.3974211306,-3319.18557824587
2020-01-03 04:28:00,NA,NA,-3344.33603008659,14857.0075079477,-11479.2807972587,-3344.33603008659
2020-01-03 04:29:00,15026.135586341,-11616.4379717913,NA,15026.135586341,-11616.4379717913,-3383.4650689161
2020-01-03 04:30:00,15187.2010700672,-11755.7107511518,NA,15187.2010700672,-11755.7107511518,-3439.99602422789
2020-01-03 04:31:00,NA,NA,-3521.43709101303,15331.8908449844,-11882.5966994993,-3521.43709101303
2020-01-03 04:32:00,NA,NA,-3572.65103153556,15465.4917170039,-11994.1871266589,-3572.65103153556
2020-01-03 04:33:00,NA,NA,-3609.40885971849,15614.6475225998,-12120.9612103587,-3609.40885971849
2020-01-03 04:34:00,15763.2412141212,-12268.0254272995,NA,15763.2412141212,-12268.0254272995,-3601.83517599147
2020-01-03 04:35:00,NA,NA,-3615.5215019797,15922.8958407563,-12388.2548067007,-3615.5215019797
2020-01-03 04:36:00,NA,NA,-3637.51654053175,16074.265852599,-12513.4797486672,-3637.51654053175
2020-01-03 04:37:00,NA,NA,-3659.59984150377,16228.142685586,-12656.4815261413,-3659.59984150377
2020-01-03 04:38:00,NA,NA,-3703.10130923782,16386.0596023882,-12801.0782260986,-3703.10130923782
2020-01-03 04:39:00,NA,NA,-3741.89002636319,16549.8839647016,-12922.1640663568,-3741.89002636319
2020-01-03 04:40:00,NA,NA,-3782.08859091926,16696.7261090429,-13035.0735021584,-3782.08859091926
2020-01-03 04:41:00,NA,NA,-3853.21908683246,16846.4950642195,-13127.7331369324,-3853.21908683246
2020-01-03 04:42:00,NA,NA,-3948.00232622149,17001.2574029347,-13220.5781391686,-3948.00232622149
2020-01-03 04:43:00,NA,NA,-4054.83844538171,17169.3658340393,-13313.944573002,-4054.83844538171
2020-01-03 04:44:00,NA,NA,-4105.95485545819,17381.0850086545,-13391.919167639,-4105.95485545819
2020-01-03 04:45:00,NA,NA,-4149.55871251727,17607.3745978091,-13437.5752204768,-4149.55871251727
2020-01-03 04:46:00,NA,NA,-4166.43869008496,17827.7515693075,-13468.0042992754,-4166.43869008496
2020-01-03 04:47:00,NA,NA,-4170.83963187615,18035.370051853,-13484.3348420051,-4170.83963187615
2020-01-03 04:48:00,18235.0229998859,-13510.8563817658,NA,18235.0229998859,-13510.8563817658,-4186.40792763174
2020-01-03 04:49:00,18436.6087231736,-13560.6143208698,NA,18436.6087231736,-13560.6143208698,-4202.13841344501
2020-01-03 04:50:00,NA,NA,-4217.92913644411,18642.9949033993,-13594.4107604774,-4217.92913644411
2020-01-03 04:51:00,18846.8733886926,-13634.7833657102,NA,18846.8733886926,-13634.7833657102,-4233.08770329414
2020-01-03 04:52:00,NA,NA,-4229.44271891521,19047.1280926247,-13679.7265606111,-4229.44271891521
2020-01-03 04:53:00,NA,NA,-4221.44012897256,19235.5642322204,-13750.5296535163,-4221.44012897256
2020-01-03 04:54:00,NA,NA,-4212.26488872634,19415.3903988289,-13853.5104744328,-4212.26488872634
2020-01-03 04:55:00,NA,NA,-4210.0639711885,19584.7448437666,-13964.4768221024,-4210.0639711885
2020-01-03 04:56:00,NA,NA,-4207.4594075487,19746.8301445859,-14089.9230689005,-4207.4594075487
2020-01-03 04:57:00,NA,NA,-4187.39650856895,19883.5994196172,-14214.864068837,-4187.39650856895
2020-01-03 04:58:00,20010.3754136414,-14359.1405428119,NA,20010.3754136414,-14359.1405428119,-4175.84550978272
2020-01-03 04:59:00,NA,NA,-4155.27325526382,20149.7960867518,-14504.6076003117,-4155.27325526382
2020-01-03 05:00:00,NA,NA,-4105.19619278049,20295.5975715485,-14633.2964523272,-4105.19619278049
2020-01-03 05:01:00,NA,NA,-4047.19622230918,20443.4623705288,-14753.1114987132,-4047.19622230918
2020-01-03 05:02:00,NA,NA,-3991.97816000828,20596.8038900332,-14880.8592374401,-3991.97816000828
2020-01-03 05:03:00,20767.9373659893,-15024.146960046,NA,20767.9373659893,-15024.146960046,-3959.90917051795
2020-01-03 05:04:00,NA,NA,-3980.39617316796,20970.5313294725,-15158.4036282244,-3980.39617316796
2020-01-03 05:05:00,NA,NA,-3982.39531171548,21164.2679341172,-15263.1255205204,-3982.39531171548
2020-01-03 05:06:00,NA,NA,-4010.3281906718,21338.3411046242,-15374.8117632607,-4010.3281906718
2020-01-03 05:07:00,NA,NA,-4047.2356823237,21512.8916063309,-15484.0611845156,-4047.2356823237
2020-01-03 05:08:00,NA,NA,-4074.07547782531,21673.857096511,-15599.6790291942,-4074.07547782531
2020-01-03 05:09:00,NA,NA,-4047.29848589984,21834.6948026363,-15708.2678219809,-4047.29848589984
2020-01-03 05:10:00,21988.3800668202,-15821.567028329,NA,21988.3800668202,-15821.567028329,-4092.9318095838
2020-01-03 05:11:00,NA,NA,-4170.52984262743,22118.2399443934,-15932.7513445599,-4170.52984262743
2020-01-03 05:12:00,NA,NA,-4236.73250418706,22247.7140066829,-16070.7857146915,-4236.73250418706
2020-01-03 05:13:00,NA,NA,-4297.7554416826,22350.479512395,-16219.6461158414,-4297.7554416826
2020-01-03 05:14:00,NA,NA,-4381.9393740202,22444.9219826338,-16337.4772175798,-4381.9393740202
2020-01-03 05:15:00,NA,NA,-4474.24615596333,22529.4080664291,-16457.7245233373,-4474.24615596333
2020-01-03 05:16:00,22612.9577179132,-16590.0985078098,NA,22612.9577179132,-16590.0985078098,-4538.92125315328
2020-01-03 05:17:00,NA,NA,-4575.46044293486,22708.5678637629,-16727.8583759066,-4575.46044293486
2020-01-03 05:18:00,22816.2159811653,-16869.9982729422,NA,22816.2159811653,-16869.9982729422,-4548.87066285859
2020-01-03 05:19:00,NA,NA,-4547.00483168365,22918.5538690654,-17034.7301878823,-4547.00483168365
2020-01-03 05:20:00,NA,NA,-4543.12587044186,22982.2309803047,-17217.5412283375,-4543.12587044186
2020-01-03 05:21:00,NA,NA,-4532.5797233325,23061.7268009157,-17403.0320087933,-4532.5797233325
2020-01-03 05:22:00,NA,NA,-4526.53588644885,23149.467255576,-17583.0771781249,-4526.53588644885
2020-01-03 05:23:00,NA,NA,-4531.54145234905,23255.8323631199,-17764.0378961475,-4531.54145234905
2020-01-03 05:24:00,NA,NA,-4544.47857989989,23358.5972741579,-17932.5112322214,-4544.47857989989
2020-01-03 05:25:00,NA,NA,-4565.98618851263,23446.1411022377,-18098.7107877783,-4565.98618851263
2020-01-03 05:26:00,NA,NA,-4639.43332431844,23528.5165627743,-18268.9463681209,-4639.43332431844
2020-01-03 05:27:00,NA,NA,-4752.6524454924,23595.2096889743,-18434.2942266111,-4752.6524454924
2020-01-03 05:28:00,NA,NA,-4855.63746467238,23639.6913452377,-18586.5457078153,-4855.63746467238
2020-01-03 05:29:00,NA,NA,-4939.1804583262,23687.2008160496,-18730.4437617014,-4939.1804583262
2020-01-03 05:30:00,NA,NA,-4995.69145558717,23727.0254889607,-18873.5433149756,-4995.69145558717
2020-01-03 05:31:00,NA,NA,-5079.00378007432,23761.5417582718,-19018.5752839951,-5079.00378007432
2020-01-03 05:32:00,23789.3461186419,-19172.3366455944,NA,23789.3461186419,-19172.3366455944,-5104.51646397978
2020-01-03 05:33:00,NA,NA,-5124.82829386807,23804.9851904041,-19327.975551023,-5124.82829386807
2020-01-03 05:34:00,NA,NA,-5112.69612499773,23823.3804940544,-19472.892469348,-5112.69612499773
2020-01-03 05:35:00,NA,NA,-5116.7446631138,23854.5625458933,-19602.9022655037,-5116.7446631138
2020-01-03 05:36:00,NA,NA,-5114.66500655231,23881.9707010236,-19744.8143689577,-5114.66500655231
2020-01-03 05:37:00,NA,NA,-5111.31376934597,23912.8239870709,-19895.9795426642,-5111.31376934597
2020-01-03 05:38:00,NA,NA,-5112.85053059491,23951.2638973632,-20035.9555406908,-5112.85053059491
2020-01-03 05:39:00,NA,NA,-5064.58692348883,23979.6817845425,-20188.4496894709,-5064.58692348883
2020-01-03 05:40:00,NA,NA,-4938.36889654252,23995.4540023899,-20328.0498641079,-4938.36889654252
2020-01-03 05:41:00,NA,NA,-4819.8042628019,24004.3076253395,-20455.0003272634,-4819.8042628019
2020-01-03 05:42:00,NA,NA,-4722.27767324981,24015.9772826868,-20560.2490408501,-4722.27767324981
2020-01-03 05:43:00,NA,NA,-4611.91882650242,24036.6521353581,-20661.0883674311,-4611.91882650242
2020-01-03 05:44:00,NA,NA,-4480.58765575769,24049.2544682711,-20770.600624846,-4480.58765575769
2020-01-03 05:45:00,NA,NA,-4372.67859582884,24039.2391314995,-20907.2575607305,-4372.67859582884
2020-01-03 05:46:00,NA,NA,-4290.10415027208,24023.9840247481,-21022.2401884462,-4290.10415027208
2020-01-03 05:47:00,NA,NA,-4228.15935623012,24002.8712020213,-21124.1520532837,-4228.15935623012
2020-01-03 05:48:00,NA,NA,-4217.09655809726,23970.353042727,-21199.1120990787,-4217.09655809726
2020-01-03 05:49:00,NA,NA,-4192.10999006138,23928.4242993958,-21266.747258566,-4192.10999006138
2020-01-03 05:50:00,23881.7752438499,-21341.6691658495,NA,23881.7752438499,-21341.6691658495,-4179.86997229801
2020-01-03 05:51:00,NA,NA,-4175.07965276852,23834.4129215662,-21420.2747511675,-4175.07965276852
2020-01-03 05:52:00,NA,NA,-4153.38258234092,23787.3543756867,-21491.6295608884,-4153.38258234092
2020-01-03 05:53:00,NA,NA,-4161.95565959452,23750.0021580785,-21573.1078320522,-4161.95565959452
2020-01-03 05:54:00,23744.4479739405,-21651.9241798306,NA,23744.4479739405,-21651.9241798306,-4154.72716442689
2020-01-03 05:55:00,NA,NA,-4144.69408247773,23723.0744691304,-21764.3666692798,-4144.69408247773
2020-01-03 05:56:00,23677.0184961409,-21888.2252181438,NA,23677.0184961409,-21888.2252181438,-4130.12664108189
2020-01-03 05:57:00,NA,NA,-4104.07488717238,23637.0578218075,-21996.3826220481,-4104.07488717238
2020-01-03 05:58:00,NA,NA,-4042.8153093332,23591.5127067007,-22080.2046258913,-4042.8153093332
2020-01-03 05:59:00,NA,NA,-3984.96070925946,23557.5863637864,-22166.7158014311,-3984.96070925946
2020-01-03 06:00:00,NA,NA,-3965.07282273268,23519.1806756507,-22262.519224543,-3965.07282273268
2020-01-03 06:01:00,NA,NA,-3968.27938352263,23489.696886852,-22356.9183257881,-3968.27938352263
2020-01-03 06:02:00,NA,NA,-3966.76555002016,23442.6976705107,-22446.1076528502,-3966.76555002016
2020-01-03 06:03:00,NA,NA,-3978.62605782875,23400.3368271645,-22532.7268006964,-3978.62605782875
2020-01-03 06:04:00,23370.9208180494,-22624.9368942186,NA,23370.9208180494,-22624.9368942186,-3975.7012908427
2020-01-03 06:05:00,NA,NA,-3950.12341212732,23352.7350263584,-22723.4550277762,-3950.12341212732
2020-01-03 06:06:00,NA,NA,-3913.92494562516,23353.8928100729,-22848.781447127,-3913.92494562516
2020-01-03 06:07:00,NA,NA,-3924.64866272662,23385.8230834638,-22992.8938744249,-3924.64866272662
2020-01-03 06:08:00,NA,NA,-3939.04723808251,23429.8633615678,-23136.8816237436,-3939.04723808251
2020-01-03 06:09:00,NA,NA,-3919.55605199975,23466.9166334221,-23282.0747566555,-3919.55605199975
2020-01-03 06:10:00,NA,NA,-3934.57671208019,23490.1989001316,-23415.3491114536,-3934.57671208019
2020-01-03 06:11:00,23497.5203933012,-23543.662148242,NA,23497.5203933012,-23543.662148242,-3929.76126280876
2020-01-03 06:12:00,NA,NA,-3964.22525287312,23506.2313597937,-23665.4026507812,-3964.22525287312
2020-01-03 06:13:00,NA,NA,-4026.0260000364,23514.8887165512,-23781.5207903935,-4026.0260000364
2020-01-03 06:14:00,NA,NA,-4051.78630086552,23512.1840781502,-23895.9221383524,-4051.78630086552
2020-01-03 06:15:00,NA,NA,-4061.60366779448,23500.2503961842,-24004.0435454543,-4061.60366779448
2020-01-03 06:16:00,NA,NA,-4013.68038613168,23487.5455671093,-24129.9728662602,-4013.68038613168
2020-01-03 06:17:00,NA,NA,-3953.59918890404,23480.0339862618,-24262.8669348741,-3953.59918890404
2020-01-03 06:18:00,NA,NA,-3919.75556205022,23487.9261283951,-24388.6468536589,-3919.75556205022
2020-01-03 06:19:00,NA,NA,-3896.74610383233,23512.3795950711,-24508.8017319265,-3896.74610383233
2020-01-03 06:20:00,NA,NA,-3899.70493824384,23543.8260701336,-24648.7306087488,-3899.70493824384
2020-01-03 06:21:00,NA,NA,-3896.15525882047,23580.7677840228,-24802.380736415,-3896.15525882047
2020-01-03 06:22:00,NA,NA,-3901.63834783177,23625.6530443639,-24939.6616157729,-3901.63834783177
2020-01-03 06:23:00,NA,NA,-3899.35924811853,23682.8017050051,-25095.991672821,-3899.35924811853
2020-01-03 06:24:00,23754.8746817701,-25236.1284924319,NA,23754.8746817701,-25236.1284924319,-3901.67808000712
2020-01-03 06:25:00,NA,NA,-3898.54473392036,23818.5580746962,-25365.6135927288,-3898.54473392036
2020-01-03 06:26:00,NA,NA,-3944.61142706576,23857.7645421315,-25475.8608366005,-3944.61142706576
2020-01-03 06:27:00,NA,NA,-4004.15778248093,23896.9488180985,-25561.1792516579,-4004.15778248093
2020-01-03 06:28:00,NA,NA,-4095.04784544695,23948.1682775736,-25653.6708265655,-4095.04784544695
2020-01-03 06:29:00,NA,NA,-4192.52025599261,23988.557174609,-25744.0115307345,-4192.52025599261
2020-01-03 06:30:00,NA,NA,-4294.27884218469,24033.0726053629,-25844.6973358988,-4294.27884218469
2020-01-03 06:31:00,NA,NA,-4381.13394881981,24081.4633149832,-25927.962148162,-4381.13394881981
2020-01-03 06:32:00,NA,NA,-4450.98004611009,24131.5837808212,-25997.1313087755,-4450.98004611009
2020-01-03 06:33:00,NA,NA,-4504.68052255846,24191.6519985659,-26059.2627758303,-4504.68052255846
2020-01-03 06:34:00,NA,NA,-4560.56119856273,24261.0775021017,-26105.3523667296,-4560.56119856273
2020-01-03 06:35:00,NA,NA,-4613.93086913448,24334.5331911344,-26155.196621969,-4613.93086913448
2020-01-03 06:36:00,NA,NA,-4691.75173377488,24398.6643216743,-26211.3720923649,-4691.75173377488
2020-01-03 06:37:00,NA,NA,-4774.31208301677,24471.8231292241,-26235.7930788136,-4774.31208301677
2020-01-03 06:38:00,NA,NA,-4833.73328743281,24536.1379755935,-26244.3873075947,-4833.73328743281
2020-01-03 06:39:00,NA,NA,-4907.52768402817,24580.1363950755,-26266.5397096115,-4907.52768402817
2020-01-03 06:40:00,NA,NA,-4976.21114102505,24608.8818070853,-26312.1452963433,-4976.21114102505
2020-01-03 06:41:00,NA,NA,-4998.21278294976,24601.3972051937,-26339.3683669069,-4998.21278294976
2020-01-03 06:42:00,NA,NA,-5013.36064355226,24582.3847868615,-26371.5477839482,-5013.36064355226
2020-01-03 06:43:00,NA,NA,-5024.97060335622,24598.5058036958,-26403.134289979,-5024.97060335622
2020-01-03 06:44:00,NA,NA,-4982.47294362699,24638.0326875528,-26420.7110024252,-4982.47294362699
2020-01-03 06:45:00,24680.6814754641,-26429.7713057796,NA,24680.6814754641,-26429.7713057796,-4977.73568512881
2020-01-03 06:46:00,NA,NA,-4964.77522539491,24725.3700148265,-26439.7033229233,-4964.77522539491
2020-01-03 06:47:00,NA,NA,-4942.30741948799,24791.4614230588,-26443.2891648863,-4942.30741948799
2020-01-03 06:48:00,NA,NA,-4927.55274714413,24872.1342343554,-26436.4495847764,-4927.55274714413
2020-01-03 06:49:00,NA,NA,-4908.21368976905,24965.6207728402,-26446.3679633466,-4908.21368976905
2020-01-03 06:50:00,NA,NA,-4877.21364489129,25040.370175484,-26453.6485428676,-4877.21364489129
2020-01-03 06:51:00,NA,NA,-4853.28837631605,25126.8252116834,-26477.8177775955,-4853.28837631605
2020-01-03 06:52:00,NA,NA,-4782.71275892605,25208.7980478143,-26504.113639375,-4782.71275892605
2020-01-03 06:53:00,NA,NA,-4666.00879493595,25298.082209523,-26570.5575216511,-4666.00879493595
2020-01-03 06:54:00,NA,NA,-4541.16296183107,25381.5288877617,-26646.6598484401,-4541.16296183107
2020-01-03 06:55:00,NA,NA,-4468.99479684188,25444.378643243,-26712.8588687119,-4468.99479684188
2020-01-03 06:56:00,NA,NA,-4384.8555125619,25476.8837173479,-26777.0884866066,-4384.8555125619
2020-01-03 06:57:00,NA,NA,-4267.23145910202,25519.4953503611,-26857.0557754489,-4267.23145910202
2020-01-03 06:58:00,NA,NA,-4195.86063522928,25586.5603050265,-26947.2397486142,-4195.86063522928
2020-01-03 06:59:00,NA,NA,-4185.3447533435,25671.6186828524,-27029.9520574675,-4185.3447533435
2020-01-03 07:00:00,NA,NA,-4207.33655262478,25773.9771381871,-27120.2223167626,-4207.33655262478
2020-01-03 07:01:00,NA,NA,-4279.19330446988,25881.6180918833,-27205.1176815238,-4279.19330446988
2020-01-03 07:02:00,NA,NA,-4350.67869081118,25967.6545440273,-27284.8000970146,-4350.67869081118
2020-01-03 07:03:00,26043.3005615409,-27354.2981560532,NA,26043.3005615409,-27354.2981560532,-4427.04358479099
2020-01-03 07:04:00,NA,NA,-4482.97671224117,26102.4861344336,-27408.4860037154,-4482.97671224117
2020-01-03 07:05:00,NA,NA,-4511.82507607717,26150.9399861178,-27443.6051381005,-4511.82507607717
2020-01-03 07:06:00,NA,NA,-4571.46532164864,26203.904308341,-27457.846868214,-4571.46532164864
2020-01-03 07:07:00,NA,NA,-4618.72808921493,26234.3163099434,-27459.2391506637,-4618.72808921493
2020-01-03 07:08:00,NA,NA,-4636.3073623094,26256.3333663291,-27485.029934804,-4636.3073623094
2020-01-03 07:09:00,NA,NA,-4652.70079865771,26286.6949834396,-27513.8479883373,-4652.70079865771
2020-01-03 07:10:00,26317.3615837403,-27535.703174887,NA,26317.3615837403,-27535.703174887,-4615.16851314508
2020-01-03 07:11:00,NA,NA,-4562.94587503011,26359.4718255443,-27550.670863235,-4562.94587503011
2020-01-03 07:12:00,26412.0444611101,-27555.7694281828,NA,26412.0444611101,-27555.7694281828,-4493.51028354542
2020-01-03 07:13:00,NA,NA,-4397.10078168498,26470.7286618593,-27543.2020460662,-4397.10078168498
2020-01-03 07:14:00,NA,NA,-4290.84814776097,26524.6626750302,-27513.1817960552,-4290.84814776097
2020-01-03 07:15:00,NA,NA,-4220.85893798854,26589.4817292329,-27480.2765803856,-4220.85893798854
2020-01-03 07:16:00,26682.0449480044,-27445.3574722549,NA,26682.0449480044,-27445.3574722549,-4176.47974311666
2020-01-03 07:17:00,NA,NA,-4126.8483838444,26777.3317856749,-27392.3105088219,-4126.8483838444
2020-01-03 07:18:00,NA,NA,-4068.19087478689,26876.3893191109,-27333.9523947789,-4068.19087478689
2020-01-03 07:19:00,NA,NA,-3992.65291839052,26963.8548781038,-27272.2340608544,-3992.65291839052
2020-01-03 07:20:00,NA,NA,-3935.74754983058,27048.2202451758,-27215.1090632011,-3935.74754983058
2020-01-03 07:21:00,27142.1111057465,-27159.5104693067,NA,27142.1111057465,-27159.5104693067,-3887.43600366642
2020-01-03 07:22:00,27245.3676553506,-27125.8528076932,NA,27245.3676553506,-27125.8528076932,-3841.30362164025
2020-01-03 07:23:00,NA,NA,-3827.43280319994,27345.9116972404,-27104.1316519406,-3827.43280319994
2020-01-03 07:24:00,NA,NA,-3841.85680744439,27457.5140577292,-27080.0450986639,-3841.85680744439
2020-01-03 07:25:00,27564.3138873289,-27051.7387599718,NA,27564.3138873289,-27051.7387599718,-3871.65163782812
2020-01-03 07:26:00,NA,NA,-3847.24129173193,27666.5419349995,-27011.8413974706,-3847.24129173193
2020-01-03 07:27:00,NA,NA,-3794.28227119629,27766.3615554898,-26958.5438999171,-3794.28227119629
2020-01-03 07:28:00,NA,NA,-3726.7863582578,27867.2116688305,-26912.2524055747,-3726.7863582578
2020-01-03 07:29:00,NA,NA,-3649.53835995958,27972.6972131584,-26878.6825160533,-3649.53835995958
2020-01-03 07:30:00,28084.4855595276,-26843.0328081665,NA,28084.4855595276,-26843.0328081665,-3581.69138007974
2020-01-03 07:31:00,NA,NA,-3518.85504013388,28192.0191030252,-26802.2453914049,-3518.85504013388
2020-01-03 07:32:00,NA,NA,-3474.37747030697,28316.5934717779,-26774.2419428444,-3474.37747030697
2020-01-03 07:33:00,NA,NA,-3443.75068106801,28426.9214963463,-26746.7025178981,-3443.75068106801
2020-01-03 07:34:00,28519.7466388439,-26705.5229111841,NA,28519.7466388439,-26705.5229111841,-3453.55711315446
2020-01-03 07:35:00,NA,NA,-3468.43924906962,28615.3470626594,-26668.1304178339,-3468.43924906962
2020-01-03 07:36:00,NA,NA,-3482.94818083592,28717.6519009937,-26621.0710467458,-3482.94818083592
2020-01-03 07:37:00,28814.5784859869,-26563.6478721309,NA,28814.5784859869,-26563.6478721309,-3495.33532154869
2020-01-03 07:38:00,NA,NA,-3559.71892451111,28899.8715899603,-26480.0373043783,-3559.71892451111
2020-01-03 07:39:00,NA,NA,-3617.11036873503,28974.3829853863,-26402.788708872,-3617.11036873503
2020-01-03 07:40:00,NA,NA,-3639.92487929529,29046.7412619027,-26330.0107193026,-3639.92487929529
2020-01-03 07:41:00,NA,NA,-3675.00804097037,29125.9031698626,-26251.4239651385,-3675.00804097037
2020-01-03 07:42:00,NA,NA,-3690.65693388479,29217.6735939031,-26173.1986942748,-3690.65693388479
2020-01-03 07:43:00,NA,NA,-3713.39974982063,29300.2698320344,-26115.7297247637,-3713.39974982063
2020-01-03 07:44:00,29393.587889263,-26074.4262648319,NA,29393.587889263,-26074.4262648319,-3739.86287338852
2020-01-03 07:45:00,29477.3136266251,-26045.4619829681,NA,29477.3136266251,-26045.4619829681,-3775.82331385802
2020-01-03 07:46:00,NA,NA,-3774.6635051226,29538.5328531281,-25995.6519735948,-3774.6635051226
2020-01-03 07:47:00,NA,NA,-3764.72605112671,29604.1047451546,-25926.1148031571,-3764.72605112671
2020-01-03 07:48:00,NA,NA,-3760.56750747221,29695.1476958524,-25849.8090757389,-3760.56750747221
2020-01-03 07:49:00,29787.0592121959,-25771.1438990671,NA,29787.0592121959,-25771.1438990671,-3768.28594447372
2020-01-03 07:50:00,NA,NA,-3802.70510493263,29883.8873382986,-25676.9932933194,-3802.70510493263
2020-01-03 07:51:00,NA,NA,-3860.72251676675,29966.9550516998,-25575.8228511642,-3860.72251676675
2020-01-03 07:52:00,30053.9804423474,-25503.8300003223,NA,30053.9804423474,-25503.8300003223,-3931.33744240934
2020-01-03 07:53:00,NA,NA,-3997.05101013654,30134.9369725584,-25439.5656800153,-3997.05101013654
2020-01-03 07:54:00,NA,NA,-4017.51693459251,30206.0176802727,-25384.0057514287,-4017.51693459251
2020-01-03 07:55:00,NA,NA,-4053.69466161608,30285.1923008407,-25367.2150592302,-4053.69466161608
2020-01-03 07:56:00,30384.3270497774,-25333.0664299124,NA,30384.3270497774,-25333.0664299124,-4093.8615278686
2020-01-03 07:57:00,NA,NA,-4123.75658861944,30489.1474501948,-25323.1832191634,-4123.75658861944
2020-01-03 07:58:00,NA,NA,-4128.39984978024,30589.4249739508,-25333.1366052724,-4128.39984978024
2020-01-03 07:59:00,NA,NA,-4124.44768918673,30686.285915541,-25355.2316157763,-4124.44768918673
2020-01-03 08:00:00,NA,NA,-4094.02772562183,30771.5200562006,-25366.4607975735,-4094.02772562183
2020-01-03 08:01:00,30851.2698160672,-25371.3671407532,NA,30851.2698160672,-25371.3671407532,-4098.93229472845
2020-01-03 08:02:00,NA,NA,-4096.06509963898,30907.3139271951,-25371.0954139541,-4096.06509963898
2020-01-03 08:03:00,NA,NA,-4080.99407719943,30986.8197841665,-25379.2066057854,-4080.99407719943
2020-01-03 08:04:00,NA,NA,-4079.02537455403,31085.4302035089,-25380.3616158929,-4079.02537455403
2020-01-03 08:05:00,NA,NA,-4079.43535943511,31180.0650711287,-25376.7298549357,-4079.43535943511
2020-01-03 08:06:00,31268.4744297029,-25364.7168776896,NA,31268.4744297029,-25364.7168776896,-4075.38197930467
2020-01-03 08:07:00,NA,NA,-4053.89849896387,31368.6425489745,-25361.8762519359,-4053.89849896387
2020-01-03 08:08:00,NA,NA,-4007.97949401525,31462.1136913528,-25380.3397753285,-4007.97949401525
2020-01-03 08:09:00,31552.809483518,-25388.4856242261,NA,31552.809483518,-25388.4856242261,-4008.75327850296
2020-01-03 08:10:00,NA,NA,-4011.45130800174,31643.776292021,-25381.7415534308,-4011.45130800174
2020-01-03 08:11:00,NA,NA,-4041.88401891848,31753.3807874092,-25365.1351185683,-4041.88401891848
2020-01-03 08:12:00,NA,NA,-4071.73230945291,31896.482558656,-25335.297274021,-4071.73230945291
2020-01-03 08:13:00,NA,NA,-4095.99674702585,32044.3750941402,-25309.9401606004,-4095.99674702585
2020-01-03 08:14:00,NA,NA,-4144.11037314913,32213.9094655153,-25273.4572517896,-4144.11037314913
2020-01-03 08:15:00,32379.403962385,-25241.7576698358,NA,32379.403962385,-25241.7576698358,-4169.09378037389
2020-01-03 08:16:00,NA,NA,-4190.2060042432,32557.1670485894,-25217.8365527954,-4190.2060042432
2020-01-03 08:17:00,32728.3094413276,-25178.124593634,NA,32728.3094413276,-25178.124593634,-4184.78896274065
2020-01-03 08:18:00,NA,NA,-4125.94211260745,32858.6940940575,-25140.9488614764,-4125.94211260745
2020-01-03 08:19:00,NA,NA,-4039.38051502959,32968.7098138943,-25123.9121956019,-4039.38051502959
2020-01-03 08:20:00,NA,NA,-3974.49967821764,33053.2233207954,-25109.3086062186,-3974.49967821764
2020-01-03 08:21:00,NA,NA,-3979.527838382,33109.3595903186,-25101.2962890517,-3979.527838382
2020-01-03 08:22:00,33147.2090497607,-25101.8035558303,NA,33147.2090497607,-25101.8035558303,-4054.83887499165
2020-01-03 08:23:00,NA,NA,-4137.10141685807,33189.8064115353,-25098.8270666484,-4137.10141685807
2020-01-03 08:24:00,NA,NA,-4165.36092544166,33229.2148104458,-25089.5068538861,-4165.36092544166
2020-01-03 08:25:00,NA,NA,-4155.13492700688,33252.2613129523,-25102.2956172163,-4155.13492700688
2020-01-03 08:26:00,NA,NA,-4148.51784790664,33262.9191781905,-25118.3253147156,-4148.51784790664
2020-01-03 08:27:00,33273.6049728708,-25142.050640346,NA,33273.6049728708,-25142.050640346,-4079.73809779676
2020-01-03 08:28:00,NA,NA,-4021.77623317436,33294.763596737,-25141.8540576765,-4021.77623317436
2020-01-03 08:29:00,NA,NA,-3977.91072079149,33331.7767364046,-25138.014367819,-3977.91072079149
2020-01-03 08:30:00,NA,NA,-3918.10415538113,33350.4173103383,-25143.4710049482,-3918.10415538113
2020-01-03 08:31:00,NA,NA,-3892.84748543385,33376.6840906516,-25137.8283177612,-3892.84748543385
2020-01-03 08:32:00,NA,NA,-3903.31032436322,33400.482832693,-25117.4256204095,-3903.31032436322
2020-01-03 08:33:00,NA,NA,-3930.03067519294,33403.4100705914,-25079.9953550627,-3930.03067519294
2020-01-03 08:34:00,NA,NA,-3970.11889152287,33394.8090999857,-25025.8022310011,-3970.11889152287
2020-01-03 08:35:00,NA,NA,-4019.63591426477,33362.7624083125,-24975.3859971626,-4019.63591426477
2020-01-03 08:36:00,NA,NA,-4085.38030125515,33353.4289552011,-24933.9672949408,-4085.38030125515
2020-01-03 08:37:00,NA,NA,-4166.66829687673,33356.3559474149,-24907.5174613791,-4166.66829687673
2020-01-03 08:38:00,NA,NA,-4264.77364472528,33354.6695030537,-24872.0484073934,-4264.77364472528
2020-01-03 08:39:00,NA,NA,-4370.16951019111,33358.9542977413,-24843.0223344473,-4370.16951019111
2020-01-03 08:40:00,NA,NA,-4469.89155659981,33375.1806407151,-24830.2057398474,-4469.89155659981
2020-01-03 08:41:00,NA,NA,-4609.69943004354,33366.1727996601,-24811.0038991585,-4609.69943004354
2020-01-03 08:42:00,33337.3693636691,-24787.1762383884,NA,33337.3693636691,-24787.1762383884,-4754.02653721538
2020-01-03 08:43:00,NA,NA,-4871.07427777208,33310.9864340737,-24747.1950894105,-4871.07427777208
2020-01-03 08:44:00,NA,NA,-4942.51074056321,33310.1923862721,-24704.0638950809,-4942.51074056321
2020-01-03 08:45:00,NA,NA,-4979.72082270014,33299.5356795914,-24676.8818203111,-4979.72082270014
2020-01-03 08:46:00,33289.1235868757,-24652.9938213961,NA,33289.1235868757,-24652.9938213961,-4988.87412467643
2020-01-03 08:47:00,NA,NA,-4976.1978308183,33274.0923767192,-24625.332017454,-4976.1978308183
2020-01-03 08:48:00,NA,NA,-4934.15139657214,33283.435487674,-24610.2587019978,-4934.15139657214
2020-01-03 08:49:00,NA,NA,-4880.99970454545,33296.0913365795,-24626.2239642285,-4880.99970454545
2020-01-03 08:50:00,NA,NA,-4836.8869595309,33319.0916568728,-24627.8713088335,-4836.8869595309
2020-01-03 08:51:00,33355.6347774159,-24620.3020300021,NA,33355.6347774159,-24620.3020300021,-4835.07469019704
2020-01-03 08:52:00,NA,NA,-4839.09230318444,33385.3943733457,-24603.2165297866,-4839.09230318444
2020-01-03 08:53:00,NA,NA,-4836.76768994427,33401.1546391622,-24609.7207607939,-4836.76768994427
2020-01-03 08:54:00,NA,NA,-4812.76511420374,33404.7231175185,-24589.3658382106,-4812.76511420374
2020-01-03 08:55:00,NA,NA,-4773.18862412018,33411.9205420724,-24533.1702997048,-4773.18862412018
2020-01-03 08:56:00,NA,NA,-4733.21795796304,33432.4486031482,-24466.6134875286,-4733.21795796304
2020-01-03 08:57:00,NA,NA,-4668.70052933903,33464.5440962662,-24378.9440016436,-4668.70052933903
2020-01-03 08:58:00,NA,NA,-4585.02290288611,33498.6143672308,-24282.588503424,-4585.02290288611
2020-01-03 08:59:00,33539.8184322158,-24186.9053004966,NA,33539.8184322158,-24186.9053004966,-4496.65236427441
2020-01-03 09:00:00,NA,NA,-4378.08294439424,33583.6673823075,-24082.1888640958,-4378.08294439424
2020-01-03 09:01:00,NA,NA,-4277.14248435259,33637.287597211,-23995.9653172626,-4277.14248435259
2020-01-03 09:02:00,33686.3339752162,-23908.7628426655,NA,33686.3339752162,-23908.7628426655,-4198.59601491298
2020-01-03 09:03:00,NA,NA,-4158.54814738202,33731.5838115434,-23823.5478794284,-4158.54814738202
2020-01-03 09:04:00,NA,NA,-4136.07154553559,33761.1933532155,-23744.1064297637,-4136.07154553559
2020-01-03 09:05:00,NA,NA,-4133.16485450453,33788.0270438317,-23658.5393854312,-4133.16485450453
2020-01-03 09:06:00,NA,NA,-4127.67379884267,33832.4848701782,-23577.6032383326,-4127.67379884267
2020-01-03 09:07:00,NA,NA,-4153.76190571832,33886.9146466037,-23488.0715302061,-4153.76190571832
2020-01-03 09:08:00,NA,NA,-4205.96904077302,33949.7865037192,-23422.8296931997,-4205.96904077302
2020-01-03 09:09:00,NA,NA,-4256.58497486614,34029.0529048522,-23343.4619342002,-4256.58497486614
2020-01-03 09:10:00,NA,NA,-4296.54000423654,34117.3254664946,-23248.1117974087,-4296.54000423654
2020-01-03 09:11:00,NA,NA,-4329.80905556729,34200.5898138092,-23147.2626941145,-4329.80905556729
2020-01-03 09:12:00,34287.3912570348,-23054.2198358013,NA,34287.3912570348,-23054.2198358013,-4350.8742213191
2020-01-03 09:13:00,NA,NA,-4357.12217597535,34403.4475379332,-22964.1122105173,-4357.12217597535
2020-01-03 09:14:00,NA,NA,-4378.55557138128,34508.7976903371,-22869.1977204934,-4378.55557138128
2020-01-03 09:15:00,NA,NA,-4364.24300482039,34608.6896758959,-22789.0505504257,-4364.24300482039
2020-01-03 09:16:00,NA,NA,-4353.54234044204,34708.9098658593,-22719.9172616956,-4353.54234044204
2020-01-03 09:17:00,NA,NA,-4316.42731385447,34812.5608029262,-22651.3640750732,-4316.42731385447
2020-01-03 09:18:00,NA,NA,-4306.37406406232,34919.7096425923,-22581.2273799984,-4306.37406406232
2020-01-03 09:19:00,NA,NA,-4277.65506681174,35043.508691527,-22508.8473000824,-4277.65506681174
2020-01-03 09:20:00,NA,NA,-4234.78882999508,35174.3105958586,-22417.0623521455,-4234.78882999508
2020-01-03 09:21:00,NA,NA,-4244.39388014979,35298.587567205,-22329.5198402,-4244.39388014979
2020-01-03 09:22:00,NA,NA,-4233.89195892412,35426.83056256,-22251.6219876576,-4233.89195892412
2020-01-03 09:23:00,35577.2931784606,-22177.5719168787,NA,35577.2931784606,-22177.5719168787,-4204.48415891756
2020-01-03 09:24:00,NA,NA,-4159.14859572646,35688.8636759201,-22131.7829868759,-4159.14859572646
2020-01-03 09:25:00,NA,NA,-4122.44994679898,35783.5694730691,-22104.6250785149,-4122.44994679898
2020-01-03 09:26:00,NA,NA,-4076.87938848393,35882.965524723,-22088.1297214291,-4076.87938848393
2020-01-03 09:27:00,NA,NA,-4042.50847850623,35975.8953833972,-22083.238810044,-4042.50847850623
2020-01-03 09:28:00,NA,NA,-3966.08876145312,36041.7411054945,-22058.779308754,-3966.08876145312
2020-01-03 09:29:00,NA,NA,-3916.4841468022,36105.754600235,-22019.5448362211,-3916.4841468022
2020-01-03 09:30:00,NA,NA,-3916.83222566337,36156.845690753,-21960.1329143354,-3916.83222566337
2020-01-03 09:31:00,NA,NA,-3932.81466582727,36192.1863086913,-21916.2426813517,-3932.81466582727
2020-01-03 09:32:00,NA,NA,-3973.16725040868,36210.3214767109,-21878.8194312375,-3973.16725040868
2020-01-03 09:33:00,NA,NA,-4022.10632075732,36198.3785508499,-21837.2468869147,-4022.10632075732
2020-01-03 09:34:00,NA,NA,-4093.3409316193,36173.9234931038,-21790.5037121896,-4093.3409316193
2020-01-03 09:35:00,NA,NA,-4145.49673289684,36155.9582477607,-21761.0559340687,-4145.49673289684
2020-01-03 09:36:00,NA,NA,-4203.77542911098,36150.9173748,-21754.5145750152,-4203.77542911098
2020-01-03 09:37:00,36157.1679399843,-21776.1506095741,NA,36157.1679399843,-21776.1506095741,-4237.77717864171
2020-01-03 09:38:00,NA,NA,-4268.48552149452,36153.1370877124,-21811.9332888464,-4268.48552149452
2020-01-03 09:39:00,NA,NA,-4313.11847299082,36156.2315920579,-21833.9970834069,-4313.11847299082
2020-01-03 09:40:00,NA,NA,-4327.46994061624,36173.0563418586,-21834.8265903509,-4327.46994061624
2020-01-03 09:41:00,NA,NA,-4334.72482137315,36207.195763414,-21814.6068338022,-4334.72482137315
2020-01-03 09:42:00,NA,NA,-4341.38073272877,36235.3486295666,-21802.3219103281,-4341.38073272877
2020-01-03 09:43:00,NA,NA,-4353.71509508043,36263.1211744779,-21797.6479345349,-4353.71509508043
2020-01-03 09:44:00,NA,NA,-4404.79908437666,36244.7055315876,-21794.2617973624,-4404.79908437666
2020-01-03 09:45:00,NA,NA,-4490.19901654908,36205.9701673618,-21801.9273976993,-4490.19901654908
2020-01-03 09:46:00,NA,NA,-4539.83804550151,36170.4372776551,-21816.3720420264,-4539.83804550151
2020-01-03 09:47:00,NA,NA,-4547.37482741256,36139.7700466147,-21841.3708102425,-4547.37482741256
2020-01-03 09:48:00,NA,NA,-4510.44960313599,36106.3879605413,-21857.1762463463,-4510.44960313599
2020-01-03 09:49:00,NA,NA,-4512.83723503282,36080.4571789968,-21871.5620616933,-4512.83723503282
2020-01-03 09:50:00,36090.7437128047,-21890.8499823105,NA,36090.7437128047,-21890.8499823105,-4537.92354073171
2020-01-03 09:51:00,NA,NA,-4514.84473431749,36132.5226013914,-21913.4395192265,-4514.84473431749
2020-01-03 09:52:00,NA,NA,-4494.94972369574,36160.0623768886,-21936.2509832938,-4494.94972369574
2020-01-03 09:53:00,NA,NA,-4519.03200265332,36167.7808489776,-21961.7691762858,-4519.03200265332
2020-01-03 09:54:00,36130.1671974682,-21976.9701122533,NA,36130.1671974682,-21976.9701122533,-4517.88048979974
2020-01-03 09:55:00,36075.1572543408,-22014.0942351814,NA,36075.1572543408,-22014.0942351814,-4506.04329759167
2020-01-03 09:56:00,NA,NA,-4476.54705106124,36004.7470795309,-22054.935197433,-4476.54705106124
2020-01-03 09:57:00,35936.7610248586,-22085.1826650988,NA,35936.7610248586,-22085.1826650988,-4418.68097361498
2020-01-03 09:58:00,NA,NA,-4355.78161028954,35852.265631103,-22084.4679514222,-4355.78161028954
2020-01-03 09:59:00,NA,NA,-4316.17939884246,35765.1545369502,-22072.4681619421,-4316.17939884246
2020-01-03 10:00:00,NA,NA,-4320.9262019959,35683.6562309587,-22066.2593915344,-4320.9262019959
2020-01-03 10:01:00,NA,NA,-4321.24524978809,35612.050206813,-22066.7963388505,-4321.24524978809
2020-01-03 10:02:00,NA,NA,-4301.50466705074,35545.9146502146,-22050.4302235929,-4301.50466705074
2020-01-03 10:03:00,NA,NA,-4244.64148249816,35479.336094365,-22047.1390562004,-4244.64148249816
2020-01-03 10:04:00,NA,NA,-4225.75990467801,35402.3384234955,-22040.4758275268,-4225.75990467801
2020-01-03 10:05:00,NA,NA,-4171.21249668311,35302.8441170715,-22048.5468218797,-4171.21249668311
2020-01-03 10:06:00,35223.3856166079,-22084.3172877934,NA,35223.3856166079,-22084.3172877934,-4107.04606070285
2020-01-03 10:07:00,NA,NA,-4043.41740718894,35155.9653990431,-22131.4993992783,-4043.41740718894
2020-01-03 10:08:00,NA,NA,-3983.45720621336,35089.3186914914,-22193.2876919927,-3983.45720621336
2020-01-03 10:09:00,NA,NA,-3912.88376784448,35020.036240234,-22261.7719004467,-3912.88376784448
2020-01-03 10:10:00,NA,NA,-3872.13363517537,34972.7167107764,-22330.5427022199,-3872.13363517537
2020-01-03 10:11:00,34929.2624134775,-22407.6958955363,NA,34929.2624134775,-22407.6958955363,-3840.3988697002
2020-01-03 10:12:00,34912.3985635558,-22495.251089346,NA,34912.3985635558,-22495.251089346,-3840.39886443493
2020-01-03 10:13:00,NA,NA,-3795.53042898436,34918.3371248187,-22594.1970375,-3795.53042898436
2020-01-03 10:14:00,34921.9848712873,-22702.4137551872,NA,34921.9848712873,-22702.4137551872,-3702.40659134258
2020-01-03 10:15:00,NA,NA,-3624.3353016829,34930.3605462041,-22839.0362653697,-3624.3353016829
2020-01-03 10:16:00,NA,NA,-3592.85005521455,34966.9349279597,-22994.2629240369,-3592.85005521455
2020-01-03 10:17:00,NA,NA,-3504.38601006598,34999.3635466051,-23160.340943797,-3504.38601006598
2020-01-03 10:18:00,NA,NA,-3393.57485000283,35011.1567534022,-23312.4968189413,-3393.57485000283
2020-01-03 10:19:00,NA,NA,-3296.70349298197,35034.5990901549,-23466.5721735885,-3296.70349298197
2020-01-03 10:20:00,NA,NA,-3198.11419107308,35051.7898858107,-23622.893355549,-3198.11419107308
2020-01-03 10:21:00,NA,NA,-3113.76646558812,35061.8402998521,-23768.0444526288,-3113.76646558812
2020-01-03 10:22:00,NA,NA,-3070.30239783755,35058.6195698187,-23904.4017887849,-3070.30239783755
2020-01-03 10:23:00,NA,NA,-3090.18342326138,35065.6301040357,-24014.4386322352,-3090.18342326138
2020-01-03 10:24:00,NA,NA,-3114.52161751932,35087.8969391059,-24104.3871160792,-3114.52161751932
2020-01-03 10:25:00,NA,NA,-3119.87018647721,35114.3296075195,-24179.9678319223,-3119.87018647721
2020-01-03 10:26:00,NA,NA,-3101.04324283762,35111.9309568643,-24236.5012205494,-3101.04324283762
2020-01-03 10:27:00,NA,NA,-3105.77969189803,35122.7899112232,-24275.7657830473,-3105.77969189803
2020-01-03 10:28:00,NA,NA,-3106.49893447412,35137.5538661641,-24349.80711628,-3106.49893447412
2020-01-03 10:29:00,NA,NA,-3110.75240185661,35144.3065351679,-24428.1301740219,-3110.75240185661
2020-01-03 10:30:00,NA,NA,-3109.16132444462,35171.7546351035,-24491.73348971,-3109.16132444462
2020-01-03 10:31:00,35216.6349001354,-24554.598580497,NA,35216.6349001354,-24554.598580497,-3118.14908732642
2020-01-03 10:32:00,NA,NA,-3166.97279704737,35252.654292164,-24580.3920332294,-3166.97279704737
2020-01-03 10:33:00,NA,NA,-3208.17232303458,35280.263024491,-24624.8500439928,-3208.17232303458
2020-01-03 10:34:00,NA,NA,-3210.08577627582,35319.1021239927,-24664.9308941466,-3210.08577627582
2020-01-03 10:35:00,NA,NA,-3145.56932405039,35344.1390615888,-24708.1034105061,-3145.56932405039
2020-01-03 10:36:00,NA,NA,-3089.25485521638,35367.2594406843,-24750.9014877821,-3089.25485521638
2020-01-03 10:37:00,NA,NA,-3060.39818778206,35402.6298467024,-24803.4648552945,-3060.39818778206
2020-01-03 10:38:00,NA,NA,-3055.16640924653,35431.8634979356,-24846.7769019177,-3055.16640924653
2020-01-03 10:39:00,35459.9742844695,-24902.3896669878,NA,35459.9742844695,-24902.3896669878,-3024.32657424702
2020-01-03 10:40:00,NA,NA,-2982.3351759396,35505.4173979646,-24950.0289547323,-2982.3351759396
2020-01-03 10:41:00,NA,NA,-2992.2541011636,35550.9434065677,-24981.380233258,-2992.2541011636
2020-01-03 10:42:00,35618.7195828567,-25015.7424716832,NA,35618.7195828567,-25015.7424716832,-3032.6191575961
2020-01-03 10:43:00,NA,NA,-3027.1612488439,35695.1570270729,-25088.5040475379,-3027.1612488439
2020-01-03 10:44:00,NA,NA,-3048.62940250511,35774.2503870273,-25193.5639249603,-3048.62940250511
2020-01-03 10:45:00,NA,NA,-3126.82477009906,35837.7772401038,-25309.0063684171,-3126.82477009906
2020-01-03 10:46:00,NA,NA,-3186.96030577308,35863.4711879564,-25429.7490420512,-3186.96030577308
2020-01-03 10:47:00,NA,NA,-3248.62758822466,35887.2119696255,-25545.4022597428,-3248.62758822466
2020-01-03 10:48:00,NA,NA,-3275.8909444014,35927.2878192068,-25673.7328698256,-3275.8909444014
2020-01-03 10:49:00,NA,NA,-3302.17874007452,35987.1076096135,-25805.822121646,-3302.17874007452
2020-01-03 10:50:00,NA,NA,-3324.38224806684,36022.9115175636,-25923.9337955777,-3324.38224806684
2020-01-03 10:51:00,NA,NA,-3377.10763690057,36064.4787267448,-26006.035908048,-3377.10763690057
2020-01-03 10:52:00,NA,NA,-3403.16587756715,36106.3442825804,-26070.5541019578,-3403.16587756715
2020-01-03 10:53:00,NA,NA,-3419.86828251139,36147.0126571932,-26127.0026821408,-3419.86828251139
2020-01-03 10:54:00,36182.500072174,-26168.3728216407,NA,36182.500072174,-26168.3728216407,-3415.76663072863
2020-01-03 10:55:00,36221.6209497107,-26179.9012915452,NA,36221.6209497107,-26179.9012915452,-3379.3522568209
2020-01-03 10:56:00,NA,NA,-3307.51888112155,36289.396830427,-26167.3589155946,-3307.51888112155
2020-01-03 10:57:00,NA,NA,-3217.62661942968,36360.5273321793,-26160.7851197959,-3217.62661942968
2020-01-03 10:58:00,NA,NA,-3127.39777968938,36449.3892212349,-26163.6414075065,-3127.39777968938
2020-01-03 10:59:00,NA,NA,-3077.10522873869,36558.8759756425,-26161.9998465737,-3077.10522873869
2020-01-03 11:00:00,NA,NA,-3095.24010186891,36668.2200143838,-26149.8686709883,-3095.24010186891
2020-01-03 11:01:00,NA,NA,-3138.64830050795,36772.4991504206,-26120.4077618232,-3138.64830050795
2020-01-03 11:02:00,NA,NA,-3184.4118164648,36879.2420240055,-26108.4847730532,-3184.4118164648
2020-01-03 11:03:00,NA,NA,-3219.75275786108,36994.692032202,-26126.0398645646,-3219.75275786108
2020-01-03 11:04:00,NA,NA,-3216.19064127605,37125.1985827489,-26156.0378483056,-3216.19064127605
2020-01-03 11:05:00,NA,NA,-3226.97192958287,37261.9342472688,-26198.480779283,-3226.97192958287
2020-01-03 11:06:00,NA,NA,-3214.86914532467,37383.627082948,-26245.9993021097,-3214.86914532467
2020-01-03 11:07:00,NA,NA,-3200.41372011878,37490.8078739627,-26268.0351636335,-3200.41372011878
2020-01-03 11:08:00,NA,NA,-3204.11388122265,37620.5371511314,-26289.6834430462,-3204.11388122265
2020-01-03 11:09:00,NA,NA,-3230.86714298431,37731.2085434856,-26324.2743316779,-3230.86714298431
2020-01-03 11:10:00,NA,NA,-3311.89322082449,37842.361084956,-26352.4920675555,-3311.89322082449
2020-01-03 11:11:00,37933.6311038908,-26350.1249426139,NA,37933.6311038908,-26350.1249426139,-3400.72009139814
2020-01-03 11:12:00,NA,NA,-3483.29016037197,38013.0856038301,-26335.1435950563,-3483.29016037197
2020-01-03 11:13:00,38079.0311699742,-26334.8887488798,NA,38079.0311699742,-26334.8887488798,-3582.3169068264
2020-01-03 11:14:00,NA,NA,-3669.21414950251,38132.433823953,-26332.0313549017,-3669.21414950251
2020-01-03 11:15:00,NA,NA,-3748.07115186812,38184.1133784274,-26329.7364755177,-3748.07115186812
2020-01-03 11:16:00,NA,NA,-3811.74371148373,38230.4257978192,-26353.6322464877,-3811.74371148373
2020-01-03 11:17:00,NA,NA,-3900.54878787337,38267.2821620494,-26399.6091085676,-3900.54878787337
2020-01-03 11:18:00,NA,NA,-3974.24193854738,38286.3274405978,-26434.2025890374,-3974.24193854738
2020-01-03 11:19:00,NA,NA,-4013.18098095379,38290.2332741298,-26481.7561252186,-4013.18098095379
2020-01-03 11:20:00,NA,NA,-4047.89851576617,38295.468249185,-26554.5061825914,-4047.89851576617
2020-01-03 11:21:00,NA,NA,-4118.04502173006,38277.7706669523,-26617.7594902908,-4118.04502173006
2020-01-03 11:22:00,NA,NA,-4188.71926070836,38252.0727096843,-26669.9883653952,-4188.71926070836
2020-01-03 11:23:00,NA,NA,-4252.32916980722,38232.6359701273,-26724.3265888979,-4252.32916980722
2020-01-03 11:24:00,NA,NA,-4326.46405433028,38198.9796741338,-26769.6331342924,-4326.46405433028
2020-01-03 11:25:00,NA,NA,-4371.01569717181,38189.508316599,-26816.9370611379,-4371.01569717181
2020-01-03 11:26:00,NA,NA,-4377.25209397269,38196.6069237876,-26850.9888105904,-4377.25209397269
2020-01-03 11:27:00,NA,NA,-4333.11392276562,38202.9014936548,-26863.5796173905,-4333.11392276562
2020-01-03 11:28:00,38212.2093470019,-26872.7032145004,NA,38212.2093470019,-26872.7032145004,-4266.16316394731
2020-01-03 11:29:00,NA,NA,-4194.72942729525,38224.4669109603,-26883.9988154725,-4194.72942729525
2020-01-03 11:30:00,NA,NA,-4102.07524272826,38228.8958439069,-26912.2043040131,-4102.07524272826
2020-01-03 11:31:00,NA,NA,-4041.3087399497,38223.30949596,-26951.5117118667,-4041.3087399497
2020-01-03 11:32:00,38184.6018550257,-26987.9025021926,NA,38184.6018550257,-26987.9025021926,-4017.96285720315
2020-01-03 11:33:00,NA,NA,-4003.43990050287,38143.9733245053,-27013.3578307779,-4003.43990050287
2020-01-03 11:34:00,NA,NA,-3969.36034252682,38105.9820165741,-27028.3651588031,-3969.36034252682
2020-01-03 11:35:00,38059.4894552453,-27040.2942153577,NA,38059.4894552453,-27040.2942153577,-3966.3536163681
2020-01-03 11:36:00,NA,NA,-4019.32673622043,38007.9173575671,-27040.1703710193,-4019.32673622043
2020-01-03 11:37:00,NA,NA,-4117.10375631486,37960.6320280471,-27045.825550246,-4117.10375631486
2020-01-03 11:38:00,NA,NA,-4170.88318259619,37918.3144435299,-27069.1050700072,-4170.88318259619
2020-01-03 11:39:00,NA,NA,-4191.11426009801,37891.8364479254,-27112.7657057841,-4191.11426009801
2020-01-03 11:40:00,NA,NA,-4246.76116534582,37865.8971114884,-27168.2047230405,-4246.76116534582
2020-01-03 11:41:00,NA,NA,-4260.35396123705,37855.0600861146,-27215.6830766378,-4260.35396123705
2020-01-03 11:42:00,NA,NA,-4244.86683417988,37860.2462689539,-27236.3054879963,-4244.86683417988
2020-01-03 11:43:00,NA,NA,-4218.26950641067,37891.3626194136,-27255.4536063711,-4218.26950641067
2020-01-03 11:44:00,NA,NA,-4151.81545973902,37934.0073397767,-27289.1720195041,-4151.81545973902
2020-01-03 11:45:00,NA,NA,-4064.35996393462,37963.6377058926,-27340.652008628,-4064.35996393462
2020-01-03 11:46:00,NA,NA,-3993.09130521142,37983.8175331938,-27384.6137960411,-3993.09130521142
2020-01-03 11:47:00,37996.1895637481,-27430.935574444,NA,37996.1895637481,-27430.935574444,-3895.94272416605
2020-01-03 11:48:00,NA,NA,-3836.06459107138,38048.4445568679,-27459.9238793244,-3836.06459107138
2020-01-03 11:49:00,NA,NA,-3809.68309995463,38104.3859276522,-27488.8975368959,-3809.68309995463
2020-01-03 11:50:00,NA,NA,-3769.19028139985,38161.8318213146,-27532.1547337753,-3769.19028139985
2020-01-03 11:51:00,NA,NA,-3699.63583525495,38210.9566593863,-27567.1269145751,-3699.63583525495
2020-01-03 11:52:00,NA,NA,-3656.41380197008,38256.3217301619,-27583.5987193279,-3656.41380197008
2020-01-03 11:53:00,NA,NA,-3664.61954229191,38326.0410497929,-27589.2365379011,-3664.61954229191
2020-01-03 11:54:00,NA,NA,-3654.79054628874,38415.3534458338,-27622.7730926984,-3654.79054628874
2020-01-03 11:55:00,NA,NA,-3667.73822631773,38498.0036315088,-27658.0467816753,-3667.73822631773
2020-01-03 11:56:00,NA,NA,-3685.81868235106,38562.8755184011,-27689.828975828,-3685.81868235106
2020-01-03 11:57:00,NA,NA,-3698.37591624368,38624.0056200545,-27749.8726127502,-3698.37591624368
2020-01-03 11:58:00,NA,NA,-3727.7983937393,38669.6276881917,-27827.1696830664,-3727.7983937393
2020-01-03 11:59:00,NA,NA,-3765.5782471396,38724.5283005103,-27900.9269739303,-3765.5782471396
2020-01-03 12:00:00,NA,NA,-3780.37766643903,38762.0162874339,-27968.8860831797,-3780.37766643903
2020-01-03 12:01:00,NA,NA,-3791.31518020921,38775.0801664999,-28059.7425894281,-3791.31518020921
2020-01-03 12:02:00,NA,NA,-3816.05456321337,38792.9174076814,-28152.8486998694,-3816.05456321337
2020-01-03 12:03:00,NA,NA,-3813.75531842281,38791.0067209812,-28247.9124971138,-3813.75531842281
2020-01-03 12:04:00,38766.8244312534,-28333.9278830352,NA,38766.8244312534,-28333.9278830352,-3764.15959255698
2020-01-03 12:05:00,NA,NA,-3733.90040641303,38743.8056884951,-28395.1077360598,-3733.90040641303
2020-01-03 12:06:00,NA,NA,-3716.18354272649,38704.7972219718,-28463.3952198385,-3716.18354272649
2020-01-03 12:07:00,NA,NA,-3723.84087383486,38665.6653138669,-28538.0804957493,-3723.84087383486
2020-01-03 12:08:00,38609.0139691862,-28628.0754144234,NA,38609.0139691862,-28628.0754144234,-3690.47535438699
2020-01-03 12:09:00,NA,NA,-3599.74264191881,38576.0127621167,-28708.1496549119,-3599.74264191881
2020-01-03 12:10:00,NA,NA,-3503.5599092049,38579.6875872783,-28800.1832124082,-3503.5599092049
2020-01-03 12:11:00,NA,NA,-3421.76607097952,38574.65685314,-28919.6420203824,-3421.76607097952
2020-01-03 12:12:00,NA,NA,-3378.01216247839,38576.7676441708,-29050.8486152362,-3378.01216247839
2020-01-03 12:13:00,NA,NA,-3361.37523419234,38576.6948339795,-29191.6299140227,-3361.37523419234
2020-01-03 12:14:00,38566.3222703499,-29320.0253443616,NA,38566.3222703499,-29320.0253443616,-3332.30167645279
2020-01-03 12:15:00,NA,NA,-3335.67608700616,38567.4365343232,-29414.0558750279,-3335.67608700616
2020-01-03 12:16:00,NA,NA,-3304.68898634182,38561.6027010744,-29493.7608847177,-3304.68898634182
2020-01-03 12:17:00,NA,NA,-3300.62154005591,38562.7215446086,-29562.2258740304,-3300.62154005591
2020-01-03 12:18:00,NA,NA,-3339.39064746354,38589.7237094979,-29633.0999998516,-3339.39064746354
2020-01-03 12:19:00,NA,NA,-3369.46459983002,38600.6285465447,-29692.8649179946,-3369.46459983002
2020-01-03 12:20:00,NA,NA,-3420.52456752753,38620.0685797239,-29734.9263282052,-3420.52456752753
2020-01-03 12:21:00,NA,NA,-3464.71870333155,38626.2074459194,-29780.210824853,-3464.71870333155
2020-01-03 12:22:00,38645.0107054372,-29805.2076759779,NA,38645.0107054372,-29805.2076759779,-3515.70977114609
2020-01-03 12:23:00,NA,NA,-3536.86135026094,38703.7176618084,-29815.3450272902,-3536.86135026094
2020-01-03 12:24:00,NA,NA,-3539.75865735752,38761.2964374896,-29832.3394292841,-3539.75865735752
2020-01-03 12:25:00,NA,NA,-3554.34983744756,38826.1128549546,-29853.0236265894,-3554.34983744756
2020-01-03 12:26:00,38892.5468044095,-29905.9558536721,NA,38892.5468044095,-29905.9558536721,-3577.3583422514
2020-01-03 12:27:00,NA,NA,-3590.9385089915,38949.1116463586,-29960.6942956634,-3590.9385089915
2020-01-03 12:28:00,NA,NA,-3581.10130036158,38998.193505582,-30017.5838633566,-3581.10130036158
2020-01-03 12:29:00,NA,NA,-3556.6676585958,39057.2522657931,-30075.3176083599,-3556.6676585958
2020-01-03 12:30:00,NA,NA,-3560.33078778544,39124.7684422536,-30115.5826729079,-3560.33078778544
2020-01-03 12:31:00,NA,NA,-3552.87059822632,39192.1836090836,-30188.3122130934,-3552.87059822632
2020-01-03 12:32:00,NA,NA,-3543.39759066809,39246.8390110973,-30253.9241420536,-3543.39759066809
2020-01-03 12:33:00,39315.0730578487,-30310.9594940288,NA,39315.0730578487,-30310.9594940288,-3546.36373799077
2020-01-03 12:34:00,NA,NA,-3530.40568112513,39391.7098374818,-30362.1604711145,-3530.40568112513
2020-01-03 12:35:00,NA,NA,-3513.85624253943,39440.9375404517,-30423.7606039917,-3513.85624253943
2020-01-03 12:36:00,39475.6225346782,-30512.902913281,NA,39475.6225346782,-30512.902913281,-3503.76839695901
2020-01-03 12:37:00,NA,NA,-3512.13274072851,39502.8130656047,-30600.2412018467,-3512.13274072851
2020-01-03 12:38:00,NA,NA,-3501.77068116739,39491.3362904,-30679.2351633248,-3501.77068116739
2020-01-03 12:39:00,39477.9662797636,-30744.6679848116,NA,39477.9662797636,-30744.6679848116,-3553.45139117332
2020-01-03 12:40:00,NA,NA,-3607.16303598568,39447.7165734132,-30793.5866958116,-3607.16303598568
2020-01-03 12:41:00,39406.6396855022,-30861.6072926643,NA,39406.6396855022,-30861.6072926643,-3635.21625428245
2020-01-03 12:42:00,NA,NA,-3657.99548006755,39361.0211640031,-30933.4238236859,-3657.99548006755
2020-01-03 12:43:00,NA,NA,-3704.61177377258,39320.9215507204,-31003.2126372029,-3704.61177377258
2020-01-03 12:44:00,39279.6080546511,-31067.0653771365,NA,39279.6080546511,-31067.0653771365,-3744.27450146156
2020-01-03 12:45:00,NA,NA,-3772.9962453856,39248.3421167014,-31121.9431298488,-3772.9962453856
2020-01-03 12:46:00,NA,NA,-3788.22031448027,39231.473948889,-31188.7342280222,-3788.22031448027
2020-01-03 12:47:00,NA,NA,-3772.93946506775,39217.2012881361,-31276.1955984353,-3772.93946506775
2020-01-03 12:48:00,39186.7534005348,-31375.6245499938,NA,39186.7534005348,-31375.6245499938,-3781.21117101825
2020-01-03 12:49:00,NA,NA,-3793.51908535444,39150.7353896919,-31452.2588628474,-3793.51908535444
2020-01-03 12:50:00,39100.9680586922,-31525.0084102915,NA,39100.9680586922,-31525.0084102915,-3802.19848137534
2020-01-03 12:51:00,NA,NA,-3779.07729449067,39024.7743783594,-31608.2776114085,-3779.07729449067
2020-01-03 12:52:00,NA,NA,-3774.06729571858,38910.7475935424,-31691.2477200697,-3774.06729571858
2020-01-03 12:53:00,NA,NA,-3768.08096336341,38786.6627302926,-31752.5167056862,-3768.08096336341
2020-01-03 12:54:00,NA,NA,-3767.50930789213,38658.826577043,-31808.8914477194,-3767.50930789213
2020-01-03 12:55:00,NA,NA,-3733.30217701009,38542.6560551863,-31853.0293948488,-3733.30217701009
2020-01-03 12:56:00,NA,NA,-3664.43898046636,38431.8060839492,-31904.7068608434,-3664.43898046636
2020-01-03 12:57:00,NA,NA,-3631.92603586491,38323.6760020532,-31959.3205713109,-3631.92603586491
2020-01-03 12:58:00,NA,NA,-3553.43142031685,38213.8518883478,-32020.2778323657,-3553.43142031685
2020-01-03 12:59:00,NA,NA,-3499.27106438868,38095.716391835,-32027.1713001452,-3499.27106438868
2020-01-03 13:00:00,37966.5667170269,-32002.8177427259,NA,37966.5667170269,-32002.8177427259,-3473.83079933493
2020-01-03 13:01:00,NA,NA,-3420.87817880955,37811.3751283889,-31981.4110548658,-3420.87817880955
2020-01-03 13:02:00,NA,NA,-3363.2384460323,37664.7375023718,-31961.8842887766,-3363.2384460323
2020-01-03 13:03:00,NA,NA,-3323.61172604623,37546.4968205655,-31946.0641001679,-3323.61172604623
2020-01-03 13:04:00,NA,NA,-3277.19787577697,37447.1349597149,-31961.1570139687,-3277.19787577697
2020-01-03 13:05:00,NA,NA,-3175.32010885703,37373.3999492958,-32004.2246731128,-3175.32010885703
2020-01-03 13:06:00,37324.474798954,-32086.8147176784,NA,37324.474798954,-32086.8147176784,-3090.75364753699
2020-01-03 13:07:00,NA,NA,-3033.81216786467,37290.2179254915,-32154.4473466202,-3033.81216786467
2020-01-03 13:08:00,NA,NA,-3052.44647866606,37260.2849850678,-32223.4632517704,-3052.44647866606
2020-01-03 13:09:00,NA,NA,-3096.28542550101,37232.5267565631,-32297.9892676645,-3096.28542550101
2020-01-03 13:10:00,37213.3995119566,-32364.8188483323,NA,37213.3995119566,-32364.8188483323,-3079.97727525684
2020-01-03 13:11:00,NA,NA,-2994.9774049277,37185.9635488782,-32422.3496077624,-2994.9774049277
2020-01-03 13:12:00,NA,NA,-2910.56863062895,37145.0714601262,-32500.8763615237,-2910.56863062895
2020-01-03 13:13:00,NA,NA,-2845.1831324052,37115.2959638924,-32573.1217073428,-2845.1831324052
2020-01-03 13:14:00,NA,NA,-2786.25675267163,37075.1872014947,-32661.8013090081,-2786.25675267163
2020-01-03 13:15:00,NA,NA,-2743.71727858867,37035.6550668328,-32742.4197390661,-2743.71727858867
2020-01-03 13:16:00,NA,NA,-2754.94747183679,36967.0923386955,-32834.2335127266,-2754.94747183679
2020-01-03 13:17:00,NA,NA,-2781.30743905717,36886.7802681642,-32950.4719452673,-2781.30743905717
2020-01-03 13:18:00,NA,NA,-2799.51993785696,36824.3709715329,-33078.8220585503,-2799.51993785696
2020-01-03 13:19:00,NA,NA,-2862.57259355631,36759.8155365543,-33188.4101356039,-2862.57259355631
2020-01-03 13:20:00,NA,NA,-2937.70638786567,36691.5287896505,-33292.2752857601,-2937.70638786567
2020-01-03 13:21:00,NA,NA,-3021.60848199002,36624.2524678283,-33400.490089044,-3021.60848199002
2020-01-03 13:22:00,36535.8644034223,-33503.5938766575,NA,36535.8644034223,-33503.5938766575,-3073.1814549631
2020-01-03 13:23:00,NA,NA,-3091.93379121387,36439.0087792985,-33595.1433665809,-3091.93379121387
2020-01-03 13:24:00,NA,NA,-3069.59699293329,36333.011346353,-33702.9464322836,-3069.59699293329
2020-01-03 13:25:00,36238.6535219248,-33809.151715654,NA,36238.6535219248,-33809.151715654,-3013.07356996602
2020-01-03 13:26:00,NA,NA,-2983.46806478866,36169.64007061,-33907.686101411,-2983.46806478866
2020-01-03 13:27:00,NA,NA,-2970.41871475343,36087.798319751,-33991.0422257568,-2970.41871475343
2020-01-03 13:28:00,NA,NA,-2943.86143420435,36016.7049422536,-34076.7639677064,-2943.86143420435
2020-01-03 13:29:00,NA,NA,-2877.38780540025,35941.1864042226,-34174.3460971695,-2877.38780540025
2020-01-03 13:30:00,NA,NA,-2808.30323689979,35854.40496397,-34288.7318744081,-2808.30323689979
2020-01-03 13:31:00,35770.1485102893,-34397.5232003216,NA,35770.1485102893,-34397.5232003216,-2716.51500322714
2020-01-03 13:32:00,NA,NA,-2622.72915400784,35718.7695177306,-34491.9481636951,-2622.72915400784
2020-01-03 13:33:00,NA,NA,-2521.71462327524,35638.7454233611,-34592.960351316,-2521.71462327524
2020-01-03 13:34:00,NA,NA,-2456.06987592171,35561.5689046421,-34696.6217192558,-2456.06987592171
2020-01-03 13:35:00,NA,NA,-2402.83206601081,35477.7188160749,-34816.3620287527,-2402.83206601081
2020-01-03 13:36:00,NA,NA,-2377.82155524421,35431.3976048,-34967.0570526573,-2377.82155524421
2020-01-03 13:37:00,35380.8098625794,-35115.0271341133,NA,35380.8098625794,-35115.0271341133,-2343.89371489514
2020-01-03 13:38:00,NA,NA,-2306.14040922045,35342.4089159515,-35247.1668265719,-2306.14040922045
2020-01-03 13:39:00,NA,NA,-2265.94979656534,35306.2953560631,-35367.921508658,-2265.94979656534
2020-01-03 13:40:00,NA,NA,-2195.10173465469,35284.8780070793,-35485.293577846,-2195.10173465469
2020-01-03 13:41:00,NA,NA,-2155.89647901572,35268.0789171785,-35594.808030182,-2155.89647901572
2020-01-03 13:42:00,NA,NA,-2168.73872543583,35265.5315855221,-35725.7887142024,-2168.73872543583
2020-01-03 13:43:00,NA,NA,-2169.00114135535,35262.7322291179,-35853.8606023048,-2169.00114135535
2020-01-03 13:44:00,NA,NA,-2192.76653772961,35247.717546852,-35971.9913296316,-2192.76653772961
2020-01-03 13:45:00,NA,NA,-2187.36759651532,35267.1535304135,-36092.8051183216,-2187.36759651532
2020-01-03 13:46:00,NA,NA,-2199.07874980334,35297.2946331838,-36234.4616279715,-2199.07874980334
2020-01-03 13:47:00,NA,NA,-2177.12793417153,35311.1457287079,-36371.6082633411,-2177.12793417153
2020-01-03 13:48:00,NA,NA,-2139.84564123815,35317.4254235557,-36494.62472968,-2139.84564123815
2020-01-03 13:49:00,NA,NA,-2165.4446850826,35308.1892733239,-36609.0215743344,-2165.4446850826
2020-01-03 13:50:00,NA,NA,-2220.61770386261,35303.7862950949,-36716.7303163025,-2220.61770386261
2020-01-03 13:51:00,NA,NA,-2292.31291708186,35295.8279451872,-36814.3293548084,-2292.31291708186
2020-01-03 13:52:00,NA,NA,-2328.19867538351,35292.7747564723,-36913.1674242223,-2328.19867538351
2020-01-03 13:53:00,NA,NA,-2386.04582489578,35281.2118864523,-37021.4377506876,-2386.04582489578
2020-01-03 13:54:00,NA,NA,-2418.80025656309,35281.8515647533,-37129.2937091452,-2418.80025656309
2020-01-03 13:55:00,35288.4854571445,-37226.8190651511,NA,35288.4854571445,-37226.8190651511,-2400.08638173736
2020-01-03 13:56:00,NA,NA,-2346.80773361012,35287.4942931643,-37338.6892411906,-2346.80773361012
2020-01-03 13:57:00,35290.1873955096,-37447.500346264,NA,35290.1873955096,-37447.500346264,-2302.81800731469
2020-01-03 13:58:00,NA,NA,-2254.311517225,35293.0835418924,-37532.4498724874,-2254.311517225
2020-01-03 13:59:00,NA,NA,-2213.21129136518,35269.5274717572,-37611.3846210157,-2213.21129136518
2020-01-03 14:00:00,NA,NA,-2180.41782147944,35220.7728562093,-37695.3943440037,-2180.41782147944
2020-01-03 14:01:00,35189.0855147044,-37796.3588109676,NA,35189.0855147044,-37796.3588109676,-2098.42903791637
2020-01-03 14:02:00,NA,NA,-1976.67494744237,35186.8574861957,-37892.925898831,-1976.67494744237
2020-01-03 14:03:00,NA,NA,-1864.75058250472,35173.6457133205,-37995.3037096842,-1864.75058250472
2020-01-03 14:04:00,NA,NA,-1751.78051414152,35173.8136745076,-38099.5595389635,-1751.78051414152
2020-01-03 14:05:00,NA,NA,-1681.48095041837,35197.3652294078,-38179.3445275035,-1681.48095041837
2020-01-03 14:06:00,NA,NA,-1631.42699936688,35199.2427235622,-38229.5254788377,-1631.42699936688
2020-01-03 14:07:00,NA,NA,-1573.64591682018,35201.1018377824,-38293.1635778547,-1573.64591682018
2020-01-03 14:08:00,NA,NA,-1509.72857640017,35181.4356411226,-38363.7683526338,-1509.72857640017
2020-01-03 14:09:00,NA,NA,-1398.31725073447,35152.9558680085,-38454.9093797,-1398.31725073447
2020-01-03 14:10:00,NA,NA,-1291.25370949648,35118.5548643662,-38544.3549334752,-1291.25370949648
2020-01-03 14:11:00,NA,NA,-1238.21881654027,35105.6281978313,-38631.7046408686,-1238.21881654027
2020-01-03 14:12:00,NA,NA,-1233.04066354219,35109.3888267844,-38706.1753932327,-1233.04066354219
2020-01-03 14:13:00,NA,NA,-1279.05088196513,35123.0841187342,-38764.5852645808,-1279.05088196513
2020-01-03 14:14:00,NA,NA,-1299.21527017916,35121.856288735,-38824.2436905599,-1299.21527017916
2020-01-03 14:15:00,NA,NA,-1310.51996339494,35098.7247710848,-38880.6384580785,-1310.51996339494
2020-01-03 14:16:00,NA,NA,-1276.80496247839,35050.8127727523,-38941.6450495777,-1276.80496247839
2020-01-03 14:17:00,NA,NA,-1275.91940510358,34991.8823388106,-39011.9862875636,-1275.91940510358
2020-01-03 14:18:00,NA,NA,-1281.27380952023,34929.5194623927,-39084.0219606407,-1281.27380952023
2020-01-03 14:19:00,34895.725480281,-39171.8411001284,NA,34895.725480281,-39171.8411001284,-1255.37845263433
2020-01-03 14:20:00,NA,NA,-1182.6541527782,34886.5193146469,-39248.5932953204,-1182.6541527782
2020-01-03 14:21:00,NA,NA,-1116.61291917111,34877.3668624438,-39329.8443659703,-1116.61291917111
2020-01-03 14:22:00,NA,NA,-1018.0662268279,34900.5277992841,-39416.9257019817,-1018.0662268279
2020-01-03 14:23:00,NA,NA,-936.45693081156,34929.6766167525,-39489.6114083508,-936.45693081156
2020-01-03 14:24:00,NA,NA,-817.368333737035,34980.4728103448,-39545.4378550801,-817.368333737035
2020-01-03 14:25:00,35040.6559045722,-39591.2558153124,NA,35040.6559045722,-39591.2558153124,-702.147989310556
2020-01-03 14:26:00,NA,NA,-624.252226753755,35098.5219492061,-39620.2845333593,-624.252226753755
2020-01-03 14:27:00,35135.0693319104,-39650.389459061,NA,35135.0693319104,-39650.389459061,-543.474547883234
2020-01-03 14:28:00,NA,NA,-455.940682457271,35176.1123479055,-39679.4200215738,-455.940682457271
2020-01-03 14:29:00,NA,NA,-380.564431238219,35211.6892851884,-39668.1396206242,-380.564431238219
2020-01-03 14:30:00,NA,NA,-345.408072917856,35268.1517637649,-39656.7757443365,-345.408072917856
2020-01-03 14:31:00,35322.749550062,-39648.1865744229,NA,35322.749550062,-39648.1865744229,-357.391388678207
2020-01-03 14:32:00,NA,NA,-436.288728020145,35367.541125838,-39629.8934471026,-436.288728020145
2020-01-03 14:33:00,NA,NA,-554.23734638969,35406.464567546,-39608.1499881851,-554.23734638969
2020-01-03 14:34:00,NA,NA,-635.839369848507,35454.5899033434,-39592.1441491424,-635.839369848507
2020-01-03 14:35:00,35506.1042905809,-39582.6184471166,NA,35506.1042905809,-39582.6184471166,-678.448078023747
2020-01-03 14:36:00,NA,NA,-717.851609195027,35557.6226858322,-39559.8274224746,-717.851609195027
2020-01-03 14:37:00,NA,NA,-696.099313601995,35596.2309122198,-39529.1350147052,-696.099313601995
2020-01-03 14:38:00,NA,NA,-611.021719762186,35641.4162529801,-39489.6861135117,-611.021719762186
2020-01-03 14:39:00,NA,NA,-524.224525337907,35688.3913150776,-39456.0117295999,-524.224525337907
2020-01-03 14:40:00,NA,NA,-450.811385284003,35733.9054161463,-39412.1684723689,-450.811385284003
2020-01-03 14:41:00,NA,NA,-387.516964164407,35775.2223477861,-39337.3509641157,-387.516964164407
2020-01-03 14:42:00,NA,NA,-291.488170962867,35804.1168711706,-39258.5836620972,-291.488170962867
2020-01-03 14:43:00,NA,NA,-213.182821391814,35808.1895038241,-39194.4096536667,-213.182821391814
2020-01-03 14:44:00,35817.7477935794,-39135.739334866,NA,35817.7477935794,-39135.739334866,-208.194346012783
2020-01-03 14:45:00,NA,NA,-261.805067698483,35854.9334364041,-39074.9421632791,-261.805067698483
2020-01-03 14:46:00,NA,NA,-296.329387429918,35895.534532832,-39024.931307276,-296.329387429918
2020-01-03 14:47:00,NA,NA,-290.639340213166,35923.5496768193,-38984.1082908412,-290.639340213166
2020-01-03 14:48:00,NA,NA,-287.314884486169,35949.1265656236,-38941.6849464717,-287.314884486169
2020-01-03 14:49:00,NA,NA,-289.490869263874,35977.9790651325,-38902.7776820997,-289.490869263874
2020-01-03 14:50:00,NA,NA,-330.818416069848,36007.4515206753,-38870.0178120815,-330.818416069848
2020-01-03 14:51:00,NA,NA,-365.229098714669,36022.8253901679,-38826.8046073041,-365.229098714669
2020-01-03 14:52:00,NA,NA,-313.383942876049,36023.5527151347,-38767.1970181636,-313.383942876049
2020-01-03 14:53:00,36004.1076195065,-38695.5751488105,NA,36004.1076195065,-38695.5751488105,-218.861735723827
2020-01-03 14:54:00,35981.7109178183,-38649.0159400481,NA,35981.7109178183,-38649.0159400481,-107.885571021102
2020-01-03 14:55:00,NA,NA,-23.0078220058538,35994.0071833766,-38611.3248589631,-23.0078220058538
2020-01-03 14:56:00,NA,NA,41.2627728122809,36024.3892373132,-38566.2113686941,41.2627728122809
2020-01-03 14:57:00,36055.6557059338,-38517.5247918355,NA,36055.6557059338,-38517.5247918355,83.745181801364
2020-01-03 14:58:00,NA,NA,134.826972565004,36109.6682570326,-38455.4292556641,134.826972565004
2020-01-03 14:59:00,NA,NA,196.786344901373,36150.1140723241,-38394.7901616074,196.786344901373
2020-01-03 15:00:00,NA,NA,241.469817420927,36153.4574084159,-38344.7509565934,241.469817420927
2020-01-03 15:01:00,NA,NA,281.258166435252,36139.118239197,-38277.8370997807,281.258166435252
2020-01-03 15:02:00,NA,NA,304.684497017118,36102.4970565565,-38197.4882811655,304.684497017118
2020-01-03 15:03:00,NA,NA,284.825228081801,36043.1469295676,-38106.3618154204,284.825228081801
2020-01-03 15:04:00,NA,NA,261.425816887881,35991.0207744734,-38022.2766815189,261.425816887881
2020-01-03 15:05:00,NA,NA,262.718893653432,35929.3182706071,-37954.5261828015,262.718893653432
2020-01-03 15:06:00,NA,NA,288.91062000619,35862.8242813978,-37853.3426565393,288.91062000619
2020-01-03 15:07:00,NA,NA,307.606497678371,35801.0795426484,-37719.5129035896,307.606497678371
2020-01-03 15:08:00,35749.2824418855,-37568.9044959113,NA,35749.2824418855,-37568.9044959113,330.644930227854
2020-01-03 15:09:00,NA,NA,332.188988263872,35700.9513322289,-37378.535085474,332.188988263872
2020-01-03 15:10:00,NA,NA,337.341684669088,35674.5276383218,-37198.3615650567,337.341684669088
2020-01-03 15:11:00,NA,NA,341.712957233515,35658.1261020844,-37013.1715917889,341.712957233515
2020-01-03 15:12:00,NA,NA,326.08749263577,35651.3449297216,-36813.4046603459,326.08749263577
2020-01-03 15:13:00,NA,NA,315.186459568887,35643.4248238177,-36620.0905421945,315.186459568887
2020-01-03 15:14:00,NA,NA,274.582663902568,35624.7820514226,-36444.8223271574,274.582663902568
2020-01-03 15:15:00,NA,NA,206.637881255341,35592.6916684225,-36296.9691440659,206.637881255341
2020-01-03 15:16:00,NA,NA,180.625641612648,35564.0262219446,-36146.6443541003,180.625641612648
2020-01-03 15:17:00,NA,NA,189.107871925961,35526.9047245279,-36000.5234452611,189.107871925961
2020-01-03 15:18:00,NA,NA,166.695302115732,35509.0843034497,-35858.6208120074,166.695302115732
2020-01-03 15:19:00,NA,NA,152.381075761338,35464.6525988979,-35702.4378532923,152.381075761338
2020-01-03 15:20:00,35404.6522520756,-35525.0575947338,NA,35404.6522520756,-35525.0575947338,122.506935648235
2020-01-03 15:21:00,NA,NA,110.231183633908,35358.7306849972,-35372.8629267041,110.231183633908
2020-01-03 15:22:00,NA,NA,125.649212840119,35300.9620099704,-35240.8961859394,125.649212840119
2020-01-03 15:23:00,NA,NA,148.747039565927,35257.0621473664,-35121.578590514,148.747039565927
2020-01-03 15:24:00,NA,NA,185.91141841352,35250.6277422363,-34999.4842278074,185.91141841352
2020-01-03 15:25:00,35291.2678453762,-34881.7350987076,NA,35291.2678453762,-34881.7350987076,200.005997084386
2020-01-03 15:26:00,NA,NA,210.94787641877,35330.0521465176,-34758.8763625926,210.94787641877
2020-01-03 15:27:00,NA,NA,255.759604055064,35354.0852205,-34633.7985857606,255.759604055064
2020-01-03 15:28:00,NA,NA,314.652989143094,35356.1216977418,-34532.9003539056,314.652989143094
2020-01-03 15:29:00,NA,NA,397.062866056862,35356.898287315,-34449.8877718034,397.062866056862
2020-01-03 15:30:00,NA,NA,524.803461865968,35346.7583027444,-34365.5508996445,524.803461865968
2020-01-03 15:31:00,NA,NA,648.927059489603,35347.3370755779,-34280.9294258689,648.927059489603
2020-01-03 15:32:00,NA,NA,721.719554892441,35348.1951326462,-34196.916301768,721.719554892441
2020-01-03 15:33:00,NA,NA,749.467329963307,35349.1261366345,-34101.3162389403,749.467329963307
2020-01-03 15:34:00,NA,NA,771.171783886604,35338.9184546149,-33989.9222686512,771.171783886604
2020-01-03 15:35:00,NA,NA,776.678698095642,35311.6768946318,-33885.8037358702,776.678698095642
2020-01-03 15:36:00,NA,NA,775.153482675745,35274.5727484533,-33784.7363871634,775.153482675745
2020-01-03 15:37:00,NA,NA,806.106582810055,35235.2602334208,-33698.0567077532,806.106582810055
2020-01-03 15:38:00,NA,NA,814.76922599919,35216.8569449939,-33593.9219777401,814.76922599919
2020-01-03 15:39:00,NA,NA,827.592277939061,35223.8843252953,-33484.3065191291,827.592277939061
2020-01-03 15:40:00,NA,NA,851.932692990745,35218.2690730626,-33384.1298896343,851.932692990745
2020-01-03 15:41:00,35187.7863267688,-33278.0879987744,NA,35187.7863267688,-33278.0879987744,827.063064274838
2020-01-03 15:42:00,NA,NA,775.284220783784,35148.595376067,-33176.6180107571,775.284220783784
2020-01-03 15:43:00,NA,NA,733.812715856758,35105.6381258099,-33075.1090428259,733.812715856758
2020-01-03 15:44:00,35039.1990279279,-32942.3180502369,NA,35039.1990279279,-32942.3180502369,706.640781555704
2020-01-03 15:45:00,NA,NA,670.187950018133,34960.1703769236,-32851.9478055928,670.187950018133
2020-01-03 15:46:00,NA,NA,614.688174386038,34884.6077695107,-32756.1737560172,614.688174386038
2020-01-03 15:47:00,NA,NA,589.367990061489,34836.4011899988,-32650.9314471198,589.367990061489
2020-01-03 15:48:00,NA,NA,581.061352371466,34800.0358684629,-32567.964450986,581.061352371466
2020-01-03 15:49:00,NA,NA,535.166539247762,34759.7510925633,-32476.3869636243,535.166539247762
2020-01-03 15:50:00,NA,NA,493.999095488873,34726.914459342,-32389.8825616057,493.999095488873
2020-01-03 15:51:00,NA,NA,462.580765003347,34689.0466540367,-32287.9808155044,462.580765003347
2020-01-03 15:52:00,NA,NA,504.458038037058,34652.0058328882,-32184.7145780606,504.458038037058
2020-01-03 15:53:00,NA,NA,540.459809898877,34624.1034236446,-32070.6997786169,540.459809898877
2020-01-03 15:54:00,34593.1251780702,-31966.8477138628,NA,34593.1251780702,-31966.8477138628,536.648590893176
2020-01-03 15:55:00,NA,NA,517.235852580441,34563.2552867975,-31857.3916854436,517.235852580441
2020-01-03 15:56:00,34531.0471413454,-31757.4784479366,NA,34531.0471413454,-31757.4784479366,476.28514412262
2020-01-03 15:57:00,NA,NA,419.343731629523,34500.7819085809,-31646.3905547293,419.343731629523
2020-01-03 15:58:00,NA,NA,375.756577457153,34447.4006742858,-31540.9263658822,375.756577457153
2020-01-03 15:59:00,NA,NA,345.944249234652,34354.4483393219,-31460.65583154,345.944249234652
2020-01-03 16:00:00,34256.8405803703,-31382.3984151794,NA,34256.8405803703,-31382.3984151794,289.526870076899
2020-01-03 16:01:00,NA,NA,209.730743937577,34170.2363774374,-31279.055054236,209.730743937577
2020-01-03 16:02:00,NA,NA,134.408477162844,34095.0775966534,-31158.2267729228,134.408477162844
2020-01-03 16:03:00,NA,NA,51.5065319689215,34017.5890657472,-30997.8883941257,51.5065319689215
2020-01-03 16:04:00,NA,NA,-23.3903695494027,33945.0831154839,-30846.9785789547,-23.3903695494027
2020-01-03 16:05:00,NA,NA,-68.8391000072989,33857.5761081145,-30701.8374083459,-68.8391000072989
2020-01-03 16:06:00,NA,NA,-145.841434377869,33742.8069973294,-30552.9833873169,-145.841434377869
2020-01-03 16:07:00,NA,NA,-171.078900965415,33618.8775146744,-30423.9629282847,-171.078900965415
2020-01-03 16:08:00,33501.0754800681,-30286.0270976122,NA,33501.0754800681,-30286.0270976122,-154.514636980817
2020-01-03 16:09:00,NA,NA,-138.775030732535,33397.714190765,-30140.4607137263,-138.775030732535
2020-01-03 16:10:00,33288.4656627594,-29973.7780352574,NA,33288.4656627594,-29973.7780352574,-156.905199413067
2020-01-03 16:11:00,NA,NA,-226.887738682742,33159.1973863572,-29819.7561731629,-226.887738682742
2020-01-03 16:12:00,NA,NA,-296.316510600329,33020.9120229813,-29670.2754539593,-296.316510600329
2020-01-03 16:13:00,NA,NA,-330.325208785096,32889.6126751016,-29542.220928854,-330.325208785096
2020-01-03 16:14:00,NA,NA,-354.601404798234,32755.4569264562,-29457.523213968,-354.601404798234
2020-01-03 16:15:00,NA,NA,-351.085267818464,32622.1429382964,-29390.6045894666,-351.085267818464
2020-01-03 16:16:00,32482.6484812273,-29352.9986166876,NA,32482.6484812273,-29352.9986166876,-337.3852220258
2020-01-03 16:17:00,NA,NA,-313.493797075328,32326.147353103,-29331.1449790805,-313.493797075328
2020-01-03 16:18:00,NA,NA,-270.867172559703,32183.3323427019,-29334.0739723033,-270.867172559703
2020-01-03 16:19:00,NA,NA,-206.177065904948,32047.1263597471,-29325.9218876139,-206.177065904948
2020-01-03 16:20:00,NA,NA,-144.656608391534,31916.6699971771,-29325.1316745916,-144.656608391534
2020-01-03 16:21:00,NA,NA,-120.317257670865,31796.9192595807,-29325.7885667567,-120.317257670865
2020-01-03 16:22:00,NA,NA,-120.292698427368,31685.615632569,-29365.1337464184,-120.292698427368
2020-01-03 16:23:00,NA,NA,-154.781510596289,31577.4565050152,-29438.2075509464,-154.781510596289
2020-01-03 16:24:00,NA,NA,-144.483823433584,31476.4480723176,-29518.6683740007,-144.483823433584
2020-01-03 16:25:00,NA,NA,-121.433563397672,31373.1706713712,-29580.7643209795,-121.433563397672
2020-01-03 16:26:00,NA,NA,-39.4330591750057,31276.6021448887,-29624.7952564078,-39.4330591750057
2020-01-03 16:27:00,31187.8418986351,-29667.8546522496,NA,31187.8418986351,-29667.8546522496,-13.555079950934
2020-01-03 16:28:00,NA,NA,-33.7938012693465,31105.793327089,-29700.3115288562,-33.7938012693465
2020-01-03 16:29:00,NA,NA,-15.1127094560575,31024.8332115839,-29726.3098199636,-15.1127094560575
2020-01-03 16:30:00,30944.8908263573,-29746.1872316604,NA,30944.8908263573,-29746.1872316604,1.7832124808397
2020-01-03 16:31:00,NA,NA,-27.5989282023271,30885.1483433007,-29741.3018757841,-27.5989282023271
2020-01-03 16:32:00,NA,NA,-48.7295875540452,30807.1075526833,-29741.4908486495,-48.7295875540452
2020-01-03 16:33:00,NA,NA,-64.3180119499907,30739.776407943,-29755.3115577281,-64.3180119499907
2020-01-03 16:34:00,NA,NA,-97.279587716066,30691.0867496822,-29766.6470517226,-97.279587716066
2020-01-03 16:35:00,NA,NA,-126.270598033,30646.2412592527,-29779.4874232238,-126.270598033
2020-01-03 16:36:00,NA,NA,-128.69058654467,30610.7898437344,-29814.1995801091,-128.69058654467
2020-01-03 16:37:00,NA,NA,-135.045875687221,30574.4211099052,-29843.1972078171,-135.045875687221
2020-01-03 16:38:00,NA,NA,-182.42131521764,30545.8020253392,-29883.9354199666,-182.42131521764
2020-01-03 16:39:00,NA,NA,-207.488779104364,30493.7475269773,-29928.5590295122,-207.488779104364
2020-01-03 16:40:00,NA,NA,-219.300290261705,30439.8070726121,-29989.5033930832,-219.300290261705
2020-01-03 16:41:00,NA,NA,-206.449044005313,30385.5424687976,-30066.3937271478,-206.449044005313
2020-01-03 16:42:00,NA,NA,-169.231068449937,30325.3347723993,-30145.3212361422,-169.231068449937
2020-01-03 16:43:00,NA,NA,-99.5415236899049,30278.107638178,-30218.9505774794,-99.5415236899049
2020-01-03 16:44:00,NA,NA,-50.4936593431947,30226.8221257526,-30285.7348493763,-50.4936593431947
2020-01-03 16:45:00,NA,NA,-14.7516549055191,30173.7954975348,-30346.719347541,-14.7516549055191
2020-01-03 16:46:00,30138.1647221218,-30403.1552171282,NA,30138.1647221218,-30403.1552171282,8.73804884324533
2020-01-03 16:47:00,30121.5426755291,-30457.913647446,NA,30121.5426755291,-30457.913647446,36.3384721960032
2020-01-03 16:48:00,NA,NA,41.218365832749,30116.8516660883,-30491.5363052584,41.218365832749
2020-01-03 16:49:00,NA,NA,50.7271668189448,30117.5226100226,-30521.7679847886,50.7271668189448
2020-01-03 16:50:00,NA,NA,48.9070547481207,30103.8936982875,-30581.483766708,48.9070547481207
2020-01-03 16:51:00,NA,NA,22.4557615968653,30072.3107709622,-30668.0231242167,22.4557615968653
2020-01-03 16:52:00,NA,NA,-17.7839294612668,30056.1354481164,-30722.4318577152,-17.7839294612668
2020-01-03 16:53:00,NA,NA,-56.6422762579011,30030.5892657557,-30768.9032322243,-56.6422762579011
2020-01-03 16:54:00,NA,NA,-70.9445720543077,29989.2732465289,-30800.1464648297,-70.9445720543077
2020-01-03 16:55:00,NA,NA,-59.1777414157401,29963.9495867104,-30824.7583950314,-59.1777414157401
2020-01-03 16:56:00,NA,NA,7.9832897329152,29931.9582190567,-30825.6727792512,7.9832897329152
2020-01-03 16:57:00,29881.8673590672,-30817.5272435394,NA,29881.8673590672,-30817.5272435394,107.598911826781
2020-01-03 16:58:00,NA,NA,221.236410247307,29832.734651846,-30814.9363222787,221.236410247307
2020-01-03 16:59:00,NA,NA,293.432478980306,29791.5704536733,-30839.0659075576,293.432478980306
2020-01-03 17:00:00,NA,NA,359.348850992141,29749.5486319351,-30881.440650174,359.348850992141
2020-01-03 17:01:00,29716.2688273484,-30917.5177683146,NA,29716.2688273484,-30917.5177683146,398.565352080333
2020-01-03 17:02:00,NA,NA,442.642541393878,29690.0683441722,-30954.2255980742,442.642541393878
2020-01-03 17:03:00,NA,NA,477.000332815028,29653.0422608414,-30989.8293837347,477.000332815028
2020-01-03 17:04:00,29616.6807991756,-31024.89525434,NA,29616.6807991756,-31024.89525434,562.150023077555
2020-01-03 17:05:00,NA,NA,619.718887641507,29613.7044107869,-31037.2052474413,619.718887641507
2020-01-03 17:06:00,NA,NA,691.384273268821,29624.0665525428,-31045.3527431767,691.384273268821
2020-01-03 17:07:00,NA,NA,747.469721257989,29609.1882351943,-31051.9109795009,747.469721257989
2020-01-03 17:08:00,NA,NA,796.311707645992,29564.9103232189,-31062.0979815089,796.311707645992
2020-01-03 17:09:00,NA,NA,809.470084477706,29518.4400209654,-31074.7268609767,809.470084477706
2020-01-03 17:10:00,NA,NA,820.595045861449,29471.7808056217,-31082.1704804031,820.595045861449
2020-01-03 17:11:00,NA,NA,795.457821172566,29436.68676852,-31092.6974806271,795.457821172566
2020-01-03 17:12:00,NA,NA,784.325649346607,29409.6749796321,-31104.5031376831,784.325649346607
2020-01-03 17:13:00,NA,NA,804.85873273159,29401.1842166108,-31112.456170979,804.85873273159
2020-01-03 17:14:00,NA,NA,824.118751763859,29381.608535214,-31102.3304976366,824.118751763859
2020-01-03 17:15:00,NA,NA,849.509768228831,29354.2073245282,-31091.1483797882,849.509768228831
2020-01-03 17:16:00,NA,NA,858.176246930682,29325.3027066589,-31072.3403134084,858.176246930682
2020-01-03 17:17:00,NA,NA,833.752697849314,29306.3501764992,-31020.9771166609,833.752697849314
2020-01-03 17:18:00,29285.5539576687,-30932.1126476343,NA,29285.5539576687,-30932.1126476343,841.064589494493
2020-01-03 17:19:00,NA,NA,890.105524848354,29250.7966680917,-30837.5204511049,890.105524848354
2020-01-03 17:20:00,NA,NA,963.670252404957,29170.7444495361,-30749.0464239562,963.670252404957
2020-01-03 17:21:00,29080.0187830014,-30669.2530735631,NA,29080.0187830014,-30669.2530735631,1030.37099631939
2020-01-03 17:22:00,NA,NA,1084.67166267241,28990.3703784035,-30615.8172316225,1084.67166267241
2020-01-03 17:23:00,28890.2346431274,-30580.37649772,NA,28890.2346431274,-30580.37649772,1126.67511458474
2020-01-03 17:24:00,NA,NA,1237.92179073598,28785.2482708003,-30578.7552338992,1237.92179073598
2020-01-03 17:25:00,NA,NA,1328.78681105585,28674.3596827834,-30566.6706051493,1328.78681105585
2020-01-03 17:26:00,NA,NA,1423.12978179274,28574.1405504651,-30519.6250915629,1423.12978179274
2020-01-03 17:27:00,NA,NA,1528.62989236099,28472.7509155307,-30490.4088391138,1528.62989236099
2020-01-03 17:28:00,NA,NA,1654.99931049783,28385.9200216818,-30449.353673346,1654.99931049783
2020-01-03 17:29:00,NA,NA,1777.95200407542,28315.2490896704,-30384.7531334591,1777.95200407542
2020-01-03 17:30:00,NA,NA,1898.64405654127,28239.2835408034,-30333.8708956391,1898.64405654127
2020-01-03 17:31:00,NA,NA,2007.78498992175,28180.0761839092,-30291.8365505469,2007.78498992175
2020-01-03 17:32:00,NA,NA,2110.19264082256,28109.8363447935,-30284.526240427,2110.19264082256
2020-01-03 17:33:00,NA,NA,2177.9382076662,28032.7603635151,-30287.019349942,2177.9382076662
2020-01-03 17:34:00,NA,NA,2227.64252461891,27954.1681090798,-30291.6074156553,2227.64252461891
2020-01-03 17:35:00,NA,NA,2294.25994794744,27876.7742001705,-30289.6174774955,2294.25994794744
2020-01-03 17:36:00,NA,NA,2362.56451755335,27800.4301300546,-30306.8614420444,2362.56451755335
2020-01-03 17:37:00,NA,NA,2405.04680518122,27708.1452700221,-30320.6752319733,2405.04680518122
2020-01-03 17:38:00,NA,NA,2435.25827170946,27643.4292377003,-30349.6379086581,2435.25827170946
2020-01-03 17:39:00,NA,NA,2443.68382855341,27590.5890257517,-30395.5785222486,2443.68382855341
2020-01-03 17:40:00,NA,NA,2457.25730925026,27545.8957449015,-30458.6558011549,2457.25730925026
2020-01-03 17:41:00,NA,NA,2453.797141334,27498.9584803803,-30506.3899321021,2453.797141334
2020-01-03 17:42:00,NA,NA,2396.32218387609,27459.8214912414,-30553.9633449063,2396.32218387609
2020-01-03 17:43:00,NA,NA,2348.56670821181,27425.2888881271,-30599.093633457,2348.56670821181
2020-01-03 17:44:00,NA,NA,2304.12394891714,27371.4726281741,-30655.3632423269,2304.12394891714
2020-01-03 17:45:00,NA,NA,2253.90373244671,27300.14604936,-30693.0183661218,2253.90373244671
2020-01-03 17:46:00,NA,NA,2230.18491322597,27240.1429013251,-30748.1547276064,2230.18491322597
2020-01-03 17:47:00,NA,NA,2207.06597714538,27168.2568774002,-30816.6760312378,2207.06597714538
2020-01-03 17:48:00,NA,NA,2212.55698231583,27063.7009350268,-30885.6566762833,2212.55698231583
2020-01-03 17:49:00,NA,NA,2196.05001988145,26958.5099804698,-30964.2541388862,2196.05001988145
2020-01-03 17:50:00,NA,NA,2188.73436034227,26845.6704852093,-31040.5229355,2188.73436034227
2020-01-03 17:51:00,NA,NA,2123.99716000713,26743.6906953306,-31102.2218042523,2123.99716000713
2020-01-03 17:52:00,NA,NA,2097.978213148,26646.2333442339,-31173.3936302601,2097.978213148
2020-01-03 17:53:00,NA,NA,2083.69580790507,26554.8942329054,-31272.4849826379,2083.69580790507
2020-01-03 17:54:00,NA,NA,2041.01040396747,26472.3865265565,-31374.9083203143,2041.01040396747
2020-01-03 17:55:00,NA,NA,1990.93875889021,26411.2562891527,-31488.8475380742,1990.93875889021
2020-01-03 17:56:00,NA,NA,1956.43242891345,26376.0360891339,-31590.4015736033,1956.43242891345
2020-01-03 17:57:00,NA,NA,1939.73130072019,26354.8821176484,-31676.6113497318,1939.73130072019
2020-01-03 17:58:00,NA,NA,1942.66255727032,26357.4799944373,-31762.5721282283,1942.66255727032
2020-01-03 17:59:00,26359.7277430966,-31864.6282613653,NA,26359.7277430966,-31864.6282613653,1981.1699330947
2020-01-03 18:00:00,NA,NA,1999.05916918204,26378.2165469251,-31977.310208258,1999.05916918204
2020-01-03 18:01:00,NA,NA,1986.89890994363,26393.7407285314,-32083.6392005058,1986.89890994363
2020-01-03 18:02:00,NA,NA,2002.09737576075,26420.9642893504,-32167.8783497972,2002.09737576075
2020-01-03 18:03:00,NA,NA,2018.10508857428,26469.0639807594,-32256.5138832809,2018.10508857428
2020-01-03 18:04:00,26533.9262135476,-32346.6701015693,NA,26533.9262135476,-32346.6701015693,2009.02573775429
2020-01-03 18:05:00,NA,NA,2017.50834541606,26604.6456336184,-32417.7064036376,2017.50834541606
2020-01-03 18:06:00,NA,NA,2033.06733471405,26664.7782487508,-32490.379220117,2033.06733471405
2020-01-03 18:07:00,26714.9789917566,-32564.359500415,NA,26714.9789917566,-32564.359500415,2045.51701663433
2020-01-03 18:08:00,NA,NA,1990.70768440855,26769.4118470956,-32632.2265169352,1990.70768440855
2020-01-03 18:09:00,NA,NA,1929.87782748256,26845.01452846,-32707.1665436868,1929.87782748256
2020-01-03 18:10:00,NA,NA,1875.95575438858,26917.9594519904,-32789.5155892676,1875.95575438858
2020-01-03 18:11:00,NA,NA,1861.75504143772,26995.6850914173,-32871.3029286533,1861.75504143772
2020-01-03 18:12:00,NA,NA,1857.81623547389,27051.2246633202,-32932.3013339219,1857.81623547389
2020-01-03 18:13:00,NA,NA,1859.19173424202,27121.1554702487,-32990.9291708978,1859.19173424202
2020-01-03 18:14:00,NA,NA,1858.31050461819,27165.964890512,-33075.8529599938,1858.31050461819
2020-01-03 18:15:00,NA,NA,1866.54333839785,27211.1683799467,-33166.7134375459,1866.54333839785
2020-01-03 18:16:00,NA,NA,1860.89347360868,27270.3655376935,-33277.5424168997,1860.89347360868
2020-01-03 18:17:00,NA,NA,1863.7390772307,27324.7823037282,-33384.700612875,1863.7390772307
2020-01-03 18:18:00,NA,NA,1874.13872475875,27381.7276225326,-33463.2605714158,1874.13872475875
2020-01-03 18:19:00,NA,NA,1892.47092791029,27413.3269554811,-33548.1455679685,1892.47092791029
2020-01-03 18:20:00,NA,NA,1885.24878304033,27436.108425326,-33608.4317191236,1885.24878304033
2020-01-03 18:21:00,NA,NA,1849.82110929765,27445.6587949687,-33652.8349654542,1849.82110929765
2020-01-03 18:22:00,NA,NA,1812.98738346037,27437.6509593689,-33699.5619808378,1812.98738346037
2020-01-03 18:23:00,27408.4349533776,-33745.4995347252,NA,27408.4349533776,-33745.4995347252,1775.72394017714
2020-01-03 18:24:00,NA,NA,1780.61147630967,27389.0584241196,-33796.3486965606,1780.61147630967
2020-01-03 18:25:00,NA,NA,1819.60436150553,27366.5150111192,-33812.2149512012,1819.60436150553
2020-01-03 18:26:00,NA,NA,1817.33858146432,27343.7583681134,-33817.3524664288,1817.33858146432
2020-01-03 18:27:00,NA,NA,1785.20580147221,27320.7168380148,-33826.4749897983,1785.20580147221
2020-01-03 18:28:00,NA,NA,1739.33678553583,27293.120714966,-33859.1778294678,1739.33678553583
2020-01-03 18:29:00,NA,NA,1696.35149144004,27290.2637227258,-33881.4193138256,1696.35149144004
2020-01-03 18:30:00,NA,NA,1678.32634587674,27302.0615320021,-33868.0119162293,1678.32634587674
2020-01-03 18:31:00,NA,NA,1653.18722006295,27320.7483249661,-33853.0937668576,1653.18722006295
2020-01-03 18:32:00,NA,NA,1622.29399422073,27345.7231574783,-33848.1013870546,1622.29399422073
2020-01-03 18:33:00,27383.4173603101,-33865.4312372616,NA,27383.4173603101,-33865.4312372616,1585.10965706579
2020-01-03 18:34:00,NA,NA,1523.11457388139,27428.1968265413,-33869.0386807574,1523.11457388139
2020-01-03 18:35:00,NA,NA,1508.69485079612,27456.0405510317,-33857.0149720969,1508.69485079612
2020-01-03 18:36:00,27488.7220355041,-33841.6565377546,NA,27488.7220355041,-33841.6565377546,1516.43434442115
2020-01-03 18:37:00,NA,NA,1534.29012624326,27540.494680363,-33826.3616370722,1534.29012624326
2020-01-03 18:38:00,NA,NA,1553.96483981427,27601.7072928577,-33784.0293967886,1553.96483981427
2020-01-03 18:39:00,NA,NA,1547.38321409197,27643.378259266,-33715.3466761533,1547.38321409197
2020-01-03 18:40:00,NA,NA,1494.01675245152,27676.8573952048,-33639.5013797831,1494.01675245152
2020-01-03 18:41:00,NA,NA,1445.25434875995,27703.7729636005,-33542.8103225283,1445.25434875995
2020-01-03 18:42:00,NA,NA,1415.62773719584,27752.2530604319,-33460.2458201884,1415.62773719584
2020-01-03 18:43:00,NA,NA,1415.5871426995,27804.0515045778,-33376.3340154146,1415.5871426995
2020-01-03 18:44:00,NA,NA,1413.85284935472,27877.1981403183,-33300.5883641946,1413.85284935472
2020-01-03 18:45:00,NA,NA,1392.1497445626,27969.7044803923,-33232.4963279631,1392.1497445626
2020-01-03 18:46:00,NA,NA,1352.49616131578,28049.3155922792,-33175.9597778204,1352.49616131578
2020-01-03 18:47:00,NA,NA,1300.09142821077,28098.0852580416,-33134.2032599143,1300.09142821077
2020-01-03 18:48:00,28122.2910709544,-33099.107272563,NA,28122.2910709544,-33099.107272563,1230.11212108051
2020-01-03 18:49:00,NA,NA,1186.44792160509,28139.2337075317,-33039.4108990414,1186.44792160509
2020-01-03 18:50:00,NA,NA,1171.50920830888,28150.1645626752,-32966.9014467465,1171.50920830888
2020-01-03 18:51:00,NA,NA,1150.22376252363,28168.7802520475,-32889.2826996426,1150.22376252363
2020-01-03 18:52:00,NA,NA,1110.21286964771,28193.5252324956,-32826.8068309494,1110.21286964771
2020-01-03 18:53:00,28214.5012277291,-32753.1505173882,NA,28214.5012277291,-32753.1505173882,1046.93882536589
2020-01-03 18:54:00,NA,NA,994.620300393807,28225.3757189147,-32678.4518286088,994.620300393807
2020-01-03 18:55:00,NA,NA,946.332510108158,28216.784759321,-32605.0373530105,946.332510108158
2020-01-03 18:56:00,NA,NA,878.440014332189,28189.2044303121,-32513.3972475668,878.440014332189
2020-01-03 18:57:00,28174.0621561351,-32414.8312706028,NA,28174.0621561351,-32414.8312706028,829.734202443275
2020-01-03 18:58:00,NA,NA,808.565825039478,28160.4207721872,-32319.9201703089,808.565825039478
2020-01-03 18:59:00,NA,NA,748.133760555333,28148.09347374,-32209.7583833092,748.133760555333
2020-01-03 19:00:00,NA,NA,661.008487728311,28134.7770153528,-32112.7975058382,661.008487728311
2020-01-03 19:01:00,NA,NA,542.783920138769,28129.3662931696,-32024.4227522839,542.783920138769
2020-01-03 19:02:00,NA,NA,414.012443839173,28135.5305093718,-31948.8139878079,414.012443839173
2020-01-03 19:03:00,NA,NA,234.148801944156,28152.511746975,-31876.9396606801,234.148801944156
2020-01-03 19:04:00,NA,NA,65.0430123057296,28176.0582934405,-31811.9242303535,65.0430123057296
2020-01-03 19:05:00,28236.2653287562,-31756.0490040506,NA,28236.2653287562,-31756.0490040506,-53.7454420255384
2020-01-03 19:06:00,NA,NA,-155.710562244316,28321.3097964433,-31686.5609154236,-155.710562244316
2020-01-03 19:07:00,NA,NA,-267.51273393801,28407.9886871505,-31603.3599664184,-267.51273393801
2020-01-03 19:08:00,NA,NA,-342.507656955301,28480.1858425047,-31533.5217015466,-342.507656955301
2020-01-03 19:09:00,28558.7324883804,-31470.2959175489,NA,28558.7324883804,-31470.2959175489,-347.937569248047
2020-01-03 19:10:00,NA,NA,-351.841881406378,28632.2894989192,-31407.0047057188,-351.841881406378
2020-01-03 19:11:00,28691.1642638311,-31363.9548924135,NA,28691.1642638311,-31363.9548924135,-352.206646441061
2020-01-03 19:12:00,NA,NA,-357.095486836528,28740.9538478374,-31308.7805905204,-357.095486836528
2020-01-03 19:13:00,NA,NA,-378.209887370095,28781.2914727385,-31258.210171461,-378.209887370095
2020-01-03 19:14:00,NA,NA,-394.982739157434,28803.3457447902,-31195.6458808106,-394.982739157434
2020-01-03 19:15:00,NA,NA,-387.991247010864,28817.7695100096,-31136.8038733983,-387.991247010864
2020-01-03 19:16:00,NA,NA,-373.923438013678,28799.2523843482,-31096.2111676453,-373.923438013678
2020-01-03 19:17:00,NA,NA,-373.414270854961,28788.1806820722,-31073.1616429568,-373.414270854961
2020-01-03 19:18:00,NA,NA,-358.045812693682,28782.621729915,-31068.8832434546,-358.045812693682
2020-01-03 19:19:00,NA,NA,-320.539905893949,28776.0222839654,-31053.0804193489,-320.539905893949
2020-01-03 19:20:00,NA,NA,-321.444164308736,28770.5728329572,-31015.0385200859,-321.444164308736
2020-01-03 19:21:00,28766.7102946009,-30972.6773046494,NA,28766.7102946009,-30972.6773046494,-299.555632402038
2020-01-03 19:22:00,NA,NA,-247.841122361976,28767.5658173872,-30905.1832457003,-247.841122361976
2020-01-03 19:23:00,28769.7723393814,-30813.2376024096,NA,28769.7723393814,-30813.2376024096,-237.432584250714
2020-01-03 19:24:00,NA,NA,-257.119968809614,28765.7145835063,-30717.8088711563,-257.119968809614
2020-01-03 19:25:00,NA,NA,-236.31065609432,28749.0951666646,-30615.0810147666,-236.31065609432
2020-01-03 19:26:00,NA,NA,-192.586526225856,28707.2637387272,-30517.7470642209,-192.586526225856
2020-01-03 19:27:00,NA,NA,-170.657379470714,28657.651994268,-30411.6130271233,-170.657379470714
2020-01-03 19:28:00,NA,NA,-176.748274093195,28594.8648997081,-30310.096807096,-176.748274093195
2020-01-03 19:29:00,28516.7827827841,-30181.6082756436,NA,28516.7827827841,-30181.6082756436,-165.354651469919
2020-01-03 19:30:00,NA,NA,-104.544057778326,28449.6155173984,-30049.121036662,-104.544057778326
2020-01-03 19:31:00,NA,NA,-8.80423053570234,28414.6649346944,-29907.6506146702,-8.80423053570234
2020-01-03 19:32:00,NA,NA,59.3705103371555,28388.8555245831,-29756.8813133272,59.3705103371555
2020-01-03 19:33:00,NA,NA,63.3582714019576,28351.0156836541,-29589.5451772524,63.3582714019576
2020-01-03 19:34:00,NA,NA,19.5431366031812,28335.7098370162,-29430.6691078609,19.5431366031812
2020-01-03 19:35:00,NA,NA,17.9902951120951,28320.8819794956,-29270.7414930181,17.9902951120951
2020-01-03 19:36:00,NA,NA,2.8931143352203,28286.4907338583,-29088.3786854337,2.8931143352203
2020-01-03 19:37:00,NA,NA,-16.1290446126263,28252.5184415555,-28881.3629963894,-16.1290446126263
2020-01-03 19:38:00,NA,NA,1.51407731671315,28211.1529416068,-28671.9470379203,1.51407731671315
2020-01-03 19:39:00,NA,NA,33.3647738221503,28164.7986423401,-28465.4880279199,33.3647738221503
2020-01-03 19:40:00,NA,NA,0.906879716689382,28098.7872299785,-28264.6170014928,0.906879716689382
2020-01-03 19:41:00,28014.0771216463,-28068.3104571272,NA,28014.0771216463,-28068.3104571272,-47.0103659359224
2020-01-03 19:42:00,NA,NA,-152.016771078181,27925.3422528573,-27874.0964647261,-152.016771078181
2020-01-03 19:43:00,NA,NA,-266.596668682996,27827.5740561752,-27678.5349071308,-266.596668682996
2020-01-03 19:44:00,NA,NA,-375.137488289202,27734.503653572,-27490.2471870381,-375.137488289202
2020-01-03 19:45:00,NA,NA,-425.156920939984,27631.495419239,-27284.1846712479,-425.156920939984
2020-01-03 19:46:00,NA,NA,-490.901330051148,27520.8841023284,-27055.9862441701,-490.901330051148
2020-01-03 19:47:00,NA,NA,-624.824276497795,27375.6958034459,-26855.1459518766,-624.824276497795
2020-01-03 19:48:00,NA,NA,-793.364253791743,27244.7440426088,-26648.2702058512,-793.364253791743
2020-01-03 19:49:00,NA,NA,-960.947432874673,27111.6587456386,-26438.7183367639,-960.947432874673
2020-01-03 19:50:00,NA,NA,-1103.72645645159,26970.5610593407,-26236.2761541157,-1103.72645645159
2020-01-03 19:51:00,26813.7782965551,-26022.0593709164,NA,26813.7782965551,-26022.0593709164,-1193.41744132259
2020-01-03 19:52:00,NA,NA,-1245.11584994058,26656.0873415619,-25807.8464077723,-1245.11584994058
2020-01-03 19:53:00,NA,NA,-1297.26040738747,26537.3983917419,-25601.4743269058,-1297.26040738747
2020-01-03 19:54:00,NA,NA,-1362.08025935964,26418.4634356336,-25396.4552190939,-1362.08025935964
2020-01-03 19:55:00,NA,NA,-1453.63314346203,26307.5993499795,-25200.6807211974,-1453.63314346203
2020-01-03 19:56:00,NA,NA,-1538.32446465505,26189.4478317992,-25027.6723342099,-1538.32446465505
2020-01-03 19:57:00,NA,NA,-1641.33908768998,26076.1766171434,-24839.1318041414,-1641.33908768998
2020-01-03 19:58:00,NA,NA,-1699.99610175371,25981.2269269449,-24642.121459973,-1699.99610175371
2020-01-03 19:59:00,NA,NA,-1789.60309831404,25920.6175440734,-24443.2909618262,-1789.60309831404
2020-01-03 20:00:00,NA,NA,-1869.7272417136,25887.1540777638,-24271.8387684728,-1869.7272417136
2020-01-03 20:01:00,NA,NA,-1900.39560150286,25849.4324215098,-24103.2492631127,-1900.39560150286
2020-01-03 20:02:00,NA,NA,-1907.07211559061,25809.104344737,-23920.914068152,-1907.07211559061
2020-01-03 20:03:00,NA,NA,-1936.18789894736,25757.1871941075,-23745.5508985012,-1936.18789894736
2020-01-03 20:04:00,NA,NA,-1987.33807683397,25682.2500352911,-23569.5220424611,-1987.33807683397
2020-01-03 20:05:00,NA,NA,-1983.7038678283,25603.1814118279,-23390.5037335069,-1983.7038678283
2020-01-03 20:06:00,25525.7196988534,-23234.3033690839,NA,25525.7196988534,-23234.3033690839,-1915.34132233066
2020-01-03 20:07:00,NA,NA,-1880.30161470335,25420.8287693071,-23070.7713088271,-1880.30161470335
2020-01-03 20:08:00,NA,NA,-1871.60894553388,25277.0529177058,-22910.0376380004,-1871.60894553388
2020-01-03 20:09:00,NA,NA,-1820.16185104292,25145.5190461354,-22747.3067385715,-1820.16185104292
2020-01-03 20:10:00,NA,NA,-1741.77982882008,25060.5034051122,-22586.9916842068,-1741.77982882008
2020-01-03 20:11:00,NA,NA,-1707.08334991631,24985.1301295988,-22424.527623753,-1707.08334991631
2020-01-03 20:12:00,NA,NA,-1676.30911842255,24905.0446033429,-22268.8563403797,-1676.30911842255
2020-01-03 20:13:00,NA,NA,-1631.55436179964,24769.6129049114,-22116.8019686527,-1631.55436179964
2020-01-03 20:14:00,NA,NA,-1620.17914271339,24632.2360415858,-21965.6843410648,-1620.17914271339
2020-01-03 20:15:00,NA,NA,-1629.47723481505,24495.6926917559,-21801.9987594149,-1629.47723481505
2020-01-03 20:16:00,NA,NA,-1602.07474431257,24387.6134699664,-21627.1905897696,-1602.07474431257
2020-01-03 20:17:00,NA,NA,-1567.74334290742,24307.7460192796,-21423.6400048479,-1567.74334290742
2020-01-03 20:18:00,NA,NA,-1550.75759137391,24214.3497912481,-21206.6798115661,-1550.75759137391
2020-01-03 20:19:00,NA,NA,-1526.20817830104,24121.6227824538,-20992.528908894,-1526.20817830104
2020-01-03 20:20:00,24038.3919882066,-20796.6764931574,NA,24038.3919882066,-20796.6764931574,-1485.8111217222
2020-01-03 20:21:00,NA,NA,-1427.8694788186,23968.0362190079,-20603.7908339044,-1427.8694788186
2020-01-03 20:22:00,NA,NA,-1367.07815475353,23900.7338162246,-20414.9866891356,-1367.07815475353
2020-01-03 20:23:00,NA,NA,-1290.10989402711,23820.7493962808,-20251.1737212242,-1290.10989402711
2020-01-03 20:24:00,NA,NA,-1247.60062381077,23723.5952708848,-20104.0154375646,-1247.60062381077
2020-01-03 20:25:00,NA,NA,-1195.92490400746,23622.8166478042,-19978.0128729459,-1195.92490400746
2020-01-03 20:26:00,NA,NA,-1141.387513282,23510.4694594046,-19857.1626944557,-1141.387513282
2020-01-03 20:27:00,NA,NA,-1081.73724940601,23387.9217177126,-19716.1745532821,-1081.73724940601
2020-01-03 20:28:00,NA,NA,-1043.74419830136,23270.4409006655,-19558.0211362247,-1043.74419830136
2020-01-03 20:29:00,NA,NA,-995.497951682296,23151.4492092928,-19389.2797879913,-995.497951682296
2020-01-03 20:30:00,NA,NA,-904.664262954056,23061.4063039088,-19226.04500509,-904.664262954056
2020-01-03 20:31:00,NA,NA,-810.650755794955,22993.1389365351,-19076.1398684742,-810.650755794955
2020-01-03 20:32:00,22932.1952974574,-18919.0098605098,NA,22932.1952974574,-18919.0098605098,-769.155873763179
2020-01-03 20:33:00,22870.6850498353,-18777.5662726017,NA,22870.6850498353,-18777.5662726017,-746.337870607819
2020-01-03 20:34:00,22815.4717395285,-18640.9823665571,NA,22815.4717395285,-18640.9823665571,-703.762262795803
2020-01-03 20:35:00,NA,NA,-664.807636690839,22760.4302590496,-18502.2531960722,-664.807636690839
2020-01-03 20:36:00,NA,NA,-620.150512260395,22725.77708465,-18354.8202356997,-620.150512260395
2020-01-03 20:37:00,NA,NA,-557.945512820221,22692.7962505531,-18224.0003494759,-557.945512820221
2020-01-03 20:38:00,NA,NA,-506.475783592453,22640.495763409,-18117.0535608991,-506.475783592453
2020-01-03 20:39:00,NA,NA,-454.166307283947,22582.7383585675,-18012.5088238387,-454.166307283947
2020-01-03 20:40:00,NA,NA,-391.745954351189,22546.6081042297,-17895.0604991176,-391.745954351189
2020-01-03 20:41:00,NA,NA,-344.701126454109,22555.2021656346,-17765.8614541543,-344.701126454109
2020-01-03 20:42:00,NA,NA,-308.186504629586,22590.7841104351,-17642.3161505759,-308.186504629586
2020-01-03 20:43:00,NA,NA,-283.851677543732,22613.0288097629,-17515.3400313394,-283.851677543732
2020-01-03 20:44:00,NA,NA,-220.834116920396,22620.399129857,-17415.8453297903,-220.834116920396
2020-01-03 20:45:00,NA,NA,-189.140271531521,22618.1068804902,-17331.180812931,-189.140271531521
2020-01-03 20:46:00,NA,NA,-136.39127234159,22579.0423055005,-17229.9173623248,-136.39127234159
2020-01-03 20:47:00,22536.8694869108,-17144.188866877,NA,22536.8694869108,-17144.188866877,-158.595522271159
2020-01-03 20:48:00,NA,NA,-176.732078419765,22498.319548523,-17068.3741053516,-176.732078419765
2020-01-03 20:49:00,NA,NA,-188.400268015527,22410.5952907163,-17001.3417370276,-188.400268015527
2020-01-03 20:50:00,NA,NA,-210.748510480837,22330.5370600286,-16944.7374488601,-210.748510480837
2020-01-03 20:51:00,22260.4229861307,-16907.1903802905,NA,22260.4229861307,-16907.1903802905,-227.840357631943
2020-01-03 20:52:00,22225.6433975053,-16882.4781596472,NA,22225.6433975053,-16882.4781596472,-211.247470043361
2020-01-03 20:53:00,NA,NA,-153.971598091202,22222.9670795544,-16861.8578518385,-153.971598091202
2020-01-03 20:54:00,NA,NA,-80.9029153103189,22244.3866854824,-16834.8669846603,-80.9029153103189
2020-01-03 20:55:00,NA,NA,-39.5919134758854,22267.3120985134,-16782.6023149345,-39.5919134758854
2020-01-03 20:56:00,NA,NA,-11.8911399217162,22281.0921278408,-16739.3354418005,-11.8911399217162
2020-01-03 20:57:00,NA,NA,33.942403679443,22272.8680200423,-16720.5593205694,33.942403679443
2020-01-03 20:58:00,22254.0546467986,-16708.2542376143,NA,22254.0546467986,-16708.2542376143,63.2713751076955
2020-01-03 20:59:00,NA,NA,51.0891581904683,22223.8735076535,-16685.9332549247,51.0891581904683
2020-01-03 21:00:00,22190.4322948343,-16695.0361774459,NA,22190.4322948343,-16695.0361774459,13.6053225365351
2020-01-03 21:01:00,NA,NA,8.65159799223727,22151.6290729412,-16711.5426427557,8.65159799223727
2020-01-03 21:02:00,NA,NA,55.0593397559011,22128.829561283,-16703.873741818,55.0593397559011
2020-01-03 21:03:00,22109.4947337808,-16705.7442331699,NA,22109.4947337808,-16705.7442331699,105.288122394195
2020-01-03 21:04:00,22080.9466300555,-16706.2204260178,NA,22080.9466300555,-16706.2204260178,202.216671359482
2020-01-03 21:05:00,NA,NA,333.605286679694,22039.5485956477,-16703.5103079783,333.605286679694
2020-01-03 21:06:00,NA,NA,415.688211691754,22009.4716441433,-16711.3179845196,415.688211691754
2020-01-03 21:07:00,NA,NA,453.977115545157,21981.2749417326,-16708.1761246312,453.977115545157
2020-01-03 21:08:00,NA,NA,479.706417403914,21955.5358806275,-16684.57710949,479.706417403914
2020-01-03 21:09:00,21949.3066214091,-16671.2113733974,NA,21949.3066214091,-16671.2113733974,532.093026463241
2020-01-03 21:10:00,21964.0200968355,-16681.2227542198,NA,21964.0200968355,-16681.2227542198,580.129493199202
2020-01-03 21:11:00,NA,NA,638.391998636796,21983.5683238668,-16708.918776044,638.391998636796
2020-01-03 21:12:00,NA,NA,701.369691230308,21996.6342710307,-16749.02302917,701.369691230308
2020-01-03 21:13:00,22001.4619891934,-16782.2316178929,NA,22001.4619891934,-16782.2316178929,751.58072554638
2020-01-03 21:14:00,NA,NA,808.720620330804,22001.634239814,-16837.262477502,808.720620330804
2020-01-03 21:15:00,NA,NA,854.828704660354,22006.4093045028,-16861.1434782319,854.828704660354
2020-01-03 21:16:00,NA,NA,889.542552878148,22030.4838252679,-16877.6003326308,889.542552878148
2020-01-03 21:17:00,22067.2953267686,-16887.1406275026,NA,22067.2953267686,-16887.1406275026,889.910858548575
2020-01-03 21:18:00,22084.1050232674,-16899.111811801,NA,22084.1050232674,-16899.111811801,904.107805941641
2020-01-03 21:19:00,NA,NA,899.084924921971,22110.0244986276,-16922.6346609688,899.084924921971
2020-01-03 21:20:00,NA,NA,921.606933480779,22149.8257422224,-16966.9220784995,921.606933480779
2020-01-03 21:21:00,NA,NA,980.962513450265,22205.0229631597,-17007.6070961011,980.962513450265
2020-01-03 21:22:00,NA,NA,1064.22915094805,22255.7915127118,-17064.2548147525,1064.22915094805
2020-01-03 21:23:00,NA,NA,1105.19954980417,22310.1536648298,-17155.2801700577,1105.19954980417
2020-01-03 21:24:00,22372.9845158065,-17248.934711568,NA,22372.9845158065,-17248.934711568,1156.76700010761
2020-01-03 21:25:00,NA,NA,1206.480808569,22430.0985395047,-17337.2043175962,1206.480808569
2020-01-03 21:26:00,NA,NA,1250.11814397987,22490.9884626147,-17433.6539956331,1250.11814397987
2020-01-03 21:27:00,NA,NA,1287.692354744,22542.1530965225,-17535.1678394964,1287.692354744
2020-01-03 21:28:00,NA,NA,1292.06643505263,22632.6870001272,-17624.9766979323,1292.06643505263
2020-01-03 21:29:00,22721.4154772449,-17697.5212984449,NA,22721.4154772449,-17697.5212984449,1322.00179113437
2020-01-03 21:30:00,NA,NA,1378.23098584439,22789.8032436291,-17784.0180878439,1378.23098584439
2020-01-03 21:31:00,NA,NA,1415.98866428354,22854.3661580323,-17881.0955141468,1415.98866428354
2020-01-03 21:32:00,NA,NA,1415.04173112677,22912.4333306965,-17998.0205886959,1415.04173112677
2020-01-03 21:33:00,NA,NA,1389.85794250579,22989.4389146701,-18126.0818405192,1389.85794250579
2020-01-03 21:34:00,NA,NA,1383.86665941551,23079.162544215,-18267.8280750864,1383.86665941551
2020-01-03 21:35:00,NA,NA,1370.81067014118,23177.8308284127,-18423.0641974613,1370.81067014118
2020-01-03 21:36:00,NA,NA,1322.11489905166,23303.9391515596,-18543.7411940448,1322.11489905166
2020-01-03 21:37:00,NA,NA,1288.73946898247,23433.1382259987,-18640.7414199421,1288.73946898247
2020-01-03 21:38:00,NA,NA,1274.31155910361,23559.0944574849,-18741.2519905165,1274.31155910361
2020-01-03 21:39:00,NA,NA,1262.53161491775,23673.2209908396,-18844.9755624781,1262.53161491775
2020-01-03 21:40:00,NA,NA,1249.97570373371,23809.6111036644,-18950.8547193655,1249.97570373371
2020-01-03 21:41:00,NA,NA,1228.53043003129,23950.698745761,-19068.8730335835,1228.53043003129
2020-01-03 21:42:00,24060.5534346281,-19162.3938139111,NA,24060.5534346281,-19162.3938139111,1185.07695175843
2020-01-03 21:43:00,NA,NA,1175.30930989228,24120.3150040845,-19231.8587983888,1175.30930989228
2020-01-03 21:44:00,NA,NA,1217.3274616121,24180.6909021151,-19311.7611362821,1217.3274616121
2020-01-03 21:45:00,24220.7892232462,-19416.5727146545,NA,24220.7892232462,-19416.5727146545,1261.01322537906
2020-01-03 21:46:00,NA,NA,1307.79755894318,24236.2954320006,-19541.0303309963,1307.79755894318
2020-01-03 21:47:00,NA,NA,1348.11409014711,24249.6870537255,-19665.9479693341,1348.11409014711
2020-01-03 21:48:00,NA,NA,1373.48847946241,24246.0826367631,-19788.7701814432,1373.48847946241
2020-01-03 21:49:00,NA,NA,1404.60807603844,24216.177775334,-19945.7959967284,1404.60807603844
2020-01-03 21:50:00,NA,NA,1453.43227864052,24178.1600594076,-20106.9361081702,1453.43227864052
2020-01-03 21:51:00,NA,NA,1523.6991216398,24140.0578667184,-20272.232142401,1523.6991216398
2020-01-03 21:52:00,NA,NA,1590.5917654856,24112.0341241696,-20459.6084534346,1590.5917654856
2020-01-03 21:53:00,24083.9762247845,-20658.9727544018,NA,24083.9762247845,-20658.9727544018,1623.75421533016
2020-01-03 21:54:00,NA,NA,1661.54649227269,24070.409073393,-20845.8863960236,1661.54649227269
2020-01-03 21:55:00,NA,NA,1703.90462973874,24044.7294632201,-21050.1758828538,1703.90462973874
2020-01-03 21:56:00,NA,NA,1753.02300425512,24014.0086345144,-21260.7272946105,1753.02300425512
2020-01-03 21:57:00,NA,NA,1837.87109767232,24000.9994416162,-21484.6664155177,1837.87109767232
2020-01-03 21:58:00,NA,NA,1886.06669125527,24018.185183024,-21731.2992054328,1886.06669125527
2020-01-03 21:59:00,NA,NA,1923.02222788013,24052.0519310412,-21990.9308528517,1923.02222788013
2020-01-03 22:00:00,NA,NA,1984.88007467695,24117.820649075,-22254.3492198769,1984.88007467695
2020-01-03 22:01:00,NA,NA,2058.48521319441,24192.9985485548,-22518.2556102866,2058.48521319441
2020-01-03 22:02:00,NA,NA,2133.39594609072,24252.6557669515,-22771.4258681456,2133.39594609072
2020-01-03 22:03:00,NA,NA,2181.76538356124,24304.5492084334,-22997.3249892266,2181.76538356124
2020-01-03 22:04:00,NA,NA,2179.24067507724,24365.765292955,-23206.5184316419,2179.24067507724
2020-01-03 22:05:00,NA,NA,2217.9140115261,24450.7057929904,-23399.9393194826,2217.9140115261
2020-01-03 22:06:00,NA,NA,2249.60807763882,24557.6306831353,-23631.7353528117,2249.60807763882
2020-01-03 22:07:00,24672.1803683089,-23870.1221276438,NA,24672.1803683089,-23870.1221276438,2308.50441527926
2020-01-03 22:08:00,NA,NA,2395.71626912274,24784.0130718918,-24097.9052717564,2395.71626912274
2020-01-03 22:09:00,NA,NA,2479.11854716879,24892.9038515157,-24319.2889240725,2479.11854716879
2020-01-03 22:10:00,24993.2918273147,-24540.9097907364,NA,24993.2918273147,-24540.9097907364,2550.58334952282
2020-01-03 22:11:00,NA,NA,2601.65309379553,25092.282092554,-24743.86152519,2601.65309379553
2020-01-03 22:12:00,25190.5789149762,-24944.2617557389,NA,25190.5789149762,-24944.2617557389,2600.60012889811
2020-01-03 22:13:00,NA,NA,2546.63054441359,25293.7545772926,-25139.1514326998,2546.63054441359
2020-01-03 22:14:00,NA,NA,2491.53906209299,25372.7726991955,-25316.8523486234,2491.53906209299
2020-01-03 22:15:00,NA,NA,2417.24345652718,25447.5322409181,-25491.1440146031,2417.24345652718
2020-01-03 22:16:00,NA,NA,2387.19861469763,25505.6648087593,-25642.5288946193,2387.19861469763
2020-01-03 22:17:00,25537.6935084089,-25792.8283671371,NA,25537.6935084089,-25792.8283671371,2349.35931954032
2020-01-03 22:18:00,NA,NA,2325.45308982563,25583.1295371582,-25956.1468025721,2325.45308982563
2020-01-03 22:19:00,NA,NA,2331.15624209055,25650.8946531609,-26122.6192860627,2331.15624209055
2020-01-03 22:20:00,NA,NA,2374.389967751,25730.8843304879,-26273.0505552998,2374.389967751
2020-01-03 22:21:00,NA,NA,2433.96456331546,25809.3580021514,-26418.858765298,2433.96456331546
2020-01-03 22:22:00,NA,NA,2509.66792223522,25876.9205490223,-26517.5077393604,2509.66792223522
2020-01-03 22:23:00,NA,NA,2585.25315873114,25941.7335672207,-26602.7074872969,2585.25315873114
2020-01-03 22:24:00,NA,NA,2627.98842786944,25976.6858019633,-26659.5696206837,2627.98842786944
2020-01-03 22:25:00,NA,NA,2667.55478989007,25998.8887146115,-26710.3417211816,2667.55478989007
2020-01-03 22:26:00,NA,NA,2691.8006542696,26012.023002117,-26741.5611057189,2691.8006542696
2020-01-03 22:27:00,NA,NA,2704.01591158343,26035.1433574135,-26754.6727052778,2704.01591158343
2020-01-03 22:28:00,NA,NA,2694.86727206023,26066.7000745635,-26741.203486121,2694.86727206023
2020-01-03 22:29:00,NA,NA,2688.20976777902,26107.9669631577,-26715.0340812706,2688.20976777902
2020-01-03 22:30:00,NA,NA,2670.86451819072,26155.0711163198,-26693.2810633069,2670.86451819072
2020-01-03 22:31:00,NA,NA,2641.9540380104,26204.4167871433,-26681.1600064983,2641.9540380104
2020-01-03 22:32:00,NA,NA,2570.30052170345,26248.1718624446,-26692.6915542004,2570.30052170345
2020-01-03 22:33:00,26303.3735876197,-26696.003447795,NA,26303.3735876197,-26696.003447795,2507.44533114643
2020-01-03 22:34:00,26349.3400678689,-26677.4049147234,NA,26349.3400678689,-26677.4049147234,2467.40464817278
2020-01-03 22:35:00,NA,NA,2466.10682544516,26389.3724464333,-26650.9886768688,2466.10682544516
2020-01-03 22:36:00,NA,NA,2480.72664409083,26427.4239233595,-26617.68179529,2480.72664409083
2020-01-03 22:37:00,NA,NA,2482.43169971209,26455.6783047012,-26581.0990178655,2482.43169971209
2020-01-03 22:38:00,NA,NA,2459.79589727831,26469.5603039163,-26536.0042831418,2459.79589727831
2020-01-03 22:39:00,NA,NA,2384.50970639345,26498.3991016149,-26466.521089394,2384.50970639345
2020-01-03 22:40:00,NA,NA,2283.76188887803,26525.6508542129,-26388.0499424032,2283.76188887803
2020-01-03 22:41:00,NA,NA,2186.02938155513,26565.9238458717,-26285.7376620426,2186.02938155513
2020-01-03 22:42:00,NA,NA,2121.46336177571,26618.053272617,-26176.8437941025,2121.46336177571
2020-01-03 22:43:00,NA,NA,2054.51960930744,26670.4409112285,-26061.3953663214,2054.51960930744
2020-01-03 22:44:00,26715.4699289085,-25936.2771549573,NA,26715.4699289085,-25936.2771549573,2012.75732961871
2020-01-03 22:45:00,NA,NA,2016.62278940793,26774.3923332915,-25813.8787603601,2016.62278940793
2020-01-03 22:46:00,NA,NA,2041.95924617738,26840.8751540586,-25717.1444303664,2041.95924617738
2020-01-03 22:47:00,NA,NA,2073.6752829894,26921.5506189115,-25615.0761919385,2073.6752829894
2020-01-03 22:48:00,NA,NA,2117.96739597432,27008.9009589628,-25513.1845470558,2117.96739597432
2020-01-03 22:49:00,NA,NA,2144.41225903463,27113.0473355086,-25429.5213207942,2144.41225903463
2020-01-03 22:50:00,NA,NA,2163.84237140129,27211.0151659392,-25352.7203892721,2163.84237140129
2020-01-03 22:51:00,NA,NA,2167.08176599299,27310.6425059801,-25287.1792548279,2167.08176599299
2020-01-03 22:52:00,NA,NA,2182.44221725831,27416.6224125722,-25235.865820926,2182.44221725831
2020-01-03 22:53:00,NA,NA,2155.43323996885,27513.3002073311,-25176.9619439243,2155.43323996885
2020-01-03 22:54:00,NA,NA,2121.73492296361,27599.655033272,-25100.6352824633,2121.73492296361
2020-01-03 22:55:00,27678.2046623989,-25025.0950628293,NA,27678.2046623989,-25025.0950628293,2111.30274354763
2020-01-03 22:56:00,NA,NA,2135.83244982964,27732.7996589082,-24958.7385782793,2135.83244982964
2020-01-03 22:57:00,NA,NA,2208.88173064482,27795.7664580502,-24884.9668322557,2208.88173064482
2020-01-03 22:58:00,NA,NA,2291.59088352739,27869.0187393929,-24789.5719169662,2291.59088352739
2020-01-03 22:59:00,27931.5697288357,-24682.6783099817,NA,27931.5697288357,-24682.6783099817,2359.53600069601
2020-01-03 23:00:00,NA,NA,2438.87927315893,27964.2385581062,-24585.47614199,2438.87927315893
2020-01-03 23:01:00,NA,NA,2554.59894017924,28001.5817900486,-24487.4945950951,2554.59894017924
2020-01-03 23:02:00,28057.0864139322,-24406.4541931881,NA,28057.0864139322,-24406.4541931881,2667.52841983598
2020-01-03 23:03:00,NA,NA,2717.37018510515,28123.0937929956,-24327.4347841435,2717.37018510515
2020-01-03 23:04:00,NA,NA,2760.20964579007,28180.1258400806,-24229.9505355023,2760.20964579007
2020-01-03 23:05:00,NA,NA,2832.33493710556,28220.3335753646,-24127.7073785621,2832.33493710556
2020-01-03 23:06:00,28253.0895370094,-24041.368693919,NA,28253.0895370094,-24041.368693919,2922.27684819335
2020-01-03 23:07:00,NA,NA,3016.77433574047,28280.2544265412,-23963.6469966668,3016.77433574047
2020-01-03 23:08:00,NA,NA,3104.48190614847,28306.1476437789,-23900.0810938657,3104.48190614847
2020-01-03 23:09:00,NA,NA,3192.40365479782,28334.4131278166,-23841.6053421214,3192.40365479782
2020-01-03 23:10:00,NA,NA,3267.39903852465,28337.908946853,-23767.9781714304,3267.39903852465
2020-01-03 23:11:00,NA,NA,3339.60005260562,28332.400925939,-23673.5750804524,3339.60005260562
2020-01-03 23:12:00,NA,NA,3358.79088363799,28335.5011894292,-23574.7530262818,3358.79088363799
2020-01-03 23:13:00,NA,NA,3343.52732718284,28311.4845344895,-23485.7391233001,3343.52732718284
2020-01-03 23:14:00,NA,NA,3333.24140897194,28309.7294329163,-23407.7223651795,3333.24140897194
2020-01-03 23:15:00,NA,NA,3348.96085513728,28321.4114024182,-23299.7020108024,3348.96085513728
2020-01-03 23:16:00,NA,NA,3349.68790489374,28323.4801013954,-23219.7214180036,3349.68790489374
2020-01-03 23:17:00,NA,NA,3379.57200540521,28295.7196162498,-23144.0508772885,3379.57200540521
2020-01-03 23:18:00,NA,NA,3406.25136521226,28239.0239586748,-23084.7205152924,3406.25136521226
2020-01-03 23:19:00,NA,NA,3389.54405255065,28202.1563611244,-23009.2927364401,3389.54405255065
2020-01-03 23:20:00,28177.1788381975,-22914.9781545854,NA,28177.1788381975,-22914.9781545854,3371.50156036007
2020-01-03 23:21:00,NA,NA,3361.11816453825,28142.511489383,-22818.251373296,3361.11816453825
2020-01-03 23:22:00,NA,NA,3353.61601135862,28119.7631932182,-22732.834457712,3353.61601135862
2020-01-03 23:23:00,NA,NA,3343.2098178066,28119.913852402,-22654.3974694327,3343.2098178066
2020-01-03 23:24:00,28145.6219303695,-22592.1297184261,NA,28145.6219303695,-22592.1297184261,3302.5286684603
2020-01-03 23:25:00,NA,NA,3227.61705801173,28161.3965703667,-22526.6444643408,3227.61705801173
2020-01-03 23:26:00,NA,NA,3099.28113682343,28196.0703943709,-22477.4920425107,3099.28113682343
2020-01-03 23:27:00,NA,NA,2987.86848444545,28218.7681802589,-22433.8983133468,2987.86848444545
2020-01-03 23:28:00,NA,NA,2937.56081036035,28250.063305978,-22386.5295633866,2937.56081036035
2020-01-03 23:29:00,NA,NA,2895.48713306182,28277.4093959845,-22342.5570094666,2895.48713306182
2020-01-03 23:30:00,NA,NA,2872.29511937976,28302.5430433596,-22320.2297675135,2872.29511937976
2020-01-03 23:31:00,NA,NA,2860.53333038816,28291.4782517013,-22290.0664074842,2860.53333038816
2020-01-03 23:32:00,NA,NA,2886.00057379089,28268.9903179478,-22258.2725706069,2886.00057379089
2020-01-03 23:33:00,NA,NA,2901.62229889351,28240.878777916,-22226.8126723023,2901.62229889351
2020-01-03 23:34:00,NA,NA,2905.71474320504,28208.5095489788,-22196.0269172035,2905.71474320504
2020-01-03 23:35:00,NA,NA,2926.26205798369,28191.3922695385,-22179.1259713644,2926.26205798369
2020-01-03 23:36:00,28192.976785856,-22173.9714112502,NA,28192.976785856,-22173.9714112502,2973.85371902369
2020-01-03 23:37:00,NA,NA,3031.49091113722,28200.2660453357,-22156.4639886949,3031.49091113722
2020-01-03 23:38:00,28206.663609724,-22158.3541653113,NA,28206.663609724,-22158.3541653113,3142.09496961636
2020-01-03 23:39:00,NA,NA,3249.44300007273,28232.310652963,-22167.884380257,3249.44300007273
2020-01-03 23:40:00,NA,NA,3313.14070501929,28264.6445252271,-22179.7643172521,3313.14070501929
2020-01-03 23:41:00,NA,NA,3360.97136577904,28299.495604006,-22201.6615284898,3360.97136577904
2020-01-03 23:42:00,NA,NA,3384.32327948132,28346.4466806043,-22233.3109600695,3384.32327948132
2020-01-03 23:43:00,NA,NA,3410.18791022615,28406.3210706782,-22276.1388996351,3410.18791022615
2020-01-03 23:44:00,NA,NA,3438.38463617585,28464.6203199303,-22321.432752163,3438.38463617585
2020-01-03 23:45:00,28529.4704243345,-22349.1991259679,NA,28529.4704243345,-22349.1991259679,3471.32533533356
2020-01-03 23:46:00,NA,NA,3532.23709238937,28601.2915364687,-22343.1529378635,3532.23709238937
2020-01-03 23:47:00,NA,NA,3550.12511733546,28675.3684052304,-22333.6553938204,3550.12511733546
2020-01-03 23:48:00,NA,NA,3532.36340995308,28751.538928272,-22305.2061647856,3532.36340995308
2020-01-03 23:49:00,NA,NA,3508.76249954922,28821.9904076716,-22285.5148516239,3508.76249954922
2020-01-03 23:50:00,NA,NA,3484.43021038148,28905.5501500691,-22269.3556743889,3484.43021038148
2020-01-03 23:51:00,NA,NA,3430.46673727201,28989.381137878,-22252.2334654023,3430.46673727201
2020-01-03 23:52:00,NA,NA,3352.6221784663,29049.5893347837,-22240.5872971271,3352.6221784663
2020-01-03 23:53:00,29118.4049309708,-22242.694515184,NA,29118.4049309708,-22242.694515184,3280.05829809376
2020-01-03 23:54:00,NA,NA,3236.20847137147,29189.519971992,-22253.0324363601,3236.20847137147
2020-01-03 23:55:00,29264.3140143861,-22255.3289635413,NA,29264.3140143861,-22255.3289635413,3184.82505653597
2020-01-03 23:56:00,NA,NA,3123.86808623331,29339.9305940636,-22260.2063083829,3123.86808623331
2020-01-03 23:57:00,NA,NA,3055.82547802364,29402.2657034093,-22255.5997926828,3055.82547802364
2020-01-03 23:58:00,NA,NA,2958.45016204167,29465.3297825674,-22260.80761506,2958.45016204167
2020-01-03 23:59:00,NA,NA,2875.84998745615,29510.6039335179,-22301.5281225242,2875.84998745615
2020-01-04,29552.009848721,-22333.1409810251,NA,29552.009848721,-22333.1409810251,2827.89061217187
2020-01-04 00:01:00,NA,NA,2808.45907587324,29612.4135171786,-22340.6900395651,2808.45907587324
2020-01-04 00:02:00,NA,NA,2819.77537915203,29683.0180361293,-22347.4749348841,2819.77537915203
2020-01-04 00:03:00,29738.1485525819,-22369.8970775379,NA,29738.1485525819,-22369.8970775379,2815.65370859204
2020-01-04 00:04:00,NA,NA,2848.99778711819,29765.7436821839,-22418.7698987359,2848.99778711819
2020-01-04 00:05:00,NA,NA,2852.36340596408,29786.6157682208,-22458.2196759998,2852.36340596408
2020-01-04 00:06:00,NA,NA,2851.47714394571,29824.7262745013,-22481.3402282846,2851.47714394571
2020-01-04 00:07:00,NA,NA,2871.85084345789,29878.4546651329,-22498.1700001463,2871.85084345789
2020-01-04 00:08:00,29937.6740023925,-22528.6185136118,NA,29937.6740023925,-22528.6185136118,2908.82830630415
2020-01-04 00:09:00,29985.5793455482,-22582.8233128187,NA,29985.5793455482,-22582.8233128187,2985.43649910653
2020-01-04 00:10:00,NA,NA,3047.01183164637,30014.4980197321,-22641.3820182146,3047.01183164637
2020-01-04 00:11:00,NA,NA,3136.95226440739,30068.0530251767,-22713.1953331505,3136.95226440739
2020-01-04 00:12:00,NA,NA,3213.98589776112,30110.7949228959,-22762.8740194143,3213.98589776112
2020-01-04 00:13:00,NA,NA,3302.49457218421,30155.8639140582,-22785.0718891188,3302.49457218421
2020-01-04 00:14:00,NA,NA,3385.33709982505,30198.5190387258,-22828.1242316953,3385.33709982505
2020-01-04 00:15:00,NA,NA,3497.71565566273,30230.6381419666,-22877.9474398113,3497.71565566273
2020-01-04 00:16:00,NA,NA,3600.52295872176,30240.5286040517,-22930.870055987,3600.52295872176
2020-01-04 00:17:00,NA,NA,3718.76913907438,30251.7496829397,-22973.5810164304,3718.76913907438
2020-01-04 00:18:00,NA,NA,3837.18630751005,30271.6031165195,-22996.1119200346,3837.18630751005
2020-01-04 00:19:00,NA,NA,3922.91718583163,30298.5446241855,-23018.1972401746,3922.91718583163
2020-01-04 00:20:00,NA,NA,4004.61740274624,30316.9599532843,-23059.6876472735,4004.61740274624
2020-01-04 00:21:00,NA,NA,4069.28514972442,30326.0239771489,-23113.4286959446,4069.28514972442
2020-01-04 00:22:00,NA,NA,4136.17125634559,30340.9075162903,-23155.2095593072,4136.17125634559
2020-01-04 00:23:00,NA,NA,4235.11306068581,30367.6370167713,-23192.0757910679,4235.11306068581
2020-01-04 00:24:00,NA,NA,4313.00586446548,30392.8353856603,-23229.1920403544,4313.00586446548
2020-01-04 00:25:00,NA,NA,4389.89359642747,30428.9157732296,-23271.2591553162,4389.89359642747
2020-01-04 00:26:00,NA,NA,4459.45300291202,30486.760819748,-23312.7347716077,4459.45300291202
2020-01-04 00:27:00,NA,NA,4547.20888150175,30546.4833082942,-23341.6856387601,4547.20888150175
2020-01-04 00:28:00,30611.0654225014,-23373.6102771749,NA,30611.0654225014,-23373.6102771749,4628.55055221943
2020-01-04 00:29:00,30674.8261265605,-23401.30888307,NA,30674.8261265605,-23401.30888307,4711.79783746928
2020-01-04 00:30:00,30730.9529811206,-23416.0649466073,NA,30730.9529811206,-23416.0649466073,4803.05715500493
2020-01-04 00:31:00,30758.8268595688,-23446.7192747514,NA,30758.8268595688,-23446.7192747514,4872.31967762229
2020-01-04 00:32:00,NA,NA,4896.94480116781,30782.7612474658,-23494.5920245182,4896.94480116781
2020-01-04 00:33:00,NA,NA,4948.34386873992,30813.115748284,-23559.7218174879,4948.34386873992
2020-01-04 00:34:00,NA,NA,4994.66620252628,30833.8405894136,-23635.7212498819,4994.66620252628
2020-01-04 00:35:00,NA,NA,5051.07597881051,30842.7195738879,-23722.0570540111,5051.07597881051
2020-01-04 00:36:00,NA,NA,5096.09467900323,30857.6559182881,-23804.5277406595,5096.09467900323
2020-01-04 00:37:00,30870.3397995568,-23876.624694755,NA,30870.3397995568,-23876.624694755,5156.14874661164
2020-01-04 00:38:00,30907.8254641385,-23957.5027136136,NA,30907.8254641385,-23957.5027136136,5225.98585467163
2020-01-04 00:39:00,NA,NA,5263.66802165628,30947.4275355142,-24017.0187854354,5263.66802165628
2020-01-04 00:40:00,NA,NA,5286.15196315694,30996.0296963219,-24069.1075732591,5286.15196315694
2020-01-04 00:41:00,NA,NA,5265.64955401643,31042.2515578804,-24116.7680354127,5265.64955401643
2020-01-04 00:42:00,NA,NA,5245.64256652838,31075.1644239092,-24173.4463871714,5245.64256652838
2020-01-04 00:43:00,31106.7827602119,-24227.9806911151,NA,31106.7827602119,-24227.9806911151,5244.99742279968
2020-01-04 00:44:00,31126.9780062409,-24273.2886444358,NA,31126.9780062409,-24273.2886444358,5233.9010246308
2020-01-04 00:45:00,NA,NA,5207.87388472817,31155.5088793314,-24309.2620848474,5207.87388472817
2020-01-04 00:46:00,NA,NA,5170.67476670837,31193.9132818373,-24323.5162172795,5170.67476670837
2020-01-04 00:47:00,NA,NA,5144.65666948721,31209.4955425013,-24315.5646808017,5144.65666948721
2020-01-04 00:48:00,NA,NA,5143.31377303388,31201.8301748223,-24298.9472198051,5143.31377303388
2020-01-04 00:49:00,NA,NA,5140.16617744369,31167.2675566802,-24290.2902607004,5140.16617744369
2020-01-04 00:50:00,31151.5147159052,-24268.5880977591,NA,31151.5147159052,-24268.5880977591,5140.14036304265
2020-01-04 00:51:00,NA,NA,5127.38648582648,31164.4681329109,-24207.8345611102,5127.38648582648
2020-01-04 00:52:00,NA,NA,5071.64060472557,31184.0683625611,-24137.9924015639,5071.64060472557
2020-01-04 00:53:00,NA,NA,5029.46071796434,31174.1745799064,-24053.2621060726,5029.46071796434
2020-01-04 00:54:00,NA,NA,5014.98381472315,31173.2063783834,-23957.9151829737,5014.98381472315
2020-01-04 00:55:00,NA,NA,5020.89782551646,31172.2389404423,-23853.604578533,5020.89782551646
2020-01-04 00:56:00,NA,NA,5002.88010268345,31162.4413370949,-23744.5376469159,5002.88010268345
2020-01-04 00:57:00,NA,NA,4963.4360492607,31132.9799215263,-23634.9588820413,4963.4360492607
2020-01-04 00:58:00,NA,NA,4935.23886869587,31108.2384668438,-23518.6443017687,4935.23886869587
2020-01-04 00:59:00,NA,NA,4919.0948661986,31071.1568510176,-23398.9861411241,4919.0948661986
2020-01-04 01:00:00,NA,NA,4884.79297986496,31029.4648816372,-23260.3750782657,4884.79297986496
2020-01-04 01:01:00,NA,NA,4848.79842982195,30981.8801008483,-23129.2705472013,4848.79842982195
2020-01-04 01:02:00,30928.6953072468,-23022.7073742901,NA,30928.6953072468,-23022.7073742901,4825.94880053253
2020-01-04 01:03:00,NA,NA,4781.72401903155,30866.9704393403,-22916.3563659305,4781.72401903155
2020-01-04 01:04:00,NA,NA,4749.37371764642,30780.4930695698,-22814.6485315604,4749.37371764642
2020-01-04 01:05:00,NA,NA,4718.24762017259,30694.9434905067,-22698.9510149101,4718.24762017259
2020-01-04 01:06:00,NA,NA,4695.26549335512,30564.1751293149,-22596.3626043185,4695.26549335512
2020-01-04 01:07:00,NA,NA,4670.27849558892,30419.3517200541,-22489.0877409275,4670.27849558892
2020-01-04 01:08:00,NA,NA,4659.02124908168,30288.9285259059,-22371.8202543676,4659.02124908168
2020-01-04 01:09:00,NA,NA,4658.80607477453,30180.4718780805,-22258.1761635539,4658.80607477453
2020-01-04 01:10:00,NA,NA,4661.3264313621,30060.6459471723,-22170.1639096199,4661.3264313621
2020-01-04 01:11:00,NA,NA,4647.62840847636,29944.3408905557,-22105.4079219883,4647.62840847636
2020-01-04 01:12:00,NA,NA,4643.68691477823,29819.3364398826,-22024.4574162606,4643.68691477823
2020-01-04 01:13:00,NA,NA,4619.92177711539,29707.8182591679,-21947.8171812242,4619.92177711539
2020-01-04 01:14:00,NA,NA,4552.35345130263,29595.295769164,-21879.3199683486,4552.35345130263
2020-01-04 01:15:00,NA,NA,4480.28330493296,29471.9604226408,-21792.6182587774,4480.28330493296
2020-01-04 01:16:00,NA,NA,4402.5582121154,29340.8726975263,-21740.6900319986,4402.5582121154
2020-01-04 01:17:00,NA,NA,4320.57002863534,29216.5172997534,-21721.4935492593,4320.57002863534
2020-01-04 01:18:00,NA,NA,4242.23234345791,29086.0289396973,-21723.7603857997,4242.23234345791
2020-01-04 01:19:00,NA,NA,4165.43216210472,28963.3863415518,-21721.3164844774,4165.43216210472
2020-01-04 01:20:00,NA,NA,4132.12479478316,28852.9115003133,-21697.0567220506,4132.12479478316
2020-01-04 01:21:00,NA,NA,4112.56309472348,28748.7037797115,-21668.8651392792,4112.56309472348
2020-01-04 01:22:00,NA,NA,4047.78035046664,28664.6886880961,-21629.9492320403,4047.78035046664
2020-01-04 01:23:00,NA,NA,4025.64906396876,28604.8032286528,-21608.4051190798,4025.64906396876
2020-01-04 01:24:00,28550.0454755875,-21590.1249503028,NA,28550.0454755875,-21590.1249503028,4044.76039504654
2020-01-04 01:25:00,NA,NA,4058.74312360201,28499.7335860812,-21557.4173535634,4058.74312360201
2020-01-04 01:26:00,NA,NA,4071.62066097574,28438.9641441859,-21516.3190747792,4071.62066097574
2020-01-04 01:27:00,28391.5130738998,-21478.0932193388,NA,28391.5130738998,-21478.0932193388,4079.57047800097
2020-01-04 01:28:00,28374.4595859061,-21453.2793436538,NA,28374.4595859061,-21453.2793436538,4068.88406124714
2020-01-04 01:29:00,NA,NA,4038.24608316079,28360.0215693264,-21417.0915319962,4038.24608316079
2020-01-04 01:30:00,NA,NA,4022.84110823146,28341.6671996936,-21368.9661911775,4022.84110823146
2020-01-04 01:31:00,NA,NA,3980.17025245897,28313.1065022111,-21290.0507081049,3980.17025245897
2020-01-04 01:32:00,NA,NA,3978.29708350192,28257.5074203402,-21172.4206087055,3978.29708350192
2020-01-04 01:33:00,NA,NA,3986.1457307295,28219.8222685476,-21036.7030025158,3986.1457307295
2020-01-04 01:34:00,NA,NA,3993.00788402756,28159.2277764688,-20900.313047036,3993.00788402756
2020-01-04 01:35:00,NA,NA,4013.62271372357,28085.4276960444,-20771.0297155663,4013.62271372357
2020-01-04 01:36:00,NA,NA,4004.62783572198,28003.766366008,-20653.515648236,4004.62783572198
2020-01-04 01:37:00,NA,NA,4018.3858803086,27940.5067277485,-20559.4706449104,4018.3858803086
2020-01-04 01:38:00,NA,NA,4049.71789473186,27857.6545178745,-20454.6487089426,4049.71789473186
2020-01-04 01:39:00,27766.8904961265,-20328.4495656869,NA,27766.8904961265,-20328.4495656869,4099.13430077493
2020-01-04 01:40:00,27682.344057285,-20227.0498934481,NA,27682.344057285,-20227.0498934481,4136.32623221287
2020-01-04 01:41:00,NA,NA,4156.98149622534,27594.0733152793,-20149.9873377714,4156.98149622534
2020-01-04 01:42:00,27495.0645613659,-20115.7488021016,NA,27495.0645613659,-20115.7488021016,4150.73820308899
2020-01-04 01:43:00,NA,NA,4142.69643722325,27405.7968924659,-20092.8811066874,4142.69643722325
2020-01-04 01:44:00,NA,NA,4163.17234446079,27333.631834075,-20089.5323260121,4163.17234446079
2020-01-04 01:45:00,NA,NA,4177.1520227371,27278.9746116306,-20080.6063293463,4177.1520227371
2020-01-04 01:46:00,NA,NA,4215.72774124397,27217.5863064762,-20074.9648088968,4215.72774124397
2020-01-04 01:47:00,NA,NA,4264.79276079362,27148.7857441467,-20061.5403355923,4264.79276079362
2020-01-04 01:48:00,NA,NA,4286.80494973529,27093.3815163405,-20044.0032236477,4286.80494973529
2020-01-04 01:49:00,NA,NA,4296.46700370673,27054.1837398361,-20016.2860797691,4296.46700370673
2020-01-04 01:50:00,NA,NA,4291.55897331286,27040.0402010468,-20007.4141938177,4291.55897331286
2020-01-04 01:51:00,NA,NA,4308.40480180898,27020.1854812372,-20005.1978332866,4308.40480180898
2020-01-04 01:52:00,NA,NA,4324.9163086403,27003.3806321404,-20018.3525967498,4324.9163086403
2020-01-04 01:53:00,NA,NA,4321.24945916228,26973.4558029889,-20041.7418648024,4321.24945916228
2020-01-04 01:54:00,NA,NA,4332.21163980524,26933.0184269056,-20081.5477802041,4332.21163980524
2020-01-04 01:55:00,NA,NA,4335.2556415605,26892.3396578516,-20126.6536225972,4335.2556415605
2020-01-04 01:56:00,26848.981368526,-20177.7962322509,NA,26848.981368526,-20177.7962322509,4310.20296746614
2020-01-04 01:57:00,NA,NA,4254.87404932328,26810.8315393291,-20231.3799480017,4254.87404932328
2020-01-04 01:58:00,NA,NA,4201.58011773259,26769.4040904759,-20271.4863612503,4201.58011773259
2020-01-04 01:59:00,NA,NA,4159.94381786566,26740.0420529967,-20284.1329931464,4159.94381786566
2020-01-04 02:00:00,NA,NA,4102.80015228358,26718.0266485719,-20303.1869902996,4102.80015228358
2020-01-04 02:01:00,26703.0800241758,-20326.1028848022,NA,26703.0800241758,-20326.1028848022,4052.31893107371
2020-01-04 02:02:00,NA,NA,4027.84211623832,26685.3852058996,-20334.5883946998,4027.84211623832
2020-01-04 02:03:00,NA,NA,4045.17125840869,26658.0446873182,-20338.1176879895,4045.17125840869
2020-01-04 02:04:00,NA,NA,4077.06678085864,26613.0995482522,-20337.4280134645,4077.06678085864
2020-01-04 02:05:00,NA,NA,4144.35043004524,26545.5117155184,-20339.5922310161,4144.35043004524
2020-01-04 02:06:00,NA,NA,4190.89385050623,26473.3758910107,-20325.7230919559,4190.89385050623
2020-01-04 02:07:00,NA,NA,4209.79801154205,26417.3455713067,-20304.4827676516,4209.79801154205
2020-01-04 02:08:00,NA,NA,4259.01436363411,26340.8973463136,-20301.6983361164,4259.01436363411
2020-01-04 02:09:00,NA,NA,4301.12573364952,26249.4486343295,-20329.1792597329,4301.12573364952
2020-01-04 02:10:00,NA,NA,4363.08074424942,26177.5796421122,-20363.2996818554,4363.08074424942
2020-01-04 02:11:00,NA,NA,4433.76683180861,26110.7993494465,-20413.5715172626,4433.76683180861
2020-01-04 02:12:00,NA,NA,4493.28300639277,26023.4741582463,-20459.935590057,4493.28300639277
2020-01-04 02:13:00,NA,NA,4530.56815778484,25929.6552680712,-20510.7993379036,4530.56815778484
2020-01-04 02:14:00,NA,NA,4596.79561666498,25854.5044040062,-20582.1631905594,4596.79561666498
2020-01-04 02:15:00,NA,NA,4682.07572865029,25791.8693061842,-20679.0087910978,4682.07572865029
2020-01-04 02:16:00,NA,NA,4767.93885632071,25735.6307734374,-20783.1261206238,4767.93885632071
2020-01-04 02:17:00,NA,NA,4859.30615789738,25691.3493326398,-20896.9018556618,4859.30615789738
2020-01-04 02:18:00,NA,NA,4904.45132643478,25667.2118086394,-20990.4704136772,4904.45132643478
2020-01-04 02:19:00,NA,NA,4944.43984433935,25646.1219969727,-21095.3474035267,4944.43984433935
2020-01-04 02:20:00,NA,NA,5018.54944595776,25606.9655883791,-21202.2442235027,5018.54944595776
2020-01-04 02:21:00,NA,NA,5078.90823544483,25577.282625479,-21288.3977134417,5078.90823544483
2020-01-04 02:22:00,NA,NA,5165.68856052184,25564.9228136675,-21341.4642001235,5165.68856052184
2020-01-04 02:23:00,NA,NA,5226.73914422115,25564.7499587296,-21402.3468184584,5226.73914422115
2020-01-04 02:24:00,NA,NA,5247.38324013374,25557.0531418257,-21439.4863460629,5247.38324013374
2020-01-04 02:25:00,NA,NA,5254.31865745985,25562.0207369541,-21463.1419256662,5254.31865745985
2020-01-04 02:26:00,NA,NA,5275.19152006285,25570.9552566606,-21469.4871764201,5275.19152006285
2020-01-04 02:27:00,NA,NA,5296.57567886622,25575.1257823159,-21477.1846888703,5296.57567886622
2020-01-04 02:28:00,NA,NA,5277.87951883985,25582.7038354263,-21500.4701973485,5277.87951883985
2020-01-04 02:29:00,NA,NA,5250.63108928265,25577.0817285926,-21548.295152949,5250.63108928265
2020-01-04 02:30:00,NA,NA,5226.80689944429,25566.9509380652,-21617.2668688507,5226.80689944429
2020-01-04 02:31:00,NA,NA,5220.50198161524,25557.6079298355,-21675.6984074523,5220.50198161524
2020-01-04 02:32:00,NA,NA,5183.69165390601,25552.5963761198,-21735.0414710445,5183.69165390601
2020-01-04 02:33:00,NA,NA,5188.61309521805,25541.2225435147,-21758.8860725918,5188.61309521805
2020-01-04 02:34:00,NA,NA,5198.34116472369,25538.6024526695,-21779.8555640993,5198.34116472369
2020-01-04 02:35:00,NA,NA,5238.71413176607,25516.7895887572,-21780.2678629495,5238.71413176607
2020-01-04 02:36:00,25513.1940333879,-21751.0223917516,NA,25513.1940333879,-21751.0223917516,5283.64995999456
2020-01-04 02:37:00,NA,NA,5360.99695183961,25526.5180894452,-21713.8587840891,5360.99695183961
2020-01-04 02:38:00,NA,NA,5445.08460061322,25538.5697536369,-21700.5405163578,5445.08460061322
2020-01-04 02:39:00,NA,NA,5552.26085240286,25533.2289770972,-21696.7923912947,5552.26085240286
2020-01-04 02:40:00,NA,NA,5638.84587678486,25507.4539844021,-21717.3656008991,5638.84587678486
2020-01-04 02:41:00,NA,NA,5710.95722118883,25507.2823875049,-21739.4409982025,5710.95722118883
2020-01-04 02:42:00,25497.0326741765,-21752.6471902649,NA,25497.0326741765,-21752.6471902649,5775.19290521792
2020-01-04 02:43:00,NA,NA,5845.01322317661,25486.7538227822,-21762.5511943036,5845.01322317661
2020-01-04 02:44:00,25476.6080295282,-21771.4218781858,NA,25476.6080295282,-21771.4218781858,5914.59350165954
2020-01-04 02:45:00,25481.4502174371,-21766.5802652278,NA,25481.4502174371,-21766.5802652278,5953.31605382444
2020-01-04 02:46:00,25500.5020213991,-21756.1070388121,NA,25500.5020213991,-21756.1070388121,5979.2188753564
2020-01-04 02:47:00,NA,NA,6032.41912455147,25492.2184884688,-21770.6719978445,6032.41912455147
2020-01-04 02:48:00,NA,NA,6111.78857267255,25463.7732183921,-21806.958927171,6111.78857267255
2020-01-04 02:49:00,25442.777647498,-21849.0272173066,NA,25442.777647498,-21849.0272173066,6189.28390164483
2020-01-04 02:50:00,NA,NA,6218.71478054038,25430.7273059919,-21896.046017762,6218.71478054038
2020-01-04 02:51:00,NA,NA,6242.51606136821,25450.8642095064,-21931.2193533622,6242.51606136821
2020-01-04 02:52:00,25453.6185885994,-21993.1260291396,NA,25453.6185885994,-21993.1260291396,6261.59795709394
2020-01-04 02:53:00,NA,NA,6285.02977826525,25441.4211528093,-22060.44087644,6285.02977826525
2020-01-04 02:54:00,NA,NA,6300.92615196931,25440.8622653813,-22150.738523763,6300.92615196931
2020-01-04 02:55:00,NA,NA,6308.77872688948,25447.7044636232,-22260.7113037067,6308.77872688948
2020-01-04 02:56:00,25454.295565796,-22356.6263380402,NA,25454.295565796,-22356.6263380402,6324.83089876246
2020-01-04 02:57:00,25428.6376305803,-22456.2852565375,NA,25428.6376305803,-22456.2852565375,6367.03616218322
2020-01-04 02:58:00,NA,NA,6397.16147030135,25371.9729021742,-22566.2852366016,6397.16147030135
2020-01-04 02:59:00,NA,NA,6393.79504600201,25287.759533508,-22669.274994481,6393.79504600201
2020-01-04 03:00:00,NA,NA,6389.70425279513,25171.8297901002,-22770.3318809993,6389.70425279513
2020-01-04 03:01:00,NA,NA,6442.68193805032,25057.6753220667,-22847.0371763423,6442.68193805032
2020-01-04 03:02:00,NA,NA,6474.65571695452,24936.985313162,-22922.9311658367,6474.65571695452
2020-01-04 03:03:00,NA,NA,6487.43658059793,24812.6408323324,-23009.1221802431,6487.43658059793
2020-01-04 03:04:00,NA,NA,6511.70422089298,24666.5878464892,-23098.3320419544,6511.70422089298
2020-01-04 03:05:00,24519.8557514059,-23192.1658021546,NA,24519.8557514059,-23192.1658021546,6536.13182244787
2020-01-04 03:06:00,NA,NA,6538.88006789812,24356.4635265283,-23289.5452569041,6538.88006789812
2020-01-04 03:07:00,NA,NA,6536.05028525619,24199.4576867212,-23371.3455449311,6536.05028525619
2020-01-04 03:08:00,NA,NA,6567.402407057,24043.0054636006,-23443.6114426526,6567.402407057
2020-01-04 03:09:00,NA,NA,6618.55158431799,23879.107900608,-23532.6540549339,6618.55158431799
2020-01-04 03:10:00,NA,NA,6635.46371733922,23705.8749602439,-23648.511040386,6635.46371733922
2020-01-04 03:11:00,NA,NA,6634.60278597924,23540.0252260922,-23764.0123712229,6634.60278597924
2020-01-04 03:12:00,NA,NA,6600.70985686881,23380.9930321789,-23865.9946315814,6600.70985686881
2020-01-04 03:13:00,NA,NA,6550.76828747047,23203.0762941926,-23965.4704791309,6550.76828747047
2020-01-04 03:14:00,NA,NA,6546.8345100128,23010.11917278,-24078.6672911232,6546.8345100128
2020-01-04 03:15:00,NA,NA,6536.01562897539,22814.9863986641,-24184.5449470277,6536.01562897539
2020-01-04 03:16:00,NA,NA,6516.65483188803,22636.5814474877,-24286.0687444889,6516.65483188803
2020-01-04 03:17:00,NA,NA,6523.05313063756,22485.6936246702,-24379.403261665,6523.05313063756
2020-01-04 03:18:00,22342.9300164532,-24483.2107614934,NA,22342.9300164532,-24483.2107614934,6550.11043417221
2020-01-04 03:19:00,22237.7394870363,-24579.2877833858,NA,22237.7394870363,-24579.2877833858,6590.15846137177
2020-01-04 03:20:00,NA,NA,6635.82708431694,22136.3685347341,-24671.5947082544,6635.82708431694
2020-01-04 03:21:00,NA,NA,6671.19771115421,22027.9938924972,-24781.4176143577,6671.19771115421
2020-01-04 03:22:00,NA,NA,6657.98534743696,21923.5457685469,-24900.2679086206,6657.98534743696
2020-01-04 03:23:00,NA,NA,6704.77444713475,21812.5640118472,-25021.9605295168,6704.77444713475
2020-01-04 03:24:00,NA,NA,6724.1133472373,21674.2796851828,-25140.0203725081,6724.1133472373
2020-01-04 03:25:00,21519.9676427686,-25254.3887075692,NA,21519.9676427686,-25254.3887075692,6714.63894245846
2020-01-04 03:26:00,NA,NA,6709.91972208946,21386.5959557711,-25380.0678178876,6709.91972208946
2020-01-04 03:27:00,NA,NA,6676.92868144411,21272.3294730993,-25508.8729338671,6676.92868144411
2020-01-04 03:28:00,NA,NA,6641.00113735751,21182.8498842316,-25631.8712477238,6641.00113735751
2020-01-04 03:29:00,NA,NA,6601.69556145234,21104.4302371901,-25741.9370718299,6601.69556145234
2020-01-04 03:30:00,NA,NA,6560.84258738285,21036.2525815222,-25854.4090321269,6560.84258738285
2020-01-04 03:31:00,NA,NA,6513.34653208753,20960.9896967739,-25944.9037586635,6513.34653208753
2020-01-04 03:32:00,NA,NA,6492.25940334148,20861.6783958406,-26019.251941521,6492.25940334148
2020-01-04 03:33:00,NA,NA,6459.07742532151,20763.0248753474,-26098.004044607,6459.07742532151
2020-01-04 03:34:00,20658.0326907652,-26156.1416988589,NA,20658.0326907652,-26156.1416988589,6449.28176179892
2020-01-04 03:35:00,NA,NA,6449.81993818159,20523.0248335373,-26198.2859463567,6449.81993818159
2020-01-04 03:36:00,NA,NA,6429.08463648048,20409.381070966,-26226.7498116568,6429.08463648048
2020-01-04 03:37:00,NA,NA,6367.16798409277,20324.3521300776,-26271.428950851,6367.16798409277
2020-01-04 03:38:00,NA,NA,6289.2311750318,20255.3139697092,-26314.3004689545,6289.2311750318
2020-01-04 03:39:00,NA,NA,6243.20353423621,20183.8732735137,-26345.9496893717,6243.20353423621
2020-01-04 03:40:00,NA,NA,6215.79764284549,20111.84293587,-26356.8287546743,6215.79764284549
2020-01-04 03:41:00,20035.0808436797,-26360.8587463791,NA,20035.0808436797,-26360.8587463791,6225.33225293085
2020-01-04 03:42:00,NA,NA,6274.68491430736,19961.2865822533,-26367.6655675671,6274.68491430736
2020-01-04 03:43:00,NA,NA,6286.80912270725,19884.977478481,-26382.6203289097,6286.80912270725
2020-01-04 03:44:00,NA,NA,6291.33871539787,19796.9801123694,-26378.3723967947,6291.33871539787
2020-01-04 03:45:00,19708.905365215,-26375.4851257345,NA,19708.905365215,-26375.4851257345,6295.04340734063
2020-01-04 03:46:00,NA,NA,6312.07062349484,19617.5335730622,-26373.1682222664,6312.07062349484
2020-01-04 03:47:00,NA,NA,6267.20341792532,19522.3455830421,-26375.8285716115,6267.20341792532
2020-01-04 03:48:00,NA,NA,6252.58652323835,19400.4598447157,-26367.4729106082,6252.58652323835
2020-01-04 03:49:00,19244.6342375474,-26373.2455998936,NA,19244.6342375474,-26373.2455998936,6237.92830986233
2020-01-04 03:50:00,NA,NA,6182.30478139361,19094.0363668464,-26385.2075777775,6182.30478139361
2020-01-04 03:51:00,NA,NA,6076.46626458907,18959.6408407948,-26398.767575733,6076.46626458907
2020-01-04 03:52:00,NA,NA,6008.36759515629,18817.8907506697,-26414.1496859626,6008.36759515629
2020-01-04 03:53:00,NA,NA,5942.97357684474,18691.6181374988,-26443.1196662055,5942.97357684474
2020-01-04 03:54:00,NA,NA,5898.63082297798,18607.1744910701,-26459.9058807559,5898.63082297798
2020-01-04 03:55:00,NA,NA,5887.39685533336,18520.9528304095,-26481.0546926967,5887.39685533336
2020-01-04 03:56:00,18427.1149257339,-26526.528572447,NA,18427.1149257339,-26526.528572447,5874.09103923528
2020-01-04 03:57:00,NA,NA,5884.04855197995,18345.3363193263,-26602.0999013128,5884.04855197995
2020-01-04 03:58:00,18273.4797937425,-26665.5377198502,NA,18273.4797937425,-26665.5377198502,5868.85617887447
2020-01-04 03:59:00,NA,NA,5851.27616095645,18199.5995600657,-26705.2476900061,5851.27616095645
2020-01-04 04:00:00,NA,NA,5861.53086260142,18132.2624699878,-26742.7836401647,5861.53086260142
2020-01-04 04:01:00,NA,NA,5882.24864619081,18052.1360066355,-26762.0969542388,5882.24864619081
2020-01-04 04:02:00,NA,NA,5897.94721278161,17954.7073602114,-26798.7889738119,5897.94721278161
2020-01-04 04:03:00,NA,NA,5925.79816036322,17870.1310895754,-26869.6980377527,5925.79816036322
2020-01-04 04:04:00,NA,NA,5956.79218720442,17797.2430755743,-26943.4096863842,5956.79218720442
2020-01-04 04:05:00,NA,NA,6000.35829682068,17698.7065304273,-27022.8516828858,6000.35829682068
2020-01-04 04:06:00,NA,NA,6028.56461955278,17605.8672022449,-27081.9893661653,6028.56461955278
2020-01-04 04:07:00,NA,NA,6104.90705247574,17533.9797372726,-27148.7291791403,6104.90705247574
2020-01-04 04:08:00,NA,NA,6180.72738079737,17454.7086299612,-27206.7276993298,6180.72738079737
2020-01-04 04:09:00,NA,NA,6250.41434218461,17379.3149424936,-27244.1813323518,6250.41434218461
2020-01-04 04:10:00,NA,NA,6348.99867908646,17341.2230077194,-27239.6102453482,6348.99867908646
2020-01-04 04:11:00,NA,NA,6447.96721690874,17286.5618386038,-27234.7213961527,6447.96721690874
2020-01-04 04:12:00,NA,NA,6549.0123899609,17219.1332063262,-27228.0019528406,6549.0123899609
2020-01-04 04:13:00,NA,NA,6624.58460569018,17148.8326852448,-27219.5090598924,6624.58460569018
2020-01-04 04:14:00,NA,NA,6676.24084624399,17045.0166394302,-27203.7430796656,6676.24084624399
2020-01-04 04:15:00,NA,NA,6687.24893856675,16901.1336204829,-27194.5751315164,6687.24893856675
2020-01-04 04:16:00,NA,NA,6670.07104935665,16734.0603051415,-27177.712862123,6670.07104935665
2020-01-04 04:17:00,NA,NA,6651.2780560892,16564.3918588216,-27163.8719531957,6651.2780560892
2020-01-04 04:18:00,NA,NA,6681.05350701939,16426.4366325812,-27144.7621364614,6681.05350701939
2020-01-04 04:19:00,NA,NA,6691.39484896701,16339.0889941034,-27124.7852661217,6691.39484896701
2020-01-04 04:20:00,NA,NA,6699.10073533579,16264.7662050596,-27085.8220597382,6699.10073533579
2020-01-04 04:21:00,NA,NA,6712.96407902772,16185.6588705207,-27046.152311544,6712.96407902772
2020-01-04 04:22:00,NA,NA,6733.06260913993,16102.2820628548,-26972.4438750051,6733.06260913993
2020-01-04 04:23:00,NA,NA,6775.90134039667,16020.4174618776,-26882.6014100793,6775.90134039667
2020-01-04 04:24:00,NA,NA,6830.24190926097,15931.2244639936,-26792.589335731,6830.24190926097
2020-01-04 04:25:00,NA,NA,6873.28101620227,15829.3325986781,-26681.2286348806,6873.28101620227
2020-01-04 04:26:00,NA,NA,6923.72557949381,15719.409317528,-26561.2075300342,6923.72557949381
2020-01-04 04:27:00,NA,NA,6993.28116529974,15610.1565997838,-26453.0664556426,6993.28116529974
2020-01-04 04:28:00,15500.4081276375,-26328.965547799,NA,15500.4081276375,-26328.965547799,7056.83906559873
2020-01-04 04:29:00,NA,NA,7139.98108537844,15408.3788592855,-26199.7835005398,7139.98108537844
2020-01-04 04:30:00,NA,NA,7200.74703941449,15322.5289543093,-26066.4637655218,7200.74703941449
2020-01-04 04:31:00,NA,NA,7234.03821631057,15238.3317684936,-25941.1820469336,7234.03821631057
2020-01-04 04:32:00,NA,NA,7266.08690688758,15151.0150720392,-25816.9905264745,7266.08690688758
2020-01-04 04:33:00,NA,NA,7295.23452141676,15089.5136104133,-25697.1757207405,7295.23452141676
2020-01-04 04:34:00,NA,NA,7336.99328600327,15021.3159117292,-25569.063795044,7336.99328600327
2020-01-04 04:35:00,NA,NA,7374.54951499334,14955.043150163,-25429.2491118627,7374.54951499334
2020-01-04 04:36:00,NA,NA,7384.4356755446,14873.9216901263,-25274.6253574725,7384.4356755446
2020-01-04 04:37:00,NA,NA,7391.47619764309,14768.535196445,-25126.5370478795,7391.47619764309
2020-01-04 04:38:00,NA,NA,7347.28264352384,14685.2877491792,-24978.931767224,7347.28264352384
2020-01-04 04:39:00,NA,NA,7313.5636797383,14617.5817765891,-24845.2327004217,7313.5636797383
2020-01-04 04:40:00,NA,NA,7308.70431897904,14552.5137094154,-24714.7585374922,7308.70431897904
2020-01-04 04:41:00,NA,NA,7282.17052866614,14479.8079022591,-24571.0091082277,7282.17052866614
2020-01-04 04:42:00,NA,NA,7233.73077806009,14409.1563817888,-24409.8560077697,7233.73077806009
2020-01-04 04:43:00,NA,NA,7143.16539669641,14308.6060834181,-24253.1610351066,7143.16539669641
2020-01-04 04:44:00,NA,NA,7074.5989591831,14224.2356753378,-24121.1879836886,7074.5989591831
2020-01-04 04:45:00,NA,NA,7018.82921935405,14141.6897727333,-23969.1719328591,7018.82921935405
2020-01-04 04:46:00,NA,NA,6980.01240637709,14054.6558618618,-23761.5614488765,6980.01240637709
2020-01-04 04:47:00,NA,NA,7008.40028827231,13960.6260340638,-23559.7529711334,7008.40028827231
2020-01-04 04:48:00,NA,NA,7043.30395782748,13858.4970063814,-23388.687648164,7043.30395782748
2020-01-04 04:49:00,NA,NA,7072.8185458305,13758.0328527108,-23205.5971301983,7072.8185458305
2020-01-04 04:50:00,NA,NA,7110.99071328997,13659.7755596609,-23012.1468206908,7110.99071328997
2020-01-04 04:51:00,NA,NA,7188.97243916762,13559.1619931295,-22847.7307822737,7188.97243916762
2020-01-04 04:52:00,NA,NA,7246.97764635627,13458.4635641328,-22714.8677129923,7246.97764635627
2020-01-04 04:53:00,NA,NA,7271.17508828556,13369.5615616876,-22601.6126806984,7271.17508828556
2020-01-04 04:54:00,NA,NA,7231.71956873272,13287.9653957571,-22518.1167594776,7231.71956873272
2020-01-04 04:55:00,NA,NA,7211.90892641485,13219.9800531346,-22480.5513592065,7211.90892641485
2020-01-04 04:56:00,13151.7038041821,-22470.1361091144,NA,13151.7038041821,-22470.1361091144,7155.28829603698
2020-01-04 04:57:00,NA,NA,7087.29125472033,13093.8118924734,-22473.5030593352,7087.29125472033
2020-01-04 04:58:00,NA,NA,7044.23918285464,13062.2484554906,-22488.301094905,7044.23918285464
2020-01-04 04:59:00,NA,NA,7071.48096951112,13057.5523772686,-22502.6426210212,7071.48096951112
2020-01-04 05:00:00,NA,NA,7132.4338761309,13077.9998773886,-22521.4756228391,7132.4338761309
2020-01-04 05:01:00,NA,NA,7187.84450033989,13103.9373121398,-22553.8612468488,7187.84450033989
2020-01-04 05:02:00,NA,NA,7224.08012403043,13125.0372589651,-22583.1667536452,7224.08012403043
2020-01-04 05:03:00,NA,NA,7240.85157081758,13142.9927551555,-22618.7816088868,7240.85157081758
2020-01-04 05:04:00,NA,NA,7217.62076994791,13182.5371469434,-22644.450248669,7217.62076994791
2020-01-04 05:05:00,NA,NA,7242.57611441228,13211.1855701747,-22667.3359201053,7242.57611441228
2020-01-04 05:06:00,NA,NA,7286.50945884952,13237.1799177018,-22664.6954372156,7286.50945884952
2020-01-04 05:07:00,NA,NA,7328.05047156575,13272.5549423151,-22662.1042526097,7328.05047156575
2020-01-04 05:08:00,NA,NA,7342.6083818093,13297.2844053429,-22649.8476256969,7342.6083818093
2020-01-04 05:09:00,NA,NA,7383.96390843434,13315.8533630279,-22663.8211196073,7383.96390843434
2020-01-04 05:10:00,NA,NA,7435.3693337307,13341.9263376397,-22661.3834913046,7435.3693337307
2020-01-04 05:11:00,13387.1533004339,-22643.2948108238,NA,13387.1533004339,-22643.2948108238,7481.28057566342
2020-01-04 05:12:00,NA,NA,7520.66654458844,13448.9189135213,-22625.9005753878,7520.66654458844
2020-01-04 05:13:00,13506.7327389732,-22609.181379678,NA,13506.7327389732,-22609.181379678,7532.1266508332
2020-01-04 05:14:00,NA,NA,7534.61430522225,13554.4832093115,-22582.103746271,7534.61430522225
2020-01-04 05:15:00,NA,NA,7597.58928888295,13593.315688338,-22554.9922629336,7597.58928888295
2020-01-04 05:16:00,NA,NA,7676.90449196359,13635.5183614599,-22517.0059454775,7676.90449196359
2020-01-04 05:17:00,NA,NA,7708.7368868128,13669.3305057274,-22501.5789711999,7708.7368868128
2020-01-04 05:18:00,NA,NA,7704.09267454166,13696.3214745403,-22481.8547905865,7704.09267454166
2020-01-04 05:19:00,NA,NA,7690.4484946963,13726.3065973474,-22444.5813758942,7690.4484946963
2020-01-04 05:20:00,NA,NA,7675.52548118482,13740.716403683,-22418.8938226632,7675.52548118482
2020-01-04 05:21:00,NA,NA,7675.50904894791,13771.2697948022,-22404.0168368614,7675.50904894791
2020-01-04 05:22:00,NA,NA,7741.30809421255,13797.5015386755,-22381.8751878163,7741.30809421255
2020-01-04 05:23:00,NA,NA,7829.22638423847,13835.8262089315,-22347.4546678762,7829.22638423847
2020-01-04 05:24:00,NA,NA,7877.62000511919,13889.114750889,-22314.1693847038,7877.62000511919
2020-01-04 05:25:00,NA,NA,7951.78457791952,13936.0128922442,-22276.7549088957,7951.78457791952
2020-01-04 05:26:00,NA,NA,8026.06748905966,14006.4297051127,-22230.8184659189,8026.06748905966
2020-01-04 05:27:00,NA,NA,8019.52220366644,14057.392783433,-22193.0532336964,8019.52220366644
2020-01-04 05:28:00,NA,NA,7960.31648220471,14098.3703943278,-22145.8056310709,7960.31648220471
2020-01-04 05:29:00,NA,NA,7895.09445920785,14140.8612387091,-22075.6574453042,7895.09445920785
2020-01-04 05:30:00,NA,NA,7810.05848402604,14172.9316581008,-22020.1321543869,7810.05848402604
2020-01-04 05:31:00,NA,NA,7729.00701842657,14169.2143963785,-21964.4595416998,7729.00701842657
2020-01-04 05:32:00,NA,NA,7686.50113034433,14154.3641717242,-21908.3603821909,7686.50113034433
2020-01-04 05:33:00,14144.465234973,-21873.6420722011,NA,14144.465234973,-21873.6420722011,7664.63024261745
2020-01-04 05:34:00,NA,NA,7669.67907146153,14124.1483420382,-21830.2248596201,7669.67907146153
2020-01-04 05:35:00,NA,NA,7655.16020758714,14073.1327278114,-21781.0278581501,7655.16020758714
2020-01-04 05:36:00,14010.3390393877,-21744.0197726161,NA,14010.3390393877,-21744.0197726161,7628.09501581155
2020-01-04 05:37:00,NA,NA,7620.14521858663,13968.7711705388,-21718.7070446802,7620.14521858663
2020-01-04 05:38:00,NA,NA,7593.63348849616,13937.4976237009,-21691.1448633205,7593.63348849616
2020-01-04 05:39:00,NA,NA,7596.98010824157,13905.4857414272,-21652.9158097295,7596.98010824157
2020-01-04 05:40:00,NA,NA,7595.59346156544,13894.3976609688,-21617.8632214084,7595.59346156544
2020-01-04 05:41:00,NA,NA,7565.73537151524,13886.3479078115,-21580.1974658686,7565.73537151524
2020-01-04 05:42:00,NA,NA,7539.20405110966,13859.3413686454,-21527.3190298153,7539.20405110966
2020-01-04 05:43:00,NA,NA,7537.22267866067,13810.5476213414,-21462.2366905995,7537.22267866067
2020-01-04 05:44:00,NA,NA,7521.41996895445,13759.4074891854,-21401.2075815356,7521.41996895445
2020-01-04 05:45:00,NA,NA,7464.71924474352,13721.7306730338,-21347.485419543,7464.71924474352
2020-01-04 05:46:00,NA,NA,7433.37115607721,13694.4875920492,-21331.3473888925,7433.37115607721
2020-01-04 05:47:00,NA,NA,7423.95389288385,13679.5843655879,-21325.7572616062,7423.95389288385
2020-01-04 05:48:00,NA,NA,7422.65658682018,13673.0810061036,-21308.5799752859,7422.65658682018
2020-01-04 05:49:00,13663.2760122592,-21275.1993473066,NA,13663.2760122592,-21275.1993473066,7434.87773316153
2020-01-04 05:50:00,13649.9755684209,-21218.5976035753,NA,13649.9755684209,-21218.5976035753,7432.63000653757
2020-01-04 05:51:00,13627.5607291825,-21167.8308696908,NA,13627.5607291825,-21167.8308696908,7410.36959335485
2020-01-04 05:52:00,13614.4787059794,-21138.0853330689,NA,13614.4787059794,-21138.0853330689,7415.89055457039
2020-01-04 05:53:00,NA,NA,7380.24571936091,13590.5155984291,-21113.4174073652,7380.24571936091
2020-01-04 05:54:00,13567.099456054,-21077.2727368893,NA,13567.099456054,-21077.2727368893,7356.83034761838
2020-01-04 05:55:00,NA,NA,7277.87146143238,13568.2760970721,-21043.7829423829,7277.87146143238
2020-01-04 05:56:00,NA,NA,7195.53555846699,13557.9210476979,-21015.6278374778,7195.53555846699
2020-01-04 05:57:00,NA,NA,7144.71023342528,13540.858138828,-20968.7474640552,7144.71023342528
2020-01-04 05:58:00,NA,NA,7108.28320934581,13474.4515589178,-20911.1547116426,7108.28320934581
2020-01-04 05:59:00,NA,NA,7037.7560524878,13409.8234513496,-20855.6077983971,7037.7560524878
2020-01-04 06:00:00,NA,NA,6989.12912798446,13349.5779229438,-20785.5324545049,6989.12912798446
2020-01-04 06:01:00,NA,NA,6917.31354465473,13277.0223693219,-20723.5228968349,6917.31354465473
2020-01-04 06:02:00,NA,NA,6850.94304457383,13190.8461448453,-20688.3632025122,6850.94304457383
2020-01-04 06:03:00,NA,NA,6800.2520469437,13094.943026453,-20659.9941590678,6800.2520469437
2020-01-04 06:04:00,NA,NA,6757.92817391272,12996.8567490657,-20651.207128793,6757.92817391272
2020-01-04 06:05:00,NA,NA,6691.63716558219,12867.1792577136,-20637.072045598,6691.63716558219
2020-01-04 06:06:00,NA,NA,6615.31550478151,12736.0291380135,-20609.6270254043,6615.31550478151
2020-01-04 06:07:00,NA,NA,6583.02831545323,12604.950712528,-20583.2448306963,6583.02831545323
2020-01-04 06:08:00,NA,NA,6588.67403946564,12505.3922930875,-20568.626939555,6588.67403946564
2020-01-04 06:09:00,NA,NA,6558.14319078277,12427.5508849212,-20571.3725540072,6558.14319078277
2020-01-04 06:10:00,NA,NA,6497.81788083087,12343.9968679746,-20582.0699396081,6497.81788083087
2020-01-04 06:11:00,NA,NA,6417.60742063542,12251.9839068733,-20581.7382328707,6417.60742063542
2020-01-04 06:12:00,NA,NA,6379.47783681285,12160.4283574414,-20575.32751146,6379.47783681285
2020-01-04 06:13:00,NA,NA,6370.59978174861,12075.8828833254,-20562.2192854142,6370.59978174861
2020-01-04 06:14:00,NA,NA,6364.69099250679,11984.4711859415,-20547.7841690491,6364.69099250679
2020-01-04 06:15:00,NA,NA,6311.71105101113,11888.2070770084,-20528.1207016458,6311.71105101113
2020-01-04 06:16:00,NA,NA,6260.16591286175,11809.9509657275,-20497.0704066695,6260.16591286175
2020-01-04 06:17:00,NA,NA,6223.62405919188,11754.2275611307,-20448.5834370333,6223.62405919188
2020-01-04 06:18:00,NA,NA,6156.26572578928,11706.5022932807,-20407.0178316763,6156.26572578928
2020-01-04 06:19:00,NA,NA,6134.88890693463,11665.91123443,-20382.1914379151,6134.88890693463
2020-01-04 06:20:00,NA,NA,6102.32948019753,11632.4444959883,-20369.7864222696,6102.32948019753
2020-01-04 06:21:00,NA,NA,6064.91309117434,11568.2623041401,-20359.9817013845,6064.91309117434
2020-01-04 06:22:00,11484.1290286357,-20349.7505730922,NA,11484.1290286357,-20349.7505730922,6059.99103477865
2020-01-04 06:23:00,NA,NA,6072.16006182047,11408.9068086441,-20336.4922337203,6072.16006182047
2020-01-04 06:24:00,NA,NA,6084.92650227483,11324.6322650864,-20314.380709696,6084.92650227483
2020-01-04 06:25:00,NA,NA,6152.79378911565,11207.7272837128,-20292.8760442928,6152.79378911565
2020-01-04 06:26:00,NA,NA,6214.67106747209,11084.2585160801,-20297.7015945781,6214.67106747209
2020-01-04 06:27:00,10965.3023428143,-20345.2979640643,NA,10965.3023428143,-20345.2979640643,6220.43965144714
2020-01-04 06:28:00,10874.1535494832,-20396.6431455877,NA,10874.1535494832,-20396.6431455877,6228.72037960602
2020-01-04 06:29:00,NA,NA,6207.0279512636,10767.3989985846,-20431.6098229661,6207.0279512636
2020-01-04 06:30:00,NA,NA,6154.47186549515,10683.2729913586,-20437.850306411,6154.47186549515
2020-01-04 06:31:00,NA,NA,6124.93804998174,10614.8729833678,-20423.8023648886,6124.93804998174
2020-01-04 06:32:00,10538.6099168211,-20401.6006416924,NA,10538.6099168211,-20401.6006416924,6127.92271116926
2020-01-04 06:33:00,NA,NA,6117.22717457994,10456.0936008067,-20390.4182439221,6117.22717457994
2020-01-04 06:34:00,NA,NA,6112.07326243356,10366.4723577899,-20393.2494774263,6112.07326243356
2020-01-04 06:35:00,NA,NA,6160.29797201101,10255.5240255395,-20411.3243908129,6160.29797201101
2020-01-04 06:36:00,NA,NA,6292.77764462186,10142.9636308778,-20439.4549006795,6292.77764462186
2020-01-04 06:37:00,NA,NA,6417.5943750724,10036.7307005636,-20477.0486723152,6417.5943750724
2020-01-04 06:38:00,NA,NA,6482.57325346521,9942.86389059828,-20530.1449262125,6482.57325346521
2020-01-04 06:39:00,NA,NA,6501.53058616022,9840.70055191784,-20592.1141341599,6501.53058616022
2020-01-04 06:40:00,NA,NA,6457.60644026276,9725.67626432989,-20665.4698952777,6457.60644026276
2020-01-04 06:41:00,9597.58961179926,-20735.9782901899,NA,9597.58961179926,-20735.9782901899,6404.22172481526
2020-01-04 06:42:00,9474.79948745114,-20764.8623303761,NA,9474.79948745114,-20764.8623303761,6312.27144429719
2020-01-04 06:43:00,NA,NA,6215.38267885455,9347.45816395179,-20806.0907416688,6215.38267885455
2020-01-04 06:44:00,NA,NA,6187.41876540907,9205.38732575735,-20841.3601809187,6187.41876540907
2020-01-04 06:45:00,NA,NA,6171.81726154458,9028.8022715526,-20856.904502923,6171.81726154458
2020-01-04 06:46:00,NA,NA,6190.52987255454,8854.94808618272,-20859.2509082722,6190.52987255454
2020-01-04 06:47:00,NA,NA,6236.00516338815,8652.450582562,-20864.4689436905,6236.00516338815
2020-01-04 06:48:00,NA,NA,6301.66319575934,8450.1646763293,-20857.6478954824,6301.66319575934
2020-01-04 06:49:00,NA,NA,6350.39058602618,8260.50078475636,-20837.2867061957,6350.39058602618
2020-01-04 06:50:00,NA,NA,6350.62007083979,8063.42790604415,-20841.4983014056,6350.62007083979
2020-01-04 06:51:00,NA,NA,6343.36963567442,7844.1811019692,-20843.8553068267,6343.36963567442
2020-01-04 06:52:00,NA,NA,6312.52753239057,7613.40873657656,-20859.9016988657,6312.52753239057
2020-01-04 06:53:00,NA,NA,6222.87913974674,7407.47864739729,-20896.7470431071,6222.87913974674
2020-01-04 06:54:00,NA,NA,6126.65382974961,7203.75330941287,-20954.8343655327,6126.65382974961
2020-01-04 06:55:00,6993.18478986836,-21017.6474189381,NA,6993.18478986836,-21017.6474189381,6024.07401334748
2020-01-04 06:56:00,NA,NA,5917.89387501075,6769.91167985876,-21089.2264600796,5917.89387501075
2020-01-04 06:57:00,NA,NA,5852.52815765407,6558.72022469525,-21163.4180193674,5852.52815765407
2020-01-04 06:58:00,NA,NA,5798.99221993042,6369.00148649855,-21256.0450355999,5798.99221993042
2020-01-04 06:59:00,NA,NA,5774.36836191664,6206.72990711991,-21321.2907581854,5774.36836191664
2020-01-04 07:00:00,6059.5887528262,-21367.1707745817,NA,6059.5887528262,-21367.1707745817,5755.62564632352
2020-01-04 07:01:00,NA,NA,5700.87324391135,5913.86975236053,-21413.0128392208,5700.87324391135
2020-01-04 07:02:00,5771.23640966039,-21463.8118680475,NA,5771.23640966039,-21463.8118680475,5650.54110406848
2020-01-04 07:03:00,NA,NA,5611.93978431429,5637.38583737848,-21518.2481527803,5611.93978431429
2020-01-04 07:04:00,NA,NA,5544.66839731244,5507.46760444999,-21569.4551232402,5544.66839731244
2020-01-04 07:05:00,NA,NA,5448.81078349168,5387.4456108703,-21588.0393772253,5448.81078349168
2020-01-04 07:06:00,NA,NA,5317.07796707001,5282.75230626863,-21602.0876105097,5317.07796707001
2020-01-04 07:07:00,NA,NA,5172.60979292557,5199.66407701178,-21631.7899096379,5172.60979292557
2020-01-04 07:08:00,5128.21666908425,-21648.8433483425,NA,5128.21666908425,-21648.8433483425,5058.43551202757
2020-01-04 07:09:00,NA,NA,5001.02667612041,5053.23518658856,-21643.3070622165,5001.02667612041
2020-01-04 07:10:00,NA,NA,4993.27279845896,4991.16306728838,-21630.566474225,4993.27279845896
2020-01-04 07:11:00,NA,NA,5027.90305627359,4933.72241609581,-21595.5345335122,5027.90305627359
2020-01-04 07:12:00,NA,NA,5076.6543918191,4852.52308117869,-21552.296146537,5076.6543918191
2020-01-04 07:13:00,NA,NA,5111.63134710556,4757.38211060216,-21500.3754428943,5111.63134710556
2020-01-04 07:14:00,NA,NA,5130.40135271919,4657.47321978534,-21470.6712270143,5130.40135271919
2020-01-04 07:15:00,4545.5851363089,-21445.1662137777,NA,4545.5851363089,-21445.1662137777,5152.4655532999
2020-01-04 07:16:00,NA,NA,5166.36802227776,4444.57047443165,-21432.5084371698,5166.36802227776
2020-01-04 07:17:00,4356.91989270339,-21422.8930780073,NA,4356.91989270339,-21422.8930780073,5176.42635607401
2020-01-04 07:18:00,NA,NA,5162.81287956875,4282.68507573739,-21437.0761564019,5162.81287956875
2020-01-04 07:19:00,NA,NA,5183.27950106712,4200.6022328764,-21453.0038352904,5183.27950106712
2020-01-04 07:20:00,4149.64791585175,-21468.6759421591,NA,4149.64791585175,-21468.6759421591,5183.52436000102
2020-01-04 07:21:00,NA,NA,5183.09963480859,4093.05332973279,-21461.3248773435,5183.09963480859
2020-01-04 07:22:00,NA,NA,5194.76780445654,4046.67477280598,-21463.37650833,5194.76780445654
2020-01-04 07:23:00,4028.09014617003,-21484.366881189,NA,4028.09014617003,-21484.366881189,5187.42638853435
2020-01-04 07:24:00,NA,NA,5202.96056886882,4050.83520734687,-21499.7658546437,5202.96056886882
2020-01-04 07:25:00,NA,NA,5226.01919714289,4064.18476828066,-21508.9712704052,5226.01919714289
2020-01-04 07:26:00,NA,NA,5270.97541722128,4068.1214523442,-21512.7023352,5270.97541722128
2020-01-04 07:27:00,4088.42833200134,-21519.2854866586,NA,4088.42833200134,-21519.2854866586,5295.70004330001
2020-01-04 07:28:00,NA,NA,5334.95523315736,4078.78538402628,-21541.1059345634,5334.95523315736
2020-01-04 07:29:00,NA,NA,5380.90928425832,4062.43372561028,-21559.4069322076,5380.90928425832
2020-01-04 07:30:00,NA,NA,5384.25796524595,4058.94460403522,-21571.7888859883,5384.25796524595
2020-01-04 07:31:00,NA,NA,5383.20426378119,4049.10477696843,-21563.2426512152,5383.20426378119
2020-01-04 07:32:00,NA,NA,5386.0934334064,4041.03268779043,-21556.6546348502,5386.0934334064
2020-01-04 07:33:00,4057.74365551501,-21579.2304808409,NA,4057.74365551501,-21579.2304808409,5420.8581195143
2020-01-04 07:34:00,NA,NA,5479.40901913165,4086.038287288,-21601.5096841971,5479.40901913165
2020-01-04 07:35:00,4127.32625492435,-21621.9758941519,NA,4127.32625492435,-21621.9758941519,5541.9972637973
2020-01-04 07:36:00,NA,NA,5552.64050458239,4162.59317334043,-21639.4388267754,5552.64050458239
2020-01-04 07:37:00,NA,NA,5546.10467934057,4183.97232002134,-21647.0873278058,5546.10467934057
2020-01-04 07:38:00,NA,NA,5570.65889085974,4193.26238115799,-21657.0965569748,5570.65889085974
2020-01-04 07:39:00,NA,NA,5606.75949825595,4179.92221090709,-21643.9023009286,5606.75949825595
2020-01-04 07:40:00,NA,NA,5634.07244867933,4146.80797139031,-21627.4550003632,5634.07244867933
2020-01-04 07:41:00,NA,NA,5617.52101932233,4126.61347263714,-21618.330117455,5617.52101932233
2020-01-04 07:42:00,NA,NA,5566.76626843114,4091.66079246519,-21644.0874234301,5566.76626843114
2020-01-04 07:43:00,4055.22915173562,-21690.8135320633,NA,4055.22915173562,-21690.8135320633,5513.19932692314
2020-01-04 07:44:00,4011.12896127883,-21728.4182093754,NA,4011.12896127883,-21728.4182093754,5397.69350995913
2020-01-04 07:45:00,3983.58942145675,-21765.1211092252,NA,3983.58942145675,-21765.1211092252,5288.35921854593
2020-01-04 07:46:00,NA,NA,5238.70298101101,3969.87173555291,-21783.9147996885,5238.70298101101
2020-01-04 07:47:00,NA,NA,5163.90786714853,3964.41853720816,-21760.4212929833,5163.90786714853
2020-01-04 07:48:00,NA,NA,5086.36236486242,3982.40727509075,-21728.8228326837,5086.36236486242
2020-01-04 07:49:00,4029.64877771725,-21700.0525705083,NA,4029.64877771725,-21700.0525705083,5016.41866402532
2020-01-04 07:50:00,4104.58455187435,-21681.6493644012,NA,4104.58455187435,-21681.6493644012,4933.53508840191
2020-01-04 07:51:00,4163.42201090553,-21690.5833364994,NA,4163.42201090553,-21690.5833364994,4853.28049177874
2020-01-04 07:52:00,4216.35589841526,-21683.0209354416,NA,4216.35589841526,-21683.0209354416,4776.37823229786
2020-01-04 07:53:00,4270.37817763287,-21672.3106208824,NA,4270.37817763287,-21672.3106208824,4678.56799827153
2020-01-04 07:54:00,NA,NA,4604.61867579049,4348.62183107847,-21677.4597174523,4604.61867579049
2020-01-04 07:55:00,NA,NA,4559.97161983479,4435.56820956679,-21676.6387647234,4559.97161983479
2020-01-04 07:56:00,NA,NA,4510.64890772939,4497.796590029,-21653.7222617551,4510.64890772939
2020-01-04 07:57:00,NA,NA,4466.93494295789,4559.82155481814,-21612.0731381832,4466.93494295789
2020-01-04 07:58:00,NA,NA,4490.73816219809,4604.501047763,-21543.1537842744,4490.73816219809
2020-01-04 07:59:00,NA,NA,4496.4802552266,4655.4409643206,-21467.8741335821,4496.4802552266
2020-01-04 08:00:00,NA,NA,4513.52461672411,4717.74326703973,-21385.6731165854,4513.52461672411
2020-01-04 08:01:00,NA,NA,4532.333212607,4794.77866806533,-21289.6056227802,4532.333212607
2020-01-04 08:02:00,NA,NA,4571.46563073276,4872.66648372073,-21181.6518287983,4571.46563073276
2020-01-04 08:03:00,NA,NA,4620.8448455833,4940.39548954866,-21080.7680290682,4620.8448455833
2020-01-04 08:04:00,NA,NA,4621.5273194005,5014.05191328566,-20981.754878191,4621.5273194005
2020-01-04 08:05:00,NA,NA,4608.83967442067,5080.86917232617,-20908.6846336575,4608.83967442067
2020-01-04 08:06:00,5124.58805599245,-20818.7545709619,NA,5124.58805599245,-20818.7545709619,4645.55493737155
2020-01-04 08:07:00,NA,NA,4698.96134930791,5150.02313626064,-20723.543339472,4698.96134930791
2020-01-04 08:08:00,NA,NA,4747.94089698082,5188.95542395657,-20661.5460627796,4747.94089698082
2020-01-04 08:09:00,NA,NA,4768.32894625891,5238.43860714279,-20603.5024268056,4768.32894625891
2020-01-04 08:10:00,NA,NA,4772.2272077408,5270.53332155896,-20544.2250813052,4772.2272077408
2020-01-04 08:11:00,NA,NA,4758.95732017372,5298.50606917387,-20484.3293513582,4758.95732017372
2020-01-04 08:12:00,NA,NA,4790.31819541496,5351.49768858335,-20408.9412459871,4790.31819541496
2020-01-04 08:13:00,NA,NA,4827.4112608316,5414.39500597765,-20322.7233162326,4827.4112608316
2020-01-04 08:14:00,NA,NA,4922.83064437571,5466.99782829977,-20233.3847052977,4922.83064437571
2020-01-04 08:15:00,5531.56120764345,-20152.8468271386,NA,5531.56120764345,-20152.8468271386,4998.29152740775
2020-01-04 08:16:00,NA,NA,4994.14640362057,5601.71783407299,-20074.4603528774,4994.14640362057
2020-01-04 08:17:00,5670.0579507188,-19997.4755901398,NA,5670.0579507188,-19997.4755901398,5020.80604867948
2020-01-04 08:18:00,NA,NA,5065.15380336297,5722.34187667693,-19899.9716579483,5065.15380336297
2020-01-04 08:19:00,NA,NA,5094.31868799615,5766.90103269779,-19795.599263762,5094.31868799615
2020-01-04 08:20:00,5832.62945820088,-19703.3041358804,NA,5832.62945820088,-19703.3041358804,5145.65421719092
2020-01-04 08:21:00,5898.7498184731,-19623.7605462768,NA,5898.7498184731,-19623.7605462768,5162.28278006683
2020-01-04 08:22:00,NA,NA,5113.39271717437,5946.99096733207,-19533.8530031182,5113.39271717437
2020-01-04 08:23:00,NA,NA,5045.01462586671,5964.38559971602,-19466.6317473268,5045.01462586671
2020-01-04 08:24:00,5965.38989414336,-19409.0798885599,NA,5965.38989414336,-19409.0798885599,5018.20307413185
2020-01-04 08:25:00,NA,NA,4977.32994615269,5962.54212157697,-19352.5063101884,4977.32994615269
2020-01-04 08:26:00,NA,NA,4943.06923766049,5955.84001927027,-19337.8707047938,4943.06923766049
2020-01-04 08:27:00,5958.73283158182,-19318.5346512762,NA,5958.73283158182,-19318.5346512762,4946.34943574381
2020-01-04 08:28:00,NA,NA,5022.56561552465,5967.98902914315,-19295.5748354063,5022.56561552465
2020-01-04 08:29:00,NA,NA,5093.77933783235,5967.35343685804,-19283.4783382997,5093.77933783235
2020-01-04 08:30:00,NA,NA,5193.8213616383,5957.50832949424,-19256.884293917,5193.8213616383
2020-01-04 08:31:00,5958.58181082778,-19255.4063471929,NA,5958.58181082778,-19255.4063471929,5323.94719003683
2020-01-04 08:32:00,NA,NA,5424.93369343424,5973.16765568062,-19278.307110266,5424.93369343424
2020-01-04 08:33:00,NA,NA,5488.17855560425,5993.88158159306,-19308.1023243199,5488.17855560425
2020-01-04 08:34:00,NA,NA,5548.91242689581,6002.94229287785,-19337.2357344753,5548.91242689581
2020-01-04 08:35:00,NA,NA,5584.43164702995,5991.76369433451,-19359.2383389814,5584.43164702995
2020-01-04 08:36:00,NA,NA,5547.21462929278,5980.20114631629,-19383.8968195546,5547.21462929278
2020-01-04 08:37:00,5980.55388840313,-19404.9092735747,NA,5980.55388840313,-19404.9092735747,5504.74425821382
2020-01-04 08:38:00,NA,NA,5494.3803460088,6000.26342254932,-19415.3340287116,5494.3803460088
2020-01-04 08:39:00,5980.82580273852,-19415.2596829977,NA,5980.82580273852,-19415.2596829977,5506.61216418836
2020-01-04 08:40:00,NA,NA,5481.71169641567,5933.96537084318,-19397.9101923425,5481.71169641567
2020-01-04 08:41:00,NA,NA,5477.53827539279,5896.98878057929,-19363.4472363715,5477.53827539279
2020-01-04 08:42:00,NA,NA,5518.24511674978,5879.47222879461,-19314.5830334042,5518.24511674978
2020-01-04 08:43:00,5876.14410822998,-19278.4081429968,NA,5876.14410822998,-19278.4081429968,5514.19045206428
2020-01-04 08:44:00,NA,NA,5469.89987722383,5868.47002746337,-19230.8713488383,5469.89987722383
2020-01-04 08:45:00,NA,NA,5431.22975820769,5860.29043042926,-19192.5473381269,5431.22975820769
2020-01-04 08:46:00,NA,NA,5435.64740589936,5854.63866821627,-19159.6933951587,5435.64740589936
2020-01-04 08:47:00,NA,NA,5454.51409125346,5863.49529215257,-19117.4674685247,5454.51409125346
2020-01-04 08:48:00,NA,NA,5496.80176852272,5856.740867639,-19051.9497773748,5496.80176852272
2020-01-04 08:49:00,NA,NA,5517.13028252611,5888.78430206713,-18988.1532116085,5517.13028252611
2020-01-04 08:50:00,5923.32009694999,-18919.6645970071,NA,5923.32009694999,-18919.6645970071,5561.93095211695
2020-01-04 08:51:00,NA,NA,5613.25093833439,5944.50213994147,-18859.9915121026,5613.25093833439
2020-01-04 08:52:00,NA,NA,5648.93539465141,5975.58463968936,-18791.418656,5648.93539465141
2020-01-04 08:53:00,NA,NA,5662.33636689944,6007.64353409865,-18734.353776937,5662.33636689944
2020-01-04 08:54:00,NA,NA,5651.36337463451,6036.83673174433,-18656.0779515967,5651.36337463451
2020-01-04 08:55:00,NA,NA,5614.89667100745,6105.48706809914,-18601.2354214094,5614.89667100745
2020-01-04 08:56:00,NA,NA,5529.48383862792,6183.22250638165,-18540.2614501572,5529.48383862792
2020-01-04 08:57:00,6249.92444423283,-18475.728176994,NA,6249.92444423283,-18475.728176994,5435.9659574893
2020-01-04 08:58:00,NA,NA,5430.95401521995,6308.35201816143,-18402.0131272017,5430.95401521995
2020-01-04 08:59:00,NA,NA,5422.07609995331,6338.55962368772,-18338.9285836653,5422.07609995331
2020-01-04 09:00:00,NA,NA,5360.15589906697,6377.59255343195,-18261.4610097318,5360.15589906697
2020-01-04 09:01:00,6414.1835976627,-18182.0591201755,NA,6414.1835976627,-18182.0591201755,5320.73605732569
2020-01-04 09:02:00,NA,NA,5293.27905514741,6471.91522770352,-18101.5120138453,5293.27905514741
2020-01-04 09:03:00,NA,NA,5330.86276139504,6538.62521970669,-18034.1985422227,5330.86276139504
2020-01-04 09:04:00,NA,NA,5418.3310256538,6618.09037085227,-17970.2545213886,5418.3310256538
2020-01-04 09:05:00,6692.92296283298,-17933.5848577798,NA,6692.92296283298,-17933.5848577798,5499.62424759086
2020-01-04 09:06:00,NA,NA,5570.20121459327,6778.78213190339,-17859.7927128785,5570.20121459327
2020-01-04 09:07:00,NA,NA,5679.453358838,6878.43917967273,-17774.0308468706,5679.453358838
2020-01-04 09:08:00,NA,NA,5762.3666065349,7001.02167344417,-17698.3983393237,5762.3666065349
2020-01-04 09:09:00,NA,NA,5842.3998056985,7126.43611152219,-17632.7611002443,5842.3998056985
2020-01-04 09:10:00,NA,NA,5917.27213455168,7260.53324689352,-17583.6248248929,5917.27213455168
2020-01-04 09:11:00,NA,NA,5990.30500562694,7398.05925477134,-17522.4387424469,5990.30500562694
2020-01-04 09:12:00,NA,NA,6060.12564096746,7524.89735863883,-17463.5146719141,6060.12564096746
2020-01-04 09:13:00,NA,NA,6104.4508194566,7660.56028982323,-17413.4630800184,6104.4508194566
2020-01-04 09:14:00,NA,NA,6112.87851471491,7793.99700933893,-17321.1628519191,6112.87851471491
2020-01-04 09:15:00,NA,NA,6126.81661179244,7931.25403110642,-17189.5864348709,6126.81661179244
2020-01-04 09:16:00,NA,NA,6161.10304762237,8064.91244307265,-17076.3329144828,6161.10304762237
2020-01-04 09:17:00,NA,NA,6167.64971449676,8190.40506528541,-16976.0452824707,6167.64971449676
2020-01-04 09:18:00,NA,NA,6201.65450981228,8293.09505714509,-16857.886115884,6201.65450981228
2020-01-04 09:19:00,NA,NA,6276.68699072392,8400.33158074611,-16719.1586057042,6276.68699072392
2020-01-04 09:20:00,8518.00339014727,-16568.571507146,NA,8518.00339014727,-16568.571507146,6370.72053370505
2020-01-04 09:21:00,NA,NA,6419.30407324874,8624.07974206181,-16391.0448824145,6419.30407324874
2020-01-04 09:22:00,NA,NA,6439.39284247549,8739.53447416562,-16204.0762192631,6439.39284247549
2020-01-04 09:23:00,NA,NA,6445.45759251255,8847.79977279821,-16044.6345259089,6445.45759251255
2020-01-04 09:24:00,NA,NA,6463.19674781836,8944.7393570134,-15884.5324848508,6463.19674781836
2020-01-04 09:25:00,9022.34133814334,-15724.5249964497,NA,9022.34133814334,-15724.5249964497,6538.46048447564
2020-01-04 09:26:00,NA,NA,6611.79654642025,9090.3551790955,-15554.721579865,6611.79654642025
2020-01-04 09:27:00,NA,NA,6709.36276306986,9171.83107377903,-15392.8154824609,6709.36276306986
2020-01-04 09:28:00,NA,NA,6785.53285767114,9262.52973995776,-15249.4286522127,6785.53285767114
2020-01-04 09:29:00,NA,NA,6829.31103340904,9345.18776293274,-15100.587061812,6829.31103340904
2020-01-04 09:30:00,9402.45462474152,-14947.0429026794,NA,9402.45462474152,-14947.0429026794,6903.86960051221
2020-01-04 09:31:00,NA,NA,6999.81133273402,9440.4600843569,-14798.8137346437,6999.81133273402
2020-01-04 09:32:00,NA,NA,7098.31801803924,9485.32396571383,-14663.6555470495,7098.31801803924
2020-01-04 09:33:00,NA,NA,7168.37925428066,9542.79353388398,-14524.6972650244,7168.37925428066
2020-01-04 09:34:00,NA,NA,7233.31476572865,9599.22100645539,-14373.0114153628,7233.31476572865
2020-01-04 09:35:00,NA,NA,7269.59927799224,9651.13793814755,-14206.5640708219,7269.59927799224
2020-01-04 09:36:00,NA,NA,7278.18735823939,9718.76836344062,-14031.1557700392,7278.18735823939
2020-01-04 09:37:00,9789.08362284476,-13879.0343860107,NA,9789.08362284476,-13879.0343860107,7252.4129692149
2020-01-04 09:38:00,9852.20545452103,-13742.2837992773,NA,9852.20545452103,-13742.2837992773,7206.90088735935
2020-01-04 09:39:00,NA,NA,7194.00952530691,9913.54691728569,-13614.9455957104,7194.00952530691
2020-01-04 09:40:00,NA,NA,7218.50924347038,9976.49794615608,-13473.8143263273,7218.50924347038
2020-01-04 09:41:00,NA,NA,7259.13612315128,10055.3564834581,-13355.7782033941,7259.13612315128
2020-01-04 09:42:00,NA,NA,7298.56817042912,10134.6569974644,-13210.5881720575,7298.56817042912
2020-01-04 09:43:00,NA,NA,7318.3589518437,10219.1902955108,-13060.9449800856,7318.3589518437
2020-01-04 09:44:00,NA,NA,7356.82626755118,10316.5273920753,-12929.3629883566,7356.82626755118
2020-01-04 09:45:00,NA,NA,7411.71498532302,10429.0720242933,-12820.9876255671,7411.71498532302
2020-01-04 09:46:00,NA,NA,7454.22008637752,10556.9895866384,-12723.0713093451,7454.22008637752
2020-01-04 09:47:00,NA,NA,7466.78601339213,10684.1031249877,-12627.1773584683,7466.78601339213
2020-01-04 09:48:00,NA,NA,7493.97355469266,10833.8371090722,-12543.7953047948,7493.97355469266
2020-01-04 09:49:00,NA,NA,7500.09323025415,10990.5448764998,-12479.5562821921,7500.09323025415
2020-01-04 09:50:00,11139.5866272999,-12440.1637424431,NA,11139.5866272999,-12440.1637424431,7504.95553520665
2020-01-04 09:51:00,11302.9796703118,-12421.1893870873,NA,11302.9796703118,-12421.1893870873,7546.85208563022
2020-01-04 09:52:00,NA,NA,7617.78954065382,11454.9010611842,-12387.8395705039,7617.78954065382
2020-01-04 09:53:00,NA,NA,7681.24101640601,11609.354857582,-12365.8546301904,7681.24101640601
2020-01-04 09:54:00,NA,NA,7759.96963432359,11760.935840305,-12374.085875363,7759.96963432359
2020-01-04 09:55:00,NA,NA,7838.84548534993,11909.4453452339,-12374.7631546696,7838.84548534993
2020-01-04 09:56:00,NA,NA,7904.51884210152,12046.8167881225,-12363.8836799365,7904.51884210152
2020-01-04 09:57:00,NA,NA,7978.90816137339,12184.1000116699,-12342.3586425771,7978.90816137339
2020-01-04 09:58:00,NA,NA,8049.09289450091,12304.0740252712,-12320.8420897224,8049.09289450091
2020-01-04 09:59:00,NA,NA,8104.99745075532,12430.191607703,-12290.175835848,8104.99745075532
2020-01-04 10:00:00,NA,NA,8140.15642629887,12531.8192456678,-12248.107037876,8140.15642629887
2020-01-04 10:01:00,12633.0826098578,-12201.1948932909,NA,12633.0826098578,-12201.1948932909,8178.81790991976
2020-01-04 10:02:00,NA,NA,8220.51178782234,12742.0550755186,-12152.4509549664,8220.51178782234
2020-01-04 10:03:00,NA,NA,8240.51898489812,12847.9383181461,-12107.42347425,8240.51898489812
2020-01-04 10:04:00,NA,NA,8254.5911055385,12955.5698423533,-12069.2139264727,8254.5911055385
2020-01-04 10:05:00,NA,NA,8277.38405284046,13042.2508717679,-12023.3361895546,8277.38405284046
2020-01-04 10:06:00,NA,NA,8257.91102360826,13092.2190720437,-11961.3518470049,8257.91102360826
2020-01-04 10:07:00,NA,NA,8229.11862449818,13090.6654729349,-11863.5702274739,8229.11862449818
2020-01-04 10:08:00,NA,NA,8216.2088751271,13074.8259378405,-11765.0462371496,8216.2088751271
2020-01-04 10:09:00,13095.1960991113,-11655.9000347428,NA,13095.1960991113,-11655.9000347428,8198.30920690457
2020-01-04 10:10:00,NA,NA,8156.23224269633,13138.7030825348,-11555.9439466929,8156.23224269633
2020-01-04 10:11:00,13203.9155500734,-11487.1773332551,NA,13203.9155500734,-11487.1773332551,8075.89733694794
2020-01-04 10:12:00,13253.943539667,-11443.4065254878,NA,13253.943539667,-11443.4065254878,8010.32000994271
2020-01-04 10:13:00,NA,NA,7980.17653983041,13281.7030669322,-11396.0686691098,7980.17653983041
2020-01-04 10:14:00,NA,NA,7977.50344263482,13283.05569375,-11327.942816502,7977.50344263482
2020-01-04 10:15:00,NA,NA,7966.95355799052,13309.5567805359,-11241.3970216265,7966.95355799052
2020-01-04 10:16:00,13334.4956094351,-11157.0457308756,NA,13334.4956094351,-11157.0457308756,7952.17938805868
2020-01-04 10:17:00,NA,NA,7972.7919780609,13363.2545562488,-11096.7284340149,7972.7919780609
2020-01-04 10:18:00,NA,NA,7990.3440241973,13412.7980397313,-11046.6230237779,7990.3440241973
2020-01-04 10:19:00,NA,NA,8007.23869936178,13457.3879743133,-11002.3190819887,8007.23869936178
2020-01-04 10:20:00,13505.1123876176,-10927.786512615,NA,13505.1123876176,-10927.786512615,8000.88346970193
2020-01-04 10:21:00,NA,NA,7968.90643686701,13571.6619573911,-10833.4435071321,7968.90643686701
2020-01-04 10:22:00,NA,NA,7940.96422907858,13661.054397742,-10722.5132757468,7940.96422907858
2020-01-04 10:23:00,NA,NA,7903.67190603698,13753.3448568083,-10590.2685345149,7903.67190603698
2020-01-04 10:24:00,NA,NA,7869.21950130402,13825.3281372873,-10437.5002882579,7869.21950130402
2020-01-04 10:25:00,NA,NA,7794.91106481621,13908.5590323644,-10306.0569353688,7794.91106481621
2020-01-04 10:26:00,NA,NA,7719.02396739927,13983.1173199708,-10160.7723396731,7719.02396739927
2020-01-04 10:27:00,NA,NA,7660.84668549871,14048.0250590705,-9991.32720601627,7660.84668549871
2020-01-04 10:28:00,NA,NA,7584.08950247474,14099.6957121984,-9798.63007305142,7584.08950247474
2020-01-04 10:29:00,14136.0780651128,-9594.57502054331,NA,14136.0780651128,-9594.57502054331,7493.7689217057
2020-01-04 10:30:00,NA,NA,7406.33811083208,14135.6874484148,-9398.69696338532,7406.33811083208
2020-01-04 10:31:00,NA,NA,7366.16302472984,14119.7381141064,-9214.87814663251,7366.16302472984
2020-01-04 10:32:00,NA,NA,7302.45470876937,14130.496464736,-9055.28373337535,7302.45470876937
2020-01-04 10:33:00,NA,NA,7209.7565363189,14151.4157932757,-8926.42582124949,7209.7565363189
2020-01-04 10:34:00,NA,NA,7130.71628264563,14167.8133242317,-8809.63586486974,7130.71628264563
2020-01-04 10:35:00,NA,NA,7058.78052345611,14151.1922066076,-8701.24408262348,7058.78052345611
2020-01-04 10:36:00,NA,NA,6972.17001851419,14129.67332452,-8601.64674911429,6972.17001851419
2020-01-04 10:37:00,NA,NA,6918.03290809662,14101.1335049811,-8511.12174405441,6918.03290809662
2020-01-04 10:38:00,NA,NA,6887.48997115083,14074.284933208,-8426.56004453863,6887.48997115083
2020-01-04 10:39:00,NA,NA,6849.17674903922,14067.0337969388,-8317.44315119199,6849.17674903922
2020-01-04 10:40:00,NA,NA,6814.98514690485,14046.7481355746,-8193.11851398985,6814.98514690485
2020-01-04 10:41:00,NA,NA,6777.89162353794,14007.6783494998,-8080.54580037211,6777.89162353794
2020-01-04 10:42:00,NA,NA,6741.7817239734,13965.7370367894,-7965.99377764362,6741.7817239734
2020-01-04 10:43:00,NA,NA,6698.08466459493,13927.1039676337,-7851.29424707279,6698.08466459493
2020-01-04 10:44:00,NA,NA,6654.19895387521,13895.2633326137,-7733.26967351703,6654.19895387521
2020-01-04 10:45:00,NA,NA,6601.97152016145,13872.1167561013,-7620.61700674047,6601.97152016145
2020-01-04 10:46:00,NA,NA,6577.87659350755,13872.0235495742,-7509.78256996859,6577.87659350755
2020-01-04 10:47:00,NA,NA,6617.85568210586,13858.9606047685,-7391.31272385719,6617.85568210586
2020-01-04 10:48:00,NA,NA,6678.01652462078,13851.8963176045,-7296.80441912312,6678.01652462078
2020-01-04 10:49:00,NA,NA,6695.11888414225,13853.2236926492,-7217.94390155687,6695.11888414225
2020-01-04 10:50:00,NA,NA,6704.72346224831,13838.1286015684,-7149.14598551626,6704.72346224831
2020-01-04 10:51:00,NA,NA,6718.21908363551,13814.8779494701,-7083.03267180341,6718.21908363551
2020-01-04 10:52:00,NA,NA,6708.56056954332,13762.7261542151,-7029.30517428254,6708.56056954332
2020-01-04 10:53:00,NA,NA,6702.27347635951,13693.6480546662,-6975.93891726122,6702.27347635951
2020-01-04 10:54:00,13652.2574144704,-6915.74655758832,NA,13652.2574144704,-6915.74655758832,6652.39552983918
2020-01-04 10:55:00,NA,NA,6599.45051676757,13597.3582692884,-6847.46675390524,6599.45051676757
2020-01-04 10:56:00,NA,NA,6541.23932498955,13546.2334152925,-6789.3619766177,6541.23932498955
2020-01-04 10:57:00,NA,NA,6514.49263586362,13487.9499889276,-6747.96463636355,6514.49263586362
2020-01-04 10:58:00,13461.5827746559,-6704.62500375688,NA,13461.5827746559,-6704.62500375688,6498.78194213645
2020-01-04 10:59:00,NA,NA,6436.51506147962,13451.6738942769,-6678.09641686863,6436.51506147962
2020-01-04 11:00:00,NA,NA,6356.84030788301,13459.3859529681,-6635.44232847556,6356.84030788301
2020-01-04 11:01:00,NA,NA,6235.00482351198,13494.0753002172,-6598.85708359035,6235.00482351198
2020-01-04 11:02:00,NA,NA,6138.28417950641,13506.114903758,-6559.85585327717,6138.28417950641
2020-01-04 11:03:00,13507.9681807106,-6506.94043517875,NA,13507.9681807106,-6506.94043517875,6068.65376987973
2020-01-04 11:04:00,13509.4357229867,-6460.88142735286,NA,13509.4357229867,-6460.88142735286,5996.27055433119
2020-01-04 11:05:00,NA,NA,5955.73847081537,13503.8074279534,-6428.72923787604,5955.73847081537
2020-01-04 11:06:00,NA,NA,5918.34726085242,13469.382299227,-6410.6430334633,5918.34726085242
2020-01-04 11:07:00,NA,NA,5884.06557289195,13422.982573926,-6398.74406329168,5884.06557289195
2020-01-04 11:08:00,NA,NA,5845.49349989787,13394.5553514157,-6409.68346460704,5845.49349989787
2020-01-04 11:09:00,NA,NA,5795.66713093981,13387.8822915502,-6399.20158631412,5795.66713093981
2020-01-04 11:10:00,NA,NA,5751.31971504703,13377.2178866599,-6385.43428466205,5751.31971504703
2020-01-04 11:11:00,NA,NA,5709.78315208081,13380.4479643326,-6350.34301233388,5709.78315208081
2020-01-04 11:12:00,NA,NA,5681.51829508094,13375.7680858225,-6300.66594875543,5681.51829508094
2020-01-04 11:13:00,NA,NA,5645.87505026209,13362.6665710428,-6249.56244784919,5645.87505026209
2020-01-04 11:14:00,NA,NA,5616.7714235419,13351.9217144641,-6218.37121036617,5616.7714235419
2020-01-04 11:15:00,NA,NA,5597.08921147289,13369.5421926392,-6195.32182965524,5597.08921147289
2020-01-04 11:16:00,NA,NA,5590.83385333163,13413.0586299378,-6174.20466956954,5590.83385333163
2020-01-04 11:17:00,13449.686203075,-6135.58737660508,NA,13449.686203075,-6135.58737660508,5576.08533701042
2020-01-04 11:18:00,NA,NA,5589.1833941714,13468.4351792877,-6103.70663011478,5589.1833941714
2020-01-04 11:19:00,NA,NA,5582.01616699115,13462.0511016806,-6046.31109447044,5582.01616699115
