"x","vx","y","vy","depth","vdepth","time"
48880.5238193506,-0.0496205972558698,83147.5612381168,0.152515946465535,-70.9555019921442,-0.52774465840278,2007-04-02 21:54:00
48867.644841298,-0.0323231203847237,83187.1465873597,0.0993495244544697,-188.864074682518,-0.447919058050713,2007-04-02 21:59:00
48863.5044204502,0.00873519279834047,83199.8726372677,-0.0268495478891886,-282.117556037425,0.246836391793754,2007-04-02 22:04:00
48875.3440531476,0.074391137801931,83163.4815153787,-0.228653290912691,-61.8868250695594,0.71602702426337,2007-04-02 22:09:00
48880.5610603947,0.0914197007883362,83147.4461970115,-0.280993227428269,-23.3265795270614,0.510515940348081,2007-04-02 22:10:03
48909.7961979115,0.154145896000912,83057.6388889513,-0.47313892807336,1.87583464062528,-0.369718686570512,2007-04-02 22:14:00
48966.8102643873,0.224340471488402,82882.9469841648,-0.686178644592419,-209.122882672739,-0.658949720475397,2007-04-02 22:19:00
49043.5045716696,0.28556987982348,82648.9015345433,-0.869499897072335,-327.121042782189,-0.239461358764853,2007-04-02 22:24:00
49137.3809881484,0.339082016740737,82363.8435106701,-1.02683889357471,-366.6693557819,0.0319290984694486,2007-04-02 22:29:00
49246.2915649342,0.385967494892223,82035.0742132128,-1.16140230664395,-308.97232895811,0.292548341272043,2007-04-02 22:34:00
49368.3947592421,0.427181871252765,81669.0040782471,-1.27593262740921,-216.185155092124,0.285743323047937,2007-04-02 22:39:00
49502.1179025359,0.463565122001505,81271.2833261732,-1.37276405936272,-127.62031232349,0.384713172169609,2007-04-02 22:44:00
49646.125148505,0.495858761790539,80846.9171169349,-1.45387009096689,1.87451134325117,0.34734590726977,2007-04-02 22:49:00
49799.2902476357,0.524720956302712,80400.367558481,-1.52090371665104,0.659794250001747,-0.545608838996461,2007-04-02 22:54:00
49960.6735935035,0.550739936102422,79935.6446474692,-1.57523112592833,-268.114907112234,-0.825913408943774,2007-04-02 22:59:00
50129.5030729734,0.574445985162569,79456.3879956431,-1.61795954723935,-395.502740818351,-0.0449959956711765,2007-04-02 23:04:00
50305.1583300257,0.596322248401756,78965.9410075208,-1.64995981399813,-339.278076616867,0.264328769180582,2007-04-02 23:09:00
50487.1581224908,0.616814578496455,78467.4190211842,-1.67188411275162,-261.843909517861,0.307365115486763,2007-04-02 23:14:00
50675.1505140161,0.636340622652677,77963.7728009248,-1.68417927517176,-141.790518555173,0.489944615802304,2007-04-02 23:19:00
50868.9057013713,0.655298334531556,77457.8486757664,-1.68709588477973,1.80979265566173,0.348846214686362,2007-04-02 23:24:00
51068.3113309065,0.674074084807486,76952.446549528,-1.68069338400342,0.80093415806686,-0.504637509221112,2007-04-02 23:29:00
51273.3702087114,0.693050535657355,76450.376964711,-1.6648412856533,-238.959332557898,-0.695952650896165,2007-04-02 23:34:00
51484.2003578046,0.712614439668148,75954.5183832096,-1.63921651350746,-361.357826173398,-0.295578788902409,2007-04-02 23:39:00
51701.0374235209,0.733164522109811,75467.8758512627,-1.60329681780503,-428.493780347449,-0.0253375528709105,2007-04-02 23:44:00
51924.2394761185,0.755119607219285,74993.6422442791,-1.55635013145156,-361.964055789601,0.400760574396941,2007-04-02 23:49:00
52154.2943084875,0.778927154114756,74535.2633397444,-1.49741965000869,-202.621737772804,0.671129944893982,2007-04-02 23:54:00
52391.82937769,0.805072376307668,74096.5080444392,-1.42530433138849,-8.65026007742048,0.414396888392038,2007-04-02 23:59:00
52637.62459295,0.834088130674179,73681.5452072461,-1.33853441782336,1.56703214205021,-0.316959089922789,2007-04-03 00:04:00
52892.6282107168,0.866565777429818,73295.0285830395,-1.23534148123321,-157.816915972527,-0.61042992909886,2007-04-03 00:09:00
53157.9761607579,0.903167232440799,72942.1916792804,-1.11362238149448,-332.20690067932,-0.557041744802474,2007-04-03 00:14:00
53435.0151971565,0.944638457506034,72628.9544183509,-0.97089640305705,-441.955072286967,0.0311659436806678,2007-04-03 00:19:00
53725.3303460483,0.991824663550702,72362.0437894777,-0.804254696324781,-324.463472768452,0.502385805893289,2007-04-03 00:24:00
54030.7772094998,1.04568753658249,72149.13094921,-0.61030099338181,-179.551437687126,0.556872774903874,2007-04-03 00:29:00
54353.5197839026,1.10732483748683,71998.987564651,-0.385082389811919,-13.5797670983302,0.363207316112164,2007-04-03 00:34:00
54491.4146807402,1.13512902238152,71957.8577305307,-0.282663726473617,13.3383106977448,0.0908349893364011,2007-04-03 00:36:03
54696.205200277,1.18020747800349,71921.1823218851,-0.13218467659692,1.69933916162776,-0.222052893367786,2007-04-03 00:39:00
54845.9813405487,1.21689306120639,71911.2274002785,-0.0272369376554743,-37.5983026562678,-0.384984312317548,2007-04-03 00:41:05
55062.8493870798,1.25684379397724,71917.7466499265,0.0930836454897888,-111.950089850948,-0.435068718175594,2007-04-03 00:44:00
55442.3449789106,1.25924300921423,71962.4039313644,0.179568715603717,-214.593668339315,-0.17027044066152,2007-04-03 00:49:00
55810.0419061041,1.1780527097787,72010.4923098947,0.115996396060288,-215.145145105254,0.0834998674971636,2007-04-03 00:54:00
56140.6579592291,1.01161818380735,72016.876722833,-0.0989289589511,-168.60683610123,0.293351301892683,2007-04-03 00:59:00
56408.1551961793,0.756547385864901,71935.5721531641,-0.46958766995072,-53.2174953715032,0.352825396659638,2007-04-03 01:04:00
56479.9191328928,0.648763110331002,71879.5358984856,-0.632334253854652,-22.5906120970338,0.247211819397627,2007-04-03 01:05:42
56599.108866884,0.618303946685576,71732.4884069648,-0.796170000951817,1.76232953714466,-0.028973450014844,2007-04-03 01:09:00
56682.6562686326,0.786272303231605,71638.9587200161,-0.728568705622615,-15.2314088709401,-0.25007308676849,2007-04-03 01:11:01
56853.1863217223,1.10889243488077,71524.61496011,-0.556261611357777,-92.8786250750644,-0.648643042622062,2007-04-03 01:14:00
57250.9952723441,1.51579115510091,71389.6492438714,-0.363219461073421,-291.300360868654,-0.241925752172262,2007-04-03 01:19:00
57746.5995574121,1.76196637734468,71295.0179668874,-0.286909587457251,-240.091579212754,0.142821864511357,2007-04-03 01:24:00
58292.6150227005,1.8524353150419,71205.9935939742,-0.325776744943749,-261.473877990054,-0.0689651835838936,2007-04-03 01:29:00
58842.6849270923,1.78904178482471,71087.9628623515,-0.480613071842954,-254.250759147316,0.00989766527366941,2007-04-03 01:34:00
59350.5351616143,1.57049378472692,70905.7213405134,-0.754574234641787,-274.270195469063,-0.111287816213621,2007-04-03 01:39:00
59769.0311525691,1.19233716233156,70622.7559386897,-1.15324374256883,-246.476273533853,0.563529067456296,2007-04-03 01:44:00
60008.2167571254,0.765842434918931,70294.8964087901,-1.57116224655797,-39.7632160957392,0.808988059807886,2007-04-03 01:48:02
60049.6287171075,0.668149303950395,70200.9333006798,-1.66237276101261,0.677373027808432,0.563828542923215,2007-04-03 01:49:00
60194.9771423552,0.645448463100322,69793.4255793349,-1.62118513961246,12.0666928315282,-0.393586897754796,2007-04-03 01:53:00
60235.7876634893,0.714078494527348,69698.9413234721,-1.5291299717874,-17.8786245975386,-0.607224787442586,2007-04-03 01:54:00
60493.5680151734,0.984477314011154,69301.2130723388,-1.14253876968773,-228.362088300035,-0.333616173650434,2007-04-03 01:59:00
60814.7248725267,1.13730466018552,69001.6865807618,-0.873341936155918,-196.759310680872,0.167313041993191,2007-04-03 02:04:00
61164.5128930404,1.17567525518487,68766.0246988324,-0.716053062136828,-196.88498618106,-0.0675750057612299,2007-04-03 02:09:00
61508.7702561989,1.10037111704815,68561.1918795175,-0.667466496615312,-210.089121510639,-0.0118637437497368,2007-04-03 02:14:00
61813.222423041,0.909857497762402,68354.780892418,-0.726592013333739,-170.177571056224,0.405032316127757,2007-04-03 02:19:00
62042.7835984455,0.600251604085751,68114.352343034,-0.894634629327622,-8.79800352527648,0.376360816832572,2007-04-03 02:24:00
62051.6474466638,0.581542583554529,68100.8483266408,-0.905947667323147,-3.50027309907961,0.330476502712259,2007-04-03 02:24:15
62205.458690483,0.635183874043408,67825.7854611428,-0.974771154058466,1.76126044552416,-0.227607378500186,2007-04-03 02:29:00
62208.0126122894,0.641804152558191,67821.8886543604,-0.97362247966536,0.838661926090436,-0.233663979948041,2007-04-03 02:29:04
62463.0417571483,1.05353893397348,67544.940963067,-0.903180502787707,-95.7192839360266,-0.301494293120658,2007-04-03 02:34:00
62820.799626445,1.30405166505985,67280.5274625579,-0.865077593975006,-155.94273027746,-0.127734632958976,2007-04-03 02:39:00
63229.2004178559,1.39173065845884,67022.6222702159,-0.859718240528825,-188.153305168714,-0.122612583758386,2007-04-03 02:44:00
63639.7442576605,1.31836286989729,66761.435297088,-0.886993215290372,-221.89149108713,-0.0361383654065243,2007-04-03 02:49:00
64003.9749488785,1.08245301544398,66487.1095693639,-0.947458400238456,-172.264507496877,0.451521477902048,2007-04-03 02:54:00
64269.7626001751,0.685702628940568,66193.6867206197,-1.04084689547422,-0.339072059147156,0.442299968960111,2007-04-03 02:58:56
64272.4925081556,0.679272706788704,66189.5203425287,-1.04234177956129,1.40717553803055,0.430764581692159,2007-04-03 02:59:00
64440.5904417822,0.560993640776404,65860.6093409612,-1.14850089237307,0.823711813821776,-0.501564661131217,2007-04-03 03:04:00
64441.1518375566,0.561799237664224,65859.4606723461,-1.14883631868012,0.319997847366455,-0.505856823103444,2007-04-03 03:04:01
64639.6496810938,0.747151182654152,65502.6369843461,-1.23243364454637,-186.005126773881,-0.221676839929612,2007-04-03 03:09:00
64877.6832175959,0.82125806113132,65124.4026330694,-1.28380967642033,-144.981123195618,-0.0784517445986151,2007-04-03 03:14:00
65121.3575147991,0.784819992219489,64735.5000205938,-1.30367593273824,-216.642449985999,0.240249923142304,2007-04-03 03:19:00
65329.7602263562,0.645170373168226,64360.8210372537,-1.29348486516275,-6.72886411152336,0.633115852454974,2007-04-03 03:23:48
65337.4548378042,0.637304521584813,64345.3047526731,-1.29261268909843,0.516570691044988,0.573342534922614,2007-04-03 03:24:00
65506.9845842515,0.517410753939232,63950.824878064,-1.36864441073356,1.55996841366318,-0.436869501905182,2007-04-03 03:29:00
65508.0190977841,0.517103861403281,63948.0864506594,-1.36978439763055,0.681087871346942,-0.44199815588893,2007-04-03 03:29:02
65654.7547323438,0.465576118678594,63519.8721968395,-1.48617651145177,-170.375203441091,-0.472943520209102,2007-04-03 03:34:00
65784.9829601356,0.400262893834669,63069.9547887703,-1.49528357630494,-241.953916282137,-0.0792109349761599,2007-04-03 03:39:00
65893.4321485232,0.320136428663832,62633.5193248604,-1.39614454342289,-243.981253539103,0.0360491941193267,2007-04-03 03:44:00
65975.421304863,0.223563692946897,62243.2872514766,-1.186738893914,-235.337150309929,-0.0089943348414778,2007-04-03 03:49:00
66025.7301636026,0.108576470621437,61932.9216705644,-0.862798802497462,-200.807708136722,0.46458609692374,2007-04-03 03:54:00
66039.2509314738,-0.00156101541162759,61762.1973921536,-0.505529993176731,-29.5774795851146,0.655666246699084,2007-04-03 03:58:07
66038.573319348,-0.0226106088253867,61737.4027776486,-0.435305824365212,1.03047390547214,0.485596849078595,2007-04-03 03:59:00
66030.8478229604,-0.0126301471368782,61636.6133906417,-0.508301825957476,22.2374592190926,-0.266437323253806,2007-04-03 04:03:01
66030.7795873041,0.00996400425138604,61603.8312408577,-0.601975756465336,1.304330099999,-0.446347134327374,2007-04-03 04:04:00
66047.4926869634,0.0925239137963231,61361.4919141501,-0.989100508788955,-181.118503136516,-0.463635291881176,2007-04-03 04:09:00
66081.0019913299,0.122128492350142,61024.7331931939,-1.23250528424098,-238.189202092421,-0.0678232194328182,2007-04-03 04:14:00
66115.5381333151,0.0993811007537118,60635.8552624215,-1.33715083271796,-253.947842659663,-0.0151476984013916,2007-04-03 04:19:00
66135.3526734583,0.0238181321599616,60236.0960823867,-1.305169899532,-235.735236219312,0.16077762853375,2007-04-03 04:24:00
66124.3971363416,-0.106100436579533,59866.4718466047,-1.13591069216709,-179.553356616802,0.101020830411176,2007-04-03 04:29:00
66065.9959320738,-0.293022431602288,59568.6129186348,-0.825923596317729,-143.849833720671,0.375190913297756,2007-04-03 04:34:00
66019.1828438691,-0.397520294145459,59468.7577113149,-0.637443734456892,-72.4347633828922,0.589778920355163,2007-04-03 04:36:16
65944.1465920391,-0.510749623104225,59379.2900508396,-0.484564959565139,0.602942879579663,0.169304280940471,2007-04-03 04:39:00
65808.1104609268,-0.603718570631443,59257.0867588674,-0.596291389049211,-52.1824410953436,-0.415838218228787,2007-04-03 04:43:01
65772.1551442204,-0.614719231051815,59219.6920403698,-0.670648325124683,-76.6194123048714,-0.403388876990805,2007-04-03 04:44:00
65583.2155961434,-0.634957470429724,58968.4640381112,-0.987375094622093,-169.880397623568,-0.212083163385269,2007-04-03 04:49:00
65397.1304044476,-0.59565793548406,58637.0732480502,-1.20597271626645,-204.918521366504,-0.0319807510178603,2007-04-03 04:54:00
65231.8506181014,-0.496019675766959,58254.2414583631,-1.33089635379456,-195.945593119269,0.0746929208514068,2007-04-03 04:59:00
65105.7513139597,-0.334011997814543,57847.6420557182,-1.36469203335072,-174.320743839312,0.0295494157066898,2007-04-03 05:04:00
65038.0060929516,-0.10633307827453,57444.4640271523,-1.30804853317912,-140.938232501427,0.38245112343486,2007-04-03 05:09:00
65035.4264404135,0.0862389164259523,57188.5829529435,-1.21845564761005,-33.764572285725,0.49919509190236,2007-04-03 05:12:22
65048.6956427793,0.183017685726693,57071.773918141,-1.16569464576577,0.600851910812295,0.152886826870528,2007-04-03 05:14:00
65141.6985544019,0.423134228125381,56745.1381644848,-1.01426705911857,-77.5408110381215,-0.379230422789206,2007-04-03 05:19:00
65294.4747879017,0.58218191164426,56461.9294994063,-0.875690014074763,-157.914163123784,-0.17432898655502,2007-04-03 05:24:00
65483.2302396267,0.663402232996353,56218.7222105304,-0.747139219037816,-193.025850229875,-0.0856840406471001,2007-04-03 05:29:00
65684.9040861275,0.668450515911441,56012.9058399176,-0.625994724000584,-214.047443072632,-0.047468962528202,2007-04-03 05:34:00
65876.6987893623,0.597429647725659,55842.6319812093,-0.509787524235818,-200.597209929982,0.214019815249806,2007-04-03 05:39:00
66035.6154678327,0.44889217629329,55706.7766078867,-0.396149240351035,-87.8769932414279,0.451574876011057,2007-04-03 05:44:00
66076.4542095209,0.383109880894187,55669.7646693374,-0.359194248666724,-45.0248911826176,0.406626945275223,2007-04-03 05:45:38
66150.0481241104,0.399018765066159,55603.6807345429,-0.30113232190743,0.0420418614258944,-0.061582379078973,2007-04-03 05:49:00
66206.4862952572,0.560548843528864,55568.7176985364,-0.283693831957463,-30.3603296080328,-0.400674694288837,2007-04-03 05:51:00
66334.4944574898,0.848683569738237,55518.7057337562,-0.27447897750707,-117.814322611162,-0.499865614745142,2007-04-03 05:54:00
66640.6984506575,1.15739878831992,55434.7352550561,-0.292230557518752,-213.12158232948,-0.0117854084590948,2007-04-03 05:59:00
67008.016898552,1.25680383555623,55339.1928588556,-0.351755851978468,-174.219295943171,-0.0504825642162382,2007-04-03 06:04:00
67374.066376805,1.14892465188686,55219.3859692203,-0.454268025655844,-222.517853454475,0.133915121565872,2007-04-03 06:09:00
67676.4375986099,0.831562588381285,55062.1274838328,-0.601856344277156,-92.1450934637427,0.336733454242699,2007-04-03 06:14:00
67741.0665005025,0.70438735749032,55009.5070466485,-0.65164495954503,-73.4236139357956,0.133624038464821,2007-04-03 06:15:24
67870.770598024,0.567054147586554,54855.2302496947,-0.773030734957294,-50.9450255966419,0.214227605015129,2007-04-03 06:19:00
67945.2436915698,0.676307989650617,54757.2722107666,-0.831671884630326,-15.2945003114966,0.304832898712045,2007-04-03 06:21:02
68086.5994475855,0.900902973081902,54602.7178066376,-0.901289834012794,-0.922792527766525,-0.306713741307595,2007-04-03 06:24:00
68396.0563945849,1.13154994952504,54320.4708487545,-0.970365597384732,-189.116007628011,-0.337998847217607,2007-04-03 06:29:00
68747.3521931359,1.1803014115212,54026.4409881587,-0.97997566060996,-155.955611306714,0.140758694150364,2007-04-03 06:34:00
69086.1593086922,1.04815094602693,53738.4084196712,-0.9303158831167,-163.647215969712,-0.0103310184278653,2007-04-03 06:39:00
69357.8956791092,0.732405239376487,53474.2755668827,-0.820374165879352,-115.656307936387,0.335076281646418,2007-04-03 06:44:00
69506.6122962104,0.226629185772549,53252.4319453563,-0.647909824172638,0.695599179305654,0.288575532487759,2007-04-03 06:49:00
69542.6599033389,0.209051117540355,53086.2997579128,-0.467739404626787,1.15647379368144,-0.359434704975843,2007-04-03 06:54:00
69682.6541226116,0.697927838646924,52967.5988355434,-0.329492067231804,-151.982945170789,-0.334930624800686,2007-04-03 06:59:00
69946.0767190118,1.0333016538161,52885.1993090376,-0.225319908360441,-171.482064290398,-0.00803202776506192,2007-04-03 07:04:00
70287.9782781201,1.22200770264534,52829.2138478381,-0.153099830693058,-178.454254828999,0.0876691139818774,2007-04-03 07:09:00
70665.0088385493,1.26789193889819,52790.2934574634,-0.111359941403597,-133.626753613403,0.0259132312064964,2007-04-03 07:14:00
71034.5343911334,1.17188951357908,52759.4369408334,-0.0992495540127496,-172.859990975503,-0.142126339750693,2007-04-03 07:19:00
71353.7679696957,0.932043833927698,52727.8074479345,-0.116521850836332,-154.106317403358,0.381717585951086,2007-04-03 07:24:00
71512.9193262619,0.698186453594523,52702.7900558127,-0.143475632666163,-48.6012909187518,0.565369676171045,2007-04-03 07:27:14
71581.2919468391,0.611236265459725,52687.0648421401,-0.149023837295641,0.0172003087153871,0.305965250698883,2007-04-03 07:29:00
71697.6860650719,0.73136657595887,52663.4017822665,-0.100171877474895,7.10390381008889,-0.165590364865166,2007-04-03 07:32:01
71795.6514956551,0.911786443141535,52654.7183521102,-0.0467345399808283,-23.1772131472855,-0.331975538770732,2007-04-03 07:34:00
72127.5131334077,1.28045898294182,52658.0289327034,0.0629495653468384,-127.423726107282,-0.203841566657147,2007-04-03 07:39:00
72552.1660684136,1.53144359413668,52689.0757489675,0.138487105624319,-137.202672379803,0.0126993268245553,2007-04-03 07:44:00
73035.1296494126,1.66985550867548,52737.8626998833,0.181417585754185,-149.079718963079,-0.0833596594235471,2007-04-03 07:49:00
73543.111634577,1.69851565268614,52794.7552400794,0.192615957242491,-172.802906742366,-0.0254916748566265,2007-04-03 07:54:00
74043.3296736606,1.61800813881054,52850.2840214407,0.17231045028768,-164.058102936246,0.0357571355643556,2007-04-03 07:59:00
74502.8431820741,1.42669217080552,52894.9519015475,0.120087225262572,-169.374423194932,-0.0954705309551696,2007-04-03 08:04:00
74887.8819900407,1.12066860303299,52919.0403856479,0.034881938389769,-168.847181740073,0.333815904094074,2007-04-03 08:09:00
75084.1545365315,0.852926861204492,52918.7647279147,-0.0402358632141393,-56.7887411114564,0.639607981711282,2007-04-03 08:12:18
75164.6528696958,0.737668197688082,52912.3542814238,-0.0867266676253302,0.211549960957914,0.435254722248313,2007-04-03 08:14:00
75339.4248688663,0.759223279909315,52874.4823161739,-0.229951025435188,19.6531901032892,-0.266764278357706,2007-04-03 08:18:05
75382.5948716287,0.810222323587479,52860.8271510877,-0.266299386985607,0.133521130449628,-0.447505170362798,2007-04-03 08:19:00
75663.2408820878,1.05017718674829,52754.5572290312,-0.433572157291868,-176.804673459081,-0.353383355920168,2007-04-03 08:24:00
76006.5818258844,1.22889697222009,52605.6860284169,-0.55078928723888,-175.303776736695,0.131469403045346,2007-04-03 08:29:00
76394.8237034878,1.35002410713131,52428.8470940515,-0.620339739262511,-158.169312181414,-0.0269776221806213,2007-04-03 08:34:00
76811.0876260192,1.41602724239836,52238.1039698782,-0.643640997457067,-177.979673322171,-0.0411598838254855,2007-04-03 08:39:00
77239.0658123617,1.42825156545991,52047.236823279,-0.621167956836266,-138.042777741399,0.423264693460436,2007-04-03 08:44:00
77460.9092180645,1.41348089978858,51952.5028798237,-0.591277219882598,-53.2616617508895,0.554317054511748,2007-04-03 08:46:36
77663.0697410057,1.39487485444348,51869.8538423366,-0.555993396142757,-0.588365512174011,0.0701141259494243,2007-04-03 08:49:00
78076.9764093026,1.36689729546779,51715.5422287424,-0.46980342601688,-106.232080547925,-0.392567296503831,2007-04-03 08:54:00
78484.6206323645,1.35305445654524,51589.8333200506,-0.364985498255963,-161.004788372838,-0.0530875958956538,2007-04-03 08:59:00
78890.193403809,1.35306421148656,51498.6259441877,-0.239403354344387,-162.948077705265,0.0209044232179367,2007-04-03 09:04:00
79297.8434997034,1.36692675910387,51448.5220930799,-0.090497547343353,-167.499278082369,-0.108379017725331,2007-04-03 09:09:00
79711.7620333576,1.39492462726266,51446.9614756036,0.0847667213261986,-172.617299635444,0.353443092119485,2007-04-03 09:14:00
80111.8522863158,1.43480183593893,51497.5501785326,0.277464378169168,-6.63407511351511,0.413260060475931,2007-04-03 09:18:43
80136.267335212,1.43753353084063,51502.3722343116,0.289800961790502,-0.243886602265753,0.336786507118658,2007-04-03 09:19:00
80572.404931184,1.46284817010442,51618.4438976756,0.473358354964183,-51.2909901790445,-0.542058137376672,2007-04-03 09:24:00
81009.6674535988,1.44504575165548,51780.1635870683,0.594636938813283,-249.496803703252,-0.609579967414859,2007-04-03 09:29:00
81435.0873405873,1.38376345046169,51969.2494069837,0.65610845088348,-405.511284153261,-0.554011074610779,2007-04-03 09:34:00
81835.4556695577,1.27775229279709,52167.9772017095,0.659025721143199,-555.923868211142,-0.221036535826857,2007-04-03 09:39:00
82197.0529506396,1.12485170133349,52358.8193253406,0.603448205484843,-567.668567166531,-0.203435685122817,2007-04-03 09:44:00
82505.3695144294,0.921945461149132,52524.0874167929,0.488243197475098,-566.261701043743,1.00713099045885,2007-04-03 09:49:00
82744.8097953561,0.664898209212873,52645.5718993355,0.311062743050587,-57.242712394791,1.21555369104809,2007-04-03 09:54:00
82773.7557103318,0.621362953138681,52658.8523827412,0.27893421670086,-13.1185101853962,0.763682733447017,2007-04-03 09:54:45
82896.8844365997,0.330932596853834,52733.7590680643,0.416562946020358,1.55964326202337,-0.300609874530306,2007-04-03 09:59:00
82914.6075894311,0.24935929662334,52762.9175248391,0.545659139616644,-17.7287406581173,-0.332802423938983,2007-04-03 10:00:01
82936.8347323218,-0.0553958573322313,52952.1792174749,0.995207897102123,-120.595708361618,-0.567328808394679,2007-04-03 10:04:00
82870.7993274212,-0.373357828994871,53291.2316466183,1.19868319419582,-273.838887061595,-0.140001827751094,2007-04-03 10:09:00
82719.4066918326,-0.625408562733186,53631.5994839168,1.00399214836221,-173.885685844445,0.615253386017143,2007-04-03 10:14:00
82588.0493343554,-0.753334709531314,53793.5096723193,0.673284895826772,-52.8800749740968,0.589713646141032,2007-04-03 10:17:10
82502.0216029158,-0.805935744788752,53856.8679979215,0.500645440593985,1.44054815822407,0.368152596250468,2007-04-03 10:19:00
82353.6961294918,-0.829136640913948,53941.819342137,0.50193097476839,26.5836078873425,-0.0720510774939379,2007-04-03 10:22:00
82254.8515799856,-0.818090636092215,54008.9429938953,0.615136308129065,0.347085360552759,-0.377162971946132,2007-04-03 10:24:00
82014.126879645,-0.785532097479163,54231.088896794,0.856076774719738,-159.294471753892,-0.422410236031932,2007-04-03 10:29:00
81784.2928534151,-0.74536308198261,54516.9607706821,1.04069619139937,-209.969121208013,-0.00712321223876741,2007-04-03 10:34:00
81567.7513739937,-0.696764918567445,54850.2543351386,1.17275722367235,-197.074816119246,0.0503878518979687,2007-04-03 10:39:00
81367.1752249511,-0.638747144603305,55215.6317950806,1.25495136249637,-190.044536854643,-0.002169550864594,2007-04-03 10:44:00
81185.5625738234,-0.570127319582778,55598.4092463804,1.28895377864371,-192.925214851375,0.00348146239297764,2007-04-03 10:49:00
81026.2980767442,-0.489506926203814,55984.2574082131,1.27545746378668,-188.234166263476,0.00615862578951801,2007-04-03 10:54:00
80893.2218599694,-0.395242867664498,56358.9095828601,1.21418735412503,-151.971884781022,0.406672179960156,2007-04-03 10:59:00
80838.8768468678,-0.343502518892216,56534.0269513204,1.16638498726659,-70.8126088449456,0.603846625699998,2007-04-03 11:01:27
80789.7702431053,-0.303800381439077,56707.9622929382,1.10568723545184,-0.286197663451844,0.208636124188431,2007-04-03 11:04:00
80699.3686948979,-0.319514290914423,57018.5000696856,0.95809921386404,-67.8692555153547,-0.428035158544879,2007-04-03 11:09:00
80585.625233951,-0.459676886833837,57278.7804398407,0.770069970608616,-174.561079428093,-0.18329167579542,2007-04-03 11:14:00
80410.8406611707,-0.72714477536667,57476.117714343,0.537767345666121,-171.900050804163,0.124923096742133,2007-04-03 11:19:00
80136.0717193351,-1.1273691285284,57596.5433823195,0.256456858291408,-148.76282983157,-0.0917375590197098,2007-04-03 11:24:00
79720.3374038221,-1.66850678266236,57624.5214236181,-0.0795947848272754,-171.540466184904,0.28317642741466,2007-04-03 11:29:00
79307.0888971243,-2.15387845486538,57577.3664478055,-0.360618294140621,-46.1764691887377,0.645758406270195,2007-04-03 11:32:37
79122.0035237767,-2.28134926406723,57544.2305739379,-0.419441990636726,-0.0297877497122961,0.432010616245963,2007-04-03 11:34:00
78605.3876152662,-1.8174620529827,57479.2241769181,0.031770502665471,17.6078865593117,-0.21864598603843,2007-04-03 11:38:00
78504.3219493764,-1.5537862684874,57487.8628194901,0.25415523560346,0.603406248770756,-0.348794090840131,2007-04-03 11:39:00
78213.0674692262,-0.445291652485261,57711.498062497,1.18807645515313,-142.589949786909,-0.417213300356657,2007-04-03 11:44:00
78203.7417922997,0.328924763261866,58172.3685910689,1.83840446500554,-201.612777371454,0.0280972686877605,2007-04-03 11:49:00
78378.593996363,0.784642020053426,58787.5251531257,2.21839337901946,-161.563820819933,0.090797209150882,2007-04-03 11:54:00
78643.6268258975,0.931147936217126,59477.1629477313,2.33578762193916,-127.854647222917,0.359363703741797,2007-04-03 11:59:00
78811.0582505932,0.869567583190327,59903.2350522015,2.27912116931267,-35.5344839588661,0.483189579803409,2007-04-03 12:02:04
78907.8241558123,0.800996649992913,60163.5235089536,2.20664559151193,-0.625255253638139,0.0440698998998412,2007-04-03 12:04:00
79128.3779184053,0.683646633817174,60791.070201978,1.96334288634661,-116.258354875686,-0.429743264895801,2007-04-03 12:09:00
79326.4897328432,0.651130077715605,61333.0627628427,1.63531798473039,-175.818817464342,-0.0210078558666806,2007-04-03 12:14:00
79527.4673358015,0.702784272823836,61763.1264315835,1.21588552277202,-167.52606256685,-0.0251094814167867,2007-04-03 12:19:00
79756.6768706157,0.839661965714179,62052.6052635754,0.696497190199393,-150.562663374039,0.401338839438784,2007-04-03 12:24:00
79945.8009357591,0.985990470975451,62154.306531639,0.272221380231661,-28.8123757894337,0.508968394835855,2007-04-03 12:27:28
80039.71827178,1.0534131610841,62170.3614857933,0.0790699373834503,-1.02992820325284,0.0343475398176665,2007-04-03 12:29:00
80378.1941313969,1.17924593476504,62109.9219194404,-0.45913866394757,-150.01731088497,-0.546874973997471,2007-04-03 12:34:00
80733.0422897235,1.1627468192391,61908.0891340528,-0.865149206767184,-238.11680764909,-0.15600771338944,2007-04-03 12:39:00
81061.5850765279,1.0035795516475,61603.2163265283,-1.14723645378108,-264.74843997278,0.00927427548256685,2007-04-03 12:44:00
81320.6087007533,0.698500198074902,61231.5566701389,-1.31114952917487,-247.491616247166,0.0150361095799307,2007-04-03 12:49:00
81465.4825249481,0.241291040036244,60828.0021781175,-1.36022908955769,-213.737801990352,0.469149219979644,2007-04-03 12:54:00
81476.7352909355,-0.135329754906681,60568.8085349741,-1.33193366519706,-76.1820319132851,0.799379114611779,2007-04-03 12:57:12
81450.815986154,-0.333847801965323,60426.5895563073,-1.30117784322577,0.219957750630895,0.562586901337381,2007-04-03 12:59:00
81371.1748078755,-0.521277068109009,60197.5430961745,-1.24213635094314,43.2054740033785,-0.0940118762604128,2007-04-03 13:02:00
81304.86059254,-0.582575867667584,60050.9402111762,-1.20213310860153,-0.536128290201204,-0.671769065665047,2007-04-03 13:04:00
81111.1824958826,-0.700279164697423,59702.683275826,-1.12492226127484,-269.897166537774,-0.486567701658105,2007-04-03 13:09:00
80889.587868921,-0.769001514749496,59372.8502100307,-1.07909912959033,-248.92575092867,0.163663994320181,2007-04-03 13:14:00
80654.5363964703,-0.790143524653643,59052.1804809646,-1.063729807895,-253.71548157985,-0.0618651436169159,2007-04-03 13:19:00
80420.213503957,-0.764136082518976,58731.6003106496,-1.07850105927363,-270.527326248513,-0.12170087624939,2007-04-03 13:24:00
80200.8194657478,-0.690449139517825,58402.037746374,-1.12371393157383,-268.500354460514,0.440294026655087,2007-04-03 13:29:00
80010.8588161082,-0.567580907140935,58054.2377683114,-1.20028989295977,-46.2087390127951,0.57669364958457,2007-04-03 13:34:00
79981.4851504248,-0.540589491574351,57990.1792204613,-1.21718565711382,-21.1730058111227,0.376501458642995,2007-04-03 13:34:53
79865.7318079453,-0.38943231728461,57699.3082182947,-1.0578371703013,1.12474350549687,-0.1025981263742,2007-04-03 13:39:00
79843.6536852573,-0.346063421847576,57639.0397265127,-0.946355161320968,-6.86991843429026,-0.164781146541556,2007-04-03 13:40:00
79779.6295859768,-0.197484353824282,57467.1393046185,-0.507323800584643,-86.7381324563656,-0.557340579886436,2007-04-03 13:44:00
79738.0478313842,-0.0949372575459061,57375.8301932031,-0.133089958094882,-273.049277492362,-0.368953599265969,2007-04-03 13:49:00
79713.6178364317,-0.0829454818851798,57368.5965480521,0.0541293252595479,-254.499110686645,0.391884677348288,2007-04-03 13:54:00
79679.2555707021,-0.161264626543239,57390.0003133082,0.0581497019809867,-148.45160973544,-0.0275315545693203,2007-04-03 13:59:00
79607.6745775474,-0.331490887354942,57385.18708243,-0.120946890000763,-256.190240613086,-0.288618969105796,2007-04-03 14:04:00
79470.8298581017,-0.597093587813001,57298.7681291998,-0.48681055737937,-217.166300178606,0.565664825630408,2007-04-03 14:09:00
79298.2005952876,-0.8765239480677,57136.2821933687,-0.910606299775586,-40.413017188822,0.718125303793825,2007-04-03 14:12:56
79239.7605358394,-0.944067780453884,57074.0638752499,-1.02944450874651,0.218547829500757,0.533794032983648,2007-04-03 14:14:00
79009.5033329375,-0.89526313279275,56793.6273831618,-1.24789451075275,27.8221577747115,-0.318875967196112,2007-04-03 14:18:00
78957.9052766304,-0.825292498258756,56718.4670744102,-1.25725762100405,0.799700390449848,-0.590530434896618,2007-04-03 14:19:00
78756.8671271138,-0.529823770289786,56336.1196717005,-1.28701325445462,-251.699303979645,-0.62144033024533,2007-04-03 14:24:00
78631.3675028215,-0.32084877652605,55949.0645410288,-1.28869566942982,-299.923604178577,0.117958262281097,2007-04-03 14:29:00
78556.1399657456,-0.194108468734977,55565.704262785,-1.26233915465673,-260.51331666728,0.00751904251082261,2007-04-03 14:34:00
78506.9426561797,-0.147019795833869,55194.5167208889,-1.20740654697703,-298.758403373753,-0.138650609226452,2007-04-03 14:39:00
78460.0642276263,-0.178623059604842,54844.2278876571,-1.12277828360744,-317.173817278958,-0.0015387666592181,2007-04-03 14:44:00
78391.8405939125,-0.289562355412056,54523.9896648759,-1.00672958471167,-257.822359255567,0.582539777538938,2007-04-03 14:49:00
78278.1726395031,-0.482098699290134,54243.5664055966,-0.856895301249503,-26.1855009849709,0.541585431961893,2007-04-03 14:54:00
78255.6723198418,-0.518237032591271,54205.5782808564,-0.831326915861136,-6.07042108955105,0.358756377680068,2007-04-03 14:54:45
78117.0793006743,-0.488914598434773,53995.9546663845,-0.877137773912378,1.14479259465874,-0.203936259786236,2007-04-03 14:59:00
78089.9089698724,-0.412328878076033,53941.4250180342,-0.944092833237739,-13.5239607922634,-0.28720537230894,2007-04-03 15:00:00
78029.9422016567,-0.104541797918568,53680.8656919856,-1.21358307258331,-142.131900655467,-0.880955842821131,2007-04-03 15:04:00
78038.8864957575,0.138328623267039,53280.0914732537,-1.43776501635065,-445.528571528757,-0.683459307745901,2007-04-03 15:09:00
78097.6342603963,0.22804409727632,52830.3039427368,-1.54089231429673,-504.27771721078,0.025823335763412,2007-04-03 15:14:00
78160.5905610401,0.166433084654407,52367.4433074425,-1.52506676878625,-498.159623376377,0.00767796728896618,2007-04-03 15:19:00
78182.2462358961,-0.0477600876803871,51927.183335879,-1.38996584476167,-470.565583443491,0.300314731525968,2007-04-03 15:24:00
78116.250389172,-0.418900817882368,51545.6584129908,-1.13283609626599,-286.301270686954,0.931113307418855,2007-04-03 15:29:00
77971.4007083575,-0.825983259908131,51311.1095931593,-0.841472498541803,-48.4376292111021,0.87242346211163,2007-04-03 15:32:56
77915.0347779783,-0.927878216060669,51259.7644296652,-0.768854230963826,-0.0137150964587718,0.621022620827516,2007-04-03 15:34:00
77682.2281101418,-0.905885354319412,51080.5919136933,-0.805539849745258,29.1332074826609,-0.343719230184354,2007-04-03 15:38:00
77630.387650819,-0.822869665427368,51030.1919908126,-0.873837812813084,0.994542194068992,-0.600076942124432,2007-04-03 15:39:00
77438.7195463421,-0.472641297342018,50722.7422314121,-1.16096468467483,-253.900563011837,-0.687624934353547,2007-04-03 15:44:00
77336.4928836943,-0.225582735884334,50342.2655637033,-1.361509041558,-347.013502684323,-0.0857381170218207,2007-04-03 15:49:00
77293.5630964958,-0.0766587645885805,49914.08074454,-1.47955810975392,-356.166687412492,-0.0265335723970875,2007-04-03 15:54:00
77280.9941278063,-0.0228342146753909,49462.534207177,-1.51751780714877,-358.603742864411,0.0789049605525731,2007-04-03 15:59:00
77270.4686941955,-0.0630121063097565,49011.4962576402,-1.47616177741728,-333.822467279944,-0.0825890759639497,2007-04-03 16:04:00
77233.7111608263,-0.198011291428336,48584.847567311,-1.35464715739117,-370.951094770578,0.153197380383385,2007-04-03 16:09:00
77141.9112653632,-0.430583142482097,48206.965876763,-1.15049739895173,-203.797119233281,0.795883201648081,2007-04-03 16:14:00
77051.1038599932,-0.613109627760215,48019.0888674324,-0.991666136337267,-65.9942713204272,0.700324669767185,2007-04-03 16:16:55
76968.0531120899,-0.695471396158094,47901.4573551054,-0.901928186466199,0.100280775823245,0.301608787702519,2007-04-03 16:19:00
76846.4037326244,-0.598454483445255,47740.2107137526,-0.894300916670861,-10.6670482116987,-0.381671030176829,2007-04-03 16:22:02
76784.1105675466,-0.459975019930793,47632.2975775568,-0.933808165557286,-79.7211282495047,-0.800119933239961,2007-04-03 16:24:00
76691.0332663614,-0.176688162253515,47339.9018972263,-1.0097093167693,-410.661922313842,-1.16177057434017,2007-04-03 16:29:00
76668.6678551141,0.0122365942769243,47029.8775317707,-1.05153192978659,-700.574279059148,-0.70967209310129,2007-04-03 16:34:00
76689.3301880172,0.110649660831281,46712.3031041518,-1.06012837705259,-834.907177669292,-0.240937541059314,2007-04-03 16:39:00
76726.2130530942,0.120556760628528,46397.1033620836,-1.0356738598336,-857.635595693658,0.0943369845342504,2007-04-03 16:44:00
76752.8398235146,0.0421598068981874,46094.2514509383,-0.977669978936206,-820.860929693932,-0.0247937831837684,2007-04-03 16:49:00
76742.5248464735,-0.126138981994826,45813.9721730281,-0.884934577002846,-826.981211528185,0.3422442162627,2007-04-03 16:54:00
76667.8295719818,-0.387769646393977,45566.9503758215,-0.755577645365064,-523.48388241265,1.69196880684767,2007-04-03 16:59:00
76500.0033371175,-0.748064391836096,45364.5487161836,-0.586962804419991,-1.63478202309922,1.01466832825777,2007-04-03 17:04:00
76493.2150081221,-0.760469055741693,45359.2916666412,-0.581264025226002,7.07377371892682,0.921265152779798,2007-04-03 17:04:09
76247.2479214771,-0.81358994132657,45200.8902554703,-0.562875882776164,1.38680293724369,-0.558826087119182,2007-04-03 17:09:00
76045.5526630294,-0.542225271989292,45011.0897898901,-0.696056195669136,-256.129661134619,-1.26954325779,2007-04-03 17:14:00
75915.4605167863,-0.33542677490387,44786.9752671866,-0.792023998013741,-668.276825064777,-0.997234184516194,2007-04-03 17:19:00
75838.2655399347,-0.188979760275845,44539.3986640403,-0.852735176931207,-838.296536720196,-0.552225719843526,2007-04-03 17:24:00
75796.3398688694,-0.0998995413367507,44278.7337844543,-0.879427066298714,-981.570127256887,0.0854336113308619,2007-04-03 17:29:00
75772.7744517044,-0.0663706044588617,44015.0876847235,-0.872643664430074,-887.271022308363,-0.34719603900024,2007-04-03 17:34:00
75751.0344306402,-0.0877096077897457,43758.5066619098,-0.832246721120229,-1193.14127875737,-0.814566322374914,2007-04-03 17:39:00
75714.6221506541,-0.164351454294512,43519.1810040032,-0.757412920014872,-1157.80335147575,1.04804648010129,2007-04-03 17:44:00
75646.7409264072,-0.297858155365154,43307.652674714,-0.646617098880011,-632.479049408374,2.18279769280689,2007-04-03 17:49:00
75529.952714717,-0.49095066564316,43135.0301656473,-0.497601165789496,-57.4335277855047,1.0825843651153,2007-04-03 17:54:00
75505.5135431027,-0.527620293659881,43111.8030043653,-0.470020300654647,-16.1902555644749,0.655063258758348,2007-04-03 17:54:48
75356.6420308606,-0.618701332647723,43000.3281910732,-0.460814628018606,1.90242241447342,-0.179602599138145,2007-04-03 17:59:00
75317.9158628717,-0.608504018010883,42970.0978664139,-0.501766607239408,-9.37699340801959,-0.188750917232017,2007-04-03 18:00:03
75180.7133093301,-0.551280812147994,42830.6753462412,-0.668065424371803,-111.27880002658,-0.866080397104685,2007-04-03 18:04:00
75024.1931804845,-0.495128795940769,42605.5908928402,-0.822265695526091,-531.999832759282,-1.70476022180268,2007-04-03 18:09:00
74881.9225724317,-0.456122993269848,42343.3167935318,-0.916416624448408,-1041.94531276004,-1.55905458180978,2007-04-03 18:14:00
74748.885367712,-0.433468440144893,42061.5500270166,-0.952437069181072,-1354.97348416163,-0.212529362412504,2007-04-03 18:19:00
74620.253631717,-0.426703421828129,41777.5902985782,-0.931061150150232,-1234.4644407008,0.439920516714636,2007-04-03 18:24:00
74491.2892161971,-0.435690062783413,41508.6926194897,-0.851853212024455,-1138.5830370807,0.584512717475408,2007-04-03 18:29:00
74357.2471926743,-0.460611516681855,41272.4189755262,-0.71319894477168,-887.589491840849,0.688180179979556,2007-04-03 18:34:00
74213.2791476703,-0.501975699194458,41086.9962518206,-0.512272482955803,-666.065616640504,1.42834598705684,2007-04-03 18:39:00
74054.3343688403,-0.560625639648563,40971.6877088068,-0.244978812734881,-115.067557198319,1.26638796507478,2007-04-03 18:44:00
73997.1097421492,-0.584212922141979,40952.3598125369,-0.140232032252011,-32.6741370947817,0.468176043029407,2007-04-03 18:45:40
73875.859614681,-0.625712434925315,40936.1750397963,-0.0710782000503812,3.48097807520453,0.140369052285344,2007-04-03 18:49:00
73799.0236577572,-0.643376304582496,40922.4840340476,-0.173343434302782,25.851834460568,0.153761528783956,2007-04-03 18:51:01
73682.0790323935,-0.662207331893278,40871.8008399802,-0.386934788416624,-8.37170086209023,-0.745671680972536,2007-04-03 18:54:00
73480.3583306941,-0.679684616595845,40711.4132426286,-0.666278039174831,-415.607784182428,-1.32937759148545,2007-04-03 18:59:00
73276.0034403271,-0.679798354901205,40481.4016341508,-0.851881584640276,-682.844342033246,-0.598066452052199,2007-04-03 19:04:00
73074.2142639953,-0.66255086487105,40209.2738936098,-0.947528147511219,-844.426588879777,-0.613978749252992,2007-04-03 19:09:00
72880.2429953463,-0.627590631280484,39921.6795455137,-0.95516706783651,-1062.03397410854,-0.745237094089153,2007-04-03 19:14:00
72699.5011621434,-0.574205141505849,39644.952894705,-0.874954031851732,-1225.36262673651,-0.169556425480179,2007-04-03 19:19:00
72537.6699167719,-0.501306364047408,39405.6497368667,-0.705254244967396,-1107.07373176416,1.01149440771375,2007-04-03 19:24:00
72400.8158218723,-0.407408573729622,39231.0885831562,-0.442609113576742,-656.761256049913,1.78363466190581,2007-04-03 19:29:00
72295.5144908888,-0.290598071641936,39149.9074294854,-0.0816657566364108,-170.365469955307,1.13057733720916,2007-04-03 19:34:00
72254.0656202586,-0.216698433229599,39155.7116776303,0.158189985500949,-46.7947620592895,0.478837562294943,2007-04-03 19:36:43
72227.8557328786,-0.173217471572584,39187.6098318022,0.27460438619636,1.37248138222713,0.26169253162531,2007-04-03 19:39:00
72196.9731679262,-0.182481436582665,39228.9390662449,0.127862797044818,27.0123980993129,-0.0303863444974596,2007-04-03 19:42:00
72173.3074163006,-0.211034160877725,39232.0003537815,-0.073523814929027,-0.143284336218728,-0.466173679542162,2007-04-03 19:44:00
72101.9991724009,-0.258783001108408,39144.1394995813,-0.49256586525914,-251.269967037517,-0.905078916483369,2007-04-03 19:49:00
72021.3418793701,-0.273466795409965,38947.8597256354,-0.797541701435636,-519.71783120092,-1.09334545867327,2007-04-03 19:54:00
71941.1934526296,-0.255384809197113,38676.3922300954,-0.994666932190735,-929.245243882526,-1.51618267619611,2007-04-03 19:59:00
71871.422178632,-0.204168519662223,38361.4358357457,-1.08795909976971,-1323.94608857504,-0.812707563618698,2007-04-03 20:04:00
71822.1078370482,-0.118774105037469,38033.8030329235,-1.07931956009218,-1339.53809094887,0.716502511269301,2007-04-03 20:09:00
71803.7471333272,0.00253882918144866,37724.047958399,-0.968572233640053,-1053.52994926522,0.542754303462192,2007-04-03 20:14:00
71827.4676284775,0.162242720623423,37463.0891088387,-0.753460016840805,-965.219272226349,0.888656093060788,2007-04-03 20:19:00
71905.2545261015,0.363592439951861,37282.8394801646,-0.429598780807664,-451.485023286647,1.96974031748705,2007-04-03 20:24:00
72039.9435267942,0.595383888343013,37216.9331161515,-0.0185034502154121,-15.1220944614302,0.850306614708583,2007-04-03 20:28:43
72050.1875372688,0.60938548049749,37216.8465862402,0.00777858368768647,-1.76888271281611,0.718851783481769,2007-04-03 20:29:00
72228.7003422068,0.453554411722025,37233.5901341263,-0.0655760223022166,0.557426765711592,-0.310670516214432,2007-04-03 20:34:00
72290.2553530943,-0.023142423761549,37135.7965702136,-0.55625748222783,-119.758479949294,-0.609693226878171,2007-04-03 20:39:00
72226.3933327386,-0.383976289614688,36917.4653223314,-0.870522607240284,-317.941918948149,-0.403477238592577,2007-04-03 20:44:00
72070.7131192833,-0.636301218063699,36630.4726244245,-1.01477632790639,-337.273444281561,0.0651078544762478,2007-04-03 20:49:00
71854.942235525,-0.785259757607812,36325.29534479,-0.991958630216728,-330.053802860226,-0.0127622567718826,2007-04-03 20:54:00
71609.5835167578,-0.833887781550089,36052.0397379537,-0.801604474439681,-337.905577349998,-0.0156182242660786,2007-04-03 20:59:00
71364.5367786795,-0.783176361098127,35861.4626431912,-0.439834317304872,-342.45809303542,-0.0508638595548311,2007-04-03 21:04:00
71149.70819536,-0.632091964049058,35806.0059423968,0.100724955647984,-295.167781587486,0.696107104850951,2007-04-03 21:09:00
71002.9771828744,-0.396832875879606,35925.57137193,0.77893945892749,-14.0235842406493,0.751167890490634,2007-04-03 21:13:41
70995.6111602084,-0.378920645441601,35940.8497992272,0.828633291518136,-0.866232671569416,0.630789581156779,2007-04-03 21:14:00
70893.0627202863,-0.399961516989774,36251.3849790732,1.07222591809288,0.330713404548967,-0.320523929557004,2007-04-03 21:19:00
70892.2607430933,-0.402019918562591,36253.5276539081,1.07044139191026,-0.311475583204675,-0.321666346700337,2007-04-03 21:19:02
70731.2352266697,-0.662949345971209,36535.5628816046,0.832823131344839,-135.682494914088,-0.657882319990697,2007-04-03 21:24:00
70504.6268820107,-0.832551001717442,36757.1865430693,0.654514739062841,-331.748127048071,-0.326268519632054,2007-04-03 21:29:00
70240.6929797865,-0.912208159510922,36934.0162682742,0.533690736969661,-325.665749092431,0.0670402851955264,2007-04-03 21:34:00
69966.1281039331,-0.903544284776874,37082.8994480808,0.46788865219568,-332.534562702168,0.0224446377487859,2007-04-03 21:39:00
69707.4101721309,-0.806382802032713,37220.1139043189,0.45576739484392,-316.888777688499,-0.0722280357733547,2007-04-03 21:44:00
69491.340073234,-0.618743496163195,37361.6996425345,0.497079925693219,-303.896515090881,0.601634996494284,2007-04-03 21:49:00
69345.5878870657,-0.336802154330034,37523.7857578836,0.592668221375945,-12.8698809136911,0.667266167400937,2007-04-03 21:54:00
69339.7051829679,-0.316771585257318,37534.5209646266,0.600166250576905,-1.90957467298353,0.55230008942076,2007-04-03 21:54:18
69279.4367938633,-0.165790305859333,37714.5622568826,0.655523970535571,0.227368901378557,-0.294692736763951,2007-04-03 21:59:00
69269.2491994168,-0.176286472906089,37753.7840611723,0.650911663357066,-18.8292165635736,-0.340000815656152,2007-04-03 22:00:00
69218.9049394027,-0.240830359476999,37906.6613340851,0.624100076639329,-123.065916851613,-0.545298544118744,2007-04-03 22:04:00
69136.986791233,-0.301726475485316,38089.9055723961,0.59905560597007,-354.466487556147,-1.08970207144573,2007-04-03 22:09:00
69039.9520646022,-0.341778360197299,38266.9884493996,0.582954713797037,-804.260707358385,-1.92639579707729,2007-04-03 22:14:00
68933.9212125426,-0.361802297445393,38440.5393599653,0.575469253316062,-1326.84660140667,-0.804162235452603,2007-04-03 22:19:00
68824.8313411155,-0.362206388280403,38613.1157151569,0.576446665904428,-1287.84828585994,0.306429953984905,2007-04-03 22:24:00
68718.5572115492,-0.342998868340123,38787.255063957,0.585906871875479,-1195.11180847576,0.86045948441408,2007-04-03 22:29:00
68621.0309717491,-0.303788275697066,38965.5268101885,0.604042676467756,-707.539725886013,2.0982213654963,2007-04-03 22:34:00
68538.3630573847,-0.243775472606145,39150.5845786605,0.631223699342942,-136.153182805819,1.20069199820227,2007-04-03 22:39:00
68513.2462479248,-0.216593687278003,39220.0422151879,0.643441866559696,-47.7804663191999,0.499909243616387,2007-04-03 22:40:49
68471.1919140501,-0.25246615517797,39344.9552512487,0.663839728547439,2.01768179966063,0.187224938240698,2007-04-03 22:44:00
68433.8383347904,-0.366859958136116,39427.296530752,0.674757902681717,25.2282934071333,0.136694011253826,2007-04-03 22:46:03
68350.7602341867,-0.566314329789231,39547.7059188859,0.684081475379169,-0.960385176036963,-0.582169956832839,2007-04-03 22:49:00
68138.9901391704,-0.830315457782677,39752.5139422861,0.676377305887056,-280.139660127239,-0.634605614051651,2007-04-03 22:54:00
67861.4324265245,-1.00564181973526,39950.5586006646,0.638915952053825,-303.26594666378,0.150718169052577,2007-04-03 22:59:00
67544.1094298094,-1.09586668256547,40132.8135147969,0.5709339267753,-302.937380096857,-0.272994473781075,2007-04-03 23:04:00
67212.2330398634,-1.10282888849864,40289.9305000543,0.471045711528917,-397.37058748851,0.0474529559804091,2007-04-03 23:09:00
66890.7185397698,-1.02667033188464,40412.0490442343,0.337215518592221,-292.594354981165,0.174324618513148,2007-04-03 23:14:00
66604.6923947629,-0.865838851098277,40488.595343817,0.166715800346089,-290.310881730817,0.327516444113236,2007-04-03 23:19:00
66380.0043461649,-0.61705659446143,40508.0668028737,-0.0439283399451056,-80.9029977307461,0.642813708505386,2007-04-03 23:24:00
66318.7967259353,-0.503951075127303,40498.5757072906,-0.131215523716516,-27.6369792835419,0.350120105646754,2007-04-03 23:25:49
66235.1269562548,-0.41079763793662,40463.8864877756,-0.203346737783489,-0.229132532499619,-0.0627591083079626,2007-04-03 23:29:00
66183.1478962824,-0.470765114869893,40441.3646907765,-0.160699872200276,-23.0332936558778,-0.309812463005366,2007-04-03 23:31:00
66084.7585740241,-0.61904656582828,40422.2989503209,-0.0537872093840392,-111.539535138544,-0.693384981437149,2007-04-03 23:34:00
65867.210891044,-0.822425829993682,40428.8108680341,0.0902855587944737,-373.870851856334,-0.871385270092302,2007-04-03 23:39:00
65596.4194715201,-0.974606441287223,40472.4556679783,0.194184924777178,-537.17914350194,-0.0115902800185756,2007-04-03 23:44:00
65287.253477834,-1.07868994095981,40541.5188155351,0.260028426184668,-540.86342082877,-0.860658772663737,2007-04-03 23:49:00
64953.7999732304,-1.13679761939812,40624.8038187788,0.289157997012247,-932.507653086842,-0.416996560290497,2007-04-03 23:54:00
64609.6510254589,-1.15011374942206,40711.4040365848,0.282167317130008,-715.30358033341,0.835594617288188,2007-04-03 23:59:00
64268.1807220819,-1.1189097225461,40790.4803940881,0.238913911870232,-579.03924152965,0.509058445546879,2007-04-04 00:04:00
63942.8177432017,-1.04254958011736,40851.0404751874,0.158516248299681,-320.51779601816,1.13659439960103,2007-04-04 00:09:00
63684.4848056404,-0.938665880591748,40879.7744214589,0.0575463018285106,-30.5386136094656,0.851976326781926,2007-04-04 00:13:20
63647.2826054521,-0.922210187559229,40881.7386980166,0.041151403143334,-0.0445634402664254,0.664719616280764,2007-04-04 00:14:00
63373.6418343011,-0.945077334885523,40885.4095576443,0.0104050322189481,-1.14919103779906,-0.65564965156324,2007-04-04 00:19:00
63372.6965031588,-0.945585428984261,40885.4200471128,0.0105742057197682,-1.80731242733313,-0.660586509599455,2007-04-04 00:19:01
63069.0693425167,-1.07919603270514,40896.1113465154,0.0607380584503728,-263.436964229969,-0.587928364023461,2007-04-04 00:24:00
62729.725953627,-1.17727456266435,40921.7814306436,0.110361892212247,-304.473586298055,0.00762626885823072,2007-04-04 00:29:00
62366.1065893721,-1.24131017678558,40962.358587573,0.160286987445142,-327.066528821185,-0.125104247748419,2007-04-04 00:34:00
61988.2114116511,-1.27260796312857,41018.0854105209,0.211530850525213,-352.632808810794,0.0294344867863563,2007-04-04 00:39:00
61605.7496318664,-1.27180579122599,41089.5132528926,0.265137865187343,-317.190603322573,0.100848775947221,2007-04-04 00:44:00
61228.3373910581,-1.23888731228526,41177.513465227,0.322200577754611,-324.661651052198,-0.17517344949617,2007-04-04 00:49:00
60865.6937432018,-1.17318162598943,41283.2951538954,0.383881963953109,-319.830964414495,0.642894798900644,2007-04-04 00:54:00
60577.6207585191,-1.09094540790962,41387.9125194754,0.440645504911698,-43.4737988113886,1.0448656375396,2007-04-04 00:58:14
60527.7787004105,-1.07726503017055,41408.3981993885,0.449376657009482,-0.574840989456812,0.802673840064375,2007-04-04 00:59:00
60264.6512070693,-1.12087946417027,41517.462221209,0.429875279676829,33.9774775234176,-0.467816533910986,2007-04-04 01:03:03
60199.8382841773,-1.15289472207864,41541.4663218582,0.412385885998099,-1.39396345256432,-0.779820498952267,2007-04-04 01:04:00
59832.5199566913,-1.28612532115186,41651.470009695,0.321120326899959,-301.915772610498,-0.583906976881587,2007-04-04 01:09:00
59433.9066040401,-1.36188184380498,41734.1348265763,0.22981782854935,-300.785624019524,0.156069156176123,2007-04-04 01:14:00
59020.9800708081,-1.38170825794582,41789.171060997,0.136617585798119,-290.734084360825,0.015553173032628,2007-04-04 01:19:00
58610.4304895171,-1.34600863897397,41815.7259127147,0.0396201162152794,-285.295596719322,-0.0592073896936078,2007-04-04 01:24:00
58218.9964365377,-1.25405540510393,41812.3661121188,-0.0631514526179861,-330.144700250902,-0.175463959586968,2007-04-04 01:29:00
57863.8060753176,-1.10397448876837,41777.0487092499,-0.173791673072365,-318.751854467058,0.47518412572807,2007-04-04 01:34:00
57562.7262396527,-0.892707141884761,41707.0794371319,-0.294555465829491,-81.6228515749145,0.735144927373115,2007-04-04 01:39:00
57500.5978687216,-0.83244746854668,41684.7686004876,-0.325313595532503,-35.9387181469786,0.533764160312759,2007-04-04 01:40:12
57319.2384956704,-0.819817897407455,41605.2363522083,-0.346575502486274,-0.301085225267318,-0.314383122885716,2007-04-04 01:44:00
57268.4394321377,-0.877743581504183,41584.9911962678,-0.326477070444085,-27.4188624694692,-0.568142110585056,2007-04-04 01:45:00
57026.6647965001,-1.12541817843495,41518.2814123597,-0.231781513908661,-184.644656481335,-0.449802423229409,2007-04-04 01:49:00
56654.3603684125,-1.3392385175146,41464.1779784362,-0.132238764287467,-227.798530136871,-0.132652309977494,2007-04-04 01:54:00
56233.3594769619,-1.45061151708085,41437.0349870847,-0.0517405884307193,-279.087138561847,0.0259202641277334,2007-04-04 01:59:00
55794.0044174451,-1.46180703233705,41431.3944080822,0.0113536195897611,-217.697162656928,0.126290196677939,2007-04-04 02:04:00
55366.2634151056,-1.37305323526973,41442.2364445541,0.058329761356351,-236.025652459868,-0.122639924695987,2007-04-04 02:09:00
54980.341397334,-1.18254126494426,41464.877226203,0.0901452416281656,-212.852500259425,0.465877711180744,2007-04-04 02:14:00
54667.2955900139,-0.886388361725655,41494.8733489414,0.107448480881653,-4.80815529022982,0.538558480062199,2007-04-04 02:19:00
54658.4903797125,-0.874633030609208,41495.9495057195,0.107780257653205,0.395102642569023,0.502214590526437,2007-04-04 02:19:10
54414.0221142972,-0.951061804475815,41530.4094909117,0.136244675220198,-0.206054530682276,-0.568540135017972,2007-04-04 02:24:00
54065.2620321613,-1.32937068525422,41578.0707446091,0.179527174030018,-240.290082865426,-0.547609369915039,2007-04-04 02:29:00
53642.8770902145,-1.44272613317132,41636.9843564398,0.211387543024414,-335.143488307912,-0.594715753937406,2007-04-04 02:34:00
53225.8728700166,-1.29343840703565,41703.8267210614,0.232475117541596,-513.689591108685,0.249028957865886,2007-04-04 02:39:00
52893.364615786,-0.878464924504264,41775.4358263438,0.243219676261599,-181.708204246316,1.13567623874189,2007-04-04 02:44:00
52763.5346221557,-0.477038272181168,41821.6153268527,0.244785308439315,-37.9200551587509,0.471017718708467,2007-04-04 02:47:09
52721.5529990078,-0.314674921291137,41849.2476016097,0.25737637956322,1.1718527534344,0.24399113338347,2007-04-04 02:49:00
52654.9561470271,-0.509046901579269,41902.3211975824,0.334354825495616,8.10142341008195,-0.222934869983663,2007-04-04 02:52:03
52578.3077568421,-0.793143118853676,41945.3808775053,0.399555749198701,-47.6949484321506,-0.779900764716821,2007-04-04 02:54:00
52255.9074263351,-1.30477729755634,42083.6684422694,0.508529671113384,-357.983262498091,-0.642200819985551,2007-04-04 02:59:00
51825.8636582226,-1.51198236180475,42242.2852972866,0.535314063317669,-367.624926663623,0.193728177330898,2007-04-04 03:04:00
51378.7182777726,-1.41898128750039,42396.6980487364,0.480454809394207,-309.646959132406,0.304625805423025,2007-04-04 03:09:00
51004.6645681121,-1.02387865139661,42522.2876203938,0.342833841557678,-164.649237934302,0.631217874806524,2007-04-04 03:14:00
50850.1760566519,-0.626402358315706,42574.4475464191,0.215565452783027,-47.080821696696,0.555445373295411,2007-04-04 03:17:05
50790.9593773735,-0.434096763494671,42596.2944918398,0.18348726897647,0.126614213126357,0.221496925386762,2007-04-04 03:19:00
50712.9724726226,-0.503438620050293,42641.6709529331,0.365310598518381,-15.1056631733345,-0.339696692807256,2007-04-04 03:22:01
50641.9995787169,-0.684807298924269,42697.1922344172,0.562542592918878,-72.3484182437276,-0.62171563470778,2007-04-04 03:24:00
50381.6818580538,-1.02249060651187,42924.7118210781,0.921711874611306,-321.250402138535,-0.91339282008087,2007-04-04 03:29:00
50045.105072927,-1.19406275737674,43230.9998104728,1.08855532763977,-495.997356519808,0.123111105947455,2007-04-04 03:34:00
49681.4946233623,-1.20302050513872,43558.9652764668,1.06647333164273,-294.405117903831,0.657528547932581,2007-04-04 03:39:00
49339.52494547,-1.0495464146066,43851.9590941989,0.855015840974396,-165.992534965615,0.503094281159131,2007-04-04 03:44:00
49201.1228585131,-0.921582657017099,43960.6377824318,0.69046107656844,-80.94578192837,0.641205859032432,2007-04-04 03:46:20
49061.288797567,-0.862214190271153,44057.1463493093,0.534770007229559,0.124853399154124,0.270427823477675,2007-04-04 03:49:00
48893.0312441051,-1.05278657638548,44147.6477144403,0.494564966203159,-14.8331223109594,-0.419436743790753,2007-04-04 03:52:00
48754.3384195297,-1.25273422787413,44208.0709269127,0.511095443719277,-94.3856221616591,-0.930181952931655,2007-04-04 03:54:00
48321.3942532342,-1.59688089769042,44363.4334598569,0.515998823350279,-396.538299392351,-0.406897935184592,2007-04-04 03:59:00
47817.9342323822,-1.72363672442151,44512.465779279,0.468822491488266,-307.976281134704,0.442573646896649,2007-04-04 04:04:00
47308.6784083891,-1.63558507543631,44639.4264297903,0.368604963367907,-252.362155845684,-0.00390260682480393,2007-04-04 04:09:00
46858.2287103787,-1.33093140004131,44728.1241208293,0.213303739653126,-222.610881639393,0.486141539302578,2007-04-04 04:14:00
46633.1433984046,-1.02332066393694,44756.8466544896,0.0850673019273352,-79.9712160751998,0.835851896939755,2007-04-04 04:17:10
46528.8860660786,-0.898916513282395,44762.6182938296,0.0278623239824358,-0.0111129045723157,0.556185036483703,2007-04-04 04:19:00
46360.7968418009,-1.04007753255507,44766.582056214,0.0375373402615047,38.6513084477581,-0.102006828246598,2007-04-04 04:22:00
46222.6379302267,-1.2554204171745,44773.8816506567,0.0828339883445498,0.031547246734783,-0.559743467564869,2007-04-04 04:24:00
45786.4734528033,-1.60869001727452,44811.903068391,0.162814225594019,-240.821113204555,-0.660892480656475,2007-04-04 04:29:00
45283.3358201812,-1.70266488699076,44866.940544807,0.196466653863261,-373.122926023577,-0.512382894976927,2007-04-04 04:34:00
44790.5950237443,-1.53926029616276,44925.2219588903,0.184477131840746,-504.222036265798,0.106259058008062,2007-04-04 04:39:00
44385.8329492568,-1.1151459514323,44973.0413032161,0.126601305158232,-277.091987090511,1.06953348707243,2007-04-04 04:44:00
44148.4245468753,-0.421678122667764,44996.4793464764,0.02165962628755,-2.85542295586576,0.534136763579668,2007-04-04 04:49:00
44145.5409580086,-0.402178712467709,44996.6203890134,0.0186337813275359,0.776622184250654,0.503715584956043,2007-04-04 04:49:07
44073.9181120499,-0.338517331506122,45001.838399713,0.0797848367601637,1.37868325090132,-0.449850585971926,2007-04-04 04:54:00
43875.7741800135,-0.950730386128397,45060.2415398088,0.296812592132351,-195.319421712335,-0.606878634378674,2007-04-04 04:59:00
43521.9416524813,-1.37820051714035,45172.4694815416,0.439225045298865,-334.576589072166,-0.463091721811845,2007-04-04 05:04:00
43066.445019942,-1.62963984781181,45316.6101428085,0.509924656003983,-436.552529081892,0.0717380351576904,2007-04-04 05:09:00
42561.2367913573,-1.71017287757508,45471.4018437832,0.510352328954043,-335.649676663872,0.135505441415232,2007-04-04 05:14:00
42057.2563205666,-1.62144092270395,45615.7999798551,0.4405167804059,-338.077912551404,0.382625690871192,2007-04-04 05:19:00
41605.4679839236,-1.36163556742214,45728.5481187043,0.298994715809995,-96.0892273375826,0.736364484670352,2007-04-04 05:24:00
41491.5960772937,-1.25362652620958,45752.2215237865,0.244170391243045,-44.7049585961592,0.459583755881462,2007-04-04 05:25:27
41241.8757512814,-1.15123074893825,45788.9444886877,0.0998049016969951,0.808784881521612,-0.00898746235075042,2007-04-04 05:29:00
41096.305117469,-1.25489242185361,45795.9441085196,0.0146024305529542,-13.857087401951,-0.220499284282293,2007-04-04 05:31:02
40853.5451236123,-1.46293764762412,45788.0952365314,-0.0986051155566053,-76.4262863771131,-0.486801810638502,2007-04-04 05:34:00
40377.6699404892,-1.68245702094021,45736.5258318457,-0.23373369805058,-231.285353553435,-0.324085485209151,2007-04-04 05:39:00
39860.1609736487,-1.7409666499891,45654.6127383165,-0.30123924543785,-240.877148242627,0.158970444467223,2007-04-04 05:44:00
39349.0608474273,-1.63965899960931,45562.4025176797,-0.302497565307211,-190.623895438621,0.0577266626944355,2007-04-04 05:49:00
38892.542802561,-1.37646935305396,45479.7318694279,-0.237534303047713,-167.779755568001,0.3671672736311,2007-04-04 05:54:00
38682.5061396605,-1.16090657377559,45445.5671076188,-0.173153458131442,-73.8181321855915,0.65159397179535,2007-04-04 05:56:45
38535.5263357171,-1.04307289885379,45426.4747563383,-0.10851837735022,-0.00318085449069283,0.359693512346233,2007-04-04 05:59:00
38343.9060056428,-1.13312255059266,45415.5136563304,-0.0110795482953165,9.79958684190341,-0.20704186540222,2007-04-04 06:02:00
38199.147710369,-1.27561063666119,45418.0760114848,0.0515348768941501,-33.6314360248754,-0.519815332755971,2007-04-04 06:04:00
37774.5864920646,-1.53110585686387,45450.3331086293,0.149742358351554,-213.871859021304,-0.352677318606454,2007-04-04 06:09:00
37294.4824104727,-1.64652400291025,45499.7341520156,0.166021571223785,-224.479232151514,0.0361175278945576,2007-04-04 06:14:00
36800.4352341628,-1.62421737275749,45541.7919325079,0.10070429660849,-233.801031270002,-0.0192821999857573,2007-04-04 06:19:00
36333.760562236,-1.46373134256753,45551.8695804282,-0.0475406746404553,-225.247072253116,0.0406544815970299,2007-04-04 06:24:00
35936.3318634899,-1.16179510117331,45504.6784498993,-0.281734672833532,-173.894179643341,0.479805497607715,2007-04-04 06:29:00
35737.3318244031,-0.890035063913169,45431.7887368012,-0.479980258149123,-50.6317383350696,0.622844102494909,2007-04-04 06:32:13
35649.3294293798,-0.771263517346194,45374.9661506195,-0.57290675740115,-1.43245831358988,0.234841733140474,2007-04-04 06:34:00
35511.1168780579,-0.794903956175414,45265.4304250583,-0.604205472927538,-24.5676709365277,-0.37627692447213,2007-04-04 06:37:02
35411.2389698472,-0.895752699284705,45196.0848618436,-0.57030499813902,-76.8182474350338,-0.478121968452784,2007-04-04 06:39:00
35110.6870360725,-1.09430721250066,45040.5518171348,-0.460931913046834,-203.706750367766,-0.28775277461458,2007-04-04 06:44:00
34762.6491940978,-1.21286199141348,44923.0374800199,-0.316417352104568,-231.845837177159,0.0908033671610645,2007-04-04 06:49:00
34390.7229342656,-1.25383326062739,44854.5075024786,-0.133816013224722,-149.587083355131,0.465490360712543,2007-04-04 06:54:00
34065.702838704,-1.22705731342855,44844.0131937035,0.0589038872638387,-14.4704482506014,0.424562289898035,2007-04-04 06:58:21
34017.975263897,-1.22141156520454,44846.9170633256,0.0899161909809471,0.495412792033356,0.338821371549734,2007-04-04 06:59:00
33638.9464437987,-1.35887391332611,44907.7074298364,0.310090347230202,-0.677053417977033,-0.368538054878443,2007-04-04 07:04:00
33194.5493814954,-1.57740654782539,45027.5595759072,0.476110845321305,-161.317002354014,-0.442590684425424,2007-04-04 07:09:00
32708.1482676669,-1.63937555161408,45185.831651887,0.56665734234283,-225.059964674326,-0.0770208769262485,2007-04-04 07:14:00
32226.4435917656,-1.54604389387002,45360.1961108401,0.583575235637133,-227.977447257528,0.0702094480751583,2007-04-04 07:19:00
31796.2315597473,-1.29550941383798,45528.6533792118,0.527209323030199,-161.388292108942,0.447504424653735,2007-04-04 07:24:00
31499.1334093086,-0.94261032682772,45654.0384124453,0.41664206003603,-15.8335023266488,0.481465078449072,2007-04-04 07:28:23
31465.2820879358,-0.88880749664886,45669.1221454113,0.399545003322465,0.504149058848881,0.397461181415287,2007-04-04 07:29:00
31226.3890713271,-0.809657190088957,45788.0391014472,0.449067636553861,-1.10533568242625,-0.487521971802387,2007-04-04 07:34:00
30952.5855766813,-0.999711298645333,45950.9732419623,0.622779580577215,-199.499796954744,-0.384706846045427,2007-04-04 07:39:00
30635.9909381784,-1.09541500440129,46153.229161869,0.711657152070517,-207.644296013093,-0.0225789482392846,2007-04-04 07:44:00
30304.5703018013,-1.09871881201535,46369.6708608744,0.717511734572879,-305.120475275926,-0.643594565885635,2007-04-04 07:49:00
29985.9866499154,-1.00969005526621,46575.4514542215,0.640462648337933,-417.518482213454,0.617705662029913,2007-04-04 07:54:00
29708.1645910987,-0.826514269359512,46745.5067767871,0.47893958215933,-19.8079885829274,0.968070147036818,2007-04-04 07:59:00
29688.55283,-0.80769472389242,46756.8025589127,0.462281957015019,0.755402023190012,0.750008540761539,2007-04-04 07:59:24
29470.312627857,-0.866804019471349,46867.7598932436,0.3788158840148,1.25096471758573,-0.412150131278587,2007-04-04 08:04:00
29415.8326148113,-0.953610878383446,46890.7739410616,0.390068398628818,-25.1894745254983,-0.46598683151785,2007-04-04 08:05:00
29144.7531910913,-1.28134401310013,46991.8387952991,0.450204300710209,-149.082946760366,-0.532224539771117,2007-04-04 08:09:00
28723.4057192708,-1.4910129317627,47136.2385133214,0.509642492855685,-266.179039894933,-0.0980689711170153,2007-04-04 08:14:00
28271.9747610705,-1.48224051971141,47295.9888590657,0.552715274495484,-228.757333105477,0.113635242102717,2007-04-04 08:19:00
27855.9086031186,-1.25484798940157,47466.3199717492,0.580300497334308,-185.655574326233,0.457128703016032,2007-04-04 08:24:00
27590.1955455396,-0.907365680882635,47608.9126601064,0.591687375180715,-25.7177377668045,0.557839576026836,2007-04-04 08:28:03
27540.8569191776,-0.831536906878333,47642.6982086058,0.594043287995462,-0.426252877961448,0.310016890133341,2007-04-04 08:29:00
27333.0180294794,-1.02529975732337,47789.2808817713,0.62232904879858,-33.5869813502509,-0.422099677733453,2007-04-04 08:33:02
27269.4716107414,-1.16300391183932,47825.6600546921,0.631851969501705,-59.9294078746004,-0.480797123313395,2007-04-04 08:34:00
26844.0763084971,-1.59510188185645,48019.7896321914,0.655105260430148,-214.062202308838,-0.472457217267637,2007-04-04 08:39:00
26358.8308870087,-1.56268098798039,48214.3896503419,0.634993556291808,-268.61773461581,0.334435222644911,2007-04-04 08:44:00
25952.9541522301,-1.06508047100602,48396.4112441571,0.571106967288771,-61.8536110554145,0.62395945754349,2007-04-04 08:49:00
25895.4596208648,-0.914524201500654,48429.0362402564,0.553611473861201,-30.8073406161662,0.450664183509767,2007-04-04 08:49:58
25726.5927522639,-0.596799819244807,48558.7461464442,0.538999092643029,0.342090000224242,-0.212129256256709,2007-04-04 08:54:00
25690.1414845651,-0.625345732823222,48591.51382729,0.554526593243906,-17.5669447176245,-0.373506639491375,2007-04-04 08:55:00
25518.8397059509,-0.790958202245468,48733.0724103762,0.621791519000716,-133.553621997872,-0.454770192526903,2007-04-04 08:59:00
25261.9146467728,-0.904844249851168,48928.8431503584,0.678346403224205,-222.84870177342,-0.167028978188177,2007-04-04 09:04:00
24986.0671590651,-0.917321541261302,49137.1284740144,0.705363486358455,-257.459852844951,-0.13223330756758,2007-04-04 09:09:00
24721.6303127318,-0.82864437190601,49349.1644891584,0.703393394380762,-246.50549595972,0.49713822750867,2007-04-04 09:14:00
24559.6539756863,-0.705499261247867,49495.1714179003,0.684769133660648,-74.4712925354906,0.91275416741243,2007-04-04 09:17:30
24498.3239831754,-0.665198860014348,49556.2342990814,0.671414379269536,-0.779853994118726,0.682280499455881,2007-04-04 09:19:00
24329.9669272707,-0.787979319345672,49711.6507123189,0.612758928391022,37.2607794040736,-0.464782513369706,2007-04-04 09:23:01
24281.440173478,-0.855882382830181,49747.3170487805,0.59726482786986,-2.42759356795732,-0.897520656313534,2007-04-04 09:24:00
23983.952545895,-1.09917491807528,49924.6609466436,0.610709874086592,-318.957640656308,-0.124625447741067,2007-04-04 09:29:00
23638.6552665484,-1.17515362354846,50129.2129611099,0.778959712167178,-56.0884402303585,0.873726054242457,2007-04-04 09:34:00
23557.7249469752,-1.1691933411529,50185.0136752741,0.839850335533525,-9.86374933919732,0.48456921991422,2007-04-04 09:35:09
23287.3568185546,-1.19019942278617,50392.8399710732,0.910436918939582,-0.382776299830733,-0.323933991471862,2007-04-04 09:39:00
23214.0580536163,-1.21433644993261,50447.5509609783,0.879942899857386,-24.6966573889195,-0.462823643253574,2007-04-04 09:40:01
22912.7336102297,-1.29877566266829,50640.4453415759,0.74116633584961,-154.582633739481,-0.497950650530376,2007-04-04 09:44:00
22515.8813390663,-1.33383374415145,50843.7281079563,0.624531261512055,-250.689996303037,-0.154485620752509,2007-04-04 09:49:00
22120.2650604525,-1.2905217461416,51021.3520216807,0.569817383897938,-289.609843823427,-0.263075638424739,2007-04-04 09:54:00
21749.4882009808,-1.16795694154659,51191.6950265726,0.575909598087017,-405.973311432195,-0.344308320031675,2007-04-04 09:59:00
21427.6604309921,-0.963641378793419,51372.9866767302,0.642932067423474,-376.894790653056,0.848325079791109,2007-04-04 10:04:00
21204.8475451389,-0.712953846753556,51556.2213200576,0.753368064313008,-39.1966546429787,1.14767412583639,2007-04-04 10:08:24
21179.8254015944,-0.678713854404341,51583.662270066,0.770801006639535,-1.71837901812302,0.92256091120991,2007-04-04 10:09:00
20980.9885414481,-0.754262629338548,51828.6638153768,0.839946413968016,-0.928989804178257,-0.899274209129132,2007-04-04 10:14:00
20980.2336143244,-0.75559281523553,51829.5037639588,0.839950499723447,-1.83169593822754,-0.906126328950124,2007-04-04 10:14:01
20702.1314740182,-1.08002265891867,52079.9247906098,0.832180918433119,-286.07669165019,0.0039402528504815,2007-04-04 10:19:00
20347.5483461217,-1.25995427786634,52326.1919494725,0.806598528251888,-1.02884165844714,0.880844493736473,2007-04-04 10:24:00
19960.3658448183,-1.29772017417612,52562.0513875506,0.762678510333893,-0.522460981769627,-0.836457368170516,2007-04-04 10:29:00
19583.046261911,-1.19409004172878,52781.8770844319,0.699525745740154,-311.677813394059,-0.511885622964128,2007-04-04 10:34:00
19258.2529019861,-0.946951830060775,52979.7162414814,0.615853139466707,-228.269581637692,0.660338001098872,2007-04-04 10:39:00
19029.7195887058,-0.551268699382538,53149.1679598776,0.50995538859932,-46.3773885248957,0.43480778330078,2007-04-04 10:44:00
19000.9090101709,-0.45868252619141,53177.5897384496,0.487152156646819,-24.8369165973615,0.323306115353638,2007-04-04 10:44:57
18909.4080162477,-0.415630475941034,53269.9763471106,0.215694642028156,0.576180309108835,-0.132828576748535,2007-04-04 10:49:00
18881.1330590084,-0.519069722114244,53279.5082902573,0.0931702249871539,-11.399513662978,-0.253046089000414,2007-04-04 10:50:01
18704.3166876741,-0.933917017635405,53245.4535633559,-0.352511778191764,-100.945565953104,-0.432141980702745,2007-04-04 10:54:00
18373.3106016178,-1.23204084016577,53081.9783981186,-0.698300886435468,-215.737120314704,-0.272608699110688,2007-04-04 10:59:00
17989.3129008104,-1.28779323227348,52849.6054756506,-0.812608675415386,-258.954830915232,-0.0537498574843517,2007-04-04 11:04:00
17624.7418294429,-1.10231046448925,52617.312828095,-0.697764813279176,-264.272060052085,-0.00877981249808512,2007-04-04 11:09:00
17352.41155923,-0.671812275643614,52454.080123651,-0.35142870635461,-217.755313010318,0.532361474853913,2007-04-04 11:14:00
17247.0161902649,0.0124751713494891,52430.2945177167,0.233458203693549,-1.27268262639853,0.471085981290342,2007-04-04 11:19:00
17253.5111671631,0.192533945357516,52450.1889765983,0.390152203199222,20.0223047012348,0.208046297049657,2007-04-04 11:20:04
17321.915393249,0.141228925861876,52575.8979598305,0.51832396366933,1.09622327341904,-0.271435883404362,2007-04-04 11:24:00
17306.6780583068,-0.457974558699067,52623.0006936291,0.218915343275736,-38.5872695904335,-0.38311556001037,2007-04-04 11:26:01
17130.9052375348,-1.44294114138853,52610.6676574104,-0.331485145802974,-123.400522522778,-0.579010165586489,2007-04-04 11:29:00
16550.157622256,-2.25494670048116,52412.6142089817,-0.920023876589901,-304.684459887927,-0.4421151625612,2007-04-04 11:34:00
15881.6865221455,-2.02875561209021,52099.4885515837,-1.09993347317244,-296.366942831383,0.680372507754398,2007-04-04 11:39:00
15439.4204188373,-0.777676933649664,51795.7539730683,-0.879143903996477,-3.67095853221281,0.698705975836527,2007-04-04 11:43:57
15437.1140626518,-0.759935141854321,51793.1228522968,-0.874954389216486,-1.6025269756187,0.68017592614362,2007-04-04 11:44:00
15349.8785220323,-0.232726226360658,51539.3955071312,-0.994184315279037,-0.521700580608939,-0.518717649663753,2007-04-04 11:49:00
15193.226055071,-0.748747037980135,51158.6489060506,-1.49330526889758,-204.247561931076,-0.558152693599749,2007-04-04 11:54:00
14937.9459539773,-0.891358238035806,50673.4898614319,-1.69144708890613,-289.218653100285,-0.1043287864527,2007-04-04 11:59:00
14695.4363129266,-0.663466336864668,50173.4546159235,-1.59264803630957,-241.613637923318,0.618909642487933,2007-04-04 12:04:00
14588.5413064624,-0.242235546506309,49839.662925847,-1.31953709913857,-47.1436149368563,0.799390459479643,2007-04-04 12:07:47
14576.3709334185,-0.100889868280059,49746.9414708818,-1.22920087846209,0.487422039706458,0.470412794622489,2007-04-04 12:09:00
14571.3387788455,-0.0461482657008242,49454.4983594782,-1.28938570783542,-14.2641619007731,-0.455802651593508,2007-04-04 12:13:01
14566.7601290944,-0.108557830044618,49376.0671986519,-1.36820979139391,-45.3715563794468,-0.596437524126182,2007-04-04 12:14:00
14491.5289104511,-0.380586266731313,48916.2792476996,-1.66961374606834,-248.28002075476,-0.498388774770764,2007-04-04 12:19:00
14345.5924876414,-0.580724796896143,48390.4999688476,-1.80889765164696,-293.850893478167,0.139466424440131,2007-04-04 12:24:00
14149.8705318075,-0.713052375814209,47846.8579971421,-1.78890020601034,-171.048436526083,0.708468062208489,2007-04-04 12:29:00
14059.8812151972,-0.748378044188911,47629.8824416612,-1.73467731155807,-75.539367017405,0.75954573754069,2007-04-04 12:31:03
13924.0267957704,-0.784355982272282,47331.5907218108,-1.63510457500751,-1.46639899713352,-0.139439824327941,2007-04-04 12:34:00
13683.3487200845,-0.81354955609325,46867.6971466193,-1.45490557956765,-228.322505398757,-0.705561531895232,2007-04-04 12:39:00
13439.8484357773,-0.803202596185026,46460.4038763538,-1.25712964918926,-343.753735708238,-0.406249250710256,2007-04-04 12:44:00
13205.3996095318,-0.753104224678845,46115.5786666101,-1.03774597993947,-537.321198925681,-0.803656489677049,2007-04-04 12:49:00
12992.0603827174,-0.66223340371378,45840.3624132675,-0.79228338791272,-732.072107956579,-0.1986764906567,2007-04-04 12:54:00
12812.319124266,-0.528738126011557,45643.3146886571,-0.515739183553117,-566.295142539512,1.36978530233665,2007-04-04 12:59:00
12679.3489518689,-0.349897669746472,45534.5881912933,-0.202477213541051,-74.9955296305616,1.17859767585225,2007-04-04 13:04:00
12661.1413888203,-0.311919416344302,45525.1476037461,-0.140572324513725,-21.8332897744129,0.768404378397919,2007-04-04 13:04:55
12601.5840911277,-0.191798074330987,45522.2837395455,0.106699245045443,0.146739707366091,-0.51513976586479,2007-04-04 13:09:00
12590.510478042,-0.178366336274104,45530.2363717347,0.157778510930309,-38.4252594308711,-0.752267051039678,2007-04-04 13:10:00
12552.7937689662,-0.135304405404495,45590.8168521505,0.343295332761157,-248.065880438147,-0.756547536721098,2007-04-04 13:14:00
12520.9773499499,-0.0756395103697896,45724.8918853851,0.545317805663491,-391.146260999635,-0.32914360693834,2007-04-04 13:19:00
12508.1722846838,-0.00834722676699731,45915.0714464548,0.717959475900737,-468.732247476742,-0.149254036073058,2007-04-04 13:24:00
12516.8682889968,0.0679439065360736,46153.0830984883,0.864738894603135,-491.312667563133,-0.0826988344991181,2007-04-04 13:29:00
12549.9932847,0.154788753165,46431.6292541828,0.988647523153454,-503.493584035722,0.142507242081824,2007-04-04 13:34:00
12610.9730725649,0.253957268385168,46744.2384461603,1.09221070114342,-384.869768222663,0.591291723925275,2007-04-04 13:39:00
12703.8011524026,0.367470571957714,47085.1334341937,1.17753911446057,-173.71877377054,0.773127962406221,2007-04-04 13:44:00
12745.0641817652,0.411432395457025,47211.3551378234,1.20366542765576,-93.1932395545223,0.718642913464797,2007-04-04 13:45:46
12822.7008186299,0.336473332380962,47443.6356625692,1.16163956197706,-0.175412232049806,0.109467447097292,2007-04-04 13:49:00
12852.5454707261,0.12336066150655,47581.0329128636,1.04240584949299,-21.3213185080397,-0.402779335326806,2007-04-04 13:51:04
12842.7552399473,-0.216573910159909,47746.6612599577,0.848616134510243,-130.243421230551,-0.791295608306848,2007-04-04 13:54:00
12720.1096529717,-0.549859310246522,47966.0658519164,0.639169969645453,-372.280249950965,-0.595738458884734,2007-04-04 13:59:00
12543.3165104447,-0.578169458444319,48145.049227814,0.578684618025454,-451.121902597707,-0.00975064401190436,2007-04-04 14:04:00
12403.6271757034,-0.302081334249623,48328.0394192077,0.665927348282349,-347.458773046193,0.903746236471714,2007-04-04 14:09:00
12375.9441487176,0.0262488932287447,48463.7915919199,0.795710575471994,-124.107767430903,1.2640927226317,2007-04-04 14:12:07
12391.084824877,0.231875027416416,48558.2634587582,0.868620016171839,-0.311428513553097,0.840891147912108,2007-04-04 14:14:00
12453.6059071236,0.438065869765999,48718.2178937346,0.889083163251289,60.1332048534175,-0.152882719067018,2007-04-04 14:17:00
12511.2132425866,0.520031515787687,48823.5334039678,0.867463889211455,-1.83570161539082,-0.918795814627453,2007-04-04 14:19:00
12691.9783450652,0.672832542385906,49079.5098072388,0.847013974979908,-379.568415808336,-0.841676413848314,2007-04-04 14:24:00
12907.70397118,0.753496712577984,49336.5166729496,0.874345282602031,-455.439140050299,-0.215690612068262,2007-04-04 14:29:00
13137.031863259,0.76366801536617,49608.9475260513,0.95001484215747,-545.852922554711,0.0166019596800939,2007-04-04 14:34:00
13358.8809867839,0.703553748611241,49911.5102425331,1.07556484918878,-362.09472815582,1.13924688663275,2007-04-04 14:39:00
13534.0228536325,0.588909518979015,50220.9924099803,1.23263517498229,-27.6429549935115,0.965310309006564,2007-04-04 14:43:29
13552.0219387358,0.572321043784786,50259.4848261306,1.24949153327902,-0.370910054993052,0.78764470562393,2007-04-04 14:44:00
13699.5646156032,0.410927019577645,50618.0810066998,1.02350005300413,0.736488737627836,-0.735909624446028,2007-04-04 14:49:00
13802.7813796651,0.291593792310851,50844.6905532779,0.508369573161974,-286.093703558971,-0.595612024732317,2007-04-04 14:54:00
13883.071206703,0.257821708003654,50935.3005019921,0.115299328976915,-317.993612505752,-0.0427537389251872,2007-04-04 14:59:00
13965.9559370916,0.308922469298603,50925.2673418882,-0.163721710433938,-359.452063378925,0.000706553403987675,2007-04-04 15:04:00
14077.0102970476,0.445937543421795,50847.8963890607,-0.334380177922491,-252.169759053472,0.742496351643895,2007-04-04 15:09:00
14229.129531344,0.653769183679544,50743.1128204839,-0.398994168819454,-12.1725126278201,0.650171456970979,2007-04-04 15:13:40
14242.3838309714,0.671764770749729,50735.13204571,-0.398432988839815,0.0054698140446745,0.565562344341418,2007-04-04 15:14:00
14492.2112826505,1.0177182342965,50665.2060112013,0.0790945472372236,-0.853074330032713,-0.551242321766763,2007-04-04 15:19:00
14496.2933321309,1.02331088128973,50665.5470010455,0.0914266796614012,-3.09077188586342,-0.567530698282353,2007-04-04 15:19:04
14846.3456319704,1.29403899148508,50808.0473505621,0.802818951996645,-243.431415402506,-0.735781232354597,2007-04-04 15:24:00
15239.3193920287,1.27704720889554,51105.2185282913,1.10958781990523,-330.863063539056,0.269817892107783,2007-04-04 15:29:00
15583.2240120206,0.96635693039351,51432.7458235748,1.00553608038954,-137.659558238916,0.67618895066813,2007-04-04 15:34:00
15789.1508268263,0.35563608314236,51667.2740370038,0.488543090355863,0.0973518046745114,0.284360362423814,2007-04-04 15:39:00
15789.5051883901,0.353086466797236,51667.7613688668,0.486119852758768,0.381168490325458,0.283272074823889,2007-04-04 15:39:01
15820.9767159014,-0.00935075096835043,51772.8170195586,0.444305302926595,-0.214770541990732,-0.461667247064432,2007-04-04 15:44:00
15823.6538344995,0.0270628230006933,51991.9273390058,0.981152558498986,-220.014682005045,-0.600250877250738,2007-04-04 15:49:00
15837.1700118991,0.0630321178489567,52340.8240361412,1.3110143523402,-281.677755142912,0.10137800301662,2007-04-04 15:54:00
15861.5019655203,0.0992902115342015,52758.5232563775,1.44061348541681,-224.668470219298,0.103816011298512,2007-04-04 15:59:00
15896.8468454375,0.136576067925008,53185.4433859365,1.37259127355679,-204.091946387449,0.269584325461238,2007-04-04 16:04:00
15943.6262524281,0.175649597371905,53562.1907392553,1.10556137920853,-65.6151887391347,0.406551170597012,2007-04-04 16:09:00
15957.5510262751,0.186062322824381,53643.5094826631,1.00436179014706,-39.579666975711,0.278353076349145,2007-04-04 16:10:17
16000.2524789982,0.18712967670623,53842.7712816346,0.828174958967651,0.282793359530171,0.121146012362971,2007-04-04 16:14:00
16021.4544787771,0.163396394621771,53942.4348985783,0.846009591997779,10.6579847122958,0.0276988496015306,2007-04-04 16:16:00
16046.6019976698,0.116514597044059,54101.9858319609,0.924276571073737,-20.0636696466225,-0.454013793032943,2007-04-04 16:19:00
16070.5687495947,0.0444332135310788,54394.9520182556,1.02218851561856,-248.50777512105,-0.776987639464933,2007-04-04 16:24:00
16073.8923441388,-0.0213397111595519,54711.4007820089,1.08109243071634,-403.331339224719,-0.214503016783364,2007-04-04 16:29:00
16058.2613825368,-0.0821446726230809,55039.8292860677,1.10218881701536,-435.960605649164,-0.279352039216095,2007-04-04 16:34:00
16024.9781596651,-0.139220916086851,55368.9788482887,1.08590763278559,-576.724484559189,-0.40593946301271,2007-04-04 16:39:00
15974.9852056704,-0.193731693045552,55687.60548217,1.03191705675179,-555.214455445118,0.794832824086517,2007-04-04 16:44:00
15908.8844953555,-0.246787969094075,55984.250736988,0.939116725357116,-181.298838215408,1.12563874833175,2007-04-04 16:49:00
15871.5273818033,-0.272056397526235,56115.3600254808,0.880263091239446,-59.8490925766598,0.6016630149594,2007-04-04 16:51:24
15826.6916703195,-0.304434408939915,56247.4925514719,0.814932100616211,0.79530819639654,0.181794409221064,2007-04-04 16:54:00
15767.6005800312,-0.354411774901785,56388.0370970266,0.748175361380955,-6.59030281319729,-0.257233758356381,2007-04-04 16:57:00
15723.0835974374,-0.385157297587535,56475.2169812446,0.703904696427727,-56.8440353520554,-0.597844518337682,2007-04-04 16:59:00
15603.1210872657,-0.39981599045522,56666.9735125815,0.568440262667854,-275.998050044924,-0.502826260870607,2007-04-04 17:04:00
15492.0722242883,-0.325632262494011,56812.5129853226,0.395268739127795,-291.710261706165,0.305786627546402,2007-04-04 17:09:00
15416.7710397606,-0.161094200389446,56900.0139067348,0.180860775917452,-141.970852175904,0.586436376156643,2007-04-04 17:14:00
15401.1306905824,0.0464369221902115,56919.2878547065,-0.0315178355580632,-14.6060159719323,0.351935197392871,2007-04-04 17:18:09
15404.6914197314,0.0919334598388776,56916.5828095144,-0.0726303693695145,0.340813221839164,0.228436855316183,2007-04-04 17:19:00
15443.607716346,0.204537954540656,56889.4502237607,-0.110828843038865,5.15185263215947,-0.0839460637200538,2007-04-04 17:23:00
15456.0960720134,0.211690196877917,56883.4648914252,-0.0888237884733562,0.236815236876162,-0.0746192915756624,2007-04-04 17:24:00
15524.4886954791,0.243069007320274,56871.9800127281,0.0089286247995683,-10.0119182627463,-0.0101567407405428,2007-04-04 17:29:00
15601.2522756006,0.26759116287403,56886.9179268242,0.0876267299288945,-8.95908325826962,0.0211847273773591,2007-04-04 17:34:00
15684.4081362986,0.285756441246503,56922.8121944351,0.148874446213892,-0.0282282312371715,0.0234061789349163,2007-04-04 17:39:00
15772.107880389,0.297935062794465,56974.6234805918,0.193920042517239,-0.079798515643771,-0.0295172170489354,2007-04-04 17:44:00
15862.5957180286,0.304375235859237,57037.6368496636,0.223681577807946,-9.85079917478963,0.00178357143188858,2007-04-04 17:49:00
15954.1726825601,0.305208215416428,57107.3656718597,0.238765611808764,-0.118493842029152,0.0212443698097422,2007-04-04 17:54:00
16045.1620044508,0.300450978138925,57179.460182754,0.239479567083487,-0.923340149991813,-7.52189482319619e-05,2007-04-04 17:59:00
16133.8749376232,0.290006568392688,57249.6188322167,0.225837994511609,0.885079548908163,-0.0101969123414562,2007-04-04 18:04:00
16218.5763416961,0.273662122216967,57313.500615985,0.197562869844838,0.581689108714262,0.0610804094045501,2007-04-04 18:09:00
16297.4493186789,0.251084529016354,57366.6366031326,0.154077927389517,-46.8665363895084,-0.768849982349628,2007-04-04 18:14:00
16368.5581833917,0.221813642547101,57404.3388563087,0.0944969153316157,-435.264140025826,-1.32687829715805,2007-04-04 18:19:00
16429.8090129249,0.185252902833115,57421.604888483,0.017605533340114,-681.844626437931,-0.164185530332814,2007-04-04 18:24:00
16478.9069711084,0.140657177880096,57413.0157089593,-0.0781633156748164,-547.678599136302,0.850051805453174,2007-04-04 18:29:00
16513.3095382369,0.0871175773939363,57372.6253807706,-0.194761464034307,-298.335487674268,0.513308817554127,2007-04-04 18:34:00
16530.1746928411,0.0235429289969337,57293.8398385609,-0.334565258921112,-207.458678614025,0.520761858468507,2007-04-04 18:39:00
16527.978055468,-0.0417273338613903,57186.9115649885,-0.479038662701234,-16.6562316513404,0.555303034443135,2007-04-04 18:43:24
16526.3323240095,-0.048917887141111,57169.3299491833,-0.496469621958609,0.348857613375987,0.381151549495815,2007-04-04 18:44:00
16521.9525677133,0.0742723831541662,57029.2728420913,-0.350523414809699,1.30612510650781,0.0287733746262792,2007-04-04 18:49:00
16522.0273192281,0.0752312561911984,57028.9229970528,-0.349165693870583,1.33629447924637,0.0315599846365129,2007-04-04 18:49:01
16584.9433672459,0.337402055295987,56980.6835588556,0.011221179009596,-2.12782572593995,-0.534392804986182,2007-04-04 18:54:00
16719.6868061757,0.553431971773509,57027.1194856716,0.284048299216855,-276.14222041352,-0.636411763194804,2007-04-04 18:59:00
16912.7355397241,0.726762844730714,57142.7821362485,0.473514903616517,-301.305961005338,0.144294313352956,2007-04-04 19:04:00
17151.8305227734,0.860927271703933,57303.2839094476,0.583482446596372,-289.763240782248,-0.144893041855209,2007-04-04 19:09:00
17425.6511631477,0.958659612222451,57485.1510550299,0.616192139227362,-306.147900036321,0.442504492798084,2007-04-04 19:14:00
17723.5846004755,1.02195171585955,57665.3452631397,0.572310626623722,-61.5141616771434,0.632114092932561,2007-04-04 19:19:00
17793.416891289,1.03165668136544,57703.5826824825,0.551655242180475,-28.7523848634113,0.350317526293729,2007-04-04 19:20:08
18030.7960892472,0.991120696350621,57823.9572353165,0.491862409163671,0.479699335343166,0.0460766852924047,2007-04-04 19:24:00
18090.2614158048,0.956923867846352,57853.6447993262,0.481897294087058,3.86446726786819,0.0602627976511586,2007-04-04 19:25:01
18301.6276512766,0.815832931640867,57964.788348314,0.4484849190311,0.541894786960481,-0.172535970042716,2007-04-04 19:29:00
18523.8273351596,0.671315423178992,58093.3313341098,0.408833826044719,-123.117715531907,-0.605515036327617,2007-04-04 19:34:00
18707.7706750676,0.5603583578743,58210.2682392646,0.370979904260985,-347.421092049825,-0.874631688405773,2007-04-04 19:39:00
18863.1701352053,0.48070035753809,58316.021775485,0.334151665781902,-568.615556669698,-0.297197145752032,2007-04-04 19:44:00
18999.1564366774,0.430717939573543,58410.7867300408,0.297598526811876,-538.978973223701,0.138867212603533,2007-04-04 19:49:00
19124.464647608,0.409392429329402,58494.5339356586,0.260575510264782,-493.7858681872,0.484269936120462,2007-04-04 19:54:00
19247.6122095921,0.416289198838565,58567.0096760731,0.222328062639502,-233.21623889834,0.991983987043425,2007-04-04 19:59:00
19353.808116588,0.443381226361803,58618.0761241864,0.189232299529817,-26.1701160890753,0.590712583593828,2007-04-04 20:03:08
19377.0550121442,0.45053821345214,58627.8382582177,0.18829275018062,0.29978344730907,0.420118399024297,2007-04-04 20:04:00
19487.8532634016,0.468724677822086,58686.4617928795,0.344196940878588,17.482439377157,-0.215477675385024,2007-04-04 20:08:00
19516.0209585627,0.470180958812392,58709.2315544223,0.414098747986087,0.664960935475313,-0.345975276937288,2007-04-04 20:09:00
19657.99894356,0.475913574788603,58879.217681713,0.702373029217673,-158.9956370088,-0.596439063250228,2007-04-04 20:14:00
19801.3189418205,0.479142878086003,59120.8567590017,0.892594729511248,-288.978381216364,-0.11845998961799,2007-04-04 20:19:00
19945.241085869,0.479934684036149,59405.3633281041,0.988640692607034,-291.396017315664,-0.295292536960242,2007-04-04 20:24:00
20089.0377803587,0.478305130166656,59704.8255985984,0.992468398593937,-480.750690288706,-0.62798715204444,2007-04-04 20:29:00
20231.978873198,0.474221005094657,59991.6365871234,0.904155858645099,-492.382208215007,0.916546592340151,2007-04-04 20:34:00
20373.3167745693,0.467599071656905,60237.9314688453,0.721903204937036,-69.7616515486542,0.977513645295937,2007-04-04 20:39:00
20407.3791334054,0.465589708809489,60288.5145301613,0.662966217772252,-19.8665785737644,0.432304822842917,2007-04-04 20:40:13
20513.1830362139,0.470359476768461,60429.9877826476,0.639889233159824,2.32094290519009,0.0582017607855309,2007-04-04 20:44:00
20541.5476279368,0.475390285131594,60469.776454431,0.690345913157163,8.75627339470219,0.140615019749763,2007-04-04 20:45:00
20657.4053733824,0.485805745137695,60661.3966892625,0.890077748662504,-0.897686731846431,-0.49867338216489,2007-04-04 20:49:00
20800.6823646254,0.462661956856709,60949.1156494091,1.00295317966913,-255.347878955484,-0.612042473992221,2007-04-04 20:54:00
20930.9393341595,0.398858479641152,61248.1802678121,0.965843671540149,-295.347884776324,0.0516708627874858,2007-04-04 20:59:00
21035.8042915044,0.29309495653456,61513.5579427121,0.777992908018919,-303.549448916883,-0.130343902104857,2007-04-04 21:04:00
21102.3877402202,0.143215857164376,61699.5295102176,0.435572366620718,-286.032756522756,0.622181057920362,2007-04-04 21:09:00
21118.0263327873,-0.0376986829387417,61759.7913372319,-0.025745699641703,-16.1087499400175,0.757501192656255,2007-04-04 21:13:38
21117.025219011,-0.0531192402616015,61758.7836291759,-0.0648278428261778,-0.909452994338668,0.620118021914007,2007-04-04 21:14:00
21081.4137288766,-0.148770297590364,61723.4765876806,0.0218357669709038,1.51164376602841,-0.284504021139425,2007-04-04 21:19:00
21038.0453696082,-0.14152833155219,61820.3265343806,0.593242343190965,-137.005695196712,-0.819607119633356,2007-04-04 21:24:00
20995.7962086957,-0.141296328747534,62061.5949026123,0.986257111284336,-462.28704228023,-1.05609833531538,2007-04-04 21:29:00
20952.5675236267,-0.148069560806191,62395.0541573519,1.20888997149455,-728.396986684215,-0.841261962283806,2007-04-04 21:34:00
20906.2406285405,-0.161986070665779,62770.3556746604,1.26567832838243,-949.363654704098,-0.437635451327288,2007-04-04 21:39:00
20854.6336940124,-0.183329485977885,63138.003603513,1.15777956612433,-937.400723315314,0.538083076790187,2007-04-04 21:44:00
20795.4572799305,-0.212534799626709,63448.3461077033,0.882994636765181,-638.395496008827,1.38693091916709,2007-04-04 21:49:00
20726.2676751962,-0.250197235171006,63650.563428666,0.435723242170461,-203.921784416877,1.18209423675998,2007-04-04 21:54:00
20687.6444602225,-0.27212050725976,63694.37697092,0.148883142513993,-68.7844245674488,0.673578577306888,2007-04-04 21:56:28
20644.3575509365,-0.298259760319876,63699.4743462009,-0.0383430749311616,-0.664622702346771,0.213518335084823,2007-04-04 21:59:00
20587.4120527497,-0.335650367295546,63697.4676642539,0.0769493604228418,3.59275233611451,-0.0656507088180484,2007-04-04 22:02:00
20545.5329554882,-0.362026642923601,63718.1871603984,0.264749997420087,1.02099587145489,0.0653394197738005,2007-04-04 22:04:00
20427.9261745273,-0.420240327265322,63857.3786355897,0.641527261104691,-0.745326025575513,-0.502311319917235,2007-04-04 22:09:00
20294.3996783023,-0.468337964105659,64090.4479533923,0.891663061640749,-300.299184513261,-1.06925079236653,2007-04-04 22:14:00
20147.8363555139,-0.507299815013176,64380.230356675,1.02025533165647,-528.527235989798,-0.421388405882111,2007-04-04 22:19:00
19990.8533957369,-0.537919948212303,64690.716938402,1.02992486644641,-564.65595826095,0.103425502007921,2007-04-04 22:24:00
19825.8556294707,-0.560822422217578,64986.3207563526,0.920868737508532,-548.47041225364,-0.247326722623715,2007-04-04 22:29:00
19655.0845401711,-0.576474004557871,65231.1515477624,0.690864308991334,-613.44723147931,0.465484151692886,2007-04-04 22:34:00
19480.6639471617,-0.585193684806543,65388.2842620914,0.335223938908915,-259.028966786301,1.28668523281548,2007-04-04 22:39:00
19355.1481817049,-0.587281407830141,65425.4784694804,0.000858465319945378,-47.5536262430212,0.700115219780201,2007-04-04 22:42:34
19304.8936237103,-0.578426134323078,65420.3688264955,-0.105775036439296,1.5061100965884,0.430849213716589,2007-04-04 22:44:00
19177.6809764558,-0.458177664646075,65399.2191544944,0.0377941670891513,20.6482946539001,-0.236381697014598,2007-04-04 22:48:00
19151.5921506337,-0.411946760354979,65404.9272552651,0.151246247043329,1.57303531973603,-0.402643716636697,2007-04-04 22:49:00
19057.9152640202,-0.224568760623526,65523.5945218838,0.610156971547354,-213.271874307092,-0.949882650265399,2007-04-04 22:54:00
19009.8179457544,-0.107567941413884,65753.6071792774,0.894807008303902,-503.483836736044,-0.804421467385613,2007-04-04 22:59:00
18986.5798444507,-0.0585597488457312,66043.6442103383,1.01099771284418,-654.732343844546,-0.219114557986805,2007-04-04 23:04:00
18967.9872559641,-0.0765453636240772,66343.6079342918,0.961097128377155,-642.899155906755,0.281340042369836,2007-04-04 23:09:00
18933.921154766,-0.161891344443121,66603.6029829132,0.744088248072213,-465.985033252826,0.99474573163667,2007-04-04 23:14:00
18863.9471549307,-0.316337098694251,66772.9194000072,0.355548287789123,-123.179466697596,0.884594110286719,2007-04-04 23:19:00
18803.3912007384,-0.43028430303376,66808.319322178,0.0698546563642488,-27.9478818263452,0.346084402709243,2007-04-04 23:21:43
18739.2823407714,-0.490833968176088,66803.9521808062,-0.103965344666513,0.828031251870033,0.0916654590877504,2007-04-04 23:24:00
18636.0044811338,-0.400793558090753,66782.8397247023,-0.00852560635491142,0.943963560521613,-0.0186457280177608,2007-04-04 23:27:42
18607.5040598793,-0.33086585307389,66786.5757091145,0.103003763267736,1.54499914681257,0.0432508180913543,2007-04-04 23:29:00
18543.2641976062,-0.109891606845897,66873.8635088107,0.460272886578743,-0.89081365177062,-0.300612397651457,2007-04-04 23:34:00
18534.2762032757,0.0381042560841667,67051.8838899746,0.70891287973576,-204.194297626159,-0.915392103909543,2007-04-04 23:39:00
18559.1352796774,0.116137989034911,67288.8620868467,0.853991189825832,-463.216732054799,-0.60216826052798,2007-04-04 23:44:00
18597.126455231,0.125799970962315,67554.2249328459,0.898464608515984,-544.160897143357,-0.0611396962598786,2007-04-04 23:49:00
18627.8023992004,0.0672871194320175,67817.9777592656,0.843239533418014,-500.317680245275,0.475434818462309,2007-04-04 23:54:00
18630.5666916036,-0.0605930960707877,68050.0930841379,0.68719044106973,-258.685763183653,1.01429698312243,2007-04-04 23:59:00
18590.0370241649,-0.242494152849056,68209.8004115333,0.450862550485776,-10.9260846231672,0.514281350538015,2007-04-05 00:03:37
18584.2630493211,-0.259273727813518,68219.9083425512,0.428403502058215,-0.470842015169951,0.392143821873761,2007-04-05 00:04:00
18491.6404538429,-0.304511047583748,68322.3776149217,0.308056710204882,-4.95249714241138,-0.0330356243465683,2007-04-05 00:09:00
18479.2357983565,-0.285133088506449,68335.4759515853,0.316717282566955,-4.51911009608944,0.0474053210521527,2007-04-05 00:09:42
18422.0642185544,-0.163670945265838,68426.6369748548,0.390405354506214,0.0100582385009991,-0.241430749311888,2007-04-05 00:14:00
18389.0468539888,-0.0636559545763927,68557.1037078323,0.480255046555588,-190.015866000656,-0.879127329149171,2007-04-05 00:19:00
18379.6325980994,-0.00605018222181083,68715.412426003,0.576333191852118,-478.952878039447,-0.998805222304016,2007-04-05 00:24:00
18381.2960217444,0.0103204154407219,68903.7217270516,0.680597926379186,-775.116641235034,-0.967046249104053,2007-04-05 00:29:00
18381.7374661991,-0.0142105180088354,69124.801640333,0.795174234209345,-1021.70120532632,-0.535088226647724,2007-04-05 00:34:00
18368.6323679964,-0.0801429391771113,69382.0900818982,0.922397256081559,-1003.12525498989,0.890381625373099,2007-04-05 00:39:00
18329.3800761936,-0.188820594302789,69679.7629214911,1.06485988110994,-575.415267310117,1.37681032264068,2007-04-05 00:44:00
18250.8470427929,-0.342458405691409,70022.8190895288,1.22546559157443,-261.347613499136,0.963006293960261,2007-04-05 00:49:00
18153.889820251,-0.494768788004502,70324.3178338092,1.36479560127362,-43.1105164045513,0.76938777807147,2007-04-05 00:52:53
18119.3215300353,-0.534230067566161,70416.918625204,1.39567380249145,1.18629995618962,0.536365275944314,2007-04-05 00:54:00
17986.7529386098,-0.533506808916456,70748.8517792284,1.32254381556395,25.2236881710084,-0.308315106409061,2007-04-05 00:58:00
17955.5603545982,-0.5065836989173,70826.6039147422,1.26963190391593,0.0790517694821646,-0.535136836467682,2007-04-05 00:59:00
17820.5301858536,-0.401820833872586,71171.9871027413,1.04337569904385,-220.878434924639,-0.549347938693772,2007-04-05 01:04:00
17709.6374599768,-0.34539467017736,71458.6898945047,0.877766198542777,-280.214533451178,-0.0369797554841665,2007-04-05 01:09:00
17608.5779117562,-0.336155205391468,71704.3700878595,0.769428171540781,-287.949423754617,-0.00386624398231258,2007-04-05 01:14:00
17503.2476826279,-0.373914133127349,71925.8494130145,0.71615361757755,-281.931248971681,0.0356863310480454,2007-04-05 01:19:00
17379.4558747336,-0.459441005241628,72139.4563705199,0.716856766098367,-284.631696629029,-0.117966586227587,2007-04-05 01:24:00
17222.6353310608,-0.594478915809622,72361.3590168793,0.771551947733954,-275.142212983984,0.556649272723184,2007-04-05 01:29:00
17017.545747173,-0.781780026532508,72607.8944802082,0.881353886368164,-4.47734462227351,0.656421677343637,2007-04-05 01:34:00
17012.8421678384,-0.786083486927685,72613.1909067777,0.884125455172466,-0.6410630616997,0.622470725120229,2007-04-05 01:34:06
16771.3400307206,-0.786465812759493,72861.9714186573,0.702045289865501,-0.694763121053301,-0.518798632189819,2007-04-05 01:39:00
16565.1370450648,-0.596408965245432,73000.5128788213,0.236596102021241,-197.863380985737,-0.435175528887175,2007-04-05 01:44:00
16408.7602641258,-0.453728099486172,73012.5016356507,-0.143069391363922,-227.362935517973,0.0161616922502982,2007-04-05 01:49:00
16288.4563938685,-0.355515285311722,72922.4705408641,-0.444689023508489,-230.843176492975,0.0118030104352086,2007-04-05 01:54:00
16191.2073299748,-0.299768880778728,72752.8732143024,-0.674410001492481,-216.185657007512,0.0511751015429984,2007-04-05 01:59:00
16104.4648402892,-0.285352737387197,72524.5416635135,-0.836914190392922,-180.449803158347,0.300775724738826,2007-04-05 02:04:00
16015.8948235698,-0.311973044624556,72257.1108538086,-0.93551353278277,-44.0043113992092,0.461920218054375,2007-04-05 02:09:00
15999.4484684913,-0.320787360342704,72208.1763722968,-0.946273066802365,-21.4275955244622,0.401735769355489,2007-04-05 02:09:52
15913.9787056205,-0.369851755532392,71970.9307515188,-0.953920325811035,-1.5960654246444,-0.426549214835983,2007-04-05 02:14:00
15792.7229887845,-0.440721456743323,71696.2467596782,-0.858032364288294,-228.505992764404,-0.55232394713582,2007-04-05 02:19:00
15648.1485668409,-0.52557328114511,71467.8086555926,-0.645091848358562,-266.383051517971,0.0331238922544161,2007-04-05 02:24:00
15475.8089389473,-0.626136564895365,71321.3226660107,-0.310758909831471,-266.933142047299,-0.00396184456919479,2007-04-05 02:29:00
15270.6917310473,-0.744460854057988,71294.1652558379,0.151780377137854,-262.189678427759,0.0291109116997314,2007-04-05 02:34:00
15027.1165403812,-0.882957675704027,71426.1448851484,0.751952868352593,-206.951093603169,0.516157135568021,2007-04-05 02:39:00
14808.3156052409,-1.00566691850333,71664.4774955066,1.31810621964112,-40.6841959978902,0.701895183689796,2007-04-05 02:42:52
14738.6188959787,-1.04446156113399,71759.1402608065,1.45023553694993,1.16698457618784,0.508417961829216,2007-04-05 02:44:00
14470.5275644185,-1.1926382183831,72095.6443860052,1.15649720225377,25.3249574913911,-0.304639161633182,2007-04-05 02:48:00
14397.8382858207,-1.22951933302877,72158.5789185725,0.944548780606403,-0.0144404875241675,-0.546967543068267,2007-04-05 02:49:00
14009.2433754933,-1.34094418125596,72314.1081020039,0.171193693358244,-235.930849296864,-0.629787180794037,2007-04-05 02:54:00
13605.2968045108,-1.33203720470619,72307.980907594,-0.134987054094849,-318.22707697096,-0.0755707431314957,2007-04-05 02:59:00
13222.0642208165,-1.2026168733215,72279.1780488953,0.0197663726281826,-291.2881300669,0.371708949798979,2007-04-05 03:04:00
12896.0334370797,-0.950045515370337,72366.218094463,0.638607950453978,-116.309180127504,0.593606549013703,2007-04-05 03:09:00
12744.2025039298,-0.738667766123744,72531.2333682561,1.23371385179774,-30.0399008798136,0.360860106711135,2007-04-05 03:11:59
12661.9268561497,-0.641858459982852,72703.3102101073,1.56875106703649,0.685589961375913,0.130091746588639,2007-04-05 03:14:00
12542.8862303598,-0.726372359928671,72997.171685178,1.60418098115571,-12.0171649322697,-0.269722577651027,2007-04-05 03:17:00
12447.4433554747,-0.859594353629202,73180.1960570698,1.44761551412575,-62.865333212918,-0.596217375625247,2007-04-05 03:19:00
12153.7055496777,-1.06961491197365,73559.7505070365,1.09055292813556,-272.691671903351,-0.421817418587337,2007-04-05 03:24:00
11822.9394248462,-1.10686821829412,73838.8617722116,0.776859316431243,-294.775503408812,-0.0212579369422232,2007-04-05 03:29:00
11506.7737620161,-0.97211351954923,74029.5611601614,0.500141396264235,-297.063334180607,0.255258213449803,2007-04-05 03:34:00
11257.1349092711,-0.662604426081593,74142.078086069,0.254759473872167,-127.992422078717,0.677293522389965,2007-04-05 03:39:00
11140.7715581495,-0.283235858626293,74181.7298241544,0.0769302831927804,-4.67939416128711,0.204519613893809,2007-04-05 03:43:01
11127.1980674361,-0.177474142234191,74185.0822857231,0.0374276720905173,-0.32645768616311,-0.0713807430829144,2007-04-05 03:44:00
11148.8671440224,0.307666904413526,74173.3008945579,-0.0978110609620896,-144.318260151966,-0.537064561550296,2007-04-05 03:49:00
11303.7054527827,0.711825495251738,74137.1867408474,-0.125065694862152,-252.07896927493,-0.250108164937262,2007-04-05 03:54:00
11568.6928275094,1.04323864898303,74108.997060245,-0.0448916970282915,-298.615168700508,-0.00834046426787431,2007-04-05 03:59:00
11923.0540126239,1.30866078431195,74121.1505943934,0.144344931505704,-277.464196626819,0.0158028479848277,2007-04-05 04:04:00
12347.8352497626,1.51350137945411,74206.8883062663,0.446500958067773,-285.659664256339,0.0770387736518646,2007-04-05 04:09:00
12825.5179876781,1.66193522087077,74400.9508529226,0.867734521809992,-185.206400636177,0.629823789185741,2007-04-05 04:14:00
13048.1910291699,1.71019572550451,74530.0779741147,1.09292154897664,-90.0947893042319,0.737457137526715,2007-04-05 04:16:12
13333.6506847551,1.64962255395679,74718.9599119259,1.03571551758586,0.642528279257659,0.204603766268147,2007-04-05 04:19:00
13521.6923607648,1.4646842142336,74818.0111173034,0.553769799423797,-10.3962280748439,-0.343019776636608,2007-04-05 04:21:00
13756.851437482,1.17297237249728,74840.5569887897,-0.232384880154142,-119.626718972504,-0.831202334560126,2007-04-05 04:24:00
14074.8000611759,1.01466186778747,74685.8681858086,-0.60421337123903,-329.94966036757,-0.0717526143363736,2007-04-05 04:29:00
14406.3979716055,1.26412184860306,74594.8033250543,0.192493658485155,-152.521771405656,0.796146699785065,2007-04-05 04:34:00
14565.8914048361,1.47276031995386,74652.4267513208,0.822658483247769,-69.7123122129396,0.608766167035823,2007-04-05 04:35:57
14863.3504302533,1.74310784665049,74882.8897565695,1.56936822801292,0.151651759660207,0.0881396446651484,2007-04-05 04:39:00
15077.2294675034,1.80655551629253,75079.1401047124,1.64719333351783,-13.7635720094073,-0.281734893386287,2007-04-05 04:41:00
15404.0409091984,1.81987577304737,75365.2461697715,1.53775976350083,-90.005009360193,-0.517008099629451,2007-04-05 04:44:00
15945.7235947111,1.77795844981529,75808.6087365369,1.43426657795971,-239.659234985672,-0.37050068368812,2007-04-05 04:49:00
16462.7185568159,1.65501198943488,76235.4960910696,1.42773885231261,-286.548975740251,0.0510297645143387,2007-04-05 04:54:00
16930.3829629197,1.44853066193644,76674.9287275275,1.51804354720455,-271.340896867887,-0.192663727844145,2007-04-05 04:59:00
17323.0685911551,1.1543062416509,77156.1828211901,1.70702113189095,-313.410778965083,0.511155688278582,2007-04-05 05:04:00
17613.5991026985,0.766342240794549,77709.3868962241,1.99852309421524,-5.85698158130298,0.774946928010442,2007-04-05 05:09:00
17620.4370098991,0.753177451452355,77727.4202666031,2.00890880363648,0.842464083622261,0.71418748880528,2007-04-05 05:09:09
17839.6177369786,0.966878670142866,78309.415549346,1.81337179308653,0.386652592106588,-0.575437745554657,2007-04-05 05:14:00
18224.479245004,1.47451374988028,78770.62133232,1.3606944392095,-235.537743609158,-0.69165823180581,2007-04-05 05:19:00
18650.0044599384,1.23842953232503,79185.169934895,1.50179671724039,-290.322745886606,0.519221655939183,2007-04-05 05:24:00
18892.7346083057,0.253814465379832,79731.324465545,2.23955438468988,-21.3932759461015,0.690203028406197,2007-04-05 05:29:00
18897.0487965342,0.156433176059435,79779.1300403139,2.3138568122144,-8.05256605282805,0.581711714000125,2007-04-05 05:29:21
18818.4935213702,-0.498724973752586,80509.0089917511,2.71729611749439,-0.689863728750071,-0.468087783497561,2007-04-05 05:34:00
18789.223566196,-0.466752419819579,80670.2057564654,2.64664258777781,-34.4222641483876,-0.64222220073764,2007-04-05 05:35:00
18704.6477722956,-0.248647770245179,81263.2141086269,2.31617121251749,-206.219315031648,-0.601022167688004,2007-04-05 05:39:00
18660.2167740013,-0.0634298074853753,81917.5431869022,2.07796998089319,-316.410254888281,-0.254597515941457,2007-04-05 05:44:00
18657.2268636193,0.0280944160374402,82528.9804783479,2.02974130783245,-321.506371902885,0.491941088256253,2007-04-05 05:49:00
18667.8968054288,0.0277902243767085,83154.274126184,2.17050226116211,-65.8294360542848,0.76242091162876,2007-04-05 05:54:00
18669.0731469512,0.0188385988086328,83263.8264959289,2.21248118449569,-32.1176990519381,0.5875091268121,2007-04-05 05:54:50
18656.8907315379,-0.158389198215452,83839.7958935592,2.37515602264442,-1.31747078086936,-0.432777692788164,2007-04-05 05:59:00
18645.0539033187,-0.238616887202775,83982.9743252094,2.39631049394273,-36.1430623410745,-0.706339000710476,2007-04-05 06:00:00
18550.768377617,-0.526360804159834,84563.5298278361,2.42892014022105,-235.822398640833,-0.670455913342147,2007-04-05 06:04:00
18360.0393494673,-0.713594954162809,85285.1964806317,2.36225421938496,-335.305449491265,-0.178992158821432,2007-04-05 06:09:00
18141.4212533784,-0.712603058495308,85968.8159381745,2.17484225456136,-365.779988095797,0.0715551634655728,2007-04-05 06:14:00
17951.289382808,-0.523364901669282,86577.6537129857,1.86286466627245,-238.42709527751,0.898120977066491,2007-04-05 06:19:00
17881.488057597,-0.345581301323789,86857.0188248347,1.64494262257608,-73.8266513126276,0.959642762926919,2007-04-05 06:21:39
17844.7096426402,-0.182241552947238,87075.3776276741,1.4609567351892,-1.31405909261481,-0.137598547755687,2007-04-05 06:24:00
17828.1106187409,0.0444754774582674,87474.7020584635,1.23944146697581,-326.376198201553,-1.23087132322615,2007-04-05 06:29:00
17855.3125790172,0.11025994092692,87841.8282000233,1.24593764653015,-601.030648392048,-0.841994484273289,2007-04-05 06:34:00
17878.3182154124,0.0164525682218762,88245.0635692151,1.48057767027704,-742.187147228122,0.501328466809651,2007-04-05 06:39:00
17849.0446960206,-0.238858496796823,88753.4516127806,1.94814365669123,-319.75133786203,1.63624391408324,2007-04-05 06:44:00
17790.658085768,-0.457062513274657,89115.1185868985,2.31990960675001,-87.0053340000277,1.04137414953696,2007-04-05 06:46:50
17723.1972908409,-0.548856576784134,89431.1145298338,2.49512118256738,-0.754327480090117,0.20513138847459,2007-04-05 06:49:00
17632.7709834234,-0.340476789804635,89889.0847239117,2.25295108874636,-74.7237679681331,-0.818206874485414,2007-04-05 06:52:09
17607.8282998628,-0.113902499565986,90122.3542717074,1.95630415264693,-180.318003409653,-1.05135048600697,2007-04-05 06:54:00
17648.8729207902,0.35252715359896,90609.7591709231,1.33672306474206,-419.424304734626,-0.0426332943450083,2007-04-05 06:59:00
17798.7517313959,0.612888545534625,90950.0339146761,0.973773940673894,-288.574745249054,0.0832751206337999,2007-04-05 07:04:00
17996.5434615604,0.672488013167709,91218.9301265059,0.860059637858324,-423.857183994114,-0.371668763170302,2007-04-05 07:09:00
18182.3033380726,0.532540232966028,91490.7446883834,0.993262583787241,-337.152182697513,1.03585595743123,2007-04-05 07:14:00
18261.5749969686,0.356589009282284,91681.3591142989,1.18720891155239,-109.817072071989,1.25551344729502,2007-04-05 07:16:56
18296.5764218053,0.207978534098306,91838.2885466415,1.33870417304067,-2.3002771870801,0.308276569120789,2007-04-05 07:19:00
18304.9369481719,-0.152937699279405,92280.2301269188,1.57780845942362,-180.274044306955,-0.719219718559917,2007-04-05 07:24:00
18204.0273858228,-0.521723430059661,92767.3038223199,1.64009491445469,-329.699291809574,-0.634803075196322,2007-04-05 07:29:00
17990.3653734483,-0.90589475472178,93246.7441334888,1.52683297717748,-444.094022051023,0.699580758368248,2007-04-05 07:34:00
17677.711853689,-1.29223478461881,93646.9522751626,1.25457100307178,-19.1003545365786,1.20426250295957,2007-04-05 07:38:45
17658.1761418345,-1.31216905442797,93665.6310849764,1.23593375755738,-2.17381022101896,1.0492229885442,2007-04-05 07:39:00
17250.8087830204,-1.26075327402184,93979.9797656477,0.857769484907848,2.70427181938657,-0.552354112387159,2007-04-05 07:44:00
17249.5488317187,-1.25914773793396,93980.8368939852,0.856487161161829,2.15120592569937,-0.553779955642214,2007-04-05 07:44:01
16939.5308588571,-0.832626022079296,94185.947113184,0.536428098917882,-306.608914108881,-1.86587140302171,2007-04-05 07:49:00
16740.7166876782,-0.509729522284619,94314.1976703532,0.338780189284548,-945.820815295877,-1.35350305074354,2007-04-05 07:54:00
16623.8342999656,-0.2854883376036,94401.1737258962,0.260798370230826,-963.879318210593,0.8121295735342,2007-04-05 07:59:00
16560.0215481959,-0.155332284761708,94482.4763672518,0.300893320840221,-578.150351781863,1.70061550759221,2007-04-05 08:04:00
16521.4978790361,-0.116608697538761,94593.5910539348,0.459882202656578,-86.8496897216455,1.0585441717495,2007-04-05 08:09:00
16513.7057822649,-0.120245624026484,94625.600529144,0.511089546920764,-32.380622855,0.615223344762943,2007-04-05 08:10:06
16483.9411001889,-0.130782631196718,94774.7273586907,0.793803039473078,0.0285266746270696,-0.191604447485091,2007-04-05 08:14:00
16476.1040777923,-0.130230256324173,94825.3530193521,0.895739764675335,-14.6007647543491,-0.292212127357768,2007-04-05 08:15:00
16443.6123719663,-0.148125043033983,95084.3580733873,1.23026351047419,-119.73954201261,-0.565393157561651,2007-04-05 08:19:00
16387.9563977878,-0.234944367505417,95483.0513593592,1.37796313317741,-408.70190090659,-1.68123295696773,2007-04-05 08:24:00
16295.3175439067,-0.395095465373961,95881.3580687125,1.22768196486401,-884.826079174912,-0.195383932404654,2007-04-05 08:29:00
16143.2447337089,-0.631842321665016,96189.5765783331,0.776357176184056,-518.761545677239,1.36703279325152,2007-04-05 08:34:00
15908.075587342,-0.950009993490453,96316.1692081652,0.0147904702076678,-262.766894564531,0.813524682521878,2007-04-05 08:39:00
15671.9131409852,-1.23449890215593,96240.850588331,-0.737967244890145,-61.4910151422139,0.864190326296127,2007-04-05 08:42:37
15565.3158113763,-1.32493755143687,96168.7428851572,-0.969657095474643,0.0677285299955901,0.587980527891216,2007-04-05 08:44:00
15240.045862024,-1.2736835170127,95944.8420913624,-0.616936157268113,26.8564518416191,-0.350260479596103,2007-04-05 08:48:03
15169.3041626054,-1.20952204282095,95916.9251600245,-0.36701523874875,-0.0224465375029697,-0.599037111559781,2007-04-05 08:49:00
14846.0964622792,-0.973458906710046,95957.4504892157,0.517183032720636,-265.142046217685,-0.780069396562792,2007-04-05 08:54:00
14568.459646853,-0.90520121165039,96155.9148345412,0.687696179947859,-376.712510431493,0.014335263782728,2007-04-05 08:59:00
14286.345582969,-1.00335782078743,96299.0953335949,0.147999373360058,-250.792746367616,0.870117625862945,2007-04-05 09:04:00
14132.4266799559,-1.11179738942661,96284.6634890246,-0.374312680465766,-104.479484003835,0.993866696438672,2007-04-05 09:06:26
13951.5905935441,-1.23143458183912,96189.5300494622,-0.783867839773593,-1.54194634904628,0.157326047907825,2007-04-05 09:09:00
13714.9632745386,-1.33319448988317,96046.0259655059,-0.665793176403929,-76.9094351892329,-0.718410712846729,2007-04-05 09:12:04
13558.0405552894,-1.36687028840272,95984.6146896154,-0.3980368955487,-155.369290804777,-0.544490565879108,2007-04-05 09:14:00
13152.3334875556,-1.30107046388424,95953.4909034773,0.158455136405924,-274.916682089509,-0.676969300273668,2007-04-05 09:19:00
12799.5964957814,-1.01313790908764,96060.9417501165,0.527359824712459,-471.953711597336,0.147255562005282,2007-04-05 09:24:00
12567.2353887683,-0.497204368598567,96251.9121195142,0.716195690283056,-172.150266578307,1.12538088221322,2007-04-05 09:29:00
12521.8097590949,-0.205259195785698,96345.6438549585,0.743035337492784,-57.1680370778712,0.674377471248799,2007-04-05 09:31:08
12522.3459198857,0.209035722023472,96469.4815579506,0.666573158553788,-0.249860961778666,-0.069696536174189,2007-04-05 09:34:00
12564.3481757652,0.489993630944369,96540.6746582484,0.505128871217103,-38.9299634390287,-0.499633638422734,2007-04-05 09:36:00
12686.5004288037,0.847489414302425,96606.2248920607,0.236691338714468,-131.853579747547,-0.38796779378506,2007-04-05 09:39:00
12999.1603658153,1.1832539661545,96631.2195200018,-0.0335643353927035,-198.986984861208,-0.342727649629688,2007-04-05 09:44:00
13364.5026783595,1.19930053987714,96607.7756533282,-0.0867792933371744,-330.149934287289,-0.219109691914812,2007-04-05 09:49:00
13686.8232414166,0.895956175228646,96600.7329244094,0.0759619089325458,-263.406094855672,0.620421855206193,2007-04-05 09:54:00
13869.5411183311,0.267038513942805,96675.265231622,0.457976044478221,-35.4119682171312,0.632259527846104,2007-04-05 09:59:00
13876.8872026972,0.177495634067669,96691.2899134881,0.513675053298463,-16.0425964450101,0.541063068089515,2007-04-05 09:59:33
13849.7830499721,-0.289343144315658,96859.7748058846,0.634971658268424,-1.04328002092434,-0.605133587544015,2007-04-05 10:04:00
13828.8290340369,-0.321071781313658,96900.5571490717,0.557145485298191,-54.8560267083638,-0.931034457015883,2007-04-05 10:05:08
13750.3556015621,-0.348575638786827,96992.8953719641,0.250037214292288,-226.651561995369,-0.00764173825751235,2007-04-05 10:09:00
13647.8545721279,-0.323327587894438,97020.1410968515,-0.0507761940449245,-0.969722004308271,0.63959387897652,2007-04-05 10:14:00
13563.2679018037,-0.228944153328588,96972.7293338171,-0.248522970072949,-11.2036145471836,-0.510339449389732,2007-04-05 10:19:00
13517.5891624107,-0.0635017384285717,96880.9242452451,-0.347233323539738,-232.174718262589,-0.859449391530991,2007-04-05 10:24:00
13532.6048950695,0.176371482362769,96774.0852282593,-0.348919036567652,-443.229759636137,-0.315428032194082,2007-04-05 10:29:00
13631.3386342814,0.495564283528267,96681.2652786046,-0.253614465100259,-352.640929885708,0.963128018411117,2007-04-05 10:34:00
13782.3028265039,0.803722612729372,96637.445087989,-0.110767509028567,-65.5793309260777,1.14004942825677,2007-04-05 10:37:54
13838.3155619303,0.891282591553483,96631.8937814251,-0.0552556693237034,-0.55465650850315,0.798022672274732,2007-04-05 10:39:00
14079.9537524693,1.0916385124773,96652.76082029,0.258580526012054,33.5721518988065,-0.433921291853994,2007-04-05 10:43:00
14146.2282449534,1.11690323983311,96671.1984370486,0.354411263792274,-1.0801397755859,-0.725867092713914,2007-04-05 10:44:00
14494.3587385014,1.18896109266173,96833.9957018246,0.691828779654173,-297.738177601406,-0.772620167094295,2007-04-05 10:49:00
14850.6474051941,1.17138324472335,97063.1226670216,0.797358764321021,-378.99615256483,0.0952482435331971,2007-04-05 10:54:00
15188.1953894444,1.06381144788096,97289.4528539078,0.673151988497945,-251.766357343657,0.843769159353905,2007-04-05 10:59:00
15351.1696095198,0.968960195595552,97385.1730677596,0.512286924388975,-94.3359335281418,0.961867731088639,2007-04-05 11:01:40
15480.6744026533,0.88446735671748,97445.6574534442,0.356425832021753,-1.22928298968767,0.220245785543751,2007-04-05 11:04:00
15726.6359647318,0.770340156320922,97513.211190982,0.114578071782404,-158.543000815203,-0.818902825556797,2007-04-05 11:09:00
15951.8281421699,0.74577010713474,97526.5832413111,-0.00539764631773432,-356.041473975288,-0.400212050026286,2007-04-05 11:14:00
16182.9976332923,0.810256455347788,97521.9071952737,-0.00594650656089785,-495.367237559837,-1.01403586283601,2007-04-05 11:19:00
16447.01295802,0.965113475277952,97534.9488116016,0.112920304919073,-873.680009523719,-0.658494060130709,2007-04-05 11:24:00
16771.412056031,1.21349725514977,97601.8349466741,0.353625372155953,-708.257235384053,1.64261784811572,2007-04-05 11:29:00
17184.9635281377,1.56047002025452,97759.7898436832,0.721074423211906,-126.447583967076,1.398793125899,2007-04-05 11:34:00
17307.4811706796,1.66481793537128,97818.8701606498,0.835116343011238,-44.9429758536492,0.781058178383887,2007-04-05 11:35:16
17690.5934672801,1.64252361661272,98006.6867900743,0.670668221836375,0.807340919163752,-0.235406237438502,2007-04-05 11:39:00
17873.4892207303,1.34737132066113,98059.6129470157,0.153976129609802,-46.2153917589902,-0.512210286317505,2007-04-05 11:41:01
18066.4574998222,0.831198569919506,98008.769568676,-0.666717151798338,-156.019196595385,-0.677189133441547,2007-04-05 11:44:00
18221.4843509844,0.26359683750633,97690.0718715382,-1.30515780903581,-344.740338359766,-0.470124894396795,2007-04-05 11:49:00
18260.9197403352,0.0592826895976031,97316.9705314263,-1.03002284324857,-386.178945219974,0.291281105511928,2007-04-05 11:54:00
18292.9419792435,0.214092069073971,97163.9141769492,0.164295177671183,-196.130976250116,0.77336242908452,2007-04-05 11:59:00
18335.6943075403,0.409849015082307,97245.9641338197,1.04234441500714,-92.2796787734405,0.692742268375745,2007-04-05 12:01:20
18419.2050546359,0.611658799455978,97477.8201096472,1.70172164523715,0.896446237061218,0.43386914261496,2007-04-05 12:04:00
18537.8772494587,0.678769229457307,97769.0394420861,1.33918434971052,29.7480774315472,-0.186832522419386,2007-04-05 12:07:00
18618.7162371507,0.669206436731372,97893.5136925308,0.749214087778067,-35.2510365872526,-0.967444465998237,2007-04-05 12:09:00
18817.8607663731,0.662509247225725,97937.8480565478,-0.370269093004226,-450.604921825442,-0.991687883342828,2007-04-05 12:14:00
19018.6737462563,0.680348293927233,97720.3945723623,-0.998996326173466,-540.162195595125,-0.0538416803904329,2007-04-05 12:19:00
19228.5580360139,0.723087148376006,97386.2120773117,-1.1497814875097,-466.205098427112,1.06237594211147,2007-04-05 12:24:00
19455.1013741394,0.791596856620305,97077.9803944863,-0.825697678073162,-11.6990941305733,1.01511046143041,2007-04-05 12:29:00
19468.5981754928,0.79627666634098,97064.2190435505,-0.793027367467238,4.14755295868351,0.851447056673799,2007-04-05 12:29:17
19703.7399897021,0.860851057716104,96893.8193392812,-0.498402540280357,1.00049171463073,-0.546919886352099,2007-04-05 12:34:00
19755.7013178867,0.87098881811846,96863.8933434162,-0.503037032919838,-35.1513245447222,-0.651095430060211,2007-04-05 12:35:00
19966.9403032084,0.879466994355572,96736.0439506318,-0.559366680833009,-209.970439525771,-0.722106889616274,2007-04-05 12:39:00
20222.1799636474,0.806612670107848,96560.7224590052,-0.604919257939599,-348.999528915416,-0.00821351272935578,2007-04-05 12:44:00
20441.4944321815,0.639559775428235,96375.7687019607,-0.623690624167904,-208.718898004535,0.771665132194121,2007-04-05 12:49:00
20596.1621217301,0.374903662119243,96189.1461592418,-0.616063352345024,-0.255191031586222,0.331550611796248,2007-04-05 12:54:00
20617.0338335423,0.308701653095883,96151.7066500052,-0.611278553232578,12.3724330381426,0.0995270949967744,2007-04-05 12:55:01
20665.1975072977,0.120942970466425,96015.6852197791,-0.495222280371449,2.04749570345819,0.0178192192440775,2007-04-05 12:59:00
20671.73955176,0.0987894963588581,95987.6853074534,-0.436092573417974,6.24529886694805,0.107559727028306,2007-04-05 13:00:00
20687.7686049802,0.03707385954469,95909.9304984513,-0.229993207405507,-0.613943442056621,-0.413905271303473,2007-04-05 13:04:00
20689.6198109473,-0.0213635435610685,95861.05385152,-0.123628312847139,-223.811962744395,-0.605552498755217,2007-04-05 13:09:00
20676.9185094123,-0.0601072943521396,95819.1445959857,-0.183465202832433,-286.15239253381,0.0334615515338116,2007-04-05 13:14:00
20655.4445560985,-0.0799470160286921,95734.243946182,-0.410723392653353,-221.275772004952,0.485178489536928,2007-04-05 13:19:00
20630.7990142989,-0.0812870552066549,95555.5169234662,-0.810034554139489,-42.8432102634365,0.426517262427412,2007-04-05 13:24:00
20625.5010239512,-0.0791091847178426,95498.4175032824,-0.921711006996462,-20.7177193526717,0.254222554829637,2007-04-05 13:25:06
20607.5524778013,-0.0765422733922677,95255.347871299,-1.0672044127813,1.1286552030343,0.010085273349523,2007-04-05 13:29:00
20602.9190276036,-0.0780537712141058,95192.5898095858,-1.01890553344676,1.51968898889911,0.00338142295552954,2007-04-05 13:30:00
20583.3520095005,-0.0845744202295115,94978.240496782,-0.772977554280766,1.01582672951519,-0.00264052326299241,2007-04-05 13:34:00
20557.1950094432,-0.0891525190169795,94786.8850586747,-0.510669603530044,0.993414506583095,0.000106643895821672,2007-04-05 13:39:00
20530.2488695396,-0.0898442694858395,94667.3247526127,-0.293532085843719,1.00938274432404,0.00210176775885103,2007-04-05 13:44:00
20503.6754103233,-0.086663769966985,94606.6940657875,-0.117139595366861,1.98747467256013,0.00124590471280349,2007-04-05 13:49:00
20478.644047806,-0.0795461997820659,94593.3285099065,0.0221028632216619,2.0243810923036,0.00324588732094032,2007-04-05 13:54:00
20456.3556269473,-0.0683464981552883,94616.5268912261,0.127033143085397,1.90801569621493,-0.016398007473531,2007-04-05 13:59:00
20438.0668956675,-0.0528364077791143,94666.3332131639,0.19978979254992,1.37680663762163,0.0621005264505437,2007-04-05 14:04:00
20425.116118199,-0.0326998227797527,94733.3337665204,0.241855640128499,0.130369744882198,-0.276241816540559,2007-04-05 14:09:00
20418.9503497943,-0.00752634627091708,94808.4652718755,0.254088015545403,-165.795197265399,-0.629820510160694,2007-04-05 14:14:00
20421.1549286667,0.0231970738054534,94882.8301639746,0.236736222681266,-305.170938931343,-0.208284581787641,2007-04-05 14:19:00
20433.485786229,0.0600966010185939,94947.5152534794,0.189446620550629,-362.321516060841,-0.550807150313179,2007-04-05 14:24:00
20457.9052341335,0.103924272075533,94993.4100702887,0.111255415865368,-670.631346261103,-1.26679889243703,2007-04-05 14:29:00
20496.6219574791,0.155573323825296,95011.0211861483,0.000569020291667638,-866.935472140553,0.745026285025106,2007-04-05 14:34:00
20552.1360292694,0.216096398015152,94990.2787323199,-0.144868427931498,-308.293557522678,1.85267402236232,2007-04-05 14:39:00
20605.1530914489,0.266826510692779,94944.4444993601,-0.275296194424743,-41.2905860336933,0.68789665652954,2007-04-05 14:42:40
20626.9854546761,0.27531111147976,94920.6108149316,-0.317533812248106,0.346233706068148,0.351484440288409,2007-04-05 14:44:00
20684.2142345138,0.168483881116084,94838.9358144578,-0.33607946358124,8.08874398461546,-0.119075033665185,2007-04-05 14:48:00
20692.7961992387,0.117916152545823,94819.234906989,-0.320696797798335,1.4187846461997,-0.0945036663038162,2007-04-05 14:49:00
20693.4184153115,-0.105885028096303,94733.816476963,-0.250594533248135,-4.03386146654947,0.018194975843049,2007-04-05 14:54:00
20633.7815334337,-0.284492069593195,94667.8451334496,-0.190829810480802,0.975083229213213,0.00958608864451735,2007-04-05 14:59:00
20526.8757583712,-0.42154510127668,94618.4072589833,-0.140184585019894,2.02820067966894,0.00429169679476316,2007-04-05 15:04:00
20384.727923664,-0.519837354345636,94582.9261991047,-0.0976266737601182,1.9012177817744,-0.0186091996501538,2007-04-05 15:09:00
20218.6466064275,-0.581372089760489,94559.1097484429,-0.0622887183947628,0.384924874387879,0.060166844698154,2007-04-05 15:14:00
20039.4526036144,-0.607403426023138,94544.9034340582,-0.0334505080812193,-0.948745716048422,-0.276959496966924,2007-04-05 15:19:00
19857.6994669948,-0.59846189893935,94538.4486439277,-0.01052430106888,-150.403570039269,-0.449783836079186,2007-04-05 15:24:00
19683.8885915038,-0.554365274288481,94538.0447472066,0.006957153865463,-212.913869022595,-0.00430629181325835,2007-04-05 15:29:00
19528.6832405976,-0.474214833769833,94542.1144342493,0.0193501403057961,-152.408148898588,0.447355813648606,2007-04-05 15:34:00
19433.4558501538,-0.392029548096954,94547.053536888,0.0253329038123552,-33.1692422598332,0.508080477671739,2007-04-05 15:37:39
19402.9818063789,-0.361713034130137,94549.2307504017,0.0290992106339652,1.21366959318943,0.319361559802653,2007-04-05 15:39:00
19322.5333590043,-0.317296061404755,94559.760676668,0.0642860981166665,11.9502971622211,-0.152493463784188,2007-04-05 15:43:01
19303.8785329445,-0.315218669534478,94563.9386267223,0.0773507377745629,1.01517557969093,-0.216457737334406,2007-04-05 15:44:00
19209.4153615983,-0.31835004940653,94597.2473698652,0.145138792046407,-109.44878703191,-0.547132503547414,2007-04-05 15:49:00
19110.5697782885,-0.344484268703682,94651.3504690402,0.216214745468207,-282.425798044353,-0.399028904569425,2007-04-05 15:54:00
19000.3728481981,-0.394153960055826,94727.4495435464,0.292027172859133,-299.565134043666,0.27550254396501,2007-04-05 15:59:00
18871.6242885743,-0.468371424539549,94827.1945051706,0.374121181502467,-148.959627663961,0.610101345093486,2007-04-05 16:04:00
18762.1265268598,-0.538545120181849,94915.7058099101,0.438664999322163,-27.8272118330507,0.432571287105329,2007-04-05 16:07:38
18716.980418451,-0.56006238034082,94952.580199778,0.459158012151399,0.27668156001961,0.237624746344268,2007-04-05 16:09:00
18579.0823873028,-0.533704895484727,95068.4149021466,0.464737008273503,4.84916348526474,-0.0751901935558156,2007-04-05 16:13:07
18551.3308001249,-0.513610600311029,95092.8399062955,0.456993213943831,1.33497643562384,-0.0524215760125463,2007-04-05 16:14:00
18413.3044885002,-0.409097290549207,95223.7364889475,0.416590942388851,0.876421370882169,-0.000214643490790121,2007-04-05 16:19:00
18304.4547269319,-0.318770583855434,95343.3192147753,0.381439659957632,-3.90790542334067,-0.00261517671832548,2007-04-05 16:24:00
18220.8084063493,-0.24078956235924,95453.0534358878,0.350822960325141,0.945134837743224,0.0124726548113493,2007-04-05 16:29:00
18158.9060804358,-0.173564921398861,95554.2037853709,0.324116854955193,0.00204314348366535,-0.0105982945638518,2007-04-05 16:34:00
18115.7314598303,-0.11572657844378,95647.859951344,0.30077705580246,-1.96996326234163,0.00310392055416084,2007-04-05 16:39:00
18088.6499381607,-0.0660957499089222,95734.9588855225,0.280327882363065,0.976395088425034,0.0073242149217891,2007-04-05 16:44:00
18075.3548970276,-0.02366092676755,95816.3038989123,0.262352566992101,1.00147623648396,-0.00365100370245984,2007-04-05 16:49:00
18073.8206955999,0.0124427406699889,95892.5810338176,0.246484760904091,0.00600394341818849,-0.00159701097954322,2007-04-05 16:54:00
18082.2613867182,0.0429510689634715,95964.3730458359,0.232401067743052,-0.0048607368368127,-5.6946525455663e-05,2007-04-05 16:59:00
18099.0943181134,0.0684858379697032,96032.1712808016,0.219814452551421,0.00739807687089226,0.00186284358243546,2007-04-05 17:04:00
18122.90787691,0.089567463126184,96096.3856887377,0.208468391808272,0.995010511382619,0.00252441217278791,2007-04-05 17:09:00
18152.4327200236,0.10662560186104,96157.3531789086,0.19813164531072,0.995852810996528,-0.00243261615844829,2007-04-05 17:14:00
18186.515904112,0.120007910294853,96215.3444862524,0.188593543346048,0.00432964146654154,-0.00238292743961502,2007-04-05 17:19:00
18224.0973878293,0.129987128701743,96270.5696891377,0.179659693103983,0.00395541770996396,0.00234214775915237,2007-04-05 17:24:00
18264.1884274838,0.136766640136079,96323.1824908996,0.171148016822974,0.997225326213691,0.00266375926419478,2007-04-05 17:29:00
18305.8514257893,0.140484615513303,96373.2833524151,0.162885040925306,0.989019832149485,-0.00356218249139461,2007-04-05 17:34:00
18348.1808230139,0.141216829624329,96420.9215395614,0.154702360511144,0.024680978715188,0.00264904467168995,2007-04-05 17:39:00
18390.2846410753,0.13897820547578,96466.096127288,0.146433207155576,1.9744445312321,0.00241083761964933,2007-04-05 17:44:00
18431.266304439,0.133723118430699,96508.7559807625,0.137909050058097,1.01589489806787,-0.00268886609551985,2007-04-05 17:49:00
18470.2063673177,0.125344466348354,96548.7987132098,0.12895616127372,0.99001642163838,-0.00107337024589133,2007-04-05 17:54:00
18506.1437747592,0.113671486771954,96586.0685992017,0.119392075022845,-0.00330396883953621,-0.003463949134895,2007-04-05 17:59:00
18538.0562757126,0.098466276677129,96620.3534008699,0.109021868918302,1.07426970541631,0.0172375989113848,2007-04-05 18:04:00
18564.8395888777,0.0794189438513482,96651.3800423584,0.0976341913185098,0.743911825720629,-0.0645183388840218,2007-04-05 18:09:00
18585.2848967234,0.056141291086197,96678.8090443575,0.0849969538415934,-23.607534075351,0.00352718758266866,2007-04-05 18:14:00
18598.0542089891,0.0281589044621761,96702.227605291,0.0708526012510541,0.690785901420502,0.0484078101026366,2007-04-05 18:19:00
18601.6530935603,-0.00509851551994563,96721.1411881486,0.0549128623101413,-5.86424895697778,-0.0273860508726751,2007-04-05 18:24:00
18594.4002189567,-0.0443087770191494,96734.9634414944,0.0368528746238772,-4.00426533659632,0.0221413337574841,2007-04-05 18:29:00
18574.3930876869,-0.090271011031593,96743.0042492387,0.0163045637291363,-0.0994756135324268,-0.008628880814542,2007-04-05 18:34:00
18539.4692620949,-0.143921958207495,96744.4556656164,-0.00715085850572906,0.371783706719997,0.0626102842565188,2007-04-05 18:39:00
18487.1622924537,-0.206355060243548,96738.3754487191,-0.0339914290592846,0.0474606577513197,-0.265706923597888,2007-04-05 18:44:00
18414.6514490934,-0.278842744946038,96723.6678569839,-0.0647641764659954,-136.216399607776,-0.350185425030901,2007-04-05 18:49:00
18318.7042340689,-0.362862359148945,96699.0613172573,-0.10009626961863,-167.203876931683,0.0229871580696121,2007-04-05 18:54:00
18195.6105007201,-0.460126278017026,96663.0825092953,-0.140707799884036,-129.427361166831,0.321380131703912,2007-04-05 18:59:00
18119.9989266624,-0.516208233448457,96639.4874480431,-0.164026254882652,-63.118062432585,0.481062896929889,2007-04-05 19:01:35
18042.4093596318,-0.545663820358837,96614.1504613892,-0.184857990916856,0.714219535769299,0.35378844610933,2007-04-05 19:04:00
17945.9981952202,-0.512737542953703,96578.9065428113,-0.205855441415783,30.5115679877865,-0.0550578114324157,2007-04-05 19:07:00
17887.2437455721,-0.467197409688793,96553.5879766478,-0.215136959472722,-1.19760959164671,-0.511203819413859,2007-04-05 19:09:00
17762.1333839992,-0.370962657722777,96488.5102641441,-0.212588199030404,-242.118538343735,-0.693994247567628,2007-04-05 19:14:00
17662.3020593095,-0.298384854647853,96429.7246350088,-0.17311863912079,-321.822998119271,0.145843875055907,2007-04-05 19:19:00
17580.8861976861,-0.247984816958154,96388.4090455016,-0.0959238640750652,-345.719525985821,-1.05493016759029,2007-04-05 19:24:00
17511.3975445983,-0.218735358636926,96376.0975028146,0.020569406547198,-828.54338420307,-0.907758847720036,2007-04-05 19:29:00
17447.5909298932,-0.210040356427865,96404.9151357482,0.178735382451268,-669.905649802347,1.59354583472443,2007-04-05 19:34:00
17383.3369871092,-0.221722600449905,96487.8253128343,0.381797590567343,-140.303330059882,1.23439282463934,2007-04-05 19:39:00
17362.140608074,-0.229602188316461,96527.1302942383,0.455291676217772,-56.6455151355311,0.602514849891926,2007-04-05 19:40:34
17311.7382278074,-0.265077189997645,96630.4762957142,0.511269713390589,1.68601591833439,0.137999131963671,2007-04-05 19:44:00
17277.9093259192,-0.300568882905482,96688.4289186947,0.442109069398885,16.3322239804373,0.0809489758716444,2007-04-05 19:46:00
17219.0497250909,-0.349125128914435,96754.2842847881,0.293332395860244,0.0400047977744187,-0.343950820742056,2007-04-05 19:49:00
17108.9433214669,-0.373107070373347,96810.8210882255,0.0932959322481927,-192.743773003604,-0.698399923112074,2007-04-05 19:54:00
17002.2690005929,-0.326205796155589,96815.9057283405,-0.050263414099301,-324.215280749476,-0.0407540692669424,2007-04-05 19:59:00
16920.3988846093,-0.207465427352074,96786.0145388385,-0.140271477366111,-214.756523626175,0.642942399476441,2007-04-05 20:04:00
16885.2106217155,-0.0144659569141844,96736.9110229438,-0.178562681259473,-19.5041722680983,0.461154172799424,2007-04-05 20:09:00
16885.0921828417,0.00508142324701169,96732.4351150481,-0.179451107304223,-8.82070638643564,0.394018153077621,2007-04-05 20:09:25
16919.9715732141,0.26151031801649,96700.2029953794,0.0113021034342304,0.141154855623174,-0.38046894080048,2007-04-05 20:14:00
16937.63501965,0.327909322831842,96703.6236191087,0.105897674529069,-28.598760436468,-0.563084222210321,2007-04-05 20:15:00
17043.7739542172,0.534401641405543,96770.4312437801,0.415201184376108,-184.249903535169,-0.543669108424128,2007-04-05 20:19:00
17220.103360641,0.60696875899437,96916.4829582649,0.503516425942746,-274.265988929715,-0.153818110218832,2007-04-05 20:24:00
17387.4711204998,0.474556068134142,97039.5540187996,0.261737152982325,-248.679055360531,0.533535648932442,2007-04-05 20:29:00
17484.0832294996,0.134464910833175,97040.0457413507,-0.315064255588614,-15.1497548027183,0.569486485983921,2007-04-05 20:34:00
17486.3670670114,0.105795616388145,97033.6052826397,-0.363110526154312,-5.13161487128275,0.48604648381507,2007-04-05 20:34:19
17478.3587905012,-0.0820795329623906,96875.6202562692,-0.600266683803235,0.478101369743328,-0.38263321713271,2007-04-05 20:39:00
17474.0007753533,-0.0595126347638161,96841.6196503355,-0.52574177961066,-26.9048102702166,-0.519095563102519,2007-04-05 20:40:00
17471.6487842976,0.0224883545558447,96755.7712337077,-0.214575669021441,-165.429478072874,-0.487998471838491,2007-04-05 20:44:00
17475.8484389791,-0.0216322143047299,96724.3165382901,-0.0331885006713581,-248.136500117971,-0.121569165477329,2007-04-05 20:49:00
17442.2898500149,-0.229659922024759,96713.1333649508,-0.0792031288245332,-211.815004053119,0.528420416157506,2007-04-05 20:54:00
17330.1643653332,-0.582928140680052,96659.1347462696,-0.334349318285554,-7.4701556153758,0.508530098979696,2007-04-05 20:58:45
17321.2546683087,-0.604739487935457,96653.9827773213,-0.35223696546106,-0.355563034425764,0.438742419199731,2007-04-05 20:59:00
17111.9814079806,-0.674016385781923,96538.831000569,-0.278461039015094,1.38345399098047,-0.185329067425859,2007-04-05 21:04:00
16948.8035279379,-0.423489637826087,96517.0861546505,0.0973195670566904,-77.6060576870441,-0.446920701191389,2007-04-05 21:09:00
16852.3329617178,-0.228547195701872,96575.8336165717,0.259063875814152,-240.45220869153,-0.427506360672891,2007-04-05 21:14:00
16806.517583248,-0.0852160038362686,96651.4647780743,0.21006834297168,-289.897661539086,0.0639986472477914,2007-04-05 21:19:00
16796.3376525996,0.009425122015777,96680.7151318355,-0.0506655927521506,-197.2339017083,0.606961404083839,2007-04-05 21:24:00
16806.0393180814,0.0549750826459489,96612.4581972498,-0.478238473747692,-10.167199905006,0.472864799110687,2007-04-05 21:28:34
16807.4929905406,0.05653042210698,96599.4160311783,-0.523705824733708,0.767902406049048,0.364982930247099,2007-04-05 21:29:00
16812.8962321864,-0.0626214254911798,96422.1572173601,-0.485403835197347,1.45171673175756,-0.0937997773670191,2007-04-05 21:34:00
16760.2842187545,-0.278197786068337,96349.8142107185,-0.0304146450937596,1.16445884605102,0.0525989513191357,2007-04-05 21:39:00
16651.7327506203,-0.436183215822159,96384.1912510947,0.227269036576722,-19.9515937379901,-0.366529039897926,2007-04-05 21:44:00
16504.0077128211,-0.539797562033191,96466.9832738795,0.292898973239116,-184.194375281113,-0.41664614504913,2007-04-05 21:49:00
16333.0766072017,-0.591152553431052,96540.8719437441,0.167812746298316,-212.901592517893,0.14227571796568,2007-04-05 21:54:00
16154.4339806361,-0.59129483861905,96548.3574691539,-0.150538984069463,-124.757295776569,0.424338949585897,2007-04-05 21:59:00
16039.1888563618,-0.563180894650512,96487.9577689362,-0.471343382468205,-35.0081672497729,0.418066244540858,2007-04-05 22:02:19
15983.252939421,-0.545107138868333,96433.1396315626,-0.592809511744422,0.577430831165845,0.26728323602947,2007-04-05 22:04:00
15856.1625296678,-0.517574566151248,96303.4066186892,-0.367735825728163,12.9634953298083,-0.15076972204656,2007-04-05 22:08:00
15825.2256947724,-0.513789385219598,96285.6240457341,-0.227037892206651,0.616335402363897,-0.263457271797909,2007-04-05 22:09:00
15672.6058708021,-0.507054712392631,96303.5619918477,0.297315858432863,-125.809628390319,-0.455846008411411,2007-04-05 22:14:00
15518.966371016,-0.520598745899169,96434.8721622347,0.530057994744116,-239.961986792112,-0.296621328241602,2007-04-05 22:19:00
15358.1925420153,-0.554697522077005,96592.929412494,0.475931955003907,-287.732930875746,0.0339771899149477,2007-04-05 22:24:00
15184.0243280652,-0.610045996479424,96691.6537213574,0.13383461481566,-199.387896864528,0.580137429258087,2007-04-05 22:29:00
15007.0305544832,-0.680404788274233,96655.5236879212,-0.438578019996905,-12.6362645087328,0.557478607793227,2007-04-05 22:33:35
14989.9362351259,-0.686866431692925,96643.8001002286,-0.497892911097545,0.443087102849938,0.486626649916585,2007-04-05 22:34:00
14785.5693034581,-0.636081112218946,96456.3506337055,-0.548451134098444,-1.27249784877702,-0.609111940690446,2007-04-05 22:39:00
14621.6789501767,-0.451291152349729,96365.3046126648,-0.0929144414702542,-283.002938550061,-0.829042425252956,2007-04-05 22:44:00
14518.1304308634,-0.23312038174773,96380.3675708908,0.160141047859662,-402.635111363691,-0.0232298310706169,2007-04-05 22:49:00
14485.586885024,0.0228776638180382,96441.6702377034,0.215872771703196,-334.066730704236,0.386158634249181,2007-04-05 22:54:00
14536.158580365,0.32192039339677,96490.2857381875,0.0754165793582067,-184.489229848247,0.650869933359656,2007-04-05 22:59:00
14623.3358890975,0.549355328461422,96486.338078961,-0.129706255146452,-47.1531991150678,0.604151271438994,2007-04-05 23:02:21
14682.9950702618,0.650262915469847,96469.0397794559,-0.203141531654968,-0.0673238963172706,0.312042790778655,2007-04-05 23:04:00
14900.9098295948,0.751351054724818,96443.132600046,0.183231550985757,-1.51768725616694,-0.0722092658753716,2007-04-05 23:09:00
14906.1648255454,0.750048546268401,96444.4848640946,0.203213343638136,-1.9969078439728,-0.0647654633026853,2007-04-05 23:09:07
15113.8796882702,0.655611770531557,96610.0342148737,0.865734766841579,0.933584653503326,0.0168493463872963,2007-04-05 23:14:00
15286.4911259778,0.481900697803387,96924.7142081358,1.16973825299884,-23.2923763229433,-0.234547271568879,2007-04-05 23:19:00
15394.8806928444,0.226740284789516,97274.6362388267,1.10107990323677,-145.445116042844,-0.546277258245211,2007-04-05 23:24:00
15413.8762014225,-0.115069806055264,97547.9813868179,0.658360415093669,-256.381446410089,0.152941088530808,2007-04-05 23:29:00
15316.4835543837,-0.550495889872694,97631.3700445941,-0.167443126658559,-72.6383337876886,0.649730436804902,2007-04-05 23:34:00
15280.5025264181,-0.649560482644539,97615.0295958131,-0.37991427219409,-38.017070157653,0.504180117745826,2007-04-05 23:35:00
15110.7941593952,-0.619989357763945,97471.7229473233,-0.590665715139608,-0.184246130289401,-0.280477291468935,2007-04-05 23:39:00
15077.6166352484,-0.476862454606724,97440.5728530413,-0.433679715034438,-24.4108718261097,-0.507559514426562,2007-04-05 23:40:00
15035.8994848275,0.0919132896984509,97417.6470302863,0.183199907221025,-162.799481116862,-0.37647680695684,2007-04-05 23:44:00
15132.1525413913,0.49316671042407,97527.4908046315,0.457806872498525,-173.444879364326,0.0894495080616978,2007-04-05 23:49:00
15298.1401567284,0.557598319377904,97637.6724735771,0.185456355958081,-126.135062743511,0.373796196713164,2007-04-05 23:54:00
15388.4523755027,0.43743578869577,97636.0318155448,-0.236482220755957,-39.8205598454684,0.478086373960269,2007-04-05 23:56:58
15436.7031565882,0.373082238055557,97590.0535684023,-0.479491214732452,0.855543071547389,0.124493618130844,2007-04-05 23:59:00
15510.7343261943,0.491998097886638,97501.285891414,-0.424748297254999,-32.7696605238792,-0.416157448170083,2007-04-06 00:02:00
15578.9244950418,0.638598604044865,97461.6840816472,-0.240860058327675,-93.0766110082702,-0.569409614546004,2007-04-06 00:04:00
15807.9172727248,0.851778443390083,97441.8539003237,0.0746997070199032,-256.553144996524,-0.363843281385738,2007-04-06 00:09:00
16068.3973505315,0.848869731453414,97486.387532646,0.188959316674059,-266.406642699794,0.321968643568828,2007-04-06 00:14:00
16295.6389769232,0.629813186766726,97535.3458279192,0.104247456855984,-104.19563967915,0.571872080490909,2007-04-06 00:19:00
16364.0677706818,0.476638240060196,97542.8258547701,0.0117411948389794,-42.3767036541427,0.42154917417222,2007-04-06 00:21:03
16433.6027675958,0.348890044907875,97531.1230309096,-0.143132737574231,0.301335648259988,0.0058259481264854,2007-04-06 00:24:00
16477.3243023686,0.398091656818696,97507.7862611627,-0.245495215415261,-19.5210463334208,-0.306051814461739,2007-04-06 00:26:00
16562.676756508,0.548339064190666,97451.5875340011,-0.369617930599744,-98.0160001453877,-0.531560123248062,2007-04-06 00:29:00
16761.8424293217,0.774715548376864,97324.3151263975,-0.453369167011753,-271.989054836054,-0.570871328714219,2007-04-06 00:34:00
17024.898046767,0.974993957909279,97194.8248430418,-0.384428830010231,-401.619767110439,-0.194611588703486,2007-04-06 00:39:00
17344.6386692821,1.15325609889679,97109.057047372,-0.161391870047502,-355.312940556614,0.538747675297708,2007-04-06 00:44:00
17715.0146351035,1.31313507137133,97113.8431959684,0.220287353256781,-126.240330583123,0.760967901636813,2007-04-06 00:49:00
17855.6513735305,1.36536259453801,97145.8447931062,0.392693842462345,-55.6033441890928,0.572496191096481,2007-04-06 00:50:45
18128.7861466388,1.42369309511112,97252.4469409819,0.68508148856869,0.184494467158859,-0.096162635510196,2007-04-06 00:54:00
18552.0985993859,1.3692553385797,97503.8676784152,0.955175943828177,-234.378747405517,-1.49189204226504,2007-04-06 00:59:00
18932.7497689156,1.1388024857676,97804.2333082306,1.0119338278182,-752.873024812741,-1.37053928518469,2007-04-06 01:04:00
19217.3211501652,0.727637755505956,98089.8243739746,0.856511903657342,-828.817900516901,1.18412546364736,2007-04-06 01:09:00
19350.4360686031,0.12738133934883,98296.6203038312,0.485742570000181,-234.742697030118,1.68496275694681,2007-04-06 01:14:00
19343.5161114791,-0.2313461058208,98348.720785601,0.229234066078278,-69.5152874511156,0.724461328140262,2007-04-06 01:16:24
19287.5164499533,-0.407124822121963,98369.9097609207,0.10201417724224,1.36232345901635,0.255275098928202,2007-04-06 01:19:00
19239.7804958323,-0.0173555733610404,98407.9066565331,0.399605088376885,13.1815309501858,-0.166621686472515,2007-04-06 01:22:00
19264.222381509,0.409883043459837,98476.0022344168,0.724525474949731,-34.4162703299666,-0.670831306317014,2007-04-06 01:24:00
19503.3561958794,1.0936473710138,98783.174631551,1.25738366404693,-319.382840366711,-0.723986126828693,2007-04-06 01:29:00
19866.5238882735,1.23817709428261,99191.3101748668,1.39875395725604,-445.634426882061,-0.529697951916369,2007-04-06 01:34:00
20192.6698980881,0.846417824372004,99583.5926746464,1.1515175744139,-566.050571240832,0.424329221600506,2007-04-06 01:39:00
20319.9841384061,-0.0896147510803465,99842.8828456869,0.510635674937641,-208.648203167245,1.19030575807207,2007-04-06 01:44:00
20263.4759735948,-0.727507817590268,99884.9530553564,0.0665797689372722,-80.0444468170528,0.678489564764854,2007-04-06 01:46:22
20097.9758706151,-1.29707551880982,99860.7297626142,-0.320479118153106,2.38674369498759,0.400029203166671,2007-04-06 01:49:00
19844.0851267963,-1.43306728314155,99791.8303423491,-0.376922366530661,41.8663354088761,-0.0485379213812568,2007-04-06 01:52:00
19677.4242469217,-1.34589380366542,99752.2724360606,-0.284420260837551,-0.956549126723167,-0.735417603381171,2007-04-06 01:54:00
19302.6098817558,-1.16039207592775,99695.6082823279,-0.105636121155654,-364.449733109154,-1.076283158952,2007-04-06 01:59:00
18976.850050616,-1.01830928121861,99681.6730793433,0.000922229991474066,-555.325205165137,-0.441181451460606,2007-04-06 02:04:00
18687.5747401366,-0.916749678450571,99689.1609620673,0.0374265220962092,-677.867104531581,-0.326181028293426,2007-04-06 02:09:00
18422.9575155515,-0.85364341592087,99697.2026820804,0.00462073671333427,-729.151686183242,0.0224732106943575,2007-04-06 02:14:00
18171.6744901522,-0.827704346368283,99684.9402785321,-0.0981637297050618,-559.230276691547,1.49393267808407,2007-04-06 02:19:00
17923.5118925065,-0.838307254755162,99631.3746477095,-0.272315588232077,-2.38594656294663,1.17919558661587,2007-04-06 02:23:59
17922.6735368732,-0.838404212597467,99631.1019805507,-0.273017457663591,-1.21282972424804,1.16702332681962,2007-04-06 02:24:00
17661.3259915095,-0.922094645794204,99552.1030522859,-0.139191035245874,1.24170828807776,-0.65202802509507,2007-04-06 02:29:00
17367.5013267338,-1.02495229547576,99576.3928667935,0.282885811892182,-255.459988706672,-1.00854012330218,2007-04-06 02:34:00
17053.3419606296,-1.05788909489153,99711.2885432882,0.599431177731824,-497.02958427976,-0.224095956715154,2007-04-06 02:39:00
16739.6881343274,-1.02157631774186,99926.150280418,0.816896465652191,-455.494239231295,-0.139868657506029,2007-04-06 02:44:00
16447.3903921924,-0.915273885673083,100191.9680379,0.93971376168181,-506.086113059789,0.743751116462574,2007-04-06 02:49:00
16197.7345296735,-0.736815284992478,100480.770292761,0.97038616333569,-63.3255420635666,1.04989256221695,2007-04-06 02:54:00
16158.3201650937,-0.696008176185355,100534.037568079,0.96609364496773,-20.1683092386961,0.549245834675151,2007-04-06 02:54:55
16001.6758442282,-0.619763003207536,100760.25381332,0.850734887249608,2.73431082114378,0.0627869289229814,2007-04-06 02:59:00
15964.101055606,-0.634950239894204,100809.6836031,0.795121559275621,10.7786000910523,0.183617737719928,2007-04-06 03:00:00
15801.6557332209,-0.717012685263668,100973.755607182,0.582591868909803,-1.48737978066634,-0.666278114746803,2007-04-06 03:04:00
15572.8871148605,-0.805670906785553,101119.260522672,0.403088634780548,-363.392011221293,-1.0361349831939,2007-04-06 03:09:00
15319.631695603,-0.880534715131393,101224.843309548,0.315993241548333,-469.477248852861,0.235096427491599,2007-04-06 03:14:00
15045.7923182585,-0.943129884102534,101317.91360324,0.319530627642726,-274.624478798969,0.947980436737637,2007-04-06 03:19:00
14804.3929704911,-0.986847920487544,101405.499668871,0.391708442904256,-34.6930388069547,0.7841347910223,2007-04-06 03:23:10
14755.1180591738,-0.978786953269611,101425.632322381,0.414150658517345,0.238095260880713,0.602980272197465,2007-04-06 03:24:00
14563.80299356,-0.491591435751303,101541.992068246,0.568429779153245,30.6007836812787,-0.367813145497587,2007-04-06 03:28:00
14540.5288826932,-0.287958967374656,101577.389147921,0.608845527930349,-0.468723330809039,-0.677744198375726,2007-04-06 03:29:00
14570.6630183398,0.396871434734684,101764.780262853,0.574883805208875,-267.062715784383,-0.470558327364573,2007-04-06 03:34:00
14723.9915017592,0.534728728770366,101882.83786519,0.145838671087534,-205.133891075737,0.56597308279515,2007-04-06 03:39:00
14837.1207856752,0.128422537328566,101811.928069968,-0.687034097305871,-33.0634920862155,0.475089381405775,2007-04-06 03:44:00
14839.8053636112,0.0625313618238855,101791.315418203,-0.785909528712932,-20.3540748874828,0.431802028748941,2007-04-06 03:44:28
14792.3639604025,-0.316888277449152,101503.219862315,-1.11685859850538,-0.499840081185523,-0.474501224427848,2007-04-06 03:49:00
14772.3385476423,-0.324204245581223,101436.898441496,-1.0113396284831,-39.7302811753174,-0.766693452793648,2007-04-06 03:50:02
14690.1362829646,-0.401890589081024,101255.538906636,-0.530151368160894,-250.875867917669,-0.709869036676292,2007-04-06 03:54:00
14517.8537393579,-0.80354667819035,101169.705374734,-0.0681991792911246,-325.751142660071,0.129701977358411,2007-04-06 03:59:00
14173.3628121443,-1.55189236211333,101199.365741744,0.241112990406673,-200.490151745057,0.676321593810367,2007-04-06 04:04:00
13891.1438397812,-2.08281777813438,101245.502009092,0.343844602876884,-84.6726930698153,0.734841295885609,2007-04-06 04:06:36
13565.4202293735,-2.35230776951838,101300.341317513,0.41642093849774,0.529812413739822,0.373925258505524,2007-04-06 04:09:00
13162.7514033925,-1.93069722438363,101383.608566662,0.496476739118666,-9.97044010208543,-0.569136526265547,2007-04-06 04:12:02
12965.5180110247,-1.42775316173003,101444.954000079,0.542782810258139,-133.283284937338,-1.60647441616708,2007-04-06 04:14:00
12681.7289058276,-0.561947378649418,101623.982128419,0.647809386025505,-699.03109952754,-0.764469090796474,2007-04-06 04:19:00
12570.3881820123,-0.276148691657551,101831.984021874,0.736268635715417,-527.635163506536,0.764436768876123,2007-04-06 04:24:00
12458.6603708369,-0.564532334973637,102064.267863633,0.809963417192658,-370.734241668435,0.901324623600503,2007-04-06 04:29:00
12213.6546752607,-1.32330088549014,102291.471804207,0.865096898340135,-29.1994932585549,1.07229670334375,2007-04-06 04:33:31
12173.8077907249,-1.42204366123161,102316.612026578,0.867841272795201,-0.625465179353264,0.891017726588851,2007-04-06 04:34:00
11693.6287847109,-1.48931259715882,102549.204859903,0.589366236214151,-0.605933502048362,-0.875604166194713,2007-04-06 04:39:00
11358.9205432289,-0.769044701808762,102648.908260189,0.0975115084540433,-341.581743184431,-0.673167030791694,2007-04-06 04:44:00
11216.7046044101,-0.203855497327477,102620.564597957,-0.265727725209452,-362.504932913029,-0.0222478494729103,2007-04-06 04:49:00
11222.2609978491,0.217773945124719,102501.584654238,-0.507754519985461,-377.224999895538,0.390613859077003,2007-04-06 04:54:00
11333.8814507562,0.504436711731734,102327.531982858,-0.633501541615323,-119.559420125401,0.895061457218388,2007-04-06 04:59:00
11378.7160497284,0.561377210028638,102273.634971746,-0.648279443506659,-53.6318955159957,0.668259352523436,2007-04-06 05:00:24
11510.740350302,0.644205106546877,102130.552592143,-0.677419567931574,0.903260207376242,-0.297290752141292,2007-04-06 05:04:00
11701.0040015765,0.591769852129076,101920.18554805,-0.726821789049049,-342.973411461207,-1.97056769462348,2007-04-06 05:09:00
11846.2197659199,0.343376838159447,101693.329284001,-0.787534022228001,-893.823176299384,-0.572748157643558,2007-04-06 05:14:00
11886.9417105497,-0.106036348850281,101446.411248321,-0.860793622832134,-593.175903626902,1.82287655439787,2007-04-06 05:19:00
11761.594249704,-0.765629046126889,101175.450017198,-0.948093669850746,-91.4749238810654,1.10721875913393,2007-04-06 05:24:00
11700.6268469037,-0.953864239818375,101107.327607234,-0.970997043421441,-29.2060231606364,0.665246263351119,2007-04-06 05:25:11
11457.5172583665,-0.963419753027583,100897.897390137,-0.763895892293138,0.309328418573774,-0.364921115534166,2007-04-06 05:29:00
11405.3437583742,-0.761530509275648,100856.304220615,-0.616045740032863,-28.5671536897507,-0.583713426025187,2007-04-06 05:30:00
11326.446964925,0.0485031340919826,100778.876136243,-0.0701551213397309,-212.690639585846,-0.793442021611781,2007-04-06 05:34:00
11436.3039828624,0.599440014200744,100818.411215036,0.271259819788199,-386.658393688112,-0.270594708445473,2007-04-06 05:39:00
11635.8550886801,0.64747722543717,100904.387736728,0.239979266764843,-318.442776520943,0.856668069501585,2007-04-06 05:44:00
11756.3154300255,0.340780342018368,100931.93427981,-0.0398959612373845,-57.5672612889465,1.01423876536946,2007-04-06 05:47:52
11775.4094938044,0.22788427748479,100925.637480657,-0.140514094644049,-0.884503267526384,0.614744744443332,2007-04-06 05:49:00
11812.3661947958,0.167920862198354,100869.646746859,-0.26672572322598,-16.2348572216723,-0.576813941471174,2007-04-06 05:53:00
11823.8748343114,0.21415102486501,100854.013745736,-0.254665566620434,-56.7463902015192,-0.77131341164882,2007-04-06 05:54:00
11907.751805732,0.306603195861285,100783.838061946,-0.220360990246943,-274.940076703299,-0.14211754044769,2007-04-06 05:59:00
11984.8051254593,0.16858290918175,100717.505712044,-0.228999912643574,-115.230923488884,0.773094696584079,2007-04-06 06:04:00
11996.9297057473,0.0721142766236164,100694.265646148,-0.241279756384016,-45.5729749309745,0.609301252223894,2007-04-06 06:05:39
11992.0044105151,-0.106938561545435,100643.182163788,-0.265035948004123,-0.945308635377843,-0.339008522234509,2007-04-06 06:09:00
11938.6878155613,-0.217434287430318,100560.982604401,-0.278623680390912,-255.957373581061,-0.781839378122204,2007-04-06 06:14:00
11880.1309288383,-0.1419330530997,100478.604528147,-0.266228077615517,-298.440234165588,0.607738995778569,2007-04-06 06:19:00
11872.2688466953,0.121103906409846,100403.867576361,-0.227596509116058,-8.1873137890897,0.749363268307885,2007-04-06 06:24:00
11873.5399540031,0.13315323886851,100401.600322381,-0.225849287719382,-0.963161224516536,0.695630958986185,2007-04-06 06:24:10
11959.2238018948,0.444062996856405,100343.404744043,-0.175837101932238,-19.9414581868712,-0.936194714752343,2007-04-06 06:29:00
12130.1970053225,0.682020581465625,100298.198913084,-0.12572689824355,-397.566189310121,-0.781556636343413,2007-04-06 06:34:00
12360.4106296553,0.839668528068695,100267.904206678,-0.0762611154688477,-395.620211449663,0.368845294196977,2007-04-06 06:39:00
12626.2936802132,0.920219805816909,100252.478591589,-0.0264316083228574,-242.848918184217,0.808211267372985,2007-04-06 06:44:00
12843.7355723075,0.93063990746786,100250.925809422,0.0133403916698477,-33.6235664215841,0.677272562182772,2007-04-06 06:47:54
12905.0398431944,0.927030451920441,100252.164181225,0.0239182785273078,-0.843977115080429,0.284964885911641,2007-04-06 06:49:00
13180.394366853,0.907909900834545,100264.360022769,0.0519313337109724,-119.902637457519,-0.751166168677807,2007-04-06 06:54:00
13449.3110430905,0.884038724145227,100280.067910506,0.0473716044575367,-329.387594027832,-0.482934830316814,2007-04-06 06:59:00
13710.294242674,0.854930411523872,100289.518627766,0.0101461604768008,-391.256866324041,-0.0181601320085245,2007-04-06 07:04:00
13961.6866468823,0.819991716356656,100282.81543262,-0.0605036773370063,-299.060018655746,0.886793907683187,2007-04-06 07:09:00
14128.5958731303,0.792117570412208,100263.445046299,-0.129464549748182,-65.3692175081727,0.991212345224693,2007-04-06 07:12:27
14201.6276275673,0.778257558479411,100249.86693079,-0.161676385876224,-3.12339783293327,0.254749807431906,2007-04-06 07:14:00
14427.4618977132,0.725111072519593,100189.677851407,-0.230806951084471,-159.000938939208,-0.513872382877366,2007-04-06 07:19:00
14635.3202284388,0.658214841787149,100116.594762532,-0.247782146036286,-237.68909583881,-0.49492175598573,2007-04-06 07:24:00
14820.8805136124,0.576205476968658,100046.185993057,-0.212947936403233,-449.729857388012,-0.409510847106349,2007-04-06 07:29:00
14979.3661982243,0.477411573107973,99994.0743762659,-0.125594378013045,-360.762040881586,0.985360895456391,2007-04-06 07:34:00
15081.1717294023,0.387007745146741,99976.3776518651,-0.0193688360532554,-68.1003257057527,1.16986930881313,2007-04-06 07:37:55
15105.5855888918,0.366127223654117,99975.8116924386,-0.00443230992147045,-1.31530902225842,0.855416702350839,2007-04-06 07:39:00
15193.1188407468,0.389726262547535,99951.9648092752,-0.281545885792225,40.7376665174055,-0.508253890254363,2007-04-06 07:43:00
15217.2471439365,0.414104595538288,99931.1231313076,-0.411592378117204,-1.80345083304933,-0.922025785958672,2007-04-06 07:44:00
15355.4538859768,0.496327919126221,99725.3386480332,-0.921856456653033,-388.482760968667,-0.926435080878122,2007-04-06 07:49:00
15508.5401076643,0.513469258382944,99400.6287276637,-1.20577243284919,-558.008595391428,-0.934518576109841,2007-04-06 07:54:00
15657.0665647628,0.465877965110563,99023.9164113333,-1.26912670159844,-837.513961924816,0.249897841930678,2007-04-06 07:59:00
15781.5010820258,0.352584097356458,98661.0648970414,-1.11321046469239,-370.64413228817,1.83394029147911,2007-04-06 08:04:00
15845.4230224034,0.227775128703504,98443.7544812859,-0.860714302009523,-65.6054314857148,0.980228022780684,2007-04-06 08:07:38
15862.2459508853,0.186845646394533,98377.5122848767,-0.760734804390407,0.311792273453852,0.614641060333227,2007-04-06 08:09:00
15906.0858489035,0.215312839611025,98212.1116511733,-0.666899733082705,27.6712553843446,-0.341330062910968,2007-04-06 08:13:00
15920.0256371555,0.248989875251917,98171.6963227812,-0.680219532543345,0.0515862337389237,-0.584251950974966,2007-04-06 08:14:00
16016.5580658982,0.385943421587177,97958.1857964603,-0.741854962872094,-240.467019623434,-0.611013935934222,2007-04-06 08:19:00
16146.5456282127,0.472402128004781,97727.3204227531,-0.796114617596565,-398.293651624647,-0.976657018400106,2007-04-06 08:24:00
16295.1293699346,0.510128079977874,97481.1435937863,-0.844104344274857,-764.702680629536,-0.682852554122319,2007-04-06 08:29:00
16447.8293393039,0.499890157295281,97221.3866441278,-0.886802205195259,-680.594849870325,0.97141831181248,2007-04-06 08:34:00
16590.2494759954,0.441479704338829,96949.5041365267,-0.925078410930881,-306.200356566812,1.29791479302738,2007-04-06 08:39:00
16660.4748629901,0.386955905791941,96791.4679915311,-0.944990378096022,-107.340217535074,1.01816764692681,2007-04-06 08:41:49
16707.5150032476,0.327540442178062,96666.9670445947,-0.953677060102916,0.253385316993362,0.579044482891154,2007-04-06 08:44:00
16756.4980575179,0.209673959772365,96495.7301799167,-0.94497173301516,40.2067689682135,-0.107823592373183,2007-04-06 08:47:00
16776.3469098936,0.123216916382836,96383.0158658876,-0.93479997694981,0.0374815719453943,-0.57963354817104,2007-04-06 08:49:00
16787.022086584,-0.039513664336114,96102.7981540361,-0.94079705781299,-254.94990083342,-0.749791417981893,2007-04-06 08:54:00
16760.0172134673,-0.128409184382519,95814.0304442742,-0.991896574401117,-416.068791780925,-0.559374022746468,2007-04-06 08:59:00
16717.1740259801,-0.145281393098827,95503.0489488638,-1.08913996857237,-509.37407833544,0.498086016656434,2007-04-06 09:04:00
16680.0114642635,-0.0904741572291853,95155.7371484614,-1.23450912485089,-157.471849559765,1.12571339494453,2007-04-06 09:09:00
16671.0626001112,-0.0438260174701293,94988.930638268,-1.31380097220528,-47.8384037522297,0.579465104435676,2007-04-06 09:11:11
16667.6224590267,-0.00800061196461982,94760.0724086578,-1.38064255207478,0.446987958454995,-0.0149829726097212,2007-04-06 09:14:00
16666.0969175776,-0.0230251865791991,94594.1691717025,-1.37739913354829,-24.5904051704585,-0.371243112362289,2007-04-06 09:16:00
16657.7488198598,-0.0692263660774065,94349.5077449686,-1.34109276657458,-121.074388733281,-0.671041877796262,2007-04-06 09:19:00
16626.181582443,-0.140018643513426,93956.2458142977,-1.2805772809004,-359.910625865505,-0.875775296178695,2007-04-06 09:24:00
16574.3896920194,-0.204285916197894,93581.26883568,-1.21898647395126,-654.085085922665,-1.16107851920656,2007-04-06 09:29:00
16504.1311988179,-0.263337993544904,93225.0868302357,-1.15506508445043,-897.961198858728,0.247085772767235,2007-04-06 09:34:00
16416.7877915208,-0.318378395847135,92888.5928730375,-1.08751035231125,-481.205286783109,1.91822734324284,2007-04-06 09:39:00
16324.066636896,-0.365584053828149,92602.620322285,-1.02221888410518,-29.5179297455876,1.1008403757484,2007-04-06 09:43:31
16313.4136279176,-0.368390497456087,92573.0741983989,-1.01567955877681,-0.701639859894296,0.880649646624378,2007-04-06 09:44:00
16224.8720981257,-0.145073879900192,92269.9000909276,-1.03056412625882,0.515355969173371,-0.655253436658367,2007-04-06 09:49:00
16224.4437128522,-0.140508566940574,92266.8070382376,-1.03147351648682,-1.46703258056671,-0.666305317516911,2007-04-06 09:49:03
16243.8845011847,0.25059221498828,91948.608024315,-1.10586044765781,-281.578676975233,-0.992302439384226,2007-04-06 09:54:00
16362.835077327,0.522280269003939,91609.6362984884,-1.14861910653625,-544.208679586825,-0.788439833114602,2007-04-06 09:59:00
16545.4136259144,0.675497667289021,91262.6019598894,-1.159702303608,-707.11380912484,-0.0770729338375975,2007-04-06 10:04:00
16756.6066965658,0.713367081497288,90916.9577428413,-1.1393359217409,-538.89642597732,1.18480052486312,2007-04-06 10:09:00
16961.9840217365,0.63666031527256,90582.1847132618,-1.08710488063689,-120.111303234484,1.12392729967547,2007-04-06 10:14:00
17021.4373485797,0.587152935375154,90477.8649140194,-1.0632419195976,-34.2612771812533,0.656770942492164,2007-04-06 10:15:37
17128.6498911518,0.468251462622603,90266.310623884,-1.02670421297263,-0.405344553709019,-0.387693031072808,2007-04-06 10:19:00
17180.8794292906,0.394681912615679,90142.5423282851,-1.0210558708341,-83.3165505108423,-0.894245915164838,2007-04-06 10:21:01
17242.8803387976,0.304970880634274,89960.0329068687,-1.01643814164464,-247.602283411561,-0.776807785014183,2007-04-06 10:24:00
17322.7672204099,0.246728648045999,89659.0146930275,-0.98547204131248,-447.672488930976,-0.964992112869882,2007-04-06 10:29:00
17402.3654489157,0.30304326493219,89371.7169013189,-0.9248136257606,-786.706556742335,-0.727227023617383,2007-04-06 10:34:00
17516.1557957809,0.47506246033545,89107.2172788786,-0.833226636463999,-702.470529570094,1.44897255138194,2007-04-06 10:39:00
17699.3158904002,0.76629209893826,88875.058214572,-0.708844470161346,-129.028660144874,1.3646145023901,2007-04-06 10:44:00
17778.5016085345,0.885562827217534,88809.2417805129,-0.661721238047356,-39.7076630168739,0.571248975555626,2007-04-06 10:45:36
17969.1261787466,0.898593508371389,88681.7497640123,-0.603435265413068,1.16718158594819,0.0509068483434272,2007-04-06 10:49:00
18064.9235340965,0.668640113439923,88609.1516848164,-0.611793971310407,4.01822399965656,-0.0651257402644848,2007-04-06 10:51:00
18147.1517846583,0.271705195106539,88496.4905695389,-0.635996244811272,-79.6398408301397,-1.0615801168218,2007-04-06 10:54:00
18171.3458123552,-0.0375416219153687,88305.9593931309,-0.623134242474634,-527.509388192647,-1.017961972243,2007-04-06 10:59:00
18168.1674716214,0.088913442647979,88129.289836276,-0.543428817318725,-537.694382363941,0.656403193108688,2007-04-06 11:04:00
18268.4920871575,0.653647626434119,87986.7442497853,-0.395255520197634,-249.880959392753,1.08986003238067,2007-04-06 11:09:00
18415.8069420283,1.15486840850202,87930.4422292691,-0.283540094798766,-82.6490904009013,0.864470574891075,2007-04-06 11:11:45
18592.275016248,1.37858802147869,87894.3116637658,-0.286027195359767,-0.27924142322643,0.279339827665341,2007-04-06 11:14:00
18813.1949046138,0.917018312600096,87818.5758040516,-0.612672439384739,-30.3263971764619,-0.522329876295553,2007-04-06 11:17:01
18890.1947870167,0.402396811065777,87727.5331971637,-0.901449870272108,-113.402709685418,-0.863534868409754,2007-04-06 11:19:00
18892.7177697835,-0.226997530708122,87396.2822277381,-1.20634557911544,-418.481509912015,-0.939494776711242,2007-04-06 11:24:00
18848.7935891166,0.0922242214255188,87063.9262332684,-0.908829190216832,-621.202029756536,-0.418589967023723,2007-04-06 11:29:00
19043.4997772372,1.36656801736411,86911.7910442733,-0.00283712330054189,-569.160907439621,1.17516576008909,2007-04-06 11:34:00
19766.7773107056,3.62200582434679,87124.8755101774,1.5300953376354,-65.9287964049473,1.16910194894711,2007-04-06 11:39:00
19996.8769673192,4.18462843591464,87226.1680497187,1.90781015870119,-13.4030887596301,0.639634352262976,2007-04-06 11:39:59
21117.7983279283,4.39459194997317,87785.0635640885,2.3443632181779,1.88707326031583,-0.229492245163029,2007-04-06 11:44:00
21367.9126111139,3.75946810627303,87920.9938655869,2.08762316483091,-13.5295862916381,-0.287449080226851,2007-04-06 11:45:01
21936.0876796989,1.12856268637061,88280.6625757551,0.987232482101639,-177.51037910961,-1.34924799737583,2007-04-06 11:49:00
21915.3095058183,-1.06517435792744,88436.1702696528,0.14866192754222,-658.85964210284,-0.880119804420706,2007-04-06 11:54:00
21416.2648138264,-2.06528497824639,88428.6934073797,-0.101172882653383,-596.568942406061,0.753034518878297,2007-04-06 11:59:00
20793.3833577084,-1.89215208879606,88433.7913804127,0.232636253268351,-324.197334213007,1.13519085591393,2007-04-06 12:04:00
20456.5407009815,-0.991136903256796,88551.5208567117,0.869652319288301,-61.2839597821886,0.983086157339231,2007-04-06 12:07:45
20396.4891324196,-0.62552602021579,88625.807067872,1.0979782567229,-0.269807618291536,0.611702655973743,2007-04-06 12:09:00
20331.5154265088,-0.0676223707193608,88934.1493405492,1.28891822716328,-8.80731922728836,-0.630266842632511,2007-04-06 12:13:04
20328.1839287395,-0.0520283851933317,89004.8654923914,1.23697099265139,-52.2380181335119,-0.926844764979594,2007-04-06 12:14:00
20317.7579474294,-0.0365788200754048,89337.560373022,0.98943521611848,-418.587844790256,-0.994106016404029,2007-04-06 12:19:00
20294.756966676,-0.136003807021032,89603.3542169115,0.790208127461169,-566.487007749004,-0.183493198808142,2007-04-06 12:24:00
20224.4734958441,-0.352329692854311,89816.107081575,0.635229347183562,-477.358467776176,1.17516261383268,2007-04-06 12:29:00
20078.745588261,-0.675370991788883,89982.8441815993,0.524819789405873,-13.7684673012267,1.14536640142273,2007-04-06 12:33:49
20071.2385087588,-0.689389123057759,89988.5984457402,0.521457949299225,-1.76856163555021,1.03487345952101,2007-04-06 12:34:00
19845.4847430056,-0.694354345960217,90142.5447687219,0.540429355257823,0.86688974440538,-0.629128922893492,2007-04-06 12:39:00
19684.1435516319,-0.40394288400014,90319.5508101744,0.626393675923895,-226.230525757181,-0.659258372089877,2007-04-06 12:44:00
19589.7595966446,-0.24721618143573,90510.5139455531,0.633634357391343,-395.9463245843,-0.702822576751571,2007-04-06 12:49:00
19522.7736296942,-0.220980044676933,90691.8791428716,0.562298969525132,-618.064330139644,-0.427549415917299,2007-04-06 12:54:00
19444.1847915017,-0.324699763948765,90839.8957578341,0.410933650060949,-557.840242192163,0.858228383213482,2007-04-06 12:59:00
19314.755748618,-0.56048921555334,90930.1334800367,0.176453473933212,-202.998174043705,1.0776015678651,2007-04-06 13:04:00
19234.9022523882,-0.70116873815491,90944.7486385906,0.0510485590950394,-90.9811427224876,0.713086058834298,2007-04-06 13:06:07
19099.4457996694,-0.842391473516968,90942.0763033109,-0.0576020746467337,1.06312746554696,0.360981757892825,2007-04-06 13:09:00
18996.5659504571,-0.861529903168313,90935.081600996,-0.0472876827455435,28.3685722979735,0.0754193953822585,2007-04-06 13:11:00
18843.2596020222,-0.841854843849967,90932.6739694854,0.0204301555514013,-19.6086110304771,-0.710136714329112,2007-04-06 13:14:00
18595.673618637,-0.808575722066817,90955.6377917682,0.132672252802615,-342.553633893548,-0.900704750344211,2007-04-06 13:19:00
18358.2339137541,-0.774098338487378,91012.3977967345,0.24611992276015,-483.106349165004,-0.269879207478862,2007-04-06 13:24:00
18131.4045800778,-0.737720021289754,91103.6612781309,0.363085303778594,-595.270312706377,-0.608485185560315,2007-04-06 13:29:00
17915.8659566772,-0.698699356370874,91230.8387333156,0.485952227484539,-696.638325229327,0.671232127411281,2007-04-06 13:34:00
17712.5284947453,-0.65624107683796,91396.0726101251,0.617224802837774,-235.908223610534,1.48777503347924,2007-04-06 13:39:00
17620.2251030092,-0.634544501542776,91489.0445104527,0.683525744871385,-77.3379367395978,0.784649391877597,2007-04-06 13:41:23
17521.8129821993,-0.623590711029591,91601.6265891758,0.747072010542706,0.687543416408953,0.218518902321506,2007-04-06 13:44:00
17408.2519028003,-0.644089484600507,91740.7198808162,0.793785985058625,-11.3202173249857,-0.330649217929951,2007-04-06 13:47:00
17329.5365056072,-0.666980896580861,91837.0670498693,0.810152385211004,-72.8671511906592,-0.709796860541591,2007-04-06 13:49:00
17123.3919493142,-0.702092724039996,92080.7189425624,0.802679682832274,-330.051390606071,-0.622232225725899,2007-04-06 13:54:00
16911.3887408827,-0.706104777810287,92311.7378188057,0.725789527772171,-350.122278728131,0.491303633225505,2007-04-06 13:59:00
16702.8287810388,-0.679098826194302,92509.0990174566,0.577914847946562,-110.324685877847,0.803409585422766,2007-04-06 14:04:00
16637.0147650701,-0.663481154472211,92562.65616534,0.513763006340481,-41.9384653480697,0.579229158231158,2007-04-06 14:05:38
16505.4367993246,-0.644997540109801,92653.5093999381,0.391956189904254,-0.633427320216669,-0.299905037493124,2007-04-06 14:09:00
16308.443885263,-0.680934944034221,92752.0701669811,0.278338014198115,-218.835641821006,-0.640479909862486,2007-04-06 14:14:00
16089.2282255334,-0.793400285578817,92828.3541927667,0.243192863712465,-281.887808017291,0.11912052595617,2007-04-06 14:19:00
15824.5270500994,-0.98468568259706,92905.7562899264,0.285804457095308,-168.190179762467,0.656335276725361,2007-04-06 14:24:00
15644.0750892485,-1.13041246104387,92959.3371620697,0.345152616891422,-46.9234147921455,0.622415654363205,2007-04-06 14:26:51
15491.1607080977,-1.23519499114852,93007.0669232519,0.392454885936943,-0.959072886090332,-0.0116830554343195,2007-04-06 14:29:00
15097.7116337387,-1.36033710034089,93134.9759231189,0.44754703330029,-172.979228346158,-0.655988217413957,2007-04-06 14:34:00
14691.358380984,-1.32136865891005,93267.9930778253,0.426566971534948,-320.750816746058,-0.51225655832616,2007-04-06 14:39:00
14321.3697379138,-1.11749546431235,93383.2713108613,0.329087113141679,-436.550893265321,0.09897491377477,2007-04-06 14:44:00
14037.7556273435,-0.744562446347816,93457.602014791,0.153120754299472,-241.03636559255,0.927281443484146,2007-04-06 14:49:00
13933.1326965637,-0.447949690488747,93472.5262974096,0.0137526741675951,-84.1916470979096,0.816975687305216,2007-04-06 14:51:54
13888.8471147998,-0.276865143402139,93468.5328006389,-0.0670387386750733,0.281213206994172,0.479194294382335,2007-04-06 14:54:00
13844.5665428721,-0.259640494075855,93453.6733411112,-0.0775118246773892,32.7769415901574,-0.0897749253056665,2007-04-06 14:57:00
13809.0682521211,-0.329426294313045,93446.3948746364,-0.0439973427726677,0.4991486625268,-0.459871006938755,2007-04-06 14:59:00
13691.7093597454,-0.437223021286367,93445.20032299,0.0349674291376434,-251.570565286166,-1.14191202696587,2007-04-06 15:04:00
13556.0994976532,-0.451305654039295,93466.8140496478,0.108315569876317,-566.693642109891,-0.564455270256006,2007-04-06 15:09:00
13430.2623437424,-0.371961205917575,93509.777769484,0.177541962938973,-512.076709875499,0.847655926052627,2007-04-06 15:14:00
13342.4207501506,-0.197572584725369,93573.0683243183,0.24405748788453,-176.945151088978,0.990759248034572,2007-04-06 15:19:00
13322.3018081062,-0.0800402369067725,93610.1983531643,0.275204398070329,-65.9455763561675,0.591904533835423,2007-04-06 15:21:23
13320.4884642351,0.0547070918148782,93655.8977028641,0.305794322420835,0.990200509305616,0.264808197466095,2007-04-06 15:24:00
13343.048701115,0.193193905323812,93713.4705669921,0.332416402096747,10.2202428781616,-0.199987587259563,2007-04-06 15:27:00
13371.2458312253,0.275129882906172,93754.0455608083,0.34215200347468,-42.4908683404131,-0.722009126507403,2007-04-06 15:29:00
13479.7205367889,0.438289520918798,93855.3021329942,0.322383437843559,-332.284265016669,-0.641779707941466,2007-04-06 15:34:00
13628.5206563572,0.544421636491548,93941.1312101058,0.239127712105456,-361.572574795782,0.143038529733981,2007-04-06 15:39:00
13800.8907889254,0.595689272154595,93992.2647811821,0.0906880196464294,-267.719276877247,0.700865986830021,2007-04-06 15:44:00
13956.7584176997,0.596577874230135,93993.102446717,-0.0929893177070929,-28.8522706235557,0.798585849298065,2007-04-06 15:48:20
13980.4912595761,0.588288763162644,93988.758100339,-0.123682232543821,-0.13600444725723,0.627814744126966,2007-04-06 15:49:00
14111.6375402127,0.185654212484989,93928.1133046367,-0.250244230251235,-0.181569463054392,-0.610734244865854,2007-04-06 15:54:00
14094.1923162259,-0.193879390811501,93843.5523022128,-0.327365321009914,-219.056805187877,-0.274091869093386,2007-04-06 15:59:00
14059.9672667963,0.0735991045621913,93723.2684371362,-0.488800301262026,-117.397660876263,0.566961028868483,2007-04-06 16:04:00
14131.4290719211,0.655218114788817,93602.7642739107,-0.655443895308516,-19.3738951704868,0.31932552093894,2007-04-06 16:07:32
14200.6936742911,0.896027381405979,93542.0065948041,-0.721169926808375,0.607845268234817,0.121207146900068,2007-04-06 16:09:00
14431.1500376138,0.854147468573379,93359.1215670311,-0.771477295046007,-45.5459527425652,-0.523258329998769,2007-04-06 16:13:00
14478.3863150318,0.722629521773335,93313.1456915732,-0.761319148018127,-83.0695919722384,-0.734535191168749,2007-04-06 16:14:00
14618.1082040003,0.263601854172656,93089.7781455255,-0.734403598984223,-333.497997420299,-0.451857350403495,2007-04-06 16:19:00
14669.0315919836,0.129636129484661,92868.5553712716,-0.746996434373133,-283.780763553773,0.582574587437987,2007-04-06 16:24:00
14728.1012001912,0.318002037863716,92637.6064763548,-0.799354304477482,-78.2434837975818,0.610191004986815,2007-04-06 16:29:00
14761.4532494836,0.436275343259948,92565.4530926126,-0.822671353323216,-31.1895827128365,0.441329555312007,2007-04-06 16:30:29
14883.526532326,0.705938187335295,92387.0515037245,-0.861408355171468,-0.0870871807025742,-0.242269551897271,2007-04-06 16:34:00
15134.5227507514,0.938171474155216,92128.9810375866,-0.845103392504698,-190.666966184739,-0.743020955618416,2007-04-06 16:39:00
15429.0933221213,0.996926245497833,91888.4064685361,-0.744571344974611,-351.580748239845,-0.236650668473826,2007-04-06 16:44:00
15715.4620682989,0.883399962363319,91690.859983004,-0.557763303132064,-298.037683084002,0.639382860315948,2007-04-06 16:49:00
15941.6856525388,0.595278884208699,91562.7507081486,-0.280871995848025,-55.1716960091543,0.584088616005353,2007-04-06 16:54:00
15978.6476038484,0.506557922124722,91546.4072038997,-0.206193145489301,-24.6665966301293,0.340835378421509,2007-04-06 16:55:07
16075.7808464673,0.399582415905993,91523.4829722779,-0.0167102410303135,1.19503878057021,-0.0181290678255088,2007-04-06 16:59:00
16100.8942738869,0.44233252874936,91523.2367239661,0.0067817700535685,-0.591148571403181,-0.0419548667038892,2007-04-06 17:00:00
16230.8022166446,0.624977669044063,91531.9315902169,0.0584867700659849,-27.275236506328,-0.206325480928976,2007-04-06 17:04:00
16436.9640320644,0.726094515222599,91551.7967331504,0.0628182335459896,-107.841107762342,-0.23692622528481,2007-04-06 17:09:00
16652.5151720649,0.687679261668452,91562.9289754863,0.000168754645203464,-134.639712013881,0.103968326484196,2007-04-06 17:14:00
16835.5495955912,0.508948980171853,91545.0768338412,-0.130738504345906,-53.8093875407696,0.355710698450646,2007-04-06 17:19:00
16867.6995945386,0.449552891862991,91535.037295621,-0.169541029648931,-30.239753977483,0.33856160816643,2007-04-06 17:20:07
16955.0269427342,0.33475600067219,91471.3511880045,-0.410460657296788,-0.232390323509771,-0.236299736028269,2007-04-06 17:24:00
16975.8453108539,0.339257323215074,91442.9402118035,-0.508410342868741,-22.8342189920234,-0.474502555615704,2007-04-06 17:25:02
17062.4065327105,0.389854282101385,91279.9718734718,-0.835821123922533,-167.214296830209,-0.525327352709287,2007-04-06 17:29:00
17190.7666760083,0.468808392512781,90993.395837706,-1.03548825046872,-248.971023619868,-0.104729842875266,2007-04-06 17:34:00
17345.5343688511,0.566203006606454,90682.0659479175,-1.00112652554795,-257.165533212864,0.0263560223961315,2007-04-06 17:39:00
17532.5296427301,0.684023090868356,90416.1769311052,-0.732035634538074,-198.957888563913,0.522618703162347,2007-04-06 17:44:00
17717.6273383444,0.799528067564452,90280.5636342214,-0.324675548906539,-25.8002591437554,0.597533892266631,2007-04-06 17:48:10
17758.1192635012,0.818064672069302,90266.664786783,-0.233822083674545,-0.182076971199937,0.414646614542527,2007-04-06 17:49:00
17950.0099187758,0.732990249002944,90244.4858565473,-0.00919519155035675,12.8693116823022,-0.170328997683024,2007-04-06 17:53:00
17992.3185020048,0.678109237025155,90244.3123023947,0.00343133647872087,1.2350467020921,-0.212215175684262,2007-04-06 17:54:00
18162.43021337,0.475828527081672,90255.042508977,0.0687663368916636,-98.5549332801649,-0.529886944085031,2007-04-06 17:59:00
18289.5618363188,0.391089657322468,90286.0376306085,0.138759755159217,-285.522888047591,-0.514685440594539,2007-04-06 18:04:00
18408.657639465,0.422165593680059,90338.9064426787,0.214838103319948,-354.718934678696,0.0626747985116283,2007-04-06 18:09:00
18554.4981161139,0.569689684238045,90415.703520818,0.298551908297872,-240.266821812341,0.721733143849918,2007-04-06 18:14:00
18762.40883366,0.836668567282868,90518.9711145047,0.391607312663985,0.134248642098767,0.545926851889855,2007-04-06 18:19:00
18764.0843613914,0.838860087938241,90519.7549849007,0.392263166439186,1.21782696245755,0.537658987995142,2007-04-06 18:19:02
19040.9816246344,0.946488049481233,90657.1815947724,0.550205298460013,0.0283676305781069,-0.561637078552238,2007-04-06 18:24:00
19307.7238900393,0.830389281282768,90852.2341567977,0.74022078443412,-249.056371897467,-0.73177659166672,2007-04-06 18:29:00
19538.2517280875,0.704649325969076,91095.5347799537,0.872404222133464,-383.267509504243,-0.306412469904843,2007-04-06 18:34:00
19729.2939276551,0.566705520300887,91370.16662059,0.94944959721905,-437.519588764019,0.0696656004496738,2007-04-06 18:39:00
19876.7745342574,0.413746478517881,91659.8513859376,0.972927145261555,-310.292005445504,0.778637359649468,2007-04-06 18:44:00
19975.7297794078,0.242654794442237,91948.6175717633,0.943315354178109,-54.0568712224758,0.593664076527263,2007-04-06 18:49:00
19988.986372684,0.206579763890395,92003.9263253215,0.931211347533829,-25.6819933829827,0.378348671197238,2007-04-06 18:49:59
20022.0139697538,0.0724477999360464,92217.8947048734,0.827877392724192,1.15796318041274,-0.0691260198696935,2007-04-06 18:54:00
20025.4864195445,0.0435960203460319,92266.360825941,0.786621084342281,-4.80674687457847,-0.131497576635438,2007-04-06 18:55:00
20025.850476062,-0.0267495040138108,92434.5082723358,0.617259827023687,-82.0124798427633,-0.587551765026918,2007-04-06 18:59:00
20018.8375688738,0.00149213376273061,92590.4971771531,0.426197363303123,-257.194293076427,-0.100351885866021,2007-04-06 19:04:00
20039.7111162617,0.159475298370075,92692.1572896581,0.25445398576659,-121.569877617282,0.607385134173499,2007-04-06 19:09:00
20093.6920893877,0.354193275213136,92734.5653925437,0.141291969627654,-20.5327448429377,0.329020862840197,2007-04-06 19:12:35
20127.3696191744,0.434880689706823,92745.0480328176,0.109035387095591,1.72654953585173,0.188501346311256,2007-04-06 19:14:00
20249.8992911539,0.555375869955039,92771.1854853248,0.137393721241449,0.381273037288189,-0.185863432383125,2007-04-06 19:18:01
20282.9738986269,0.566008243974939,92780.1302160919,0.16571226732252,-13.3820630843356,-0.282842568069663,2007-04-06 19:19:00
20463.0273217694,0.639935135709316,92850.437040415,0.300560769501158,-127.688002932708,-0.323965995991637,2007-04-06 19:24:00
20670.3728376706,0.748263918204514,92959.1360544478,0.422094014320321,-160.543606397545,0.139097122580798,2007-04-06 19:29:00
20915.6441618893,0.893202403511722,93102.6103505684,0.532788929484267,-70.2450962582824,0.324372471633108,2007-04-06 19:34:00
21023.0523885933,0.9596643152364,93166.767909105,0.573172676045284,-36.9043479221851,0.253913490785328,2007-04-06 19:35:56
21203.3752870689,0.965621447633194,93281.6770983008,0.695656186795705,1.0405939872258,0.156859844906765,2007-04-06 19:39:00
21313.6278384056,0.857108329382989,93373.296504304,0.839838265605468,14.5416036408055,0.0578542589439977,2007-04-06 19:41:00
21447.9292450734,0.638810231161009,93545.098557279,1.05645770690963,0.301468511012998,-0.262322305585325,2007-04-06 19:44:00
21590.5988611262,0.321625373216493,93896.4154955641,1.25135337834558,-122.349848919716,-0.318426701730798,2007-04-06 19:49:00
21646.1814172396,0.0572457844080859,94275.4650891744,1.24165544308739,-158.240277628328,-0.0273490671356623,2007-04-06 19:54:00
21629.6848221313,-0.159716765693958,94620.9435146678,1.02716625081682,-135.333628168978,0.300307207378566,2007-04-06 19:59:00
21560.2461929866,-0.324909948827848,94860.349334574,0.633241366297753,-6.27229965229257,0.42933506204092,2007-04-06 20:03:43
21554.6485638753,-0.333578232933837,94870.8714650315,0.605053017562666,0.801984993487634,0.402212055038415,2007-04-06 20:04:00
21437.3113966708,-0.431315045797637,95017.8835815515,0.498083528464858,-0.607057158795859,-0.634147272982353,2007-04-06 20:09:00
21436.4484626348,-0.431618224699897,95018.8815071642,0.499847556560631,-1.88793968550484,-0.646705282685812,2007-04-06 20:09:02
21302.4812951039,-0.463039076795352,95204.2441413438,0.733929396064797,-302.604583733065,-0.847439987152108,2007-04-06 20:14:00
21162.1708408811,-0.467914334953765,95452.2171925353,0.909511885299918,-431.227370206627,-0.229530814646166,2007-04-06 20:19:00
21024.4056539309,-0.446041867861817,95744.2848401393,1.02839162254624,-493.269328016611,-0.176972970446982,2007-04-06 20:24:00
20897.2632272833,-0.396975900211019,96063.8278542262,1.09299145527318,-463.369624945926,0.666188015490978,2007-04-06 20:29:00
20789.0375528315,-0.319716435212087,96394.7869709604,1.10462797068788,-144.040795659235,0.970286271538671,2007-04-06 20:34:00
20753.5331171244,-0.281277546980923,96524.6322030354,1.09477926816489,-54.0517546762167,0.572532281326995,2007-04-06 20:35:58
20704.7805521295,-0.27249950635943,96722.7943813916,1.08759027320066,0.536197149393534,0.0115604408907832,2007-04-06 20:39:00
20648.1449506096,-0.371200792834388,96921.1402819404,1.1087968067205,-46.5447456367808,-0.499675923366948,2007-04-06 20:42:01
20598.3824721878,-0.462013423712839,97054.3274744278,1.12843885092148,-123.739621315786,-0.80445710108882,2007-04-06 20:44:00
20434.8565676197,-0.60870277815925,97396.642754287,1.14608369331181,-374.62680868672,-0.472487308561133,2007-04-06 20:49:00
20244.7209796201,-0.639711991488723,97737.4341756805,1.11826257552411,-371.386986857406,0.242229653742118,2007-04-06 20:54:00
20062.5263910625,-0.555673051925536,98063.0001220208,1.04440848482443,-260.186730518756,0.627025953447841,2007-04-06 20:59:00
19922.9853276273,-0.354873190441338,98359.3286714944,0.923016226123147,-37.7470594792781,0.557206585739229,2007-04-06 21:04:00
19908.2300098791,-0.315389101985221,98399.4627114412,0.901078525283211,-16.3509208034136,0.418041106807181,2007-04-06 21:04:44
19837.200410245,-0.320227400531869,98608.6561988484,0.714611145910677,0.416472192053565,-0.299790700964745,2007-04-06 21:09:00
19815.5914011273,-0.392858387486629,98650.4186986157,0.653574288681062,-23.3770042753514,-0.470666828266168,2007-04-06 21:10:01
19684.7633224778,-0.687346842582497,98778.205529259,0.422653166910221,-177.00614791014,-0.723104212216743,2007-04-06 21:14:00
19437.9776182639,-0.935838312419658,98868.4392395782,0.188953344098284,-352.010710444819,-0.276864629255751,2007-04-06 21:19:00
19136.2794249319,-1.0540505914064,98897.3870300044,0.0133878625002418,-388.491569800758,-0.31504254469273,2007-04-06 21:24:00
18818.3255921804,-1.04439292377249,98881.9238798262,-0.107621418218511,-478.659403782362,0.312829014609396,2007-04-06 21:29:00
18522.4416690531,-0.90666847988043,98838.0196440648,-0.176540747028215,-193.031274446852,1.0235913884379,2007-04-06 21:34:00
18366.2857350932,-0.754894551098548,98803.0867112331,-0.193810773162621,-47.8091254981158,0.557469641650816,2007-04-06 21:37:07
18286.8490933798,-0.652777349028735,98780.9813935743,-0.196982110277869,0.749954999711411,0.295563952590907,2007-04-06 21:39:00
18126.1337612262,-0.430165972174723,98722.1166494059,-0.192268892091692,-18.3264104582212,-0.460583639942363,2007-04-06 21:44:00
18022.0504507149,-0.274590620050255,98667.5390622497,-0.168352620457974,-315.8129026076,-1.64611548723175,2007-04-06 21:49:00
17954.9971877828,-0.1828805643468,98623.0727909672,-0.124745865983371,-818.842615587984,-0.833257732469259,2007-04-06 21:54:00
17906.1266951651,-0.153166693628477,98594.7480697076,-0.0605598942445311,-756.160911715057,0.616069728078751,2007-04-06 21:59:00
17856.9622724513,-0.184843419607959,98588.924108058,0.0255134472057252,-524.152675606881,1.26507327420543,2007-04-06 22:04:00
17789.0212287413,-0.278556334857681,98612.4186959302,0.135228389848289,-84.2199011342337,0.984005935250146,2007-04-06 22:09:00
17763.7627797335,-0.316619279115857,98625.4146511753,0.170909238854181,-25.7993536036194,0.43672615530654,2007-04-06 22:10:25
17686.0394056516,-0.399906740097772,98674.4341934827,0.295765108260564,1.86020506875933,0.0153855975816476,2007-04-06 22:14:00
17636.149663367,-0.429598845881152,98715.5890463589,0.393538470671431,3.48948010990182,-0.0285432638485304,2007-04-06 22:16:00
17555.4049457897,-0.468762222764675,98799.7554621369,0.534764613112737,-43.5637574031868,-0.61768609971463,2007-04-06 22:19:00
17403.0434104241,-0.550508110505519,98984.7331080708,0.679819727652044,-317.598009122662,-0.704549794807306,2007-04-06 22:24:00
17222.8943123215,-0.654326628786014,99196.6009477858,0.714336419534946,-397.318067346605,-0.0549038344844816,2007-04-06 22:29:00
17008.0302203949,-0.782333667497239,99402.3589084694,0.639018161712491,-385.678869448776,0.219538418255425,2007-04-06 22:34:00
16750.8161890822,-0.937138094533703,99568.8823939439,0.452329918403194,-239.324282952129,0.774495202334623,2007-04-06 22:39:00
16505.625585696,-1.08432046292921,99651.7555527243,0.216935911220519,-34.2888510675865,0.700498877681442,2007-04-06 22:43:03
16443.037941481,-1.10695833094236,99662.4689005155,0.162136460032109,-0.0810813506184754,0.484842434104274,2007-04-06 22:44:00
16193.5108192706,-0.887602286303964,99691.9290557164,0.139330316760205,18.2226280799932,-0.23114837255729,2007-04-06 22:48:00
16143.7273367272,-0.773233829738748,99701.3381988918,0.173659952626337,0.848142760404848,-0.346529258653482,2007-04-06 22:49:00
15984.2060504338,-0.323887441789414,99772.9220852274,0.287652585612583,-161.221807427198,-0.678425734008821,2007-04-06 22:54:00
15929.6031806048,-0.0725921859879427,99864.4686475715,0.306970029193445,-347.971111907132,-0.388485883942759,2007-04-06 22:59:00
15921.3708570068,-0.0142264992429403,99947.6823435983,0.232005985612742,-457.461420267646,-0.772830777392692,2007-04-06 23:04:00
15901.9062717288,-0.147600850355006,99994.0978016698,0.0612326382089085,-629.876338343343,0.78398237231524,2007-04-06 23:09:00
15813.377695957,-0.475433496586165,99974.4996777824,-0.208830486496443,-69.775598386883,1.45770019203927,2007-04-06 23:14:00
15780.5078946671,-0.569535034807489,99959.1688963681,-0.278635067076398,-0.894584255069802,0.765438478159603,2007-04-06 23:15:03
15605.5742413948,-0.890073838954144,99878.4245526045,-0.329183259367877,2.16999129675694,-0.458744608948746,2007-04-06 23:19:00
15550.1741994139,-0.955553637266724,99860.2490038109,-0.271947134029081,-28.6780148892907,-0.563077903416543,2007-04-06 23:20:00
15294.2393705255,-1.16347049651697,99825.3721908308,-0.0347397953736855,-185.910513593113,-0.676219482855411,2007-04-06 23:24:00
14920.2255339505,-1.3090594169842,99843.0881811563,0.128469098341665,-353.798938956927,-0.362335870742585,2007-04-06 23:29:00
14521.2311538393,-1.33028972306285,99887.9487975159,0.146531101046213,-349.826434814385,0.522658113846056,2007-04-06 23:34:00
14134.4358941766,-1.22759410239632,99916.5387760697,0.0198143282704767,-104.921992511983,0.716604870492479,2007-04-06 23:39:00
14010.0058142781,-1.16275962064972,99914.6919724064,-0.0582915680374875,-46.1219424762194,0.432233768063139,2007-04-06 23:40:44
13797.2185264659,-0.999637707708651,99892.0440156303,-0.148119262390068,1.02507171001782,0.0658130602364656,2007-04-06 23:44:00
13684.6477167984,-0.873125413234234,99874.797625949,-0.130079828806494,-4.66885553140233,-0.172695836847437,2007-04-06 23:46:00
13545.021496445,-0.683392728895256,99856.7877226352,-0.0743136271982878,-84.0217895639912,-0.783454412138234,2007-04-06 23:49:00
13379.5286394181,-0.433340633123281,99841.7015825594,-0.0379877388786584,-448.911436768113,-1.41771153649764,2007-04-06 23:54:00
13277.1785211286,-0.261727650916906,99826.9743203572,-0.0719170528721346,-841.833752258704,-1.06090593165683,2007-04-06 23:59:00
13215.0029749688,-0.165056196486579,99791.461488569,-0.176793070980878,-970.921336245449,0.518871079513444,2007-04-07 00:04:00
13170.8526186142,-0.14135604181736,99713.5950161151,-0.35475323564011,-578.575684606931,1.58542248247306,2007-04-07 00:09:00
13122.9454349995,-0.190144162122221,99570.9436367783,-0.609424492404968,-174.582095571861,0.997825248889564,2007-04-07 00:14:00
13092.2118912355,-0.239545534658199,99472.548177555,-0.760376266952755,-61.8633682073688,0.590615253495711,2007-04-07 00:16:24
13048.6896017488,-0.326518221421451,99345.3058514467,-0.839244439290816,0.477416357844862,0.200493482956947,2007-04-07 00:19:00
12976.4050854041,-0.487557348201335,99203.51581184,-0.693975248726304,6.72875286352612,-0.0563989565010783,2007-04-07 00:22:00
12910.685723988,-0.603257319288514,99130.8507376882,-0.519335455690345,1.56725271904503,-0.000446458908414271,2007-04-07 00:24:00
12699.7210305186,-0.775534159096887,99034.0694552137,-0.138823353961436,0.230310855897767,-0.201164623836461,2007-04-07 00:29:00
12461.8243329803,-0.783108333402296,99040.1503275764,0.167574542319692,-117.635456445067,-0.385908053536354,2007-04-07 00:34:00
12246.2997087223,-0.626134208873727,99127.8318187925,0.406102824408343,-177.756961636218,0.00122724914914114,2007-04-07 00:39:00
12102.9071927063,-0.301412549298279,99277.5154673223,0.58162285604934,-116.499476810316,0.392629736196254,2007-04-07 00:44:00
12075.4833222577,-0.0989250682093241,99360.1795183052,0.641048570571944,-58.9489470926457,0.401954685909999,2007-04-07 00:46:15
12079.268352734,0.132050915645,99469.1225558932,0.665998062746239,-25.4798211769358,-0.105438838766969,2007-04-07 00:49:00
12159.0120446682,0.358247269678103,99651.3237535056,0.503962146195546,-148.883435651377,-0.273782899293832,2007-04-07 00:54:00
12269.5754659893,0.337864028205832,99744.4242240634,0.0709864149672606,-112.802955219618,0.379496122675477,2007-04-07 00:59:00
12337.0476988031,0.0704857673202628,99665.9581478711,-0.641753461972883,-0.752117214781067,0.183178810364344,2007-04-07 01:04:00
12337.186051478,0.0678650405764272,99664.6689234208,-0.647473165013644,-0.391070594277466,0.177879736774938,2007-04-07 01:04:02
12332.2649154184,0.0102857694335888,99403.7832954549,-0.905129628663841,1.71977733088508,0.0361444679257586,2007-04-07 01:09:00
12332.7616886155,0.0335751637099207,99383.2916286352,-0.87557305302266,2.91677676665141,0.0663118094529045,2007-04-07 01:09:23
12378.5899206171,0.277142965485829,99187.7743792309,-0.56545829617644,-0.237142122814423,-0.336957833564476,2007-04-07 01:14:00
12484.5818490744,0.406447394671066,99044.1401843287,-0.425763172248497,-186.196867966289,-0.557814991970863,2007-04-07 01:19:00
12608.7343434283,0.398418611554906,98912.2009442138,-0.487359782856705,-270.092525410277,-0.0863896034713488,2007-04-07 01:24:00
12709.8926499158,0.252892984240894,98731.4833300693,-0.751503507560225,-231.148346382458,0.458523667717518,2007-04-07 01:29:00
12746.4333780559,-0.0330953955581226,98440.5198776371,-1.22357776972275,-40.6567224090668,0.51569059059898,2007-04-07 01:34:00
12741.9129275664,-0.111490154537057,98359.5042955808,-1.34995107206889,-13.5240072159905,0.349312124307369,2007-04-07 01:35:03
12700.3316471061,-0.149856119200202,98004.3301935355,-1.54932887358472,0.35903296205707,-0.259020234937022,2007-04-07 01:39:00
12693.0821760341,-0.0664570906387501,97904.943767149,-1.50134917515796,-22.3473454812792,-0.427256173117099,2007-04-07 01:40:05
12715.9386744289,0.23750043589728,97578.9963259756,-1.28490201423721,-148.637355730401,-0.527265294438503,2007-04-07 01:44:00
12820.6877340901,0.423420202528042,97222.1642812437,-1.11323780009252,-264.793964508736,-0.248739271589183,2007-04-07 01:49:00
12947.6677170269,0.385957791152414,96899.6374530253,-1.05581293629254,-315.4018727852,-0.15729908855233,2007-04-07 01:54:00
13029.8630307408,0.124349693112805,96577.3772829176,-1.1114570662301,-310.619125544576,0.452595766569344,2007-04-07 01:59:00
12999.3453416308,-0.366735837210325,96221.350647186,-1.28130425398149,-84.0900047452799,0.632754871220526,2007-04-07 02:04:00
12952.6628886348,-0.580721871938449,96090.5669047997,-1.36293814538524,-36.8289451244286,0.34659702589034,2007-04-07 02:05:39
12810.9285315491,-0.723471569539724,95804.7175621903,-1.45114859989061,2.1682841500224,0.0989351258139936,2007-04-07 02:09:00
12734.93792442,-0.505179430475046,95631.9514402015,-1.41753639355184,10.298615462611,0.0317391317496266,2007-04-07 02:11:00
12685.8424160489,-0.0567109142661661,95385.3701726609,-1.32399178656602,1.15200976776947,-0.158532248336332,2007-04-07 02:14:00
12755.4446895075,0.476933972011398,95008.9063207426,-1.1901993959751,-199.563298402263,-1.55438735712535,2007-04-07 02:19:00
12946.1907171884,0.752282987363802,94668.7193570194,-1.08173595168283,-795.312531549032,-1.49626451924384,2007-04-07 02:24:00
13181.5631989983,0.774947926370231,94357.5544775191,-0.996390897141755,-976.770057513908,-0.150907942155684,2007-04-07 02:29:00
13385.9543514186,0.545390715439581,94068.7483674915,-0.932424843838661,-905.077683616395,0.989216535108594,2007-04-07 02:34:00
13483.1249709999,0.0589328271753926,93796.0933986581,-0.888534121409159,-411.390686917889,1.82875410681651,2007-04-07 02:39:00
13415.964799321,-0.597993903886779,93562.2463585125,-0.865622209239315,-24.9434586926622,0.846716302975436,2007-04-07 02:43:27
13394.7258208277,-0.687504403434488,93533.6904173403,-0.865705706399783,-0.847907802368411,0.607227450504155,2007-04-07 02:44:00
13115.6803866172,-1.03228744599658,93254.6401055859,-1.04977442471055,2.14641378610824,-0.0889430405699868,2007-04-07 02:49:00
13114.6482279102,-1.03202841014243,93253.5897474255,-1.05094251356263,2.05869098906171,-0.0865060854439923,2007-04-07 02:49:01
12818.8612366975,-0.943057051729682,92891.7482672045,-1.3539881812473,-0.0435796360499257,-0.206693634177424,2007-04-07 02:54:00
12552.0105117745,-0.832163868970877,92451.2770598372,-1.56784444967673,-118.180084911385,-0.285046417832294,2007-04-07 02:59:00
12321.9531244428,-0.697352385211074,91959.6359033941,-1.69569937399355,-133.290627766861,0.040017937583414,2007-04-07 03:04:00
12136.2638582683,-0.535875053476816,91442.1913412625,-1.74015872190053,-105.454113800635,0.244585163029802,2007-04-07 03:09:00
12003.4217483958,-0.344440859221612,90923.7840263994,-1.70212860423761,-10.6679466923841,0.191513159260195,2007-04-07 03:14:00
11996.6718720211,-0.330521635753536,90889.7956147736,-1.69665094464433,-7.26433934870537,0.149797907658638,2007-04-07 03:14:20
11933.0606552263,-0.118314554891587,90422.5438874468,-1.6525666813292,1.59571307339378,0.0545340023644677,2007-04-07 03:19:00
11927.3157652495,-0.0667137953262731,90320.1112454105,-1.65228376601894,6.59350259770227,0.0967828187292163,2007-04-07 03:20:02
11929.7355823089,0.0632853148834895,89928.4043589042,-1.63015665889086,-0.0729070220151948,-0.318696094971364,2007-04-07 03:24:00
11948.5772105208,0.0247522578410168,89453.2024511997,-1.52300834429322,-185.65458253271,-0.649563366018671,2007-04-07 03:29:00
11921.9348688599,-0.240455100667958,89023.6443057358,-1.3253491552996,-292.165384883739,0.0622122507890863,2007-04-07 03:34:00
11781.1119381844,-0.737741861565755,88667.4404808829,-1.03315066724358,-163.002706782806,0.617285584294845,2007-04-07 03:39:00
11455.0847236238,-1.47724305709694,88413.7965444565,-0.640457682176766,-3.59460423262521,0.298906009172806,2007-04-07 03:44:00
11437.1493347134,-1.51205701555935,88406.218302343,-0.622553737853198,-0.202298706828313,0.266763958351996,2007-04-07 03:44:12
10941.4662654286,-1.71927418784279,88306.112685729,-0.0131007269851553,0.880982196546498,-0.184551988600439,2007-04-07 03:49:00
10938.0306915266,-1.71628953913641,88306.0919695019,-0.00761257786064753,0.509880175042572,-0.186545496211918,2007-04-07 03:49:02
10485.9837735949,-1.34253421730991,88408.3780449752,0.635997831366736,-73.8592155361282,-0.235914541842224,2007-04-07 03:54:00
10121.1077120744,-1.1142413418471,88652.9312967736,0.937076311353514,-116.870522328778,-0.0331743235296956,2007-04-07 03:59:00
9803.06588347668,-1.0297767906874,88936.456934773,0.896254110950093,-86.7003059355548,0.244988815106354,2007-04-07 04:04:00
9558.88820981886,-1.06285579609796,89119.364164569,0.625173724753011,-15.5188821889281,0.28321782242392,2007-04-07 04:07:55
9489.25825975388,-1.07737205736349,89157.1824837564,0.547258472265209,0.702838581695914,0.209010843962051,2007-04-07 04:09:00
9234.5251156147,-1.01495772216823,89294.4276849853,0.716262988807425,11.2927831408088,-0.1269991378121,2007-04-07 04:13:00
9174.74102273145,-0.978518092228697,89341.2429261051,0.842152862360262,0.555932607347153,-0.234329355037793,2007-04-07 04:14:00
8902.01495925584,-0.856172163573614,89668.1127831466,1.28574041198558,-106.6411637327,-0.322593018239987,2007-04-07 04:19:00
8651.22214590425,-0.832048588231845,90082.3015298145,1.4252654599375,-159.975280412981,-0.0582255061477372,2007-04-07 04:24:00
8393.01935975165,-0.905655711823726,90493.1705841642,1.26357161873728,-137.588096936853,0.248729163998823,2007-04-07 04:29:00
8097.91235773901,-1.07849369608629,90810.0137067319,0.797363461232679,-38.4424520107159,0.259857966264145,2007-04-07 04:34:00
8029.5687604995,-1.12687212575236,90855.3323609173,0.66228748004409,-24.95893763694,0.179897110975465,2007-04-07 04:35:02
7749.66767905481,-1.17737632383986,90975.284501439,0.459464470167857,0.219571452335412,0.0776420386980129,2007-04-07 04:39:00
7677.62331094966,-1.14338487301272,91005.3664499973,0.518639183394566,5.02503510793025,0.0736102886022739,2007-04-07 04:40:02
7424.14380675274,-0.992231912681066,91162.8239916975,0.789601758037004,0.43604793061915,-0.186865000883654,2007-04-07 04:44:00
7149.41757626132,-0.84756657379068,91435.5970317795,1.00600317467658,-99.6789227389143,-0.320883502105048,2007-04-07 04:49:00
6910.76181812516,-0.751354515809506,91752.8751315801,1.08680504462149,-153.930904175076,-0.0474022308418592,2007-04-07 04:54:00
6693.95877605346,-0.701634873525299,92074.2938615651,1.03365416328578,-118.463770258932,0.329189448401657,2007-04-07 04:59:00
6485.23606652491,-0.697394327828519,92359.573180975,0.845467280644478,-1.78236070145665,0.221379846418955,2007-04-07 05:04:00
6481.05057882961,-0.697771258576106,92364.6305241318,0.840304525732588,-0.50330000774921,0.205074073455514,2007-04-07 05:04:06
6245.32077101895,-1.00060700166265,92568.0229347238,0.521742118905747,1.62844388354911,-0.0224193791509149,2007-04-07 05:09:00
6243.31554992454,-1.00461851029271,92569.0638058403,0.519127972953837,1.58533094052376,-0.0207054495604449,2007-04-07 05:09:02
5866.82505616114,-1.48151017857752,92669.5723536074,0.168258115231667,-47.4882685937617,-0.610624457371538,2007-04-07 05:14:00
5380.72424579192,-1.7191714155565,92676.4470555236,-0.110487575996016,-330.906083738189,-0.837490064746174,2007-04-07 05:19:00
4859.14776030755,-1.71841553955632,92610.1813458336,-0.320171084704793,-476.115818164717,-0.275621559786016,2007-04-07 05:24:00
4373.50201501956,-1.47922714532547,92490.8188833206,-0.465065899129257,-521.8736468728,0.0129517633876016,2007-04-07 05:29:00
3995.92571742799,-0.996731415598178,92337.3211799174,-0.548125071173727,-431.06287850002,0.699614830682164,2007-04-07 05:34:00
3800.76010166978,-0.261094769102705,92167.9540488289,-0.571041401558174,-155.82001703091,0.812715175730556,2007-04-07 05:39:00
3805.72774294425,0.33193553017485,92062.2933205928,-0.555154548682683,-42.574507152967,0.449190392606162,2007-04-07 05:42:07
3859.94416252352,0.58018498118423,91999.9645289815,-0.552744199860962,1.3161985285738,0.335864887671699,2007-04-07 05:44:00
3958.67649611188,0.381752100314513,91895.3992120295,-0.608634129678913,35.6789383127551,-0.041961174111481,2007-04-07 05:47:02
3982.91289015405,0.0366652348713595,91820.2502994156,-0.663202901416404,-0.743211932632227,-0.636886729542676,2007-04-07 05:49:00
3885.44058766937,-0.638968209532475,91606.1951900206,-0.751985792882042,-316.779292034575,-0.925866724771173,2007-04-07 05:54:00
3627.43843749789,-1.03534766948277,91376.0973418536,-0.770335769432048,-436.56532467873,0.0632678252204655,2007-04-07 05:59:00
3291.33115904278,-1.16055161986276,91150.9948734113,-0.718626815693895,-318.80742470664,0.625408309156009,2007-04-07 06:04:00
2957.95163766725,-1.01713179977758,90952.0277123246,-0.595805069078264,-119.412759071947,0.567247575564547,2007-04-07 06:09:00
2822.60404351356,-0.852226651155664,90872.1385436618,-0.510912827344222,-51.5352067338075,0.393974944499758,2007-04-07 06:11:24
2703.48557234771,-0.692619878118694,90799.3603477672,-0.428374453342719,1.30368410440368,0.292994853686061,2007-04-07 06:14:00
2585.66746902747,-0.639883658482607,90727.4039473688,-0.379358376238678,32.6875522768118,-0.0268635800295264,2007-04-07 06:17:00
2508.2240011798,-0.650493957114214,90682.9300412936,-0.361258885858742,-0.655361015392886,-0.590316333074385,2007-04-07 06:19:00
2310.12582033828,-0.6680441252761,90583.2085363792,-0.299582048935462,-296.658869082434,-0.873242312470936,2007-04-07 06:24:00
2108.65340661395,-0.673026970412311,90505.6323528621,-0.213373177056685,-459.601607810136,-0.462118255986495,2007-04-07 06:29:00
1907.55537020602,-0.665544046193878,90457.8117513693,-0.100875276541986,-587.231341792153,-0.193025612891594,2007-04-07 06:34:00
1710.58795137037,-0.645442845688786,90447.9634309191,0.0402044340353915,-566.518050952685,0.171088269981329,2007-04-07 06:39:00
1521.59157507396,-0.612313693170082,90485.0779906675,0.212741252246563,-451.332494232457,0.89019620091714,2007-04-07 06:44:00
1344.56912138916,-0.565481394654308,90579.10316425,0.420251592268307,-102.730546722386,0.858329755209357,2007-04-07 06:49:00
1277.51139953382,-0.542507760506917,90635.6067008094,0.514777975070487,-34.383710715754,0.33751248634002,2007-04-07 06:51:01
1185.13329053633,-0.481095720578865,90740.6878838591,0.659275466666022,0.729696123674365,0.154446748342024,2007-04-07 06:54:00
1131.37055166969,-0.411068302080935,90825.6162834358,0.756246264285494,19.0631469094233,0.112834569015206,2007-04-07 06:56:00
1067.92388524866,-0.296541344446701,90974.0383137564,0.888392381483377,-0.40949418725163,-0.44636308901253,2007-04-07 06:59:00
1003.51955819722,-0.139704021635182,91266.606277856,1.05008795924254,-235.908306258752,-0.714239652269446,2007-04-07 07:04:00
980.118660368327,-0.022721828121558,91597.0501567972,1.14132646233822,-384.767859440638,-0.510311569320987,2007-04-07 07:09:00
986.141905274303,0.056789410370518,91944.5470468218,1.16396739165306,-526.788042784151,-0.142935691313993,2007-04-07 07:14:00
1010.60968986734,0.100450185334662,92288.6215957873,1.1184721842626,-474.971057651647,0.177011560541667,2007-04-07 07:19:00
1042.91832298623,0.109150332167427,92608.7287019827,1.00391361782727,-408.423497478406,0.626775743206301,2007-04-07 07:24:00
1072.62391513529,0.0830671656007065,92883.834791402,0.817956913189434,-125.234914373159,0.795400002291739,2007-04-07 07:29:00
1082.11168832991,0.0606571320840234,92984.3002454278,0.713448561959472,-49.5104220621281,0.409070802280785,2007-04-07 07:31:11
1092.91363050456,0.0870814889137225,93090.5492246264,0.53124602746946,1.50427944005934,0.245275500932822,2007-04-07 07:34:00
1108.24125231595,0.178449806846885,93144.1331747956,0.355322655433092,26.008862221318,0.127523136751108,2007-04-07 07:36:00
1155.87638577996,0.345865619724718,93183.0624855342,0.084690291753981,-0.602966640995855,-0.545456401892827,2007-04-07 07:39:00
1293.79844864419,0.560490728390734,93152.3582678394,-0.269733410162316,-272.702178909221,-0.769543599307395,2007-04-07 07:44:00
1484.49089009364,0.698264426714032,93032.6885293434,-0.509418453228719,-389.276898490036,-0.213591233976776,2007-04-07 07:49:00
1705.35777354182,0.761994633555027,92857.6851229373,-0.639249776741885,-438.527905464477,-0.0598834064312339,2007-04-07 07:54:00
1934.41813743608,0.75298021257162,92659.8521648571,-0.661873428724043,-473.316164134068,-0.419877864069075,2007-04-07 07:59:00
2149.85800876049,0.671037443917404,92471.2284900148,-0.577750494127302,-624.465380647879,-0.075250134915647,2007-04-07 08:04:00
2329.58581987515,0.514496279909991,92324.0406245904,-0.385166492049122,-425.090617320977,1.26642704924857,2007-04-07 08:09:00
2450.78216779404,0.280166308357526,92251.3595838947,-0.080196433480493,-33.856743281365,0.800906535349395,2007-04-07 08:14:00
2462.44866220823,0.238033868557386,92248.9960266623,-0.0244044441611105,-4.76221601511089,0.503695501791468,2007-04-07 08:14:45
2507.83973941678,0.179907234618467,92269.04975765,0.122971656429887,0.352590235428932,-0.252970253469888,2007-04-07 08:19:00
2520.18323207002,0.221935039059564,92276.2432653179,0.105610496931549,-16.9600521935933,-0.307604719362441,2007-04-07 08:20:02
2595.76347162184,0.407146503436793,92289.443422218,0.00839984394290239,-130.749076489072,-0.720742666815523,2007-04-07 08:24:00
2746.79246980418,0.590737612471142,92276.7096414544,-0.088723115090167,-391.21083341657,-0.751981985677816,2007-04-07 08:29:00
2944.99102479336,0.722143211639364,92238.8601818026,-0.159321811922186,-557.416406491816,-0.521380938541742,2007-04-07 08:34:00
3175.13101425618,0.804041433740091,92183.6233956507,-0.204835094568174,-713.695168167976,-0.393882618192793,2007-04-07 08:39:00
3422.63530336559,0.838101418567566,92118.3732702027,-0.226190553753336,-748.689622547774,0.21471998101494,2007-04-07 08:44:00
3673.28065317649,0.825017331081764,92050.2797142017,-0.223823427823953,-544.603739616583,1.25320619777376,2007-04-07 08:49:00
3912.907841633,0.764522508948221,91986.4546854006,-0.197685473191999,-116.898981811809,1.00893134778126,2007-04-07 08:54:00
3992.98825400863,0.731271136476473,91966.0857055519,-0.182525579032729,-42.2069892386697,0.446417193510675,2007-04-07 08:55:47
4128.37244176245,0.674653981439183,91931.2619455361,-0.191326684016445,1.81835115282315,0.135340006218297,2007-04-07 08:59:00
4207.68693752342,0.648384493349313,91905.917091556,-0.23612423905018,14.1900029363676,0.0221850580613048,2007-04-07 09:01:00
4321.48304598621,0.616987407698729,91855.6973499521,-0.319832685059347,-41.9698522778013,-0.805253400533078,2007-04-07 09:04:00
4500.23557003707,0.577268626687011,91741.9655956403,-0.433052355069334,-433.69079459544,-1.2371238866893,2007-04-07 09:09:00
4669.35201370428,0.552637988151458,91598.9563956473,-0.515346479093017,-681.273172155266,-0.569486996109278,2007-04-07 09:14:00
4833.27598978798,0.542593503430013,91435.6805597341,-0.568392265666988,-761.35711407639,0.247915893748332,2007-04-07 09:19:00
4996.34528517349,0.546930459297756,91260.7358502522,-0.593270822915655,-650.862015517151,-0.198278792391326,2007-04-07 09:24:00
5162.8802677897,0.565737245776341,91082.4822102118,-0.590489192248011,-817.169115277302,0.0298880573949144,2007-04-07 09:29:00
5337.27193855754,0.59939715758094,90909.2121444353,-0.559990682196015,-510.915697036776,1.56089463832511,2007-04-07 09:34:00
5524.07142288548,0.648596205919398,90749.3197262762,-0.501153713005101,-87.5678938013172,0.882277639965622,2007-04-07 09:39:00
5579.24528122168,0.665285052123779,90708.117972685,-0.479452293119448,-33.4257572170776,0.441270799115913,2007-04-07 09:40:24
5727.04376969129,0.699902083398867,90607.5100365171,-0.467821240896292,1.68011192561848,0.0245850895432198,2007-04-07 09:44:00
5855.18149793884,0.713684125052135,90518.1395416229,-0.530770448900391,-12.4825903963326,-0.281777616857913,2007-04-07 09:47:01
5940.4030676861,0.718810795572815,90451.3509821329,-0.590585527928087,-78.0127259031062,-0.888588267348353,2007-04-07 09:49:00
6158.59938349273,0.737137573834831,90254.9558250807,-0.711783740306468,-434.578306629192,-0.767137788617681,2007-04-07 09:54:00
6383.49042727934,0.763517963050373,90028.3290875437,-0.792471001973841,-508.674076949918,-0.329395748716929,2007-04-07 09:59:00
6617.56870515165,0.798489612954658,89783.357238976,-0.834291772551957,-676.745529691204,-0.367135242859945,2007-04-07 10:04:00
6863.51396510678,0.842765268843352,89531.5528633666,-0.838098386934145,-684.798841891002,0.0666197679532555,2007-04-07 10:09:00
7124.24781206533,0.897247297791884,89284.2892932961,-0.803968426432717,-600.013385037239,0.892894988684968,2007-04-07 10:14:00
7402.99325210695,0.963046079491733,89053.0324059575,-0.7312062999373,-200.499554951326,1.1699269193446,2007-04-07 10:19:00
7570.29037233242,1.00585446305322,88933.5499252591,-0.672296025650777,-59.0415153858298,0.575282313694481,2007-04-07 10:21:50
7703.05027932729,1.0348071654988,88850.6549274068,-0.593388458218864,0.352110637630195,0.362190687708859,2007-04-07 10:24:00
7894.80797657115,1.05737532625659,88759.4606223386,-0.38402676645964,35.6385618590929,-0.053129910024632,2007-04-07 10:27:03
8018.97279300643,1.06513042349054,88723.9390354435,-0.228162715875615,-1.72627262687888,-0.643524655872336,2007-04-07 10:29:00
8341.59915441347,1.08595892487858,88700.0337831307,0.0368023611546914,-313.532732681378,-0.877980579704978,2007-04-07 10:34:00
8670.71797442792,1.10848684292537,88727.0364432122,0.111798604755931,-449.338050706188,-0.267002233329924,2007-04-07 10:39:00
9006.90696893011,1.13317331146227,88748.2816807656,-0.00164551215263758,-517.918914472772,-0.127822293943348,2007-04-07 10:44:00
9350.88794862063,1.16052145700358,88706.9868207994,-0.305842055512113,-479.171157292369,0.511723828409985,2007-04-07 10:49:00
9703.54152999851,1.19108865279687,88545.094579877,-0.806990751553031,-230.107546520275,0.946010704473356,2007-04-07 10:54:00
9991.39453468519,1.21815738999548,88289.5533884003,-1.35386559657049,-32.3828274076947,0.624411463121173,2007-04-07 10:57:59
10065.602001635,1.20960819006374,88202.9942174376,-1.47082555035485,0.377918958539121,0.440035850846876,2007-04-07 10:59:00
10328.2741960591,0.858888370057746,87858.4697701846,-1.14014304228626,19.3522827242291,-0.256628304990975,2007-04-07 11:03:04
10372.563704692,0.724278530900314,87800.7391303276,-0.923755164493278,0.395191801832696,-0.423846888825746,2007-04-07 11:04:00
10496.8536856423,0.143173919242685,87674.8543009996,0.0266442278336014,-198.699602278852,-0.697986319971714,2007-04-07 11:09:00
10481.2590426837,-0.209866265919655,87782.8601821935,0.638159105662803,-354.680623470394,-0.29177712720715,2007-04-07 11:14:00
10393.0058809762,-0.342037216459078,88025.1297425876,0.923252545617679,-361.715643957114,0.243102471041982,2007-04-07 11:19:00
10297.839477135,-0.256032663540059,88304.7723332152,0.887734940079168,-215.593468966188,0.705646918000117,2007-04-07 11:24:00
10260.7149970618,0.026598634680965,88516.3867998728,0.559788320355266,-9.49968483431221,0.554151940112759,2007-04-07 11:28:43
10261.359173929,0.0490112655406504,88525.6692072257,0.532685086348468,-0.49404306021752,0.504387263329851,2007-04-07 11:29:00
10317.681943464,0.272310965245634,88656.7712425665,0.473417466774062,-0.404420315099821,-0.630577534939162,2007-04-07 11:34:00
10317.954355721,0.27251295006355,88657.2452232249,0.474545319503165,-1.03784939953527,-0.636273604344198,2007-04-07 11:34:01
10408.7817130746,0.33641031164624,88841.4909350326,0.730484756517279,-283.280463572553,-0.74516744140057,2007-04-07 11:39:00
10520.4307416939,0.409540058526419,89078.732728811,0.824152954513052,-450.898359203381,-0.895992300506122,2007-04-07 11:44:00
10655.5573022857,0.493192477702647,89319.8441108835,0.756325736532073,-816.972433416194,-1.00513719059707,2007-04-07 11:49:00
10817.568156017,0.589072460662797,89516.2514312129,0.525620739126639,-873.007770538695,0.818116540392385,2007-04-07 11:54:00
11010.4179836838,0.699134104711118,89618.4699414928,0.127336042254733,-432.168624265494,1.50881389907719,2007-04-07 11:59:00
11238.6899847157,0.825620538760405,89575.0952633319,-0.446645658952216,-108.288655079559,0.698536415330734,2007-04-07 12:04:00
11319.1929684445,0.869503566515862,89522.3561308136,-0.666815279083506,-52.9167054867077,0.475371698787482,2007-04-07 12:05:35
11508.6811863878,0.985629854849871,89354.8940995812,-0.86930501921446,0.651162885432948,0.0345232394938159,2007-04-07 12:09:00
11631.9914991042,1.07181451260653,89257.7654076015,-0.716036964348735,-11.0597919779553,-0.214845475838577,2007-04-07 12:11:00
11836.2264585533,1.19055505976343,89159.970168798,-0.388036225667962,-76.4586130906915,-0.510794083795215,2007-04-07 12:14:00
12212.2503043854,1.29748916272241,89098.2223664324,-0.0709596570267408,-231.043122970688,-0.257599867540372,2007-04-07 12:19:00
12603.5255819048,1.29240360577639,89089.2241816649,-0.0357760598500863,-214.381001930468,0.173247150587984,2007-04-07 12:24:00
12976.487735893,1.17519474191988,89048.658195501,-0.281768369217076,-146.374345151007,0.398230733849735,2007-04-07 12:29:00
13279.0997910202,0.961624305295583,88906.6242627391,-0.771579078097399,-7.66432916647679,0.398651666943708,2007-04-07 12:33:41
13297.202054293,0.943959573213354,88891.5750483405,-0.812145011285686,-0.487089087749117,0.355793009641242,2007-04-07 12:34:00
13545.2344821133,0.729719183351378,88584.7713341244,-1.13337290618762,0.34379338089027,-0.399472005234097,2007-04-07 12:39:00
13547.4213326752,0.728183171654144,88581.3709130013,-1.13356455936548,-0.870027214050825,-0.40971491891552,2007-04-07 12:39:03
13743.1523001244,0.596339898458014,88241.6970526014,-1.15592820775425,-212.963037620258,-0.864222471193104,2007-04-07 12:44:00
13906.8765635341,0.501371916580815,87889.8858114993,-1.19174831403485,-452.690122882417,-0.629579438014588,2007-04-07 12:49:00
14047.6201686894,0.442875838320769,87525.2464814536,-1.24159375272295,-552.467735469738,0.0134156275339956,2007-04-07 12:54:00
14176.1276470726,0.419659475013379,87143.4264576939,-1.30648040674178,-455.993282413295,0.535190197390635,2007-04-07 12:59:00
14302.8941498305,0.431249661858728,86739.7229815783,-1.38773070890563,-249.493465079742,0.863270480632797,2007-04-07 13:04:00
14422.2528226533,0.470813164274615,86359.3369117622,-1.47478411921033,-20.781964777521,0.64775927124748,2007-04-07 13:08:26
14438.3751954603,0.47751639802557,86309.0110368577,-1.48490572968715,-0.838314121834597,0.520704624563976,2007-04-07 13:09:00
14589.2811399207,0.525094655846115,85868.0545404498,-1.40373441783117,-0.539043730981719,-0.499565774691718,2007-04-07 13:14:00
14623.132555709,0.532609997132443,85779.9664567786,-1.34667877382254,-39.6197557556163,-0.713190579063114,2007-04-07 13:15:04
14751.9171351829,0.558869647995322,85488.3675065807,-1.13143828103768,-275.829016053569,-1.25557299161305,2007-04-07 13:19:00
14924.702207515,0.593270567270125,85182.8510301944,-0.915814156689825,-583.256364376398,-0.189659035845537,2007-04-07 13:24:00
15108.0587866391,0.629465813522838,84932.7938358303,-0.761083067656736,-421.374400412548,0.537234086365908,2007-04-07 13:29:00
15302.6347250288,0.668193069749906,84720.4311513129,-0.664091492268625,-445.405825671376,-0.705825462517157,2007-04-07 13:34:00
15509.3065331011,0.710241622981402,84528.7664434439,-0.622862678234254,-666.507079652016,-0.0443587912113811,2007-04-07 13:39:00
15729.1972430767,0.756468450471397,84341.2250174438,-0.636556355125162,-395.831846751231,1.43064408484823,2007-04-07 13:44:00
15963.6992971175,0.807815685459732,84141.3162137374,-0.705451609110035,-14.6751031812521,0.700092566216281,2007-04-07 13:49:00
15976.6475400872,0.810717618344056,84129.9872282575,-0.710698390869205,-4.3549271434887,0.591440336910224,2007-04-07 13:49:16
16221.2700462147,0.936856925727605,83919.8984863153,-0.750609733482482,1.49141015679137,-0.273190495342759,2007-04-07 13:54:00
16278.8227365859,0.982690214685245,83875.0031796232,-0.745089512564338,-16.0705629832595,-0.317441534173105,2007-04-07 13:55:00
16536.1839101397,1.15331196224059,83700.5887228801,-0.705888344303233,-147.343822193417,-0.912838459009207,2007-04-07 13:59:00
16905.380879577,1.29498595429872,83498.7715398186,-0.635508280734536,-462.233197055812,-0.655778277833191,2007-04-07 14:04:00
17305.4867750463,1.35972072698692,83321.7936072545,-0.54001266790142,-496.657803385058,0.0727401542057304,2007-04-07 14:09:00
17713.6564524208,1.34883561767776,83177.4682863509,-0.41745524221641,-466.508172438351,0.289586732623357,2007-04-07 14:14:00
18107.2091127685,1.26210878066267,83074.2744200374,-0.265338202493548,-283.283565473519,0.929512568502558,2007-04-07 14:19:00
18463.1660527078,1.09777266579004,83021.5291374222,-0.0805613031124767,-4.30355134883029,0.549674075812715,2007-04-07 14:24:00
18470.8337400118,1.09298779715204,83020.9817528297,-0.0758309906916434,-0.586904174292124,0.512431925569807,2007-04-07 14:24:07
18763.0984547955,0.906944381847141,82989.988346565,-0.26497307126849,1.08546658415267,-0.315316220233806,2007-04-07 14:29:00
19012.984229016,0.772639584244397,82833.3446644467,-0.741363430363456,-152.470116636391,-0.742267949542472,2007-04-07 14:34:00
19234.7777884634,0.71934551981283,82567.527545481,-0.994029597512637,-410.762757742794,-0.811378281408228,2007-04-07 14:39:00
19452.5785808168,0.745976020361508,82258.7695617444,-1.02812107588506,-567.467382750398,-0.113502969615071,2007-04-07 14:44:00
19690.4046785277,0.85307383305962,81972.4281221612,-0.84433267229993,-427.459659221377,1.13326512187507,2007-04-07 14:49:00
19972.6822829815,1.04282168198182,81774.317499614,-0.438918657847936,-34.2332405273166,0.813328754205691,2007-04-07 14:54:00
20010.7329296307,1.07131111098297,81759.6564554228,-0.375031456371047,-9.93317978426103,0.545937269263424,2007-04-07 14:54:36
20296.2543902251,0.995176317540567,81711.7845609137,-0.0340283758730849,1.95010417311464,-0.132195098187572,2007-04-07 14:59:00
20354.0655439894,0.895096388929753,81710.9842523407,0.00533479048431953,-5.21811424454376,-0.114766571480532,2007-04-07 15:00:01
20518.5069677826,0.50019275140331,81726.4857410201,0.12127689983081,-88.8344005696563,-0.813806684723591,2007-04-07 15:04:00
20613.7762474824,0.163943937039136,81781.5872306676,0.241572943557695,-410.995417869952,-0.69096639242925,2007-04-07 15:09:00
20633.9889699807,-0.00103240414184591,81868.8477222385,0.336033629185413,-439.704561035811,0.112155235061744,2007-04-07 15:14:00
20629.9364401741,0.00190140119307103,81980.8180099002,0.406584127802243,-399.440668592749,0.320111566650316,2007-04-07 15:19:00
20651.9154211099,0.172805145932027,82110.5524897656,0.454662305111801,-222.654189355885,0.794836835138721,2007-04-07 15:24:00
20728.0899495518,0.449958248615754,82228.9120829866,0.478475705145466,-24.6358194475283,0.603076744036521,2007-04-07 15:28:13
20750.5551876318,0.502521693380463,82251.4587978714,0.480685929572035,0.1640427326484,0.444193405406983,2007-04-07 15:29:00
20875.160108744,0.445020406698976,82365.9674938419,0.466429461990267,18.5575958987437,-0.227345488233,2007-04-07 15:33:00
20899.416998378,0.364065853778393,82393.6932698473,0.457885558642617,0.770907823794769,-0.366567994281614,2007-04-07 15:34:00
20952.8807173009,0.00467015367029616,82525.8310828267,0.426021029883843,-199.59488284196,-0.961830725225405,2007-04-07 15:39:00
20909.2623937731,-0.284244748815181,82651.0716156656,0.41182575467378,-499.955548795023,-0.741606145587546,2007-04-07 15:44:00
20788.7887426295,-0.508567129986336,82774.6633522186,0.415010423939123,-622.510386908477,-0.285954724320165,2007-04-07 15:49:00
20610.1201164268,-0.672868827955732,82901.821172784,0.435639943340398,-670.094740136732,0.185004901622611,2007-04-07 15:54:00
20390.7308157393,-0.780498419716957,83037.8326368052,0.474134756092199,-494.970922930033,0.832538775523606,2007-04-07 15:59:00
20147.265226932,-0.833649467352783,83188.1657468197,0.531279411873235,-223.96596560972,0.90993513907417,2007-04-07 16:04:00
19962.785383348,-0.838672122298102,83310.8329535849,0.585697597408951,-44.3917835722122,0.659283626659461,2007-04-07 16:07:40
19895.9779492421,-0.829621160275749,83358.4030113704,0.601586538623897,0.49032240615003,0.448102613132173,2007-04-07 16:09:00
19706.2709558777,-0.734143730643871,83502.1350196933,0.578487072683966,22.7262621832353,-0.269571242660468,2007-04-07 16:13:00
19663.2976433555,-0.698748495884285,83536.283751172,0.559988724909517,0.0742986079829766,-0.49232435398829,2007-04-07 16:14:00
19475.906324468,-0.561424751257581,83692.1762374455,0.483743909703497,-219.991928500161,-0.632849558907566,2007-04-07 16:19:00
19320.0239905009,-0.488332558134813,83829.1302435711,0.433518193727299,-355.616715398118,-0.516906843938118,2007-04-07 16:24:00
19176.6368532419,-0.477982249401611,83954.7850063093,0.408287943755683,-570.556412530941,-0.832566212840427,2007-04-07 16:29:00
19026.9857848307,-0.530162878937946,84076.5494763865,0.407538950649945,-695.196127337541,0.559804120208747,2007-04-07 16:34:00
18852.1839943576,-0.645937922397055,84201.7533177985,0.431255949436493,-280.321285683281,1.46475967680813,2007-04-07 16:39:00
18675.7071481038,-0.790619045811163,84312.6408715409,0.469472963208655,-27.4631456391526,0.604601534265141,2007-04-07 16:43:07
18633.0291546301,-0.816512827271531,84337.7359745483,0.476508085984004,-0.688876913383798,0.401271953742586,2007-04-07 16:44:00
18444.3126095273,-0.680123716486452,84449.7768509015,0.432518400673921,13.0252176218334,-0.171114261996935,2007-04-07 16:48:01
18406.6393069599,-0.5975732033935,84474.5407004499,0.407161718398245,1.15750994535444,-0.227461100708665,2007-04-07 16:49:00
18284.0882299825,-0.235087648765496,84579.5912594249,0.298821941566369,-115.636823881452,-0.626314126142956,2007-04-07 16:54:00
18256.5349608372,0.0368189507691894,84657.1218467877,0.223384276876096,-332.31796356366,-0.573355937332748,2007-04-07 16:59:00
18297.6816316046,0.22368823108442,84716.7561642076,0.179311254955231,-415.82681869782,-0.0524569675868051,2007-04-07 17:04:00
18382.6305244614,0.329328711389704,84767.7531755663,0.165704638542292,-400.23001849378,0.0793644274113978,2007-04-07 17:09:00
18487.3766397669,0.355893414364135,84819.1958107503,0.18228711581856,-361.63878602856,0.281332531345116,2007-04-07 17:14:00
18588.3184583337,0.303923746178926,84880.1760817533,0.229396648610301,-209.5460374701,0.716979290503292,2007-04-07 17:19:00
18650.0240535684,0.206182231919611,84941.4777359235,0.289100008606636,-32.4598649368123,0.615810595149613,2007-04-07 17:22:58
18661.916899191,0.179133579810496,84960.0115584609,0.309501851469852,0.153338140934131,0.422310785240726,2007-04-07 17:24:00
18700.6909049685,0.169020690526594,85047.4639375975,0.430445513439063,16.5583480927916,-0.217743898913019,2007-04-07 17:28:00
18711.309582013,0.184767370335934,85074.4258686102,0.46787995566856,-0.258653532162673,-0.34324045376428,2007-04-07 17:29:00
18776.9401849463,0.248716997598289,85238.9751304085,0.619315350904466,-167.053888813278,-0.695163952480551,2007-04-07 17:34:00
18858.1656844666,0.288909563357351,85440.2714693211,0.713275696282567,-385.856515703582,-0.710730241081132,2007-04-07 17:39:00
18947.9936864409,0.306164218618101,85661.3883059485,0.75167596562686,-586.275349497281,-0.649237976112806,2007-04-07 17:44:00
19039.6071214109,0.300832624637565,85885.8030157106,0.735298781759036,-723.709154338426,-0.035806900520184,2007-04-07 17:49:00
19126.2253082208,0.272806120013195,86097.0601868568,0.663810366867919,-652.525068092798,0.0996247602331753,2007-04-07 17:54:00
19200.9657592617,0.221513506091808,86278.4362483199,0.535753739897492,-623.772968042204,0.663892438525522,2007-04-07 17:59:00
19256.7039108342,0.145909405564216,86412.5986323049,0.348519022311819,-248.962423589182,1.28397509208858,2007-04-07 18:04:00
19282.7807564669,0.065807445939406,86474.1390558418,0.150899411963445,-25.9290169506591,0.544624156984185,2007-04-07 18:08:03
19285.9767741759,0.0470243007647352,86481.3264155667,0.102179312979214,-0.833459254372696,0.329658673112441,2007-04-07 18:09:00
19291.7591162492,0.0132378911965709,86486.2908977189,-0.0452923592547722,6.53231922897552,-0.0992240959419405,2007-04-07 18:13:01
19292.5669065112,0.0142295746229501,86482.9059321745,-0.0692238851382099,1.51054011932568,-0.0621733695947299,2007-04-07 18:14:00
19298.4462621063,0.0271764910591449,86446.1380614816,-0.170214237600237,0.675016827555228,-0.0395720023741465,2007-04-07 18:19:00
19310.2162534133,0.0535670410752405,86384.093567364,-0.238020323184632,-21.3003983772851,-0.0070160863441988,2007-04-07 18:24:00
19331.9836882487,0.0939390814902665,86306.5039457002,-0.274024074646952,-82.0374582456546,-0.812700287467323,2007-04-07 18:29:00
19368.0591289237,0.149115421121104,86222.7838724138,-0.278959272193462,-459.788369066267,-1.0937589926932,2007-04-07 18:34:00
19423.044744347,0.220220590168973,86142.2230807804,-0.252926498405895,-561.422322901387,0.513776475176121,2007-04-07 18:39:00
19501.9281052639,0.308703758886776,86074.1756923199,-0.195395188180771,-257.110976659854,0.993855543298366,2007-04-07 18:44:00
19610.183834238,0.416368272624863,86028.2508599637,-0.105192815462603,-70.1738249334509,0.352069816297422,2007-04-07 18:49:00
19642.5340437689,0.446529434577486,86021.392423967,-0.077337040728875,-47.3009245305751,0.265101478086573,2007-04-07 18:50:15
19746.319262216,0.444490990536788,86017.0581621634,0.0535260147513651,1.50543051715911,0.216141322982611,2007-04-07 18:54:00
19772.0812144521,0.411994970511393,86021.7343601759,0.103407074865924,14.5665757600227,0.208588637674113,2007-04-07 18:55:00
19853.237386256,0.268854391596506,86070.2400369094,0.293484392132127,-0.718832136645125,-0.562910988551617,2007-04-07 18:59:00
19911.6071572925,0.12689595518345,86186.5536468451,0.471128832442709,-291.645756699341,-0.865780957557342,2007-04-07 19:04:00
19933.2136505378,0.023350463407709,86346.5919216279,0.585476228105473,-459.665581400989,-0.522408921580043,2007-04-07 19:09:00
19929.2452369852,-0.0438924091615281,86531.7468585579,0.638857054478412,-626.420176519361,-0.406785121520418,2007-04-07 19:14:00
19910.369054156,-0.076203116626993,86723.9223490794,0.632359248018044,-679.023429400669,-0.0272776076793406,2007-04-07 19:19:00
19886.948409399,-0.0742401725220353,86905.1653681499,0.565850379142149,-661.097076414106,0.156715185066128,2007-04-07 19:24:00
19869.2539909311,-0.0379635707508526,87057.3000797469,0.43797495322748,-533.735728245512,0.888038695301005,2007-04-07 19:29:00
19867.6731912383,0.0333660297621365,87161.5574013391,0.246126784735147,-181.937128282851,1.04635472551283,2007-04-07 19:34:00
19877.9797634546,0.0898677071621795,87191.9375523157,0.107586915793192,-48.9962841053724,0.548100128791443,2007-04-07 19:36:50
19891.5146503078,0.108725345277632,87200.1834456981,0.032347150203777,0.444704434040131,0.204879501317101,2007-04-07 19:39:00
19906.5068628159,0.0393567480431759,87206.0190678953,0.0575190501556824,6.62432192243721,-0.0549651946756356,2007-04-07 19:42:00
19906.3471848481,-0.0410791499223003,87216.8242292893,0.121674945971977,2.70727097892222,0.0224049398276351,2007-04-07 19:44:00
19866.5805567674,-0.218610100148846,87274.7851109023,0.259507048436802,-0.912830692316105,-0.318106893681512,2007-04-07 19:49:00
19778.2632357126,-0.365299038831594,87369.5249152074,0.367283350280493,-232.400187217724,-1.13104157598749,2007-04-07 19:54:00
19650.1844852982,-0.484135583310821,87492.3710842767,0.447200403634115,-603.542650692481,-1.13251292068629,2007-04-07 19:59:00
19490.3232049782,-0.57754170075886,87635.2238864376,0.500886970765854,-849.491053811428,-0.467507118407487,2007-04-07 20:04:00
19306.0105452803,-0.647421069468826,87790.3913383984,0.529437219330599,-895.011555823899,0.0804201409717717,2007-04-07 20:09:00
19104.07932149,-0.695197877074083,87950.432437554,0.533433022228555,-803.433987822869,0.604909356122228,2007-04-07 20:14:00
18891.0032709336,-0.721845846431736,88108.0055094443,0.512955816558794,-544.019405418814,1.00176147449816,2007-04-07 20:19:00
18673.0289920159,-0.727908080736818,88255.7185795855,0.467588263361062,-251.160383103235,0.87771382617386,2007-04-07 20:24:00
18456.3032540163,-0.713508132323691,88385.9787201536,0.396405741972452,-52.5927978490402,0.377788394630965,2007-04-07 20:29:00
18422.8632744229,-0.709384793136444,88404.2933380123,0.382827791310577,-37.4877399138968,0.270544697131378,2007-04-07 20:29:47
18246.1569838051,-0.688333085275351,88485.3061053056,0.23233856893974,1.67643554475479,0.157235483295104,2007-04-07 20:34:00
18204.9865190932,-0.684060777360506,88497.5493172812,0.174332262305907,12.0785027317698,0.177702371150543,2007-04-07 20:35:00
18042.9214567559,-0.665957033086709,88511.12289082,-0.0544831622825066,-1.38908417090643,-0.523933307901176,2007-04-07 20:39:00
17847.0893624582,-0.638694761666077,88458.6001965493,-0.285929640921876,-344.871349845453,-1.54879809198778,2007-04-07 20:44:00
17660.2713035707,-0.605761608875601,88345.1903570274,-0.46108546309456,-671.058218901282,0.198406629694895,2007-04-07 20:49:00
17484.2661753972,-0.566486375335579,88187.2174322615,-0.583520420005824,-282.202948084142,1.34364230732294,2007-04-07 20:54:00
17321.0932479028,-0.5200686058768,88000.0972571836,-0.655729816847224,-64.9385933965059,0.352609017913965,2007-04-07 20:59:00
17285.1043253086,-0.508111958011692,87953.8377408631,-0.665529955895035,-43.1047281066075,0.275174572636357,2007-04-07 21:00:10
17176.450634884,-0.420970832247354,87806.7554144893,-0.573441611756313,1.20290977745868,0.128676098894695,2007-04-07 21:04:00
17151.5452730167,-0.381274320029283,87773.1564508536,-0.507474263486552,7.9560748820418,0.0832892045712659,2007-04-07 21:05:02
17078.4651789905,-0.241391571207935,87684.8609402839,-0.241323210642913,-27.8245193576537,-0.523348113642139,2007-04-07 21:09:00
17023.699272664,-0.136871505333209,87655.9288289982,0.0385409695905861,-356.445931924402,-1.6413527201429,2007-04-07 21:14:00
16988.5303799974,-0.11052337546157,87702.3114740098,0.261626189747761,-783.23935650201,-0.30989642492607,2007-04-07 21:19:00
16949.6270144281,-0.161810189324515,87807.6848490837,0.432479073783559,-547.965380988404,0.961960534819752,2007-04-07 21:24:00
16883.5815783722,-0.291777206022211,87956.9271979796,0.554581716185384,-339.749966695324,0.80633063343745,2007-04-07 21:29:00
16766.4333009438,-0.503073239093517,88135.810843084,0.630422649355857,-67.3247951267947,0.616982329700596,2007-04-07 21:34:00
16714.6955829402,-0.587584747779737,88196.4319978592,0.645068758485168,-26.6928582437964,0.273840900627167,2007-04-07 21:35:35
16577.5398284624,-0.736180628706587,88331.3926501959,0.671508289146334,1.74658201972467,0.121256545579615,2007-04-07 21:39:00
16486.0706120032,-0.783442869430263,88412.8876487446,0.686714496133607,18.0125408331857,0.107525392503561,2007-04-07 21:41:00
16341.0585901008,-0.82548159006057,88537.8454737661,0.69785896298912,-1.49001523752312,-0.44835074668161,2007-04-07 21:44:00
16086.5390173004,-0.865016887317933,88743.8997266157,0.665127807390303,-230.84847538175,-0.629120542165188,2007-04-07 21:49:00
15825.7989453527,-0.867021873400707,88930.4442529151,0.567573667615348,-305.030867424546,-0.0204623387060421,2007-04-07 21:54:00
15570.072297378,-0.831537411247941,89077.7673348712,0.403208325939692,-291.097643976306,0.0759613163476271,2007-04-07 21:59:00
15330.6951733848,-0.757840304112047,89165.3578957808,0.168681908269022,-255.822897100864,0.211158114247963,2007-04-07 22:04:00
15119.3368874657,-0.644428556331999,89171.4874707568,-0.14078538850464,-148.581930447162,0.515287268947106,2007-04-07 22:09:00
14978.1005624786,-0.523017816995868,89101.642574403,-0.447888481285698,-19.8500443117237,0.414378009056455,2007-04-07 22:13:01
14948.2379536889,-0.488982749352648,89073.4480992782,-0.496886261753476,0.0996544734737084,0.25082379292772,2007-04-07 22:14:00
14848.4455916179,-0.330641564037816,88989.8910482315,-0.00885248928783128,3.72264880354383,-0.073412336249167,2007-04-07 22:18:02
14830.4275719696,-0.291513865456743,88996.3751647584,0.22809345529937,0.551788182883551,-0.028167486267718,2007-04-07 22:19:00
14764.6509158899,-0.169271124038282,89203.9981858099,1.04170557702795,-0.544821225633628,-0.133579724088277,2007-04-07 22:24:00
14715.58419253,-0.179925498778263,89553.4048089169,1.17491956408603,-88.8140698734425,-0.337420487962607,2007-04-07 22:29:00
14643.3932120037,-0.32369413286252,89841.2275370988,0.630450405410388,-175.19403222491,-0.244384559289536,2007-04-07 22:34:00
14507.772496809,-0.603507125897104,89862.8437529696,-0.60279853963624,-184.705992733289,0.390431990049858,2007-04-07 22:39:00
14267.123829607,-1.02506725127122,89408.2053748073,-2.54996169812176,-1.38608481403181,0.379760161527417,2007-04-07 22:44:00
14263.0103415009,-1.03168125069163,89397.9436761506,-2.58090993058859,0.095553116571838,0.361133063554011,2007-04-07 22:44:04
13931.9052087058,-1.04731210380677,88540.1899068644,-2.38431916639113,1.61890047224213,-0.0743749669820963,2007-04-07 22:49:00
13930.8586739354,-1.04575562805387,88537.8101393451,-2.37520637182349,1.54511670786026,-0.0731943985442325,2007-04-07 22:49:01
13680.1933170578,-0.656689678057581,88194.8716408831,-0.0550434431727225,-12.5675491449199,-0.171405784021255,2007-04-07 22:54:00
13522.6843960054,-0.41823414673728,88426.9199213107,1.47128199863669,-101.642428069434,-0.272898420806074,2007-04-07 22:59:00
13414.5314797883,-0.327091943722322,89000.5055530895,2.22573146095438,-151.042501244648,-0.104625186959241,2007-04-07 23:04:00
13311.8935084796,-0.381405530789229,89686.7600866203,2.22368112152871,-174.071371217736,-0.0394339579224704,2007-04-07 23:09:00
13171.0418203679,-0.582281854672813,90259.1113388487,1.46508919308959,-143.215149342853,0.361977990090693,2007-04-07 23:14:00
13000.1349320692,-0.852483423150698,90481.6627228155,0.297749429551871,-22.6344465874282,0.45472710387661,2007-04-07 23:18:01
12947.6943271875,-0.922353884534359,90489.8662834171,-0.00445685012736385,0.138846142718801,0.304493185303,2007-04-07 23:19:00
12706.4209670113,-1.03327950336679,90423.4578373394,-0.293899181744285,9.82260369084982,-0.127730278968772,2007-04-07 23:23:01
12645.6532617952,-1.02686031609547,90409.4172698419,-0.183492387061118,1.17314573457619,-0.162033986051499,2007-04-07 23:24:00
12340.3145749413,-1.01431405268702,90424.2994565225,0.246459971183741,-81.5655074338433,-0.462883478372283,2007-04-07 23:29:00
12033.7175007476,-1.03526378427504,90535.9164665493,0.462499498073742,-238.221819145746,-0.354396899210651,2007-04-07 23:34:00
11715.7663069421,-1.09013648020972,90680.8623737731,0.469029221687082,-280.592174378528,-0.10056927501738,2007-04-07 23:39:00
11376.1338568048,-1.18005048223344,90796.4105169564,0.266182222098612,-270.599025257256,0.451857132049036,2007-04-07 23:44:00
11004.0511353086,-1.30683829702324,90819.2350890371,-0.150175656360372,-43.8833347936312,0.636907965114072,2007-04-07 23:49:00
10916.7186349666,-1.33992154468421,90805.3895325613,-0.271184153167892,-9.41767605045118,0.412324515482747,2007-04-07 23:50:06
10592.8386170359,-1.41215051077596,90713.8225664674,-0.407577416370066,-0.918019135603029,-0.37891070291047,2007-04-07 23:54:00
10507.9892048534,-1.41510640212512,90691.1247444678,-0.342185030329856,-30.2896440561968,-0.584349894140074,2007-04-07 23:55:00
10169.0417930339,-1.40705511886731,90646.8325788483,-0.0408979440547902,-196.223327400235,-0.593823169948038,2007-04-07 23:59:00
9750.92362201423,-1.37658653613256,90676.9163831893,0.220578601966607,-298.098357557147,-0.177530816938941,2007-04-08 00:04:00
9345.41557748649,-1.32284511979433,90766.8809276882,0.358983617515559,-306.576376004624,0.197816757486653,2007-04-08 00:09:00
8959.65171059271,-1.24473558433472,90880.2896287427,0.377137888114026,-173.652704201358,0.634621661280968,2007-04-08 00:14:00
8688.96958128017,-1.16959283759596,90958.7902569197,0.312591959014057,-30.7922320943904,0.514273584233567,2007-04-08 00:17:44
8601.0134320054,-1.14678626574893,90981.1701953618,0.274877908988131,0.189308907266551,0.281188772605238,2007-04-08 00:19:00
8323.70792624594,-1.14413143220302,91027.9888132435,0.0934416414229415,-23.7890019877219,-0.423847885397905,2007-04-08 00:23:04
8259.31099762433,-1.15570676861715,91031.8014246585,0.043522639553373,-51.5703272177133,-0.570160983296532,2007-04-08 00:24:00
7903.85007595982,-1.21265616783714,91013.4714527497,-0.143220522805517,-261.238257764282,-0.56014029756162,2007-04-08 00:29:00
7532.48775045499,-1.26189580672936,90959.2213385973,-0.196350857906429,-349.070704064016,-0.13812818140995,2007-04-08 00:34:00
7147.38275983364,-1.30442922161758,90908.9049558848,-0.1169511970285,-370.132953691218,0.00607032265388385,2007-04-08 00:39:00
6750.41375823853,-1.34112327155628,90902.4563503374,0.0965966772965002,-291.617279987221,0.724856214386713,2007-04-08 00:44:00
6343.21760344213,-1.37272580549009,90980.7036219183,0.448645011623726,-8.30048060743115,0.663292589206762,2007-04-08 00:49:00
6322.61576427724,-1.3741842393945,90987.5929999476,0.469999411114777,1.05065970524363,0.584226845415486,2007-04-08 00:49:15
5931.63694199698,-1.35338693918979,91154.2349211863,0.609677496906264,0.286350423697568,-0.530889425441178,2007-04-08 00:54:00
5928.93065577395,-1.35289848595106,91155.4533591997,0.608756099510296,-0.783113917215956,-0.538557869271064,2007-04-08 00:54:02
5536.07558734884,-1.28563070824384,91317.8170251721,0.486547650232625,-236.50474983554,-0.760549248620238,2007-04-08 00:59:00
5159.15719282927,-1.22889253751348,91449.4635887354,0.396427012457295,-367.090530706726,-0.0403872465757522,2007-04-08 01:04:00
4797.75429660715,-1.18201873432095,91558.7897720869,0.337492904576704,-334.27011165639,-0.10539856187979,2007-04-08 01:09:00
4449.0556511631,-1.1440539796348,91654.9558407232,0.308544210593714,-435.012208300716,-0.220409267085477,2007-04-08 01:14:00
4110.50892998949,-1.11422452670937,91746.8538483214,0.308990937027662,-431.813260782581,0.035126613889214,2007-04-08 01:19:00
3779.7687094925,-1.0919224316157,91843.288862659,0.338842188457968,-361.835246843334,0.846988251856921,2007-04-08 01:24:00
3455.72538056739,-1.07673256033318,91952.7598376686,0.398455775273355,-1.7529512150499,0.841026002053835,2007-04-08 01:28:59
3454.64866769857,-1.07669320325196,91953.1584186079,0.398706065110522,-0.915681988245816,0.833502733472788,2007-04-08 01:29:00
3132.71023156591,-1.07188458880292,92083.0134314926,0.463668481614372,0.205563135379843,-0.654173413804767,2007-04-08 01:34:00
2810.12562591361,-1.08100830149342,92229.4242434675,0.509265132612975,-240.240955409601,-0.506232027314552,2007-04-08 01:39:00
2482.69438004018,-1.10425028860695,92386.730112955,0.536425307933548,-340.381105380713,-0.751741618798753,2007-04-08 01:44:00
2146.1172455191,-1.14208423717352,92549.492346837,0.545702549866546,-639.564003103889,-0.44497309490925,2007-04-08 01:49:00
1795.90857467975,-1.19528122802376,92712.3834563014,0.537285934722704,-498.926102598365,1.01968757476283,2007-04-08 01:54:00
1427.30490014866,-1.26492545092498,92870.0785791054,0.511003926333003,-169.367023872314,0.972200739651997,2007-04-08 01:59:00
1193.87887027407,-1.31548018040056,92960.4364525851,0.486296729210244,-33.4938308185205,0.502349638928107,2007-04-08 02:02:01
1036.4360474672,-1.32046158119918,93014.8349551101,0.408028939456215,-0.048461797123827,0.0230476698050059,2007-04-08 02:04:00
806.409732073964,-1.21209598928812,93061.2448699229,0.0617861654319936,-55.6321230640059,-0.535434768000244,2007-04-08 02:07:00
668.009824248225,-1.09522694305442,93050.0392780333,-0.242412978136367,-126.832226046327,-0.619585404340434,2007-04-08 02:09:00
381.437047651773,-0.818696825701701,92881.2879621854,-0.845865404196992,-284.484412873032,-0.329880287904691,2007-04-08 02:14:00
175.0038745223,-0.56005737612107,92564.0110626914,-1.23426181241707,-330.215056246397,-0.0984190984480678,2007-04-08 02:19:00
44.1415346962611,-0.314037351706988,92161.4308608709,-1.41551797781919,-366.237016657355,-0.109356964388087,2007-04-08 02:24:00
-14.1785585534853,-0.0756227020637766,91735.0311004681,-1.39332802062799,-316.254908054729,0.729386623970182,2007-04-08 02:29:00
-1.50653311311521,0.160045620649187,91345.8100669097,-1.1672396948773,-8.62475680792722,0.713692982006689,2007-04-08 02:34:00
-0.0342737529263119,0.16712344484917,91335.3496359546,-1.15726927925044,-2.45521628670488,0.657666373234095,2007-04-08 02:34:09
87.7465145683975,0.456490252726189,91015.8601070984,-1.1418098583111,0.505734241132178,-0.492100219614858,2007-04-08 02:39:00
272.155709894142,0.750559831602768,90634.7413733996,-1.37600498993169,-197.261938539211,-0.559391257726668,2007-04-08 02:44:00
524.934196345378,0.913058071136295,90203.8467566875,-1.47421152494611,-300.227831183806,-0.254013190248789,2007-04-08 02:49:00
807.173293077175,0.947296792647703,89763.604086228,-1.43843097732429,-363.87441512536,-0.100309082836585,2007-04-08 02:54:00
1080.56474591713,0.853973803868496,89354.2506717847,-1.26793411590144,-316.135626548285,0.526184468504497,2007-04-08 02:59:00
1306.61997987357,0.63118712072267,89016.653366536,-0.959246102165897,-91.4677057265429,0.69028539746895,2007-04-08 03:04:00
1355.55041512925,0.546142091101821,88941.5481520677,-0.848663940040812,-41.99792645325,0.500489307956703,2007-04-08 03:05:23
1458.90458647346,0.454444997938195,88779.9537795787,-0.688458533126973,-0.0377823703104601,-0.192825099978566,2007-04-08 03:09:00
1516.93452828861,0.527409359109553,88696.1529729099,-0.722807536755607,-48.5564384326433,-0.557502379419287,2007-04-08 03:11:00
1626.83023481889,0.689037163606357,88555.9751085014,-0.832127572881042,-156.283904908619,-0.532659566486854,2007-04-08 03:14:00
1866.80079057124,0.898586588626277,88283.0068874154,-0.980893537067025,-271.135884778801,-0.354644309453194,2007-04-08 03:19:00
2158.86528765679,1.03691874545904,87971.3601116259,-1.09042165564109,-414.722039095925,-0.664088710344937,2007-04-08 03:24:00
2482.11687650269,1.1068529347179,87632.4519451469,-1.16294418391491,-586.490142216957,-0.0862161152679539,2007-04-08 03:29:00
2816.28432104014,1.10981446131517,87277.143946866,-1.19993917885744,-435.101149496029,0.826412542773541,2007-04-08 03:34:00
3141.31885754045,1.0458636831166,86915.9634362795,-1.20216062287101,-179.137825689135,0.794104045855735,2007-04-08 03:39:00
3304.95243212199,0.983554102009754,86723.3358853393,-1.18905859099523,-65.6885142569884,0.602863890462249,2007-04-08 03:41:41
3437.50885891597,0.924992511223233,86559.6852704181,-1.16172695575291,0.926834115723699,0.330043268156562,2007-04-08 03:44:00
3698.96792940928,0.823656824103881,86229.2990970993,-1.02242983787136,-77.695385041085,-1.16532030805382,2007-04-08 03:49:00
3934.96332067393,0.754946920831164,85957.4535903491,-0.770794360379483,-491.80981207832,-0.456185909623125,2007-04-08 03:54:00
4155.05650879161,0.717462448248823,85778.5612056643,-0.401692026243382,-330.806645448172,0.472914916773865,2007-04-08 03:59:00
4368.48487245329,0.710439448077319,85728.92884449,0.0923997136015168,-297.746675794313,0.444365509436191,2007-04-08 04:04:00
4584.34995683074,0.733734786940121,85847.4978128225,0.721550774762982,-32.1234270669015,0.758189240235455,2007-04-08 04:09:00
4616.02391520567,0.73957803777925,85880.7056735443,0.823509917710799,-3.7045674629431,0.56607716330975,2007-04-08 04:09:43
4778.38030961285,0.39748128625355,86138.4549432094,1.05265140230296,-1.54826179260507,-0.622720845482737,2007-04-08 04:14:00
4796.75757278032,0.208158163693419,86200.071801005,0.994177815900486,-48.0717382614819,-0.899684540530776,2007-04-08 04:15:00
4762.73362062091,-0.421691751261325,86408.3051153027,0.773782534952254,-257.97005525216,-0.425597843229279,2007-04-08 04:19:00
4589.8181812965,-0.623190510036557,86632.6633368746,0.772593447460615,-176.11522012627,0.634206030340459,2007-04-08 04:24:00
4473.54493795434,-0.349540115103915,86825.6621997908,0.971658996995538,-35.2898006462491,0.536006395126813,2007-04-08 04:27:45
4452.45726066768,-0.220482124662974,86901.9899846497,1.06223278382451,-0.438464923002735,0.380721444147527,2007-04-08 04:29:00
4420.84216347606,-0.119238247322473,87192.7635776986,1.29563949552864,18.5937312623373,-0.244073681002786,2007-04-08 04:33:05
4413.42577147818,-0.149935272454736,87265.1354596031,1.33536915978181,0.246325135683819,-0.428772067444003,2007-04-08 04:34:00
4349.12017823183,-0.26376665571233,87690.3976629295,1.47935205062792,-216.764727968083,-0.801147328740691,2007-04-08 04:39:00
4264.07856844739,-0.288409690976056,88140.6399135509,1.50218507244542,-403.670243497618,-0.353765746510702,2007-04-08 04:44:00
4184.93696394876,-0.224366619561472,88579.6484336351,1.4043335772818,-381.91355744088,0.596655200059074,2007-04-08 04:49:00
4138.45163255979,-0.0703322014242688,88970.9804945106,1.18380328711349,-111.593826640972,0.843228530763745,2007-04-08 04:54:00
4134.96807804424,0.00847643193211467,89094.1023292982,1.07249548078806,-36.3193218308829,0.533761032366872,2007-04-08 04:55:49
4148.99022046409,0.128848316447159,89284.7061391486,0.953688761442694,-0.22766958382856,-0.236932156004199,2007-04-08 04:59:00
4167.82354952795,0.176062311353054,89401.4769242918,0.972940127559181,-61.5716076697241,-0.699991698680413,2007-04-08 05:01:02
4203.49912320218,0.223098704562989,89581.431124889,1.0459921420456,-200.430513526619,-0.747722898593034,2007-04-08 05:04:00
4279.64748737992,0.279943931719386,89908.8957994206,1.128787918162,-358.644904323864,-0.295196780924235,2007-04-08 05:09:00
4368.74704090076,0.309586309843833,90253.7822845772,1.16233440534629,-399.142127678636,-0.0732429591063416,2007-04-08 05:14:00
4462.74120413258,0.312629970157428,90601.4431750381,1.14731530313771,-423.293204858877,-0.0723472638490691,2007-04-08 05:19:00
4553.67315281812,0.28913694446525,90937.2876096931,1.08342451232526,-362.178015278353,0.786752333638912,2007-04-08 05:24:00
4633.52365274753,0.238628429405466,91246.4839002675,0.969359896443752,-30.6533828782108,0.797908279600034,2007-04-08 05:29:00
4641.5110697874,0.231159535536481,91279.1688926528,0.953174169510227,-7.06858129957184,0.594139631793027,2007-04-08 05:29:34
4699.89783750522,0.226090075310506,91529.0389338842,0.976366854556612,0.613226718921283,-0.429070412444164,2007-04-08 05:34:00
4714.09554710324,0.240370523992732,91589.9898448052,1.02470525576771,-30.7369243643528,-0.589515375475366,2007-04-08 05:35:01
4778.63497906559,0.295777471341075,91857.9863944949,1.20420150312676,-209.040904350647,-0.811915861615749,2007-04-08 05:39:00
4873.77062825623,0.332426961000745,92238.9405196781,1.31434658329194,-395.038823585695,-0.217766548245056,2007-04-08 05:44:00
4974.49748317226,0.333115354450509,92633.9801073877,1.29826374643972,-326.958780809471,0.512440286702947,2007-04-08 05:49:00
5070.0475704732,0.297856681603001,93005.2517747911,1.15562521374528,-141.820953903687,0.663414108923174,2007-04-08 05:54:00
5120.89825105888,0.258673964241849,93202.7155531,1.00629133917588,-33.1734049548345,0.460678985522853,2007-04-08 05:57:02
5150.11900662609,0.240465967477815,93316.4419071999,0.934991369330375,-0.0225582871492707,0.0550632052076304,2007-04-08 05:59:00
5195.40856879325,0.258666056073378,93491.2715593123,0.988749302639412,-51.1210141652193,-0.523506635707025,2007-04-08 06:02:05
5226.71573162305,0.284846020472253,93610.2962784264,1.07936812453806,-122.140610696076,-0.695917719805907,2007-04-08 06:04:00
5319.35467678887,0.326337509231792,93963.63480138,1.26393157259056,-331.391260178416,-0.526662300608155,2007-04-08 06:09:00
5418.70308053391,0.329651558394269,94361.4463729817,1.37635764227401,-422.117325848472,-0.186340877338521,2007-04-08 06:14:00
5513.33720487061,0.294855710467876,94782.4695142066,1.41893765105545,-464.011577978733,-0.0682870196588506,2007-04-08 06:19:00
5591.73723168707,0.221240803117235,95205.9158131316,1.39253940760366,-427.315529452226,0.43175575981606,2007-04-08 06:24:00
5642.05248125439,0.107306515967171,95611.0462433857,1.29662489830231,-211.919151242412,0.857469825364879,2007-04-08 06:29:00
5653.94418178594,0.00125020784555771,95874.834705002,1.18591944763992,-44.6935219594852,0.629796946997555,2007-04-08 06:32:32
5651.6559092695,-0.0562234179295701,95977.2450292867,1.14616781595491,-0.770241246246421,0.344211396712285,2007-04-08 06:34:00
5610.48649778408,-0.306771357873518,96254.3289876404,1.17836964037321,-18.1831198123927,-0.449873538741086,2007-04-08 06:38:02
5590.52806048426,-0.380554008049864,96323.5924197993,1.20955282991345,-49.7619527099756,-0.642818678113125,2007-04-08 06:39:00
5428.27308145473,-0.677832818176052,96705.8202685761,1.32628685889663,-299.212580293273,-0.698219823681246,2007-04-08 06:44:00
5197.55618324494,-0.837740393483214,97112.0532025447,1.36985797856132,-399.885878575963,-0.018900903847934,2007-04-08 06:49:00
4939.03097771149,-0.863535755846298,97520.5124637552,1.34115419706993,-296.882512629618,0.806390520259546,2007-04-08 06:54:00
4692.78432506277,-0.755744631767332,97909.464668275,1.23959051241992,-0.958937478104352,0.725055128909465,2007-04-08 06:59:00
4686.75717265842,-0.751027398074047,97919.3665418834,1.23586901965265,4.68609830761774,0.686287028312361,2007-04-08 06:59:08
4489.93748148406,-0.606914380276922,98262.0407747465,1.1171924345536,-1.90488706446441,-0.851769130523757,2007-04-08 07:04:00
4322.51855214541,-0.519227953809786,98583.4561439946,1.03153997857787,-345.399012846024,-0.649437704670852,2007-04-08 07:09:00
4172.461964716,-0.490969247052676,98884.4664379351,0.980928030399313,-340.444591336719,0.0987757600028398,2007-04-08 07:14:00
4022.05581350865,-0.521562328919763,99175.4115576932,0.964325085125609,-333.607122149183,0.340074373886608,2007-04-08 07:19:00
3853.58106849577,-0.611630706601592,99466.4262695041,0.981392763779202,-117.273712467946,0.785599959189847,2007-04-08 07:24:00
3783.72389135932,-0.659881900133128,99575.1482412755,0.996134485423166,-42.115711425058,0.560947143021962,2007-04-08 07:25:50
3650.20830653914,-0.743143734224485,99766.7674537874,1.01859139041168,-1.60297605020578,-0.256892872091688,2007-04-08 07:29:00
3410.96498960668,-0.846146861381145,100074.300127635,1.02590372528934,-211.876657648512,-0.66370458018557,2007-04-08 07:34:00
3145.82458937987,-0.916083582338182,100378.873021662,0.998826080667464,-321.235985136882,-0.231348099088764,2007-04-08 07:39:00
2864.47680082033,-0.954379253605586,100670.103960111,0.936806596285655,-379.845651651289,-0.110358694790572,2007-04-08 07:44:00
2576.28100162351,-0.961814366227241,100937.33884937,0.838581274138294,-370.309478737015,0.193667185492246,2007-04-08 07:49:00
2290.45700251051,-0.938540452703282,101169.434540515,0.702148217361287,-373.455754273665,-0.674844307999565,2007-04-08 07:54:00
2016.27295305276,-0.884083175322411,101354.531724583,0.524726830253344,-672.583484066145,-0.447462152585262,2007-04-08 07:59:00
1763.2342326745,-0.797332658846424,101479.81323203,0.302701147901245,-478.741244880852,1.52245496717008,2007-04-08 08:04:00
1549.42857514755,-0.682035853283314,101530.793037554,0.0434014769857456,-13.1911418503022,1.02043055750568,2007-04-08 08:08:48
1541.27735334094,-0.676476674257094,101531.242748327,0.0315306308346646,-1.64311348223619,0.90264913526904,2007-04-08 08:09:00
1364.08217105198,-0.489254163408903,101492.187472068,-0.304768208937918,0.798656265781915,-0.379711813206589,2007-04-08 08:14:00
1363.59330751015,-0.488472743357895,101491.882077894,-0.306020288313793,0.419071476780902,-0.379459603616419,2007-04-08 08:14:01
1250.99917971172,-0.269476331447005,101351.569711536,-0.608789695414432,-154.392928092382,-0.860410098362419,2007-04-08 08:19:00
1199.70455018073,-0.0766342721577239,101140.984903084,-0.772004531951494,-411.473988192968,-0.230897520089708,2007-04-08 08:24:00
1202.71955265988,0.0932015579583024,100902.105823883,-0.797737880435341,-309.020334580501,0.226820513805282,2007-04-08 08:29:00
1253.67232324326,0.243492525158646,100676.028595622,-0.686514203484229,-305.039687186823,0.367855268552937,2007-04-08 08:34:00
1347.16800136319,0.377301658501013,100504.110250158,-0.436066689188216,-72.1346092778975,0.681577979237889,2007-04-08 08:39:00
1383.64476242737,0.415462305707826,100468.736206723,-0.330659504779917,-24.4723751469551,0.371736234014842,2007-04-08 08:40:32
1475.72644056919,0.454760390278081,100414.854813763,-0.242656668914247,-0.236596564920978,-0.116728420305513,2007-04-08 08:44:00
1530.78379701531,0.435175801677867,100379.808992951,-0.346522819554831,-29.0622997155222,-0.336614258853059,2007-04-08 08:46:03
1603.75306577242,0.391950314209202,100298.955701044,-0.560935053041615,-109.282941224172,-0.563854523939701,2007-04-08 08:49:00
1714.55650027,0.354103199791775,100085.919783146,-0.842532303421959,-286.482356056205,-0.455018325378861,2007-04-08 08:54:00
1820.60831036417,0.360219126828853,99803.2435518626,-1.02599071519957,-359.975973503352,-0.107874622733615,2007-04-08 08:59:00
1935.09375729931,0.410422741948099,99479.7589399489,-1.11504929183303,-375.826506021499,-0.0236125342298124,2007-04-08 09:04:00
2071.3699854022,0.505737227944704,99143.466178441,-1.1115231058656,-425.458515495854,-0.487283727688367,2007-04-08 09:09:00
2243.23824949514,0.648105156921745,98822.1044598369,-1.01534029130106,-526.705835801145,0.55986149773755,2007-04-08 09:14:00
2465.22519357372,0.840428081191151,98543.7172811391,-0.824540578927287,-136.376800401235,1.10690840681738,2007-04-08 09:19:00
2566.84363512961,0.928187823601183,98454.4466910753,-0.725559101564785,-49.5115531709927,0.477643909219109,2007-04-08 09:20:55
2747.87597136362,1.00547595590178,98330.1009890034,-0.650773239625532,1.86102368970601,0.206273963647393,2007-04-08 09:24:00
2927.37451122946,0.944356565471543,98204.1042300919,-0.764855108896298,29.4574108806329,-0.0124913086535065,2007-04-08 09:27:02
3034.17612455163,0.868456365466558,98106.3418420515,-0.888585705727866,-0.82083072890948,-0.56845182279444,2007-04-08 09:29:00
3273.75053283565,0.745249980615838,97803.3831312944,-1.10882209615774,-280.375167301071,-0.714948283616167,2007-04-08 09:34:00
3491.15714001031,0.720420537906634,97454.2553695891,-1.19690106957693,-358.69856374979,-0.102344313696206,2007-04-08 09:39:00
3715.78331292156,0.793461996916679,97098.2698856788,-1.15461773356899,-346.658340327797,0.458188293035733,2007-04-08 09:44:00
3977.16355792774,0.965862990765667,96774.5982434038,-0.981110325851974,-110.801268018194,0.730251951758647,2007-04-08 09:49:00
4099.8149905363,1.06424409380633,96662.1851100204,-0.873281908355463,-41.4932233132326,0.429793284787276,2007-04-08 09:51:01
4290.87884531947,0.994665240915178,96525.6663046384,-0.629328449669981,0.842008379323832,0.0343611754299455,2007-04-08 09:54:00
4395.55768799265,0.686012063104595,96463.1752096952,-0.384411460950121,-13.7076018181344,-0.278833077610959,2007-04-08 09:56:02
4468.53383902626,0.160388489471136,96426.8660575185,-0.0451708932428411,-116.074875244284,-0.937982060398699,2007-04-08 09:59:00
4425.8611839215,-0.371646364663569,96464.5737376937,0.236289814176458,-522.252729204027,-1.4864740279667,2007-04-08 10:04:00
4289.07432124677,-0.468103011965537,96532.6567547968,0.157674581477399,-784.790737495416,0.347990788804964,2007-04-08 10:09:00
4188.33122597848,-0.130947302538729,96523.0351809072,-0.282618821644485,-360.132320483467,1.68407769101553,2007-04-08 10:14:00
4236.0574220811,0.545539031477187,96358.363705539,-0.992173008352218,-21.2585151266047,0.76570092932073,2007-04-08 10:18:29
4254.45925497239,0.640381153208707,96326.1235317842,-1.0860043421785,0.145869343741308,0.612206159804274,2007-04-08 10:19:00
4542.46629950552,1.15968359201055,95923.4110400906,-1.42808276305297,-0.646355549076471,-0.543355361585965,2007-04-08 10:24:00
4620.96426900133,1.17758879048767,95829.5673477881,-1.3647163161459,-44.3199877160622,-0.745083773193427,2007-04-08 10:25:07
4894.9453324407,1.17237846264177,95545.6178494366,-1.08098039931669,-247.58019715172,-0.86297968429763,2007-04-08 10:29:00
5243.7034195274,1.14964400361392,95267.3938898006,-0.786719239014511,-459.997670558369,-0.558628806453708,2007-04-08 10:34:00
5582.8841589362,1.10842125812101,95066.1384278928,-0.566987369469844,-553.245779029821,0.0608431270100918,2007-04-08 10:39:00
5906.82464099016,1.04787007941549,94920.2011145308,-0.417306510225429,-429.067363044028,0.62078006340175,2007-04-08 10:44:00
6209.55134951354,0.966756394530029,94809.0590208926,-0.334626066626193,-218.767463122784,0.7750690522789,2007-04-08 10:49:00
6484.65841763142,0.863427053056397,94712.8983676886,-0.317260956687721,-5.36580519970312,0.487937733158935,2007-04-08 10:54:00
6494.13284359747,0.859190399615668,94709.4052993108,-0.317856917558647,-0.165614010043362,0.457563455686504,2007-04-08 10:54:11
6726.33670912703,0.747821466732783,94614.3879305838,-0.342242109971877,-1.4558837745857,-0.6048474873184,2007-04-08 10:59:00
6933.27977515183,0.631483386320573,94505.8815527713,-0.383981600315853,-268.964378837132,-0.637217878539386,2007-04-08 11:04:00
7104.91833829096,0.512059188124694,94382.2425312206,-0.443297394070465,-426.136376885109,-1.12179204186751,2007-04-08 11:09:00
7239.9636559553,0.387114928202396,94238.025869583,-0.521398386242742,-839.01155965783,-0.506249848481548,2007-04-08 11:14:00
7336.3811910726,0.25410416011139,94067.3671856295,-0.619876326575976,-684.966620971401,0.588937072156712,2007-04-08 11:19:00
7391.34914687972,0.110316036651474,93863.8631912728,-0.740738260459536,-661.319851443075,-0.19165682345591,2007-04-08 11:24:00
7401.20095684316,-0.0471799389897357,93620.4411893319,-0.886447433837958,-622.510399408143,0.922534298572455,2007-04-08 11:29:00
7361.3505576142,-0.221593638695076,93329.2149272972,-1.05997349578827,-180.914889507713,1.25600899558721,2007-04-08 11:34:00
7326.36236557443,-0.305241670401557,93182.541061587,-1.14670234395918,-61.8105252997219,0.603006727134731,2007-04-08 11:36:13
7267.59126501172,-0.391462322908922,92983.9642704651,-1.21741071541857,0.292157703893105,0.192792674821752,2007-04-08 11:39:00
7217.40503808943,-0.427484515305898,92835.0792278305,-1.21584543880952,9.31195924208119,-0.0672167094546619,2007-04-08 11:41:02
7138.39940854835,-0.458579376102987,92621.7888530554,-1.18059842325652,-60.6893105435704,-0.821839778005123,2007-04-08 11:44:00
6995.57641572507,-0.489026203576648,92276.6830436683,-1.11972532078972,-394.181730546809,-0.783317690189826,2007-04-08 11:49:00
6847.68963899713,-0.492395154096186,91950.2453408005,-1.05593343804038,-453.212072138888,0.0823932689118702,2007-04-08 11:54:00
6702.838414372,-0.468754889095668,91643.5445850176,-0.987922654354908,-443.50414502746,-0.106421317424309,2007-04-08 11:59:00
6569.18394441152,-0.417623604379025,91358.0518688869,-0.914306865095431,-492.603872463464,-0.0340455111219683,2007-04-08 12:04:00
6455.11562892406,-0.337959210632691,91095.6705188148,-0.833585731912895,-398.059372797176,0.741701420440087,2007-04-08 12:09:00
6369.42204646704,-0.228138094957932,90858.7748860944,-0.744114104861729,-115.866845414932,0.788324999917501,2007-04-08 12:14:00
6335.34608996992,-0.146380816437057,90729.3658506322,-0.685143672459104,-20.3047238168952,0.303925935998536,2007-04-08 12:17:01
6321.26489434825,-0.0910951126373341,90650.1413031599,-0.647029344994595,0.10868393609925,0.0359588992972956,2007-04-08 12:19:00
6312.42309658607,0.0272589221978536,90468.4586534244,-0.568228804701201,-163.738019274093,-1.45794554526238,2007-04-08 12:24:00
6334.79728606936,0.117364196528552,90306.8525705533,-0.512958709135516,-672.993905608389,-0.798507393364878,2007-04-08 12:29:00
6380.20216894349,0.181057115287598,90158.4445459178,-0.480092617288513,-585.745752483031,0.470599874379663,2007-04-08 12:34:00
6440.92183207835,0.219635782177186,90016.6250560229,-0.468960696526764,-570.02999475985,-0.175853717340146,2007-04-08 12:39:00
6509.55248766866,0.233886455878669,89874.9188560577,-0.479336070961467,-605.512661089086,0.0932670053202498,2007-04-08 12:44:00
6578.85157915419,0.224099574523179,89726.853010135,-0.511430197568187,-473.382540101761,0.79683944597276,2007-04-08 12:49:00
6641.59017313922,0.190075675012337,89565.8249685877,-0.565897175819493,-183.466867558633,0.901835211821183,2007-04-08 12:54:00
6677.82217793697,0.151273259492165,89441.1123735326,-0.618187400805634,-35.0956579410082,0.501618251985577,2007-04-08 12:57:31
6690.44121005892,0.132320762266891,89385.1778668766,-0.636772615087169,0.531930158245472,0.289423007471615,2007-04-08 12:59:00
6716.27068974385,0.0812184907044213,89230.4959300696,-0.626865468725107,11.1367580487131,-0.140732255974603,2007-04-08 13:03:02
6720.63471794227,0.0693927565554278,89194.5067218327,-0.614262838587617,1.02010137715518,-0.207314464910418,2007-04-08 13:04:00
6733.57713352468,0.0201916376090588,89018.7737396154,-0.560412206852968,-121.65826668745,-0.680576910320896,2007-04-08 13:09:00
6734.68662185001,-0.00962713226065148,88856.4354164478,-0.524813757574941,-364.377648416754,-0.695243507446792,2007-04-08 13:14:00
6729.67704407681,-0.0206712792549327,88702.134006616,-0.506741970873113,-490.853708863007,-0.197900891335861,2007-04-08 13:19:00
6724.13755075984,-0.0131658903752943,88550.6755620019,-0.505828531812631,-500.700296899677,0.111702833117228,2007-04-08 13:24:00
6723.64649242548,0.0130419991548966,88396.9240759938,-0.522054823902852,-474.679078301029,-0.121630009043772,2007-04-08 13:29:00
6733.88511003549,0.0584865234134727,88235.6968082839,-0.555751549680978,-589.433263657492,-0.523191713336739,2007-04-08 13:34:00
6760.75332242569,0.124093871784338,88061.6586572015,-0.607605470647919,-637.49698448793,0.688636570416214,2007-04-08 13:39:00
6810.48997054397,0.211201165308114,87869.2134268215,-0.678673403920741,-230.449605874648,1.32174456831808,2007-04-08 13:44:00
6857.67506483591,0.279412818710671,87732.9148957416,-0.735207921161544,-48.7581882939665,0.619318348606154,2007-04-08 13:47:13
6889.80776236583,0.321802228473747,87653.4773624962,-0.739907961014078,0.564502735313373,0.299945750527381,2007-04-08 13:49:00
6955.54612205402,0.40242030320452,87527.7014174787,-0.614125983854537,15.9431372677085,-0.0747693394499578,2007-04-08 13:52:02
7006.09615590273,0.452412603941576,87463.0439153824,-0.483716693995472,0.0549963650739406,-0.182225747047706,2007-04-08 13:54:00
7154.93474418109,0.527491019201243,87361.7953123201,-0.203179290644021,-79.20463630177,-0.34869310241245,2007-04-08 13:59:00
7315.23240370517,0.528935894932948,87334.2570272099,0.008518321282943,-182.60034419773,-0.231551624214951,2007-04-08 14:04:00
7464.94086017892,0.456776678657278,87360.458152601,0.155690678772277,-210.249087549368,-0.0301991594029965,2007-04-08 14:09:00
7581.79602436243,0.30954271794348,87421.5230256802,0.241337251558433,-182.146504492609,0.369476297490836,2007-04-08 14:14:00
7642.86423524581,0.0842332875427342,87499.2865298115,0.267203573295406,-19.5740332885271,0.438024388094709,2007-04-08 14:19:00
7645.36677731405,0.0508291794248009,87509.1589625445,0.266291457328254,-5.09968265544567,0.345337732170693,2007-04-08 14:19:37
7639.342499904,-0.0494971720243441,87586.7299734135,0.357144514711159,0.417971948407168,-0.3503253718031,2007-04-08 14:24:00
7636.76784068489,-0.0323838168564718,87609.9821005467,0.407037281200416,-27.0205190645795,-0.541745284522127,2007-04-08 14:25:01
7639.53487263245,0.0511258582594941,87730.4273806803,0.589466514120772,-220.585146668049,-1.0406087326533,2007-04-08 14:29:00
7666.09408841353,0.119244108824012,87929.944706633,0.723225225113085,-500.556777555536,-0.413348920366961,2007-04-08 14:34:00
7707.12355955349,0.147757735119489,88154.0125357791,0.753413945772925,-402.053277846219,0.924427005872017,2007-04-08 14:39:00
7750.84902437962,0.137247863660116,88371.7045790345,0.68064794214265,-130.339793353701,0.292791560925685,2007-04-08 14:44:00
7785.55116734906,0.0875002963322452,88551.9646045928,0.503444195064932,-230.993245340853,-0.388121063497592,2007-04-08 14:49:00
7799.32677166688,-0.00249885510447494,88662.9734914327,0.218191175273946,-213.067062311721,0.534193643034957,2007-04-08 14:54:00
7791.65515033972,-0.0811149354712735,88682.4529969719,-0.0208990758387986,-73.743000424296,0.776525473638565,2007-04-08 14:57:10
7781.3918156397,-0.0924247590647975,88673.3948650262,-0.129261950361308,-1.02102436296398,0.489694921218166,2007-04-08 14:59:00
7775.16566221257,0.0583019589547717,88647.5771656996,-0.118766025684849,30.6109022007651,-0.0925584281393113,2007-04-08 15:02:00
7792.07712117345,0.220870959953612,88638.196149696,-0.0393232993580373,0.544627812452383,-0.411222282458265,2007-04-08 15:04:00
7911.43831586116,0.558966550253337,88651.0642904991,0.114655293107281,-189.778782012884,-0.693085525703928,2007-04-08 15:09:00
8118.22992951,0.804728346663877,88700.8535999293,0.207235018503372,-366.873270608487,-0.457784781057471,2007-04-08 15:14:00
8385.54874134628,0.96316513672385,88769.4581316846,0.240302712708155,-443.380674995652,0.0024869886257689,2007-04-08 15:19:00
8687.72511482484,1.0375059667346,88839.1554061062,0.214532317144105,-413.00172774629,-0.0457266417878493,2007-04-08 15:24:00
8999.79983350216,1.02926595185399,88892.2452143515,0.129398614149042,-440.742572529814,0.22718584291852,2007-04-08 15:29:00
9297.01541573973,0.938277155142873,88910.6888764617,-0.0168334773063361,-244.092293971637,0.848173592543343,2007-04-08 15:34:00
9554.31154089593,0.762685164899436,88875.7416011635,-0.227144263714431,-28.6587194208457,0.435330222933895,2007-04-08 15:39:00
9591.51312877843,0.724969039267049,88863.3532656624,-0.268707064258203,-10.6019224657036,0.291937060190748,2007-04-08 15:39:50
9748.81339029546,0.534917291945624,88778.9250347648,-0.369500885779815,0.859486191604892,-0.150989013859013,2007-04-08 15:44:00
9780.55437635453,0.489059809431689,88756.2404416536,-0.359974706527029,-10.881814405777,-0.223904310675346,2007-04-08 15:45:02
9876.86038191799,0.32332740738252,88677.5657630992,-0.303162817702002,-83.0170410654318,-0.350396009383662,2007-04-08 15:49:00
9945.58714728086,0.139169752865492,88595.3191198346,-0.248143425087821,-181.77060272994,-0.255014523715109,2007-04-08 15:54:00
9962.77384755038,-0.020855407635944,88526.9330746624,-0.210602211489361,-236.03467877714,-0.159728321513113,2007-04-08 15:59:00
9935.1595958088,-0.160009492460566,88467.287619174,-0.189774062207739,-301.167637287511,-0.31601233361394,2007-04-08 16:04:00
9868.57043218145,-0.28112855365632,88411.4408839447,-0.185234485820366,-437.697193842853,-0.601018861712936,2007-04-08 16:09:00
9768.03806237787,-0.386681077591986,88354.5284199747,-0.196890962765738,-537.951620173585,0.436182331623261,2007-04-08 16:14:00
9637.90240717357,-0.47881829433782,88291.6640580094,-0.22498105973372,-362.19409821892,-0.514896476187868,2007-04-08 16:19:00
9481.90005285847,-0.55941802115354,88217.8403251866,-0.270077271431409,-751.178195901114,-0.443985801884379,2007-04-08 16:24:00
9303.24040533048,-0.630122933642867,88127.8263894361,-0.333098688402941,-430.558447410399,1.7414257192516,2007-04-08 16:29:00
9135.62941099439,-0.683523657932537,88034.4430801101,-0.401709200202215,-43.2208189490101,1.06706223757101,2007-04-08 16:33:15
9104.7254599734,-0.688749984702311,88016.1458577755,-0.409702569248613,-1.51076682756518,0.774868744448974,2007-04-08 16:34:00
8945.70761889736,-0.589663989336344,87927.8959061548,-0.267552144809077,27.1268053219886,-0.378186937181299,2007-04-08 16:38:02
8912.89817777875,-0.542464604172693,87914.3905500228,-0.199228220268486,-0.138036681596866,-0.560082430170715,2007-04-08 16:39:00
8778.90027052008,-0.371006419591591,87896.5805751737,0.0522404019501524,-292.173357668213,-1.41040016935995,2007-04-08 16:44:00
8678.34101280202,-0.319162431223214,87928.9862995462,0.13611052416097,-689.590552424234,-0.586566089777933,2007-04-08 16:49:00
8575.55508842473,-0.385876024383408,87961.6692150222,0.0540914747833264,-587.27160438875,0.844211100926711,2007-04-08 16:54:00
8434.83180025292,-0.572506866111383,87944.6964628213,-0.195488348516661,-297.737199513526,1.05052574576355,2007-04-08 16:59:00
8219.68726265011,-0.882858616080945,87827.123168898,-0.617715547184346,-22.8908613402248,0.552800560580539,2007-04-08 17:04:00
8188.01308788199,-0.927389759564919,87804.4452000265,-0.678580260084984,-6.05775572315741,0.412308068585473,2007-04-08 17:04:35
7914.3276728482,-1.07172526081214,87600.9259679699,-0.711811105386535,0.879953031396754,-0.297967813516355,2007-04-08 17:09:00
7850.60071625509,-1.04910402589648,87561.4076995578,-0.597983647409969,-21.047514958324,-0.431676218013436,2007-04-08 17:10:00
7613.53223807918,-0.930743742551519,87478.7158296359,-0.109966349867349,-193.062570801654,-1.05681094250106,2007-04-08 17:14:00
7352.20366900875,-0.817733333131398,87518.2513568073,0.34570002424371,-522.331168228681,-0.631744480694769,2007-04-08 17:19:00
7119.22383112509,-0.74143187256471,87669.8469496134,0.638366985983806,-505.50007338149,0.504563811864762,2007-04-08 17:24:00
6903.83154041562,-0.700284286749434,87885.5787241659,0.773999281104046,-398.313909362844,-0.267481371623177,2007-04-08 17:29:00
6695.62405868154,-0.693451960741806,88118.8299342708,0.755361185254884,-599.136154867121,-0.325684077538545,2007-04-08 17:34:00
6484.34507887081,-0.720795647230543,88323.3408913883,0.582072841747465,-435.759815943246,1.30283235552264,2007-04-08 17:39:00
6259.67569477429,-0.782872628584769,88452.2661616627,0.2506025198237,-10.1072742084213,0.874044819834698,2007-04-08 17:44:00
6245.54050419944,-0.787725693912844,88456.5524564193,0.225553506052942,4.28750319843282,0.727448009977518,2007-04-08 17:44:18
6008.24908125107,-0.910487186836546,88490.8245789728,0.111906242808228,-0.141908652361074,-0.503030313240368,2007-04-08 17:49:00
5952.49992929248,-0.948522365352199,88498.8770397788,0.160785261702355,-33.751480929677,-0.608834753602216,2007-04-08 17:50:00
5709.23835021791,-1.06348981371217,88565.3948640418,0.386605147470443,-191.265589858404,-0.591719356760461,2007-04-08 17:54:00
5384.19094090756,-1.08003331586458,88716.794287051,0.612676890784529,-391.878481634337,-1.07233785949826,2007-04-08 17:59:00
5075.32026674251,-0.955462122438756,88927.1843342954,0.780542544953106,-715.063271673926,-0.275833662152395,2007-04-08 18:04:00
4825.26928573726,-0.687237390333733,89179.6450392232,0.893623322748216,-502.697244925941,1.10454981156552,2007-04-08 18:09:00
4677.87974005597,-0.269892522562755,89458.11386304,0.95422388502012,-204.124483661502,0.86413312482274,2007-04-08 18:14:00
4657.37702179093,0.0417580531648923,89624.443743158,0.965837960065004,-71.8069755271075,0.660880136160272,2007-04-08 18:16:53
4673.36187003059,0.169853710297634,89747.1479694964,0.965697047098991,-0.0206842745778784,0.45497127159271,2007-04-08 18:19:00
4690.42501482679,-0.0608856580888895,89920.3484227084,0.957110508385045,40.0380858949736,-0.075500211997206,2007-04-08 18:22:00
4665.09320752431,-0.35397186523814,90034.6251514905,0.947201934705451,-5.9201250281239,-0.752661971470722,2007-04-08 18:24:00
4470.67949184632,-0.897743421746063,90314.1572023552,0.914402856031507,-350.029012201958,-0.875546282770544,2007-04-08 18:29:00
4152.6004258306,-1.17980490061341,90582.064575979,0.869572732468003,-469.259059744137,-0.336524103254667,2007-04-08 18:34:00
3788.37535252036,-1.20590490085398,90834.6072478767,0.811797896522547,-532.911854676348,0.405714550234373,2007-04-08 18:39:00
3454.5831288879,-0.976575357690716,91067.7320508061,0.739900858924814,-230.905497660147,1.0937614015775,2007-04-08 18:44:00
3280.96745834046,-0.663577703799491,91216.3213664083,0.680700291046433,-51.0300218073889,0.65173980918165,2007-04-08 18:47:29
3228.07426371959,-0.498635070277741,91277.3783243826,0.665216752332127,-0.028072567209091,0.464451207785655,2007-04-08 18:49:00
3161.43218031516,-0.0541443518362541,91442.620448763,0.739697481495688,28.7559699553977,-0.338649049744655,2007-04-08 18:53:00
3161.51722830285,0.0559588029459877,91488.1499857065,0.777299511850225,-1.72960534716652,-0.693356590909407,2007-04-08 18:54:00
3251.12197444044,0.516910117971026,91743.2235392725,0.907150115309363,-320.3257233868,-0.829121585153772,2007-04-08 18:59:00
3457.39018037502,0.835033449630899,92022.9184520723,0.941720117748512,-421.395807722796,-0.134079030757989,2007-04-08 19:04:00
3738.51684244592,1.01681236128913,92298.8044152984,0.881714078623006,-461.883865063612,-0.0915666359325247,2007-04-08 19:09:00
4054.22262171221,1.0659516270839,92542.3734912383,0.725909035269783,-463.020122974558,0.0931282336284511,2007-04-08 19:14:00
4364.93292445311,0.983452737669039,92724.4591026972,0.471129578121536,-373.133428855859,0.628840837550102,2007-04-08 19:19:00
4630.97134584074,0.767634311254173,92814.6415989138,0.112183133764917,-127.718526137715,0.716053386009512,2007-04-08 19:24:00
4756.30716932001,0.563825493850747,92810.1687844644,-0.167406164402053,-31.187837594693,0.353700739006503,2007-04-08 19:27:07
4814.18074765619,0.478609581979276,92782.6838756916,-0.303667354983308,-0.0680064613097737,0.199257070086685,2007-04-08 19:29:00
4904.17714861303,0.567319803073494,92722.1100764835,-0.33045368414953,15.1689916958328,-0.0307465376385227,2007-04-08 19:32:00
4980.74877806467,0.704106964507256,92685.797012723,-0.276903488103714,0.5439229086511,-0.224554456915323,2007-04-08 19:34:00
5229.12409951935,0.922586359102102,92616.446150631,-0.198561133521065,-100.583750204327,-0.283003280274771,2007-04-08 19:39:00
5516.98438100538,0.967786194827688,92558.8407326733,-0.198467808627969,-139.042302043143,-0.0188134127333214,2007-04-08 19:44:00
5792.57166171141,0.840627674154196,92489.5460555905,-0.276621611401557,-108.50616812345,0.281314090349358,2007-04-08 19:49:00
6003.87784897379,0.538519222544489,92384.8891813106,-0.434615367900003,-3.58075467941775,0.225582413642497,2007-04-08 19:54:00
6010.76763728592,0.521391571965775,92379.1828349244,-0.443310054386276,-0.830748485119157,0.197793870880908,2007-04-08 19:54:13
6117.51930350059,0.263808032405927,92299.4326291907,0.150168900902915,1.04284965655056,-0.105641976647833,2007-04-08 19:59:00
6117.78287842747,0.263342318649021,92299.5852097853,0.154995493707217,0.937025437712554,-0.106006228608824,2007-04-08 19:59:01
6175.16972516934,0.118383338819388,92528.8691564545,1.26849661320418,-43.0982458054717,-0.182011082690988,2007-04-08 20:04:00
6187.10948817813,-0.0414477551461661,92994.9113550692,1.73020023343941,-88.7459803219456,-0.0510399335776752,2007-04-08 20:09:00
6148.53572739785,-0.218944268018808,93502.3103947339,1.54467620178387,-60.7543578961342,0.218399744708255,2007-04-08 20:14:00
6100.76535444664,-0.331394999403478,93739.0277404846,1.13956878154437,-18.1796249058541,0.22451119730791,2007-04-08 20:16:54
6054.21535471546,-0.403453501374532,93864.9958688526,0.906632598944132,0.470288705378993,0.0412542010366944,2007-04-08 20:19:00
5975.35748886719,-0.464583641395636,94033.3859134205,1.0596045203324,-19.585279993374,-0.225504776426096,2007-04-08 20:22:00
5918.32408755048,-0.484443781754995,94176.7822655931,1.31946588390646,-52.0991541065674,-0.30777581998217,2007-04-08 20:24:00
5770.11329015379,-0.494136598964117,94637.7389828391,1.68682606688379,-133.577926703885,-0.116322962999576,2007-04-08 20:29:00
5627.54461361144,-0.446765889132898,95149.0779703309,1.6559169840129,-102.765558430697,0.279368813245351,2007-04-08 20:34:00
5507.85272131567,-0.341366205944772,95591.4262857967,1.22610868779434,-9.38887134085582,0.211298418722193,2007-04-08 20:39:00
5495.53590804808,-0.324254745948517,95635.3132358274,1.14512508429463,-2.63052107833322,0.155403773029994,2007-04-08 20:39:37
5423.03321931869,-0.240902836914626,95888.2422110417,0.89351238775711,0.957159495750101,-0.102963676023168,2007-04-08 20:44:00
5408.59047587319,-0.233367185833724,95943.7878450578,0.933848823671624,-6.78743068988134,-0.150314777685635,2007-04-08 20:45:01
5355.05309612528,-0.215702506968558,96192.5536227139,1.13957701556722,-65.3222786140269,-0.354815984190217,2007-04-08 20:49:00
5292.58638923865,-0.202355714311588,96564.748816676,1.32933172229768,-178.49066459708,-0.249582661085581,2007-04-08 20:54:00
5232.68219690648,-0.198590121268598,96982.8876468664,1.44638706752535,-201.154412458994,0.00425901988234208,2007-04-08 20:59:00
5172.48251517156,-0.20432898256923,97425.5544528013,1.49312871640679,-186.801882805234,0.142068627855623,2007-04-08 21:04:00
5109.12331780773,-0.219689259992688,97871.8334703239,1.47050929458142,-105.714086629682,0.388783057261404,2007-04-08 21:09:00
5064.62783644745,-0.235062316402489,98155.4072692502,1.41810853035791,-26.5920025711879,0.349560518874292,2007-04-08 21:12:16
5039.68157430672,-0.244828549300833,98301.0728141056,1.38355650755524,0.353849358815792,0.143098757347894,2007-04-08 21:14:00
4961.40505384227,-0.278376121653918,98702.6806029214,1.2969841322222,-38.1070465487706,-0.297479657704415,2007-04-08 21:19:00
4871.80252306424,-0.320463263878587,99081.0741444681,1.22853254786189,-121.58393019751,-0.134226397898784,2007-04-08 21:24:00
4768.18799902436,-0.371947739698047,99441.47156837,1.17680666602789,-96.7457864112432,0.262840449291385,2007-04-08 21:29:00
4647.58992510803,-0.433878836693536,99788.7242315017,1.14075227912514,-7.42127314176684,0.194977184923129,2007-04-08 21:34:00
4640.18133879466,-0.437725829790255,99808.1034334735,1.13916180684275,-4.34413283731774,0.167398193356147,2007-04-08 21:34:17
4511.99942256016,-0.451207610385464,100136.950009318,1.22076713431555,0.0481805113289289,-0.088496577540147,2007-04-08 21:39:00
4485.21028098828,-0.441000965662305,100211.499046416,1.26582697348148,-6.22741159894433,-0.121454156344606,2007-04-08 21:40:00
4383.98375884282,-0.408301580795974,100536.981387302,1.43708813630259,-58.4244377473889,-0.349602606364342,2007-04-08 21:44:00
4261.71786455371,-0.415736622170963,100990.642786152,1.57310545000897,-179.535333787828,-0.288472431291819,2007-04-08 21:49:00
4129.15849972722,-0.477041029600407,101472.427673251,1.62489584154711,-196.814701041625,0.143105926841478,2007-04-08 21:54:00
3969.98510322889,-0.593464227349912,101957.268787725,1.59351483326236,-111.897731357626,0.380070576731537,2007-04-08 21:59:00
3834.43882378671,-0.708361891480904,102283.57646101,1.52222665661034,-29.9828350271544,0.366263094565709,2007-04-08 22:02:29
3767.97161729942,-0.746380492291201,102420.405383454,1.48637479560983,0.00465570517114333,0.283641329268531,2007-04-08 22:04:00
3592.70832658066,-0.671896325816106,102769.362782982,1.43103997494565,9.30529882891129,-0.332801228313679,2007-04-08 22:08:00
3553.87243993544,-0.62316805403464,102855.029396542,1.42463543174695,-19.5381314395637,-0.643792461408866,2007-04-08 22:09:00
3398.33651664549,-0.426667720549206,103278.792160472,1.40343756306598,-318.6910888552,-0.849621087450806,2007-04-08 22:14:00
3290.29044501972,-0.30603242758596,103698.868564674,1.40001804591268,-455.206318085098,-0.264174527074984,2007-04-08 22:19:00
3207.3813935689,-0.258803548291842,104120.572653833,1.41430718827167,-526.062758085545,-0.200521179870615,2007-04-08 22:24:00
3127.7688398577,-0.284018526950192,104549.251645929,1.4465962122907,-547.629781079475,0.160928895692572,2007-04-08 22:29:00
3029.67944624942,-0.382191261460259,104990.394912062,1.49754318958018,-391.045878618238,0.933043577872563,2007-04-08 22:34:00
2890.9633049212,-0.555322576915394,105449.745853463,1.56818645314672,-81.4455559323481,0.705265363895339,2007-04-08 22:39:00
2835.52494037747,-0.625510625847818,105598.379961958,1.59459097516849,-34.6295714736462,0.328629239765887,2007-04-08 22:40:34
2695.73220143178,-0.703660027053978,105928.244092659,1.58457957600447,0.78641845174939,0.142983484185389,2007-04-08 22:44:00
2610.62782401423,-0.670160762130023,106119.173726009,1.51159830435585,19.5634712911016,0.115566517694586,2007-04-08 22:46:03
2499.84010169823,-0.583086034693109,106375.095768061,1.38501862408722,-1.52219403161819,-0.481942349883596,2007-04-08 22:49:00
2344.85532325295,-0.453819581452078,106766.162622687,1.2355192479261,-265.20672241578,-0.859438540973085,2007-04-08 22:54:00
2225.46900167072,-0.345360741346127,107124.334984376,1.16535031056421,-410.558538129617,-0.0983916676624963,2007-04-08 22:59:00
2135.78042375436,-0.255499051664168,107473.157564581,1.173081722768,-331.459875849631,0.585580967711214,2007-04-08 23:04:00
2070.49413591406,-0.182403071889198,107835.984520041,1.25887105581859,-139.059566673781,0.416932729582707,2007-04-08 23:09:00
2024.81201932979,-0.124583057732369,108236.455425903,1.42446675291831,-78.9611618525646,0.273260759390769,2007-04-08 23:14:00
2013.60632799877,-0.109106299203878,108376.512468904,1.4948174493781,-45.2901157399677,0.39004402158381,2007-04-08 23:15:36
1990.36996703336,-0.139195564779443,108691.31024463,1.56046103569265,-0.480628999559446,-0.141388135488051,2007-04-08 23:19:00
1969.14909692169,-0.216051799226016,108879.341642953,1.51094077405064,-50.93572612623,-0.620246892515712,2007-04-08 23:21:02
1918.92301057342,-0.342241499987277,109138.26338994,1.40232104795743,-180.657204788492,-0.736099071489387,2007-04-08 23:24:00
1793.9641076329,-0.474106673096718,109537.881461551,1.2728252192292,-329.963035955858,-0.133002236596283,2007-04-08 23:29:00
1644.38205666466,-0.50667405139064,109908.462330792,1.20841159064426,-331.480892088613,-0.288270217169867,2007-04-08 23:34:00
1499.81639726516,-0.440607379523202,110269.301034998,1.20776736995873,-506.227945155731,-0.478804722629379,2007-04-08 23:39:00
1390.00890640029,-0.274560175137908,110639.494059753,1.27087942753005,-500.946461209518,0.588693966785532,2007-04-08 23:44:00
1345.40975544048,-0.00514828666891674,111038.328537866,1.39903402872621,-216.583561938511,0.977381425302388,2007-04-08 23:49:00
1372.74145825725,0.262558120883595,111362.018910738,1.53651896510379,-41.7094218915795,0.61209043801261,2007-04-08 23:52:41
1396.50882652453,0.32415684306464,111485.1556092,1.57510574115978,0.988691476592798,0.463859152612959,2007-04-08 23:54:00
1446.97355950671,-0.0536960830787059,111864.112819808,1.47615127762513,28.9781824096649,-0.370101093780681,2007-04-08 23:58:04
1439.04990000358,-0.224381815452614,111945.031451021,1.41291175551103,-1.15651877573748,-0.721175534088608,2007-04-08 23:59:00
1288.42524192608,-0.640140723255963,112308.167072726,0.98171868487019,-260.519664093355,-0.0781974445815523,2007-04-09 00:04:00
1138.58310641996,-0.219156156134108,112517.811186379,0.387900645665855,-38.0878905597683,0.671421187329401,2007-04-09 00:09:00
1158.77461012494,0.488035293537504,112548.343264789,-0.0802889481349932,8.77044794974366,-0.0336932707575557,2007-04-09 00:12:11
1237.63011009708,0.943202394036348,112524.942178318,-0.339477394774085,-0.654057427142287,-0.105752763142438,2007-04-09 00:14:00
1654.06102552854,1.71672425204847,112349.552124718,-0.758257678271619,-16.8051615410974,0.0218530057611479,2007-04-09 00:19:00
2198.47159648694,1.79784621384083,112112.611374052,-0.750510872209637,0.769210878777667,0.0246505363566286,2007-04-09 00:24:00
2202.06552298275,1.79607517387144,112111.11182756,-0.749032463824598,0.81707981870445,0.0232217877510925,2007-04-09 00:24:02
2701.15245476917,1.56509992292175,111918.466461095,-0.551995786210957,-4.73992332794175,-0.00164992343537513,2007-04-09 00:29:00
3144.37042555205,1.40077193013752,111776.670335961,-0.400937995516833,-15.6851567273075,-0.193076824317394,2007-04-09 00:34:00
3548.11981514552,1.30153006995502,111673.467747446,-0.294269451341253,-80.8826408944956,0.0394423448012739,2007-04-09 00:39:00
3798.50334937693,1.27091365873961,111620.914219964,-0.24767281073998,-29.9750793523586,0.346916236047562,2007-04-09 00:42:15
3931.67506555511,1.26776678896706,111595.349891587,-0.245249101212156,0.166597217903646,0.188528624763322,2007-04-09 00:44:00
4318.417814197,1.32753344026496,111500.443021669,-0.436531213023533,-7.63034674300733,-0.0880556747924071,2007-04-09 00:49:00
4533.53761180353,1.4002908469745,111415.195999168,-0.6563685899293,-20.4515418690348,-0.106954187864776,2007-04-09 00:51:38
4737.4840803121,1.46899327296381,111306.256476252,-0.87137216396418,-47.6787643058672,-0.311378475341062,2007-04-09 00:54:00
5192.69223464106,1.55171757785007,110991.638163566,-1.1975034228066,-168.392666950786,-0.256386041413243,2007-04-09 00:59:00
5660.16708594986,1.55090986134702,110604.622585117,-1.35483866104383,-146.446713354382,0.386567183379263,2007-04-09 01:04:00
6114.88896531311,1.46655366165947,110195.282687209,-1.34658447462439,-4.78919286808976,0.299831016317802,2007-04-09 01:09:00
6364.22715035421,1.37815037323103,109965.911812399,-1.26537193696495,12.8444890677002,-0.0453918007471304,2007-04-09 01:11:55
6531.92994169049,1.3053703822894,109812.295498183,-1.19515770321441,0.145187359367226,-0.142548662108645,2007-04-09 01:14:00
6898.02747330091,1.13645850297598,109471.606553531,-1.09115255414474,-74.5317242559614,-0.416360942525698,2007-04-09 01:19:00
7214.34239818061,0.972923814895731,109148.651920037,-1.07672857191219,-206.295529686518,-0.22701311239239,2007-04-09 01:24:00
7481.98604833799,0.811433373222603,108816.64674183,-1.15159178624346,-164.533027888957,0.455720736781474,2007-04-09 01:29:00
7701.07780309442,0.648695896220898,108448.621706969,-1.3172679588335,-3.56059388289884,0.383558348237844,2007-04-09 01:34:00
7778.44366376392,0.579178955559491,108276.685005244,-1.41467865122736,24.9034203403594,0.0758721325416477,2007-04-09 01:36:06
7871.874968679,0.500837855476325,108019.209806191,-1.53684153876878,0.264154021964858,-0.386270512753393,2007-04-09 01:39:00
8011.95998844184,0.450935515521031,107539.7355798,-1.63638360183006,-174.506775192854,-0.506714870761888,2007-04-09 01:44:00
8153.14215946352,0.508164594549824,107051.282743874,-1.59680039018318,-213.992308879904,0.331416194167989,2007-04-09 01:49:00
8327.681184236,0.673691458947035,106595.639062995,-1.41728517186194,-43.9583653443171,0.440237243133276,2007-04-09 01:54:00
8397.42920430178,0.751733940050588,106461.004751317,-1.32778874567915,-14.383370248596,0.185039149374182,2007-04-09 01:55:38
8565.10044670506,0.900139106644661,106210.870884131,-1.15939870957469,-4.94942159147882,-0.0392845814811381,2007-04-09 01:59:00
8857.38204508206,1.0307262638225,105886.59792808,-1.02529524446486,-20.8205812601299,-0.0200604435686271,2007-04-09 02:04:00
9173.0296172878,1.05617629118167,105582.063831727,-1.02758327077405,-19.219191635867,-0.0246852896236083,2007-04-09 02:09:00
9480.63306576285,0.977007877068996,105256.413399903,-1.16630941998783,-29.696175624114,0.0340689960917258,2007-04-09 02:14:00
9731.01187569666,0.808882634125763,104899.856799792,-1.41907635469172,-1.24790922365602,0.101096675856565,2007-04-09 02:18:38
9748.62154868702,0.792043921414625,104868.365551919,-1.4436902027051,0.846103933173322,0.0888073261572218,2007-04-09 02:19:00
9954.65002485152,0.589866457285532,104389.410593038,-1.73611738884964,0.861598803035829,-0.0991254335644489,2007-04-09 02:24:00
10107.3832306456,0.436139904800747,103834.356846006,-1.95187534134937,-56.1646140265215,-0.260742220957149,2007-04-09 02:29:00
10220.8626827945,0.327731215408031,103225.507684695,-2.0953613496106,-119.488004793039,-0.036934805393035,2007-04-09 02:34:00
10308.3298806288,0.262430948500915,102584.070096942,-2.16949975313864,-72.0644903394331,0.253726602908722,2007-04-09 02:39:00
10382.4961765758,0.238908241561589,101930.586896958,-2.17580154150613,1.10644607984082,0.206525209888844,2007-04-09 02:44:00
10382.973974577,0.238890065010168,101926.235477937,-2.17561697878259,1.51855009755657,0.205573669036594,2007-04-09 02:44:02
10451.7693000498,0.216060462068423,101282.984282912,-2.1382814430102,-0.196446588055925,-0.396426288034172,2007-04-09 02:49:00
10507.9842661991,0.151704489108455,100649.622251902,-2.08070447800499,-172.705032979599,-0.315523447077143,2007-04-09 02:54:00
10538.5127318507,0.0445268787629137,100036.68308227,-2.00189826407312,-129.982612278657,0.401008457087425,2007-04-09 02:59:00
10530.2028447884,-0.107656719371551,99450.7652830324,-1.9002566785866,-14.4772824662249,0.237928971133961,2007-04-09 03:04:00
10512.5489072027,-0.183096536230517,99221.8391279298,-1.85193244995343,2.35499641971377,0.0566339803285339,2007-04-09 03:06:02
10470.1985164503,-0.289618000033305,98898.0631817812,-1.7898057736422,0.0485991086089433,-0.0610384596314607,2007-04-09 03:09:00
10361.3217129609,-0.427754873290699,98370.7541257456,-1.73618969346327,-32.1652425819545,-0.157819868145656,2007-04-09 03:14:00
10218.5039389988,-0.516274655212529,97850.0234796739,-1.74587537395067,-70.586528814772,0.00227316572772163,2007-04-09 03:19:00
10056.3349794667,-0.556981437350401,97316.8832886682,-1.81906021566233,-28.0258550361953,0.192002400962256,2007-04-09 03:24:00
9984.19487341364,-0.560025898499759,97079.0445085401,-1.87037746701794,-6.26581225158693,0.133364504596976,2007-04-09 03:26:09
9888.28762233334,-0.56338496006293,96753.2927701745,-1.93617697589325,0.519226809631649,-0.0891147688469553,2007-04-09 03:29:00
9715.48711189653,-0.593865942765357,96160.8980554704,-2.00287212459577,-71.8279196560809,-0.267011488087693,2007-04-09 03:34:00
9528.77889975862,-0.656260122584534,95557.669758384,-2.0085232733677,-118.759010489322,-0.00787881655520721,2007-04-09 03:39:00
9318.41480415593,-0.75183913406629,94961.8728448082,-1.95324559634902,-72.6864509003396,0.292563818130766,2007-04-09 03:44:00
9183.20481586068,-0.822329504865839,94630.7419575791,-1.89368869560578,-19.1300142230946,0.269014784424617,2007-04-09 03:46:52
9074.48246551289,-0.875098191620231,94391.5346074473,-1.8450338510687,0.158346945566906,-0.0115824767026099,2007-04-09 03:49:00
8797.01602579241,-0.967470698433249,93852.1904524493,-1.75643628536644,-82.730745585085,-0.348774624773351,2007-04-09 03:54:00
8498.24361314098,-1.01737875969482,93334.2468898067,-1.7021214176721,-155.891269797714,-0.117744146940563,2007-04-09 03:59:00
8190.73068967642,-1.02583953461754,92827.602277688,-1.68098227515083,-135.453099566285,0.304677260699923,2007-04-09 04:04:00
7886.86458014012,-0.993025459375858,92322.3852543273,-1.69258802813267,-11.4653358390759,0.317278887578354,2007-04-09 04:09:00
7829.58479182102,-0.981878117850006,92224.0462470654,-1.69861770285199,3.61441176903349,0.204984098229628,2007-04-09 04:09:58
7597.8430879047,-0.933942186006151,91809.8731137353,-1.72329023464911,0.486559966927879,-0.251289144224969,2007-04-09 04:14:00
7326.01129514193,-0.879016532677818,91289.3045364394,-1.74569475944166,-118.564744771554,-0.353512624295351,2007-04-09 04:19:00
7070.03967268815,-0.828028504024273,90763.319453344,-1.75946147755073,-172.968432153454,-0.043010244343978,2007-04-09 04:24:00
6828.90454365775,-0.779938930385022,90234.4628067179,-1.76487096377324,-143.606171761313,0.275657684747628,2007-04-09 04:29:00
6601.88460868866,-0.733767714524856,89705.2210144709,-1.76203346700701,-33.2495432081868,0.320164516943348,2007-04-09 04:34:00
6505.63193940371,-0.713666098806832,89471.1121364705,-1.75812801289277,-1.95649672895148,0.147344379045119,2007-04-09 04:36:13
6388.5970649573,-0.68766073830745,89177.9941930586,-1.7523007695231,-0.54194604304123,-0.158910737181283,2007-04-09 04:39:00
6189.84836476175,-0.636270168800813,88653.8196840945,-1.74227951445654,-102.669097396459,-0.361142983230787,2007-04-09 04:44:00
6007.52549679301,-0.577969585131592,88132.5864017894,-1.73265935717159,-188.173901594186,-0.25314320797014,2007-04-09 04:49:00
5843.87588670851,-0.511570782944021,87614.2035804238,-1.72324423251643,-237.434996006031,0.0376613652244265,2007-04-09 04:54:00
5701.52753347998,-0.435720510846574,87098.6385485527,-1.71384225403946,-173.257977715854,0.246450613726428,2007-04-09 04:59:00
5583.54256974621,-0.348872890255879,86585.9160631394,-1.70426180321691,-121.12879640565,0.118202908475123,2007-04-09 05:04:00
5493.47967009631,-0.249257909371378,86076.1188141198,-1.69430762414082,-73.3082001929277,0.299911715600015,2007-04-09 05:09:00
5465.15407835773,-0.203510802564092,85864.5983505926,-1.69000187538863,-29.2176641453017,0.351336558635495,2007-04-09 05:11:05
5434.86151314703,-0.145220303887145,85569.2223417187,-1.68663638311541,-1.47983103009045,-0.162232196389657,2007-04-09 05:14:00
5402.15798387822,-0.0800204730783438,85062.5895454053,-1.69359955253598,-152.95312777524,-0.435438346141579,2007-04-09 05:19:00
5382.57204917512,-0.0576214501465037,84551.4402243794,-1.71679758269578,-206.565505178754,-0.10879225255664,2007-04-09 05:24:00
5363.35355341377,-0.0775667282277573,84030.841362896,-1.75670326475307,-199.654962334707,0.416178772499517,2007-04-09 05:29:00
5337.02088699932,-0.129658504860753,83566.2517733399,-1.80563605104057,-21.690745467463,0.620086352575555,2007-04-09 05:33:21
5331.76733077448,-0.139685786616841,83495.6706625229,-1.8138756552164,-0.0872052172238053,0.479558099922741,2007-04-09 05:34:00
5279.72875734342,-0.203296908023663,82942.6690408369,-1.87099682857605,-0.546528644011856,-0.403400842312609,2007-04-09 05:39:00
5212.09630775268,-0.243821165257959,82374.100700877,-1.91782967441314,-152.051352240867,-0.324539380571057,2007-04-09 05:44:00
5135.66064484443,-0.262084469415805,81792.903987946,-1.9553286770212,-180.520045518598,-0.0881786767577337,2007-04-09 05:49:00
5057.03301616597,-0.258459038684145,81201.7598727747,-1.98425809081129,-236.021759261771,-0.183505677075157,2007-04-09 05:54:00
4982.77999555619,-0.232870984392988,80603.1465914738,-2.00520751632103,-217.720324356544,0.499614816794828,2007-04-09 05:59:00
4919.92730886087,-0.185195629948321,80003.4272965242,-2.01853893251121,-1.21247415374049,0.509122375554739,2007-04-09 06:03:58
4919.55731407838,-0.184799066024288,79999.390153508,-2.018604086409,-0.203446073980539,0.499881664988658,2007-04-09 06:04:00
4873.64602750598,-0.119221965747271,79392.3217268742,-2.02859736272056,0.655106963084395,-0.3706669463928,2007-04-09 06:09:00
4849.32720647136,-0.0406053099915483,78782.1742523003,-2.03916586462358,-142.43244402535,-0.385161112345948,2007-04-09 06:14:00
4850.74603069606,0.0526531605501736,78168.743199818,-2.05052498515884,-205.145018933721,-0.129543006699471,2007-04-09 06:19:00
4882.57223009099,0.162454115029661,77551.7571179754,-2.0629062306964,-234.910784758912,-0.0314500394972145,2007-04-09 06:24:00
4950.09525693262,0.291035369334319,76930.8721014767,-2.07656193918816,-203.634119819699,0.284267038724265,2007-04-09 06:29:00
5059.33208838979,0.441017494251256,76305.6647821658,-2.09177042298177,-77.9597210523775,0.454667770317404,2007-04-09 06:34:00
5129.6070168797,0.522648866009766,75999.6838958433,-2.0998251705535,-19.7633396388645,0.310300073244914,2007-04-09 06:36:26
5216.92376560659,0.61105206949896,75676.1676974723,-2.09824240359551,0.0146168145017175,-0.113324281527348,2007-04-09 06:39:00
5425.60105117816,0.779492783477828,75054.1056916258,-2.03568848794363,-124.67625304192,-0.454112986738685,2007-04-09 06:44:00
5684.40756801122,0.94581338380923,74462.7318924041,-1.89330759559965,-175.001720652041,0.245668765287841,2007-04-09 06:49:00
5993.2159564115,1.11340359404875,73926.3884069557,-1.66819791004969,-27.7611342841968,0.406367889517757,2007-04-09 06:54:00
6046.17037003631,1.13999594828703,73848.9860728892,-1.62516007518029,-11.5610991786001,0.286440661148302,2007-04-09 06:54:47
6350.94947651333,1.26232643525738,73465.4632103942,-1.41598657849059,-0.243044242684507,-0.170366171380016,2007-04-09 06:59:00
6744.83018921364,1.35407256481446,73069.1384972312,-1.23865655805774,-96.9033686762083,-0.393904514427945,2007-04-09 07:04:00
7157.78563388242,1.38970685149753,72714.9399603095,-1.13466939547214,-220.179640583802,-0.442261113212014,2007-04-09 07:09:00
7573.11949440074,1.36995554557695,72381.2193337658,-1.10190576376051,-337.564943052653,-0.226927601886611,2007-04-09 07:14:00
7974.18392833366,1.29441610240822,72046.74570506,-1.13969791849457,-342.084415685999,0.140584115191348,2007-04-09 07:19:00
8344.04027291901,1.16154897830658,71690.2728149708,-1.24881608871911,-237.025829769553,0.680955487750466,2007-04-09 07:24:00
8665.11382394587,0.968646253631106,71290.1060448173,-1.43148417472797,-1.17903903680952,0.498780084589664,2007-04-09 07:29:00
8724.6262659051,0.920164673729036,71198.4277337884,-1.47950893050956,21.6064066413413,0.236545827067403,2007-04-09 07:30:03
8922.09689594963,0.753075489137482,70827.2192906054,-1.64635505792048,0.810306476631333,-0.339355105378576,2007-04-09 07:34:00
9123.30068585735,0.598660650583245,70308.5091439879,-1.80153547377164,-138.779803941971,-0.472621930409402,2007-04-09 07:39:00
9287.38158184347,0.505170056569192,69752.264898203,-1.89700650524086,-253.98288687446,-0.298581067117827,2007-04-09 07:44:00
9432.30060447591,0.470698307114063,69176.0776883104,-1.93471391493122,-304.742567303156,0.0162564012569294,2007-04-09 07:49:00
9575.62824270263,0.494542845223129,68597.1321986051,-1.91542620472758,-223.396638334739,0.553538862258602,2007-04-09 07:54:00
9734.90255200758,0.577189638313171,68032.5568978199,-1.83875027837201,-29.6321129867444,0.482047434575033,2007-04-09 07:59:00
9756.52094572119,0.591525634157382,67964.7700468853,-1.82525428439194,-13.7361544359684,0.37875119550453,2007-04-09 07:59:37
9924.25146450944,0.677694863943864,67496.6181433797,-1.73913061223258,-0.70082577409807,-0.29986856751033,2007-04-09 08:04:00
10136.6890595395,0.730601854849246,66985.8137477574,-1.67155700676429,-144.210558120558,-0.384066113815198,2007-04-09 08:09:00
10357.8795291746,0.736146265113558,66490.5480045911,-1.63536401561992,-205.389142937916,-0.193295006944496,2007-04-09 08:14:00
10573.655062579,0.694441093475603,66001.5331173685,-1.6298140017636,-284.010329446263,-0.256899453758494,2007-04-09 08:19:00
10769.7374889443,0.604636361024719,65509.6086861446,-1.65479385225164,-305.185243884567,0.259767734058471,2007-04-09 08:24:00
10931.4472789494,0.464901788069844,65005.5550125486,-1.71081267291605,-143.256452346623,0.615127410359762,2007-04-09 08:29:00
10998.7331327761,0.368372561459024,64726.7596055763,-1.75404662021774,-54.5589066119094,0.478484715415577,2007-04-09 08:31:41
11043.8867363632,0.282801872946037,64480.1943552021,-1.79277041492274,-0.147402689809022,0.286693491202144,2007-04-09 08:34:00
11104.4405122867,0.127375924086698,63931.8793808957,-1.85872673721462,-16.0403635320396,-0.520107455242089,2007-04-09 08:39:00
11124.0574750738,0.00942721659540802,63367.2599660712,-1.90165091836513,-264.407542536582,-0.816461665160542,2007-04-09 08:44:00
11113.601802169,-0.0734481219966483,62793.1030600495,-1.92241778150296,-421.406094414132,-0.210418580041688,2007-04-09 08:49:00
11083.3247708628,-0.122939145762401,62215.9812317889,-1.92145056899866,-443.867492490111,-0.172530250460889,2007-04-09 08:54:00
11043.0736860854,-0.140054514415166,61642.4066231767,-1.89872956842333,-506.163477364917,0.0656824387622651,2007-04-09 08:59:00
11002.4925749773,-0.125143050459006,61078.9636707767,-1.85379171079632,-324.602502017582,1.15657919338217,2007-04-09 09:04:00
10975.9924973583,-0.0894002030271881,60634.6545555177,-1.80049231087564,-31.9037698823642,0.765688437724367,2007-04-09 09:08:03
10971.1995174141,-0.0789125105873104,60532.4238695182,-1.78674386700886,-3.09151061859055,0.20933851377163,2007-04-09 09:09:00
10954.3501778554,-0.0371426414870606,60005.2005900102,-1.73334340854782,-211.754730048073,-0.874101529683965,2007-04-09 09:14:00
10946.7139066379,-0.0173879511814615,59489.3033073205,-1.71110924255283,-357.742587029173,-0.144340271255852,2007-04-09 09:19:00
10941.757615339,-0.0192458260500186,58975.4658113962,-1.71958822205313,-311.561393633867,0.444446874600919,2007-04-09 09:24:00
10933.0028352949,-0.0427541308081838,58454.463871998,-1.75895315424449,-132.283788023427,0.59320767986155,2007-04-09 09:29:00
10923.4082232713,-0.0669546382601693,58139.9295105654,-1.79696387819982,-42.5952023267221,0.421656456010712,2007-04-09 09:31:57
10913.9134558786,-0.0879096388093413,57917.1654900338,-1.82419475184815,0.951954387154242,0.278430257238485,2007-04-09 09:34:00
10878.4689895664,-0.151367281435252,57362.8568665713,-1.86525069075577,-2.99549551044407,-0.439647481065817,2007-04-09 09:39:00
10821.2347163067,-0.233421234114329,56801.5513907338,-1.87091949583786,-221.338704924874,-0.714618285510203,2007-04-09 09:44:00
10736.3907603531,-0.335743810532729,56243.8299386532,-1.84131670108167,-375.068727353686,-0.384180038509116,2007-04-09 09:49:00
10617.5545424117,-0.460420412299529,55700.34643123,-1.77583898200126,-457.661118858427,-0.115826891713268,2007-04-09 09:54:00
10457.6506984648,-0.609992030807234,55182.0449680694,-1.67315185948647,-452.236599661409,0.0706087177437142,2007-04-09 09:59:00
10248.7668791848,-0.787507034312646,54700.3828754512,-1.5311625022383,-404.468514788444,0.37265722352107,2007-04-09 10:04:00
9981.99249103458,-0.996583295692921,54267.5642141977,-1.34697707348638,-217.77608144603,0.790733039607276,2007-04-09 10:09:00
9771.66873310724,-1.15223195364903,54017.4250931543,-1.2020976351512,-62.5829871101003,0.716123723428557,2007-04-09 10:12:16
9647.45363214118,-1.23523508199229,53896.5776116368,-1.1229257537304,0.430583848540827,0.466264534966874,2007-04-09 10:14:00
9245.7401317287,-1.43265680824773,53590.1358306257,-0.92813912784146,-0.944112226079572,-0.530125380554707,2007-04-09 10:19:00
8793.79606147427,-1.57067313192232,53335.0058088954,-0.780267557221035,-255.396516657738,-0.861840118922211,2007-04-09 10:24:00
8308.99167111571,-1.6520969167412,53117.588138029,-0.676297321709784,-451.954387745426,-0.487816275445939,2007-04-09 10:29:00
7808.02749538935,-1.67858763315381,52925.0520121984,-0.614109439319371,-547.737413779906,-0.110067275817336,2007-04-09 10:34:00
7307.27472194516,-1.65068517943642,52745.0737278777,-0.592436479981657,-503.557302297326,0.42184242864309,2007-04-09 10:39:00
6823.10884695113,-1.56782088517519,52565.5855186354,-0.610836734487804,-323.222073530152,0.64847160977098,2007-04-09 10:44:00
6372.24341850791,-1.42830592138792,52374.5296060933,-0.669685212163196,-142.889217203122,0.571691410279977,2007-04-09 10:49:00
6171.38794966808,-1.33976789531775,52274.4069603109,-0.712951969177867,-63.6110551762742,0.503896715166824,2007-04-09 10:51:25
5971.52040542462,-1.23994908715122,52159.932174072,-0.763992041767471,-0.213524738265049,0.28128728799872,2007-04-09 10:54:00
5627.06808586337,-1.05884544712588,51916.1583553563,-0.860855916181273,-36.0484795990852,-0.670412555649653,2007-04-09 10:59:00
5334.92563813082,-0.890625528738056,51643.5070535211,-0.956834899314576,-387.383785546745,-1.46111978516016,2007-04-09 11:04:00
5091.74788054425,-0.731860899077214,51341.9503659945,-1.05388510616047,-744.742373183524,-0.458186051336647,2007-04-09 11:09:00
4895.18756410786,-0.579315830254669,51010.8712793757,-1.153984483958,-701.500369737981,0.126123697329788,2007-04-09 11:14:00
4743.84753402978,-0.429881353134636,50649.0510942946,-1.2591731240617,-751.482964667955,-0.169578214937286,2007-04-09 11:19:00
4637.2522547857,-0.280511894492268,50254.6445875146,-1.37159484034928,-724.741760576067,0.372988978747506,2007-04-09 11:24:00
4575.83811839118,-0.128163206222185,49825.1424050661,-1.4935408615627,-506.017114410299,1.14697113530658,2007-04-09 11:29:00
4560.96233835883,0.0302696784461883,49357.3199199567,-1.62749652806143,-127.283309765879,0.952215018099767,2007-04-09 11:34:00
4566.54713159023,0.0838807112420107,49195.5447043817,-1.6743085998922,-55.4852516489067,0.542251767552768,2007-04-09 11:35:38
4594.35661385013,0.189488400795834,48848.1430114124,-1.76175930144466,0.117497763630914,0.0613239325165268,2007-04-09 11:39:00
4672.21324136648,0.32561942189836,48304.7753182926,-1.8531669868794,-87.1996095591983,-0.794444119062626,2007-04-09 11:44:00
4787.49786451177,0.439431292267379,47740.6785252245,-1.90018753121255,-416.220348963952,-1.00603312917226,2007-04-09 11:49:00
4933.87341314999,0.533243572902105,47169.0027394792,-1.90377924415683,-581.073423321861,-0.045771886016935,2007-04-09 11:54:00
5105.6364707172,0.608968219969342,46602.7436034576,-1.86401532719148,-511.940862977085,0.185648357017226,2007-04-09 11:59:00
5297.60103482945,0.668148551731475,46055.0071544548,-1.7800853654567,-482.250277641348,0.282892341539194,2007-04-09 12:04:00
5504.99282313299,0.71199070239077,45539.2769343469,-1.65027881096418,-288.470690815683,0.953907251874354,2007-04-09 12:09:00
5674.59033606674,0.736125156492241,45168.2888742756,-1.51551472699765,-52.1429271252001,0.885889194562013,2007-04-09 12:12:54
5723.34247762693,0.740956705490284,45069.6262505348,-1.47479305628758,-0.65758134405082,0.655891054680394,2007-04-09 12:14:00
5946.82093792251,0.743638300089854,44650.6377112526,-1.32910464621028,-23.4203317111347,-1.01405889164543,2007-04-09 12:19:00
6166.36170827098,0.71466094493564,44265.9078581868,-1.24601470609631,-402.371904196859,-0.476676181400334,2007-04-09 12:24:00
6372.39473773676,0.653434062413391,43896.9425109866,-1.22382980815211,-260.925044973006,0.578592109564624,2007-04-09 12:29:00
6555.07467871412,0.558709808266246,43525.5687803305,-1.26209780952233,-162.478438668952,0.488536700904666,2007-04-09 12:34:00
6633.45880659098,0.499076650548015,43335.9039687417,-1.30343558514901,-67.1955439896556,0.671337980087675,2007-04-09 12:36:28
6704.5362666109,0.437559884943539,43134.1178574333,-1.35067900667423,-1.95611109088611,0.0338003015199516,2007-04-09 12:39:00
6820.42011541887,0.340202093662494,42716.8634883019,-1.42747005632289,-178.588515511013,-0.809505230204657,2007-04-09 12:44:00
6911.68970648749,0.273186702585853,42279.6921627437,-1.48368376941833,-357.0186272884,-0.257851884392154,2007-04-09 12:49:00
6987.22783142462,0.235147893833771,41828.595076143,-1.52046581851733,-400.537431267158,-0.42415244815236,2007-04-09 12:54:00
7055.5966641804,0.225310411389878,41369.2796076871,-1.53856584604546,-587.54339285651,-0.33454053175562,2007-04-09 12:59:00
7125.21226380075,0.243473760872232,40907.2856405195,-1.53835274250423,-538.283682695078,0.427540737814463,2007-04-09 13:04:00
7204.5160992628,0.29000812332555,40448.0984682131,-1.51982216470288,-367.328336144446,0.80191641046104,2007-04-09 13:09:00
7302.14709218138,0.365861899755106,39997.2605886715,-1.48259644724131,-98.604875405393,0.733471212057218,2007-04-09 13:14:00
7346.71699521825,0.403361790501864,39826.3852410706,-1.46304148766811,-31.8286547640628,0.425007101069553,2007-04-09 13:15:56
7426.53054752342,0.463005724981432,39560.0910567258,-1.43233605083993,0.31525261265428,-0.10846708375201,2007-04-09 13:19:00
7578.28712690069,0.545836678212628,39136.5898673789,-1.39321155586893,-127.87164209098,-0.567994946273783,2007-04-09 13:24:00
7752.39077282465,0.612238681080974,38722.8761152161,-1.36697587568793,-279.758073530235,-0.37912584231009,2007-04-09 13:29:00
7944.12379386937,0.663565050209978,38315.1697677874,-1.35309430982734,-337.673368261289,-0.00153905732727666,2007-04-09 13:34:00
8149.12779690387,0.700861850862226,37909.8132275145,-1.3512839428173,-309.284627509045,0.0706283642234907,2007-04-09 13:39:00
8363.31486016495,0.724889216439514,37503.1967874387,-1.36150787818386,-317.297547866585,-0.0921293562581251,2007-04-09 13:44:00
8582.78421871482,0.736136840503034,37091.6850630126,-1.38397448647448,-288.505430614712,0.557234923666486,2007-04-09 13:49:00
8803.74276427839,0.734833957051201,36671.542900564,-1.41914165198721,-37.283954056156,0.626500666462398,2007-04-09 13:54:00
8836.04906471097,0.733589186283512,36608.9638877814,-1.42540717742907,-14.0879963782082,0.433929781713846,2007-04-09 13:54:44
9022.80288050213,0.725352370656886,36239.4516670376,-1.46078031734008,-0.0566579021376812,-0.238027550620924,2007-04-09 13:59:00
9238.88390136066,0.71505672458966,35795.5533833446,-1.49780386676276,-152.597783633021,-0.808886493432601,2007-04-09 14:04:00
9451.74756431821,0.703866963192411,35341.1756206083,-1.53076192466928,-435.455161941837,-0.846564964067059,2007-04-09 14:09:00
9661.09193832202,0.691555031746038,34877.4353769975,-1.56032619802201,-606.863580671535,-0.311130112225039,2007-04-09 14:14:00
9866.54336688876,0.677870004965548,34405.2588371449,-1.58709922621529,-605.122447012375,0.405943049233005,2007-04-09 14:19:00
10067.648852739,0.662532972977212,33925.4002484001,-1.61162666122571,-418.930562190524,0.528978287990468,2007-04-09 14:24:00
10263.8668254136,0.645231356951349,33438.4572928884,-1.63440838835942,-303.236746675989,0.486493512302278,2007-04-09 14:29:00
10454.5561037108,0.625612538539567,32944.8832686672,-1.65590871424437,-113.384354301921,0.589762244223179,2007-04-09 14:34:00
10545.7519374706,0.615034310238263,32700.7127506488,-1.66610963176828,-42.1258866406674,0.384945509885992,2007-04-09 14:36:27
10639.0522334466,0.605030030682428,32445.0732157361,-1.67505796578083,-0.150643212783247,0.150904069510266,2007-04-09 14:39:00
10818.5303839678,0.59319160984939,31940.9856792603,-1.68353710780143,-48.9812820478577,-0.5670659536695,2007-04-09 14:44:00
10995.9786427168,0.591474481945238,31436.1390623915,-1.68012707902321,-266.757749001491,-0.498800721811179,2007-04-09 14:49:00
11174.4230192473,0.599843650770503,30934.1044883363,-1.66475838081011,-319.647572248281,-0.124998421512027,2007-04-09 14:54:00
11356.90982465,0.618469685506939,30438.5103915886,-1.63711778895389,-366.328635243685,-0.0135700791965912,2007-04-09 14:59:00
11546.5677573831,0.647732197029974,29953.116467819,-1.59664196995818,-332.653059992439,0.0459272556042527,2007-04-09 15:04:00
11746.6716682105,0.688227574628772,29481.8902989519,-1.54250599993014,-334.41015500903,0.152002657131271,2007-04-09 15:09:00
11960.7093038209,0.740781140813384,29029.0882151035,-1.4736065520874,-198.431784789994,0.717435071269783,2007-04-09 15:14:00
12133.4265206097,0.788974424106883,28702.9358011581,-1.41111305940631,-32.2065983229281,0.565088714741632,2007-04-09 15:17:46
12192.4373267359,0.805853297957771,28599.3313406499,-1.3889732421878,-1.28344865994316,0.243547596485434,2007-04-09 15:19:00
12444.0859815001,0.870976465104059,28196.3699520143,-1.296680506164,-91.1714236249049,-0.645368031701632,2007-04-09 15:24:00
12714.5912449345,0.931777094174676,27821.871712679,-1.19889729190181,-291.462528502248,-0.498088075667142,2007-04-09 15:29:00
13002.8441088548,0.989494342099937,27477.7794061818,-1.09363071298751,-344.464301551025,0.135673651134934,2007-04-09 15:34:00
13308.0972728829,1.04530452446832,27166.6555090306,-0.978735367099015,-269.716093133427,0.132419768548651,2007-04-09 15:39:00
13629.9499139715,1.10034508961419,26891.734415665,-0.851869611291256,-283.606886873345,-0.0693825269903678,2007-04-09 15:44:00
13968.3395173666,1.15573780056519,26656.9883575484,-0.710447837768201,-300.778621017808,-0.158352275237378,2007-04-09 15:49:00
14323.5406025153,1.21261159731277,26467.2083598657,-0.551587777490246,-298.862031792585,0.60430165833467,2007-04-09 15:54:00
14696.1703179532,1.27212560535399,26328.1018857776,-0.372051757629777,-0.795832838155339,0.698542329353438,2007-04-09 15:59:00
14776.7210971319,1.2850712256196,26305.9377981215,-0.331388489080668,31.0445496262911,0.328955753617559,2007-04-09 16:00:03
15086.8330645079,1.33083313374047,26244.5772448862,-0.19137930761485,-0.281035194490854,-0.494370106017665,2007-04-09 16:04:00
15493.688558209,1.37997741790099,26208.6745648549,-0.0554419009166149,-206.73644094916,-0.719001010629555,2007-04-09 16:09:00
15913.9310592723,1.4202311170423,26206.9548401696,0.0368933143793569,-387.795181602124,-0.475019579837972,2007-04-09 16:14:00
16345.0207565533,1.45241462810806,26226.6413470405,0.0875081908738566,-501.166552856,-0.331605876646842,2007-04-09 16:19:00
16784.6389119222,1.47718387228507,26255.3936347988,0.0974342931402097,-572.582491741096,-0.0368208935490538,2007-04-09 16:24:00
17230.6406028512,1.4950436631098,26281.0560193706,0.0668739216908034,-500.508945058592,0.50088635039149,2007-04-09 16:29:00
17681.0110074784,1.50635799490127,26291.4098424168,-0.00479576400501799,-338.118326503883,0.333134246777808,2007-04-09 16:34:00
18133.8243412093,1.5113574612054,26273.9244470154,-0.119035439421851,-259.319117055288,0.606475777923544,2007-04-09 16:39:00
18575.123001669,1.51025687937097,26217.7077510726,-0.273321422023408,-6.29432300180187,0.632124046792568,2007-04-09 16:43:52
18587.2046131378,1.51014589768371,26215.5018741357,-0.2781435612631,-1.40535175077029,0.589673949500008,2007-04-09 16:44:00
19039.5834007454,1.50557825805071,26106.752813659,-0.441168426072246,-0.334467655129489,-0.439597114361707,2007-04-09 16:49:00
19490.4660131961,1.50015449048819,25954.0542655914,-0.571636755931224,-189.81639904296,-0.66432305484712,2007-04-09 16:54:00
19939.5794937615,1.49376405503518,25766.7584843419,-0.672207581471833,-339.489244981489,-0.25436862536435,2007-04-09 16:59:00
20386.614829638,1.48627671040141,25553.5126098835,-0.744930602464638,-351.098102801946,0.0631101178156464,2007-04-09 17:04:00
20831.2206540625,1.4775398595639,25322.4349021707,-0.791287962052465,-334.040391068444,0.0344432007807955,2007-04-09 17:09:00
21272.9960852257,1.46737543973891,25081.2801966324,-0.812224453805425,-337.247212969689,-0.0669934822470529,2007-04-09 17:14:00
21711.4825560364,1.45557629334499,24837.5979528344,-0.808166777237133,-337.369734476635,0.225226828828963,2007-04-09 17:19:00
22146.1544682217,1.44190194599481,24598.8861174451,-0.779032234222302,-187.85958875559,0.669622578891398,2007-04-09 17:24:00
22472.1557997548,1.43014013065302,24426.1969774157,-0.739977514501764,-36.7405355292125,0.579688082748158,2007-04-09 17:27:47
22576.4110398264,1.42617889622018,24372.7101580152,-0.725615290536266,0.666903858432475,0.433446193535966,2007-04-09 17:29:00
23001.8931719115,1.41052222078491,24162.5138342803,-0.678969902592469,-0.338891775906498,-0.577375221056418,2007-04-09 17:34:00
23422.8008517456,1.39563085849424,23963.4038920244,-0.651580809226926,-259.679735897194,-0.66906477577316,2007-04-09 17:39:00
23839.3178374458,1.38120131356094,23769.6968072575,-0.642889802648406,-332.136609497964,-0.0171377137540039,2007-04-09 17:44:00
24251.5384018859,1.36693950234017,23575.8191697893,-0.652719754409425,-327.028021123597,0.0254517347018957,2007-04-09 17:49:00
24659.4692540403,1.35255475971082,23376.1940934529,-0.68127100541164,-326.144173626278,-0.0310342204544067,2007-04-09 17:54:00
25063.0296757169,1.33775391512855,23165.1275554859,-0.729125448985587,-327.812781852249,0.102927232602387,2007-04-09 17:59:00
25462.0498764674,1.32223531761675,22936.6923485899,-0.79725839026063,-226.204319835041,0.644605913007462,2007-04-09 18:04:00
25856.2675331461,1.30568268792057,22684.6072805356,-0.887058423526897,-8.00900792366812,0.471299241769897,2007-04-09 18:09:00
25875.8463223789,1.30482196902985,22671.2633054874,-0.892148045044044,-1.39929330309435,0.410636067098583,2007-04-09 18:09:15
26244.4641760388,1.27871874771747,22403.4047414314,-0.986709679287371,-0.181089418437094,-0.308041936989235,2007-04-09 18:14:00
26621.3046634782,1.2298224968022,22093.0526970777,-1.08168135283572,-150.230568673761,-0.632468930767055,2007-04-09 18:19:00
26980.0638445577,1.15797239415864,21754.6739152006,-1.17387128645876,-315.105222927479,-0.267564591551595,2007-04-09 18:24:00
27313.6479344029,1.06170408729578,21388.8201488414,-1.26515837182092,-317.523029761448,0.0252247942843833,2007-04-09 18:29:00
27614.4500631724,0.939055564612062,20995.4831927326,-1.3574030999435,-326.590890409633,0.0337644291314403,2007-04-09 18:34:00
27874.1952430319,0.787527168304603,20574.0947160691,-1.45248547923901,-295.555201141691,0.0605543097373012,2007-04-09 18:39:00
28083.7717184433,0.604030649694168,20123.5146795514,-1.55234335132284,-248.63400597441,0.531801542027772,2007-04-09 18:44:00
28233.045262576,0.384826228679786,19642.0081006326,-1.65901188550376,-16.0561010762512,0.580400615038956,2007-04-09 18:49:00
28240.5822033557,0.368838019911361,19608.753872954,-1.66641758211447,-5.29776281642625,0.496334204328093,2007-04-09 18:49:20
28315.6833487788,0.179378721110996,19129.1313598262,-1.75406361059513,-0.78148643519782,-0.442925106634965,2007-04-09 18:54:00
28348.6141494819,0.0531451827120462,18593.2055404504,-1.81283257165551,-188.032212524283,-0.464894738341812,2007-04-09 18:59:00
28355.2568464579,0.00382765174563288,18044.9484288598,-1.83641156377715,-234.080523268133,0.000448549416573248,2007-04-09 19:04:00
28358.4966843181,0.0304210043961469,17494.8271912374,-1.82528114237439,-242.387146960839,-0.117474852784617,2007-04-09 19:09:00
28381.1495551602,0.133467230734099,16953.271001648,-1.77921446211638,-277.515737771844,0.0534339217276531,2007-04-09 19:14:00
28446.4270015006,0.315066480831312,16430.8835954854,-1.6972726536695,-167.095353475883,0.685960841908691,2007-04-09 19:19:00
28482.574937023,0.395314000289722,16259.5762728541,-1.66096536718482,-90.1158569878187,0.766337220245542,2007-04-09 19:20:42
28576.5823350592,0.551230662947451,15937.8374612912,-1.59024269067131,-1.36583132950242,-0.127574981114889,2007-04-09 19:24:00
28773.39923601,0.75455334959604,15475.0992048915,-1.49743159765777,-224.632346629797,-0.738146582925354,2007-04-09 19:29:00
29025.7126023565,0.921834185641161,15037.8164242217,-1.42025188296705,-332.155683231997,-0.151753301606974,2007-04-09 19:34:00
29323.2387032617,1.0564824648757,14621.5431873842,-1.35713057309869,-351.687464994047,0.0502044542579609,2007-04-09 19:39:00
29656.6152732455,1.16124240805722,14222.2617508445,-1.30678121411679,-328.668304658943,-0.032245038159082,2007-04-09 19:44:00
30017.210703038,1.23824909193735,13836.3006751676,-1.26817765287007,-333.895451843585,0.281869932084246,2007-04-09 19:49:00
30396.9481216884,1.28907196353447,13460.2599986603,-1.24053312331377,-152.391785428981,0.672380106293035,2007-04-09 19:54:00
30612.4729447715,1.30634128897064,13255.2715105162,-1.22973134999351,-55.4663827448437,0.495916092694212,2007-04-09 19:56:46
30788.2497092904,1.31718576878839,13091.0698316665,-1.22042066553816,-0.0786395839977125,0.31959289070083,2007-04-09 19:59:00
31187.0432233102,1.34146335414067,12729.6390611811,-1.1859446186383,-1.09585326546712,-0.465217377981684,2007-04-09 20:04:00
31593.1679094393,1.3661430886797,12381.447895713,-1.13200703012014,-225.162628181541,-0.672928750138982,2007-04-09 20:09:00
32006.8195290214,1.39172796167649,12052.4895322024,-1.05750861634733,-337.927892121589,-0.166023824879091,2007-04-09 20:14:00
32428.3472472693,1.41873940972091,11749.149144781,-0.960931050500969,-353.853865964203,0.030402330686107,2007-04-09 20:19:00
32858.2607494823,1.44772794394342,11478.3340188335,-0.8403060180774,-354.8725528148,-0.148882412782567,2007-04-09 20:24:00
33297.2406287691,1.47928436979505,11247.6143260299,-0.693175101340127,-350.629111564709,0.660111251542985,2007-04-09 20:29:00
33746.1522569843,1.51405182805228,11065.3774094187,-0.516539675144551,-30.3226274112307,0.70546012311369,2007-04-09 20:34:00
33840.2597177037,1.52170111735433,11034.6001271799,-0.476037713073528,0.217146661829549,0.306498291553358,2007-04-09 20:35:02
34205.7251734176,1.54847345032077,10938.9681795931,-0.332405802928914,0.211988622657979,-0.0226396317164821,2007-04-09 20:39:00
34674.3487221716,1.57424237739753,10861.5165038697,-0.191099165219637,-23.7947295747385,-0.53599023904977,2007-04-09 20:44:00
35149.429501896,1.59159462078463,10820.1431782992,-0.0914757983908944,-282.436934480319,-0.633490247756094,2007-04-09 20:49:00
35628.4997377317,1.60088383064947,10802.6684240647,-0.0315053125057031,-333.332856089951,0.0223952372320388,2007-04-09 20:54:00
36109.1729625671,1.60229932721714,10797.3995309992,-0.00996546949950866,-335.041962515374,-0.0269066115335536,2007-04-09 20:59:00
36589.0953792637,1.59586995924149,10792.8925524382,-0.0264172731621236,-339.82791400177,0.0268209885915052,2007-04-09 21:04:00
37065.897888718,1.58146469196175,10777.7190700376,-0.0811960221053601,-327.290716879629,-0.00851893561845576,2007-04-09 21:09:00
37537.1478060586,1.55878993652768,10740.2332750682,-0.175418143369935,-333.791364452536,0.0751766826781877,2007-04-09 21:14:00
38000.2992809239,1.52738356646512,10668.3346191515,-0.31100394594506,-233.073254463071,0.683276242688638,2007-04-09 21:19:00
38372.1454525301,1.49467175400161,10574.7475745818,-0.454960276264318,-32.1206524219499,0.692368972928887,2007-04-09 21:23:06
38452.6466256334,1.48689518789735,10549.2463328677,-0.48932029576483,-0.155570143726697,0.47633725171216,2007-04-09 21:24:00
38892.7140315386,1.44810284399048,10376.2200642352,-0.658067341526853,-17.4191346470876,-0.479632909122913,2007-04-09 21:29:00
39322.2002509329,1.41623438153403,10157.917795229,-0.791671898021965,-209.584414907402,-0.59898515664878,2007-04-09 21:34:00
39743.0816733527,1.39064030023967,9904.45668233712,-0.892856914249762,-324.651828054766,-0.161398659876262,2007-04-09 21:39:00
40157.1593168955,1.37079897584633,9625.23732161504,-0.963684607592193,-332.191505493849,0.00104253459564841,2007-04-09 21:44:00
40566.0955341566,1.35630602907367,9329.13533903494,-1.00559849316423,-349.327857186301,-0.106682021162793,2007-04-09 21:49:00
40971.4478920721,1.34686608410553,9024.68228159818,-1.01945280360421,-325.542213485018,0.540073208625212,2007-04-09 21:54:00
41374.7009161603,1.34228674863599,8720.23949589134,-1.00552989889851,-70.0540077176269,0.708781000837138,2007-04-09 21:59:00
41498.1672864507,1.34183928993863,8628.16420268775,-0.995666336604154,-20.3313582607095,0.387100397666596,2007-04-09 22:00:32
41777.2618657142,1.3419772169479,8423.66659036306,-0.970788008429092,-0.418092023411523,-0.191837332434486,2007-04-09 22:04:00
42180.1589864071,1.344454344494,8137.67142123446,-0.93601805992918,-148.047990585842,-0.696218152487391,2007-04-09 22:09:00
42584.2082751529,1.34967135631588,7861.98788311844,-0.901927284584222,-387.208010349894,-0.870216396574237,2007-04-09 22:14:00
42990.2462283473,1.35773457855609,7596.516611359,-0.867820889903184,-619.30199655285,-0.500970951039489,2007-04-09 22:19:00
43399.149872679,1.36880834500317,7341.36637402544,-0.833003765062657,-666.875115204623,0.091606366483198,2007-04-09 22:24:00
43811.8546395129,1.3831183463226,7096.85628867741,-0.796766314089716,-599.968832513703,0.303725454712307,2007-04-09 22:29:00
44229.3734295977,1.40095622978151,6863.5223261913,-0.758369993827877,-508.417418673425,0.261951529789256,2007-04-09 22:34:00
44652.817256652,1.42268554321234,6642.12823420022,-0.717032261940351,-386.531412257716,0.820981978342245,2007-04-09 22:39:00
45083.4178905566,1.44874914435755,6433.68110277464,-0.671910628180986,-76.5967327749698,0.731136458269137,2007-04-09 22:44:00
45215.652869257,1.45758997547945,6373.19688605596,-0.65733854972497,-29.8264465875953,0.333976428281607,2007-04-09 22:45:31
45522.37087318,1.47706365637795,6239.15835922115,-0.626300225202603,0.738615978377152,0.0923237720631453,2007-04-09 22:49:00
45969.1373771449,1.50053257066945,6056.75097149372,-0.591641447907941,-18.3704963282782,-0.516249574262572,2007-04-09 22:54:00
46422.204482833,1.51913886201572,5883.06986385367,-0.568026421324561,-297.512714615187,-1.00204476475692,2007-04-09 22:59:00
46880.1726567555,1.53326173890886,5714.87958844072,-0.554973855631983,-513.405484579521,-0.353940786396087,2007-04-09 23:04:00
47341.7422524274,1.54318903489674,5549.05660417768,-0.552217730930684,-507.656601516317,0.317874229350176,2007-04-09 23:09:00
47805.687022715,1.54912307482059,5382.52561694265,-0.55970187558105,-385.724252383283,0.316523293646384,2007-04-09 23:14:00
48270.8291281098,1.55118479832871,5212.19690304613,-0.577578821388306,-292.842867171416,0.581047842748528,2007-04-09 23:19:00
48736.015131583,1.54941622470629,5034.90333862389,-0.606212912301333,-52.6256258250553,0.679744784959152,2007-04-09 23:24:00
48847.5385537292,1.54841946568156,4990.95276639852,-0.61474582325684,-11.7174573800267,0.456884249247592,2007-04-09 23:25:12
49200.2711388532,1.54613286262107,4847.74130012176,-0.640850790762303,-1.34349873934735,-0.46389759394159,2007-04-09 23:29:00
49664.1104476741,1.54683027418352,4651.02429316879,-0.669574142858632,-249.89929181873,-0.741942528391504,2007-04-09 23:34:00
50128.7919452047,1.55175697039724,4446.58250441483,-0.692436622888254,-372.120901586836,-0.225683526288455,2007-04-09 23:39:00
50595.5973058808,1.56101336058119,4236.10144577972,-0.709904183276431,-421.101848239796,-0.0916102646911111,2007-04-09 23:44:00
51065.8514898705,1.57478809607371,4021.14354487903,-0.722332824427132,-380.918414617914,0.535444133635045,2007-04-09 23:49:00
51540.9497466358,1.59336191507125,3803.17998832964,-0.729975850246118,-138.753020098925,0.746942302924223,2007-04-09 23:54:00
51841.8086450395,1.60761218599168,3665.68841738489,-0.732399771907741,-35.2244525406689,0.391106813719139,2007-04-09 23:57:08
52022.359778606,1.61640957188475,3583.60335798099,-0.733453740344917,0.0683268496972605,0.241118101360685,2007-04-09 23:59:00
52510.473436248,1.63697463814603,3362.97804288992,-0.737740820009112,-17.0999952428283,-0.510486732148239,2007-04-10 00:04:00
53004.1401038225,1.65349238477869,3140.73836625547,-0.74423439224069,-260.313669383859,-0.771871745937904,2007-04-10 00:09:00
53502.1980508868,1.66629945435576,2916.20368246593,-0.753066800325508,-397.625096460841,-0.151289598044775,2007-04-10 00:14:00
54003.5750441708,1.67565686340398,2688.64657214976,-0.764418054567028,-373.924678453919,0.225440182217237,2007-04-10 00:19:00
54507.2664947562,1.68175532209278,2457.27801688893,-0.778519501015054,-304.24977974537,0.154888387527423,2007-04-10 00:24:00
55012.3149838913,1.68471912103337,2221.23131850305,-0.795658536450848,-298.425346456272,-0.101817567703224,2007-04-10 00:29:00
55517.7907501652,1.68460866440335,1979.54443516869,-0.816184465723123,-284.442952584204,0.50528514312533,2007-04-10 00:34:00
56022.772740357,1.68142170102375,1731.14037437237,-0.840515620811295,-39.1711971643279,0.64345009433358,2007-04-10 00:39:00
56091.6973450244,1.68074435264951,1696.60474160816,-0.844162873587469,-16.3808999554052,0.472472036667084,2007-04-10 00:39:41
56526.5101776958,1.67718321388663,1475.66534207468,-0.859180314394767,-0.423225682189734,-0.308061436934053,2007-04-10 00:44:00
57029.3200474465,1.67527496989435,1217.8349057129,-0.856018225159262,-171.981129243096,-0.704038044080389,2007-04-10 00:49:00
57531.9093667621,1.67571038552517,964.266976548873,-0.830715435204212,-366.752751624002,-0.501059698635153,2007-04-10 00:54:00
58034.9813726957,1.67849833483688,721.669747966494,-0.782756256978218,-432.243477564807,0.133019867565839,2007-04-10 00:59:00
58539.2491397721,1.68369563807566,496.975003464849,-0.711163250790614,-335.632451286006,0.247178394960026,2007-04-10 01:04:00
59045.4501129172,1.69140821971015,297.479390978755,-0.614477303945768,-335.537575778414,-0.18965143458217,2007-04-10 01:09:00
59554.3611370717,1.701793267242,130.993133377244,-0.490727893063768,-328.788789652936,0.661634143279214,2007-04-10 01:14:00
60066.8142898037,1.71506243479087,5.99920595799165,-0.337392923514002,-13.0400283868928,0.71760326550494,2007-04-10 01:19:00
60097.6934376488,1.71595588740509,0.0178093297708599,-0.327187046559769,-1.26767438759887,0.592369304086592,2007-04-10 01:19:18
60583.2999691573,1.72708064134698,-70.8653497300394,-0.179998260425522,0.293547847751135,-0.31001017055782,2007-04-10 01:24:00
61102.4058061196,1.73254255459209,-104.89157150602,-0.0514318622587321,-128.440140510136,-0.583704562136154,2007-04-10 01:29:00
61622.1796500817,1.73154156954368,-104.355138410985,0.0508099821808978,-307.30555874384,-0.402270899761813,2007-04-10 01:34:00
62140.682857324,1.72405728546609,-76.8280191180722,0.128811029131456,-345.036970397352,0.0436069031245233,2007-04-10 01:39:00
62655.9508877123,1.70993716771249,-29.332094310097,0.184160991386676,-307.797391395399,0.20485663430668,2007-04-10 01:44:00
63165.9532660739,1.68889343896809,31.5177327598411,0.2179879376914,-250.661176757989,0.0613803419858621,2007-04-10 01:49:00
63668.5521997742,1.66049721415864,99.378720176241,0.230981283526777,-225.726492624901,0.400998022440116,2007-04-10 01:54:00
64161.4590090923,1.62416975948968,168.051018096686,0.223405841852575,-29.8333883317022,0.529503979082782,2007-04-10 01:59:00
64229.5538017353,1.61841094447512,177.378666775305,0.220700236474905,-10.4621133591985,0.395443146608363,2007-04-10 01:59:42
64642.4766751732,1.58253509059553,232.487154145764,0.208321314844662,-0.689594958848325,-0.331456783813842,2007-04-10 02:04:00
65110.9370190376,1.5403931106242,294.509737730297,0.207605278125507,-163.353309804047,-0.494576792960472,2007-04-10 02:09:00
65566.5849138967,1.49697398860795,358.51968994044,0.221592895445165,-259.061589271325,-0.247944729463989,2007-04-10 02:14:00
66008.9053534878,1.45139281419672,428.963332283615,0.250569243672169,-353.497288382986,-0.443130908836349,2007-04-10 02:19:00
66437.1117092175,1.40272061298636,510.418109116429,0.29512487989893,-480.997726491567,-0.169107348157095,2007-04-10 02:24:00
66850.1296981525,1.34996541340739,607.685878980374,0.356167877384869,-466.006657247579,-0.0130200368281686,2007-04-10 02:29:00
67246.5754884245,1.29205202969008,725.890779646666,0.434942332688495,-463.509102529058,0.413223373789567,2007-04-10 02:34:00
67624.7274958238,1.2278001488691,870.583661424387,0.533053721175991,-208.498039746922,0.941702701718948,2007-04-10 02:39:00
67900.9617163889,1.17343537972637,1003.23405574521,0.622601258423096,-33.0268688114892,0.561641207186615,2007-04-10 02:42:50
67982.5060962815,1.15653456309965,1047.83008682326,0.651424563826018,0.6484685190062,0.393172445071862,2007-04-10 02:44:00
68319.5457430906,1.09265237970873,1260.74341733365,0.765553980282999,-0.75979982907581,-0.4561014320298,2007-04-10 02:49:00
68639.390183039,1.04170555208792,1505.80802383819,0.866129699686029,-235.89785461923,-0.90907245304446,2007-04-10 02:54:00
68945.7579706488,1.00265575028097,1779.27162702406,0.955201521545818,-459.230036971914,-0.433357709689986,2007-04-10 02:59:00
69242.0929973773,0.974707113566112,2077.96073786548,1.03458478835208,-503.341774705474,-0.0369717374802312,2007-04-10 03:04:00
69531.6346803961,0.957290030289516,2399.21597982381,1.10589738345105,-498.338596483919,0.178686373200732,2007-04-10 03:09:00
69817.4839840508,0.950049528804055,2740.83788899935,1.1705927045754,-438.304169470328,-0.0559848232758399,2007-04-10 03:14:00
70102.6666195594,0.952838042912934,3101.04208760605,1.22998928504879,-478.283441263955,0.282167589422247,2007-04-10 03:19:00
70390.1947110036,0.965712404373258,3478.42291717512,1.2852976663649,-234.373910378665,0.990090249044762,2007-04-10 03:24:00
70656.4612179091,0.986410399714584,3835.87068335627,1.33302690311462,-13.9366222479392,0.538812340749444,2007-04-10 03:28:33
70683.1274134649,0.988849340797141,3871.92434064276,1.33759510672974,-0.472914175888351,0.456782803139215,2007-04-10 03:29:00
70983.265954585,1.01038938895895,4280.02091151575,1.38075515913932,-1.03983637593484,-0.511492702530252,2007-04-10 03:34:00
71288.3689675472,1.02200191618829,4699.04106058437,1.41054239320752,-216.745894613739,-0.512114688047871,2007-04-10 03:39:00
71595.498676062,1.02392359345085,5125.07063910358,1.42756389241514,-267.475732206009,-0.0767295631922778,2007-04-10 03:44:00
71901.7586092325,1.01619358579694,5554.33835512459,1.43216656614503,-303.762035761566,-0.0789050265671163,2007-04-10 03:49:00
72204.2345695663,0.998654350571142,5983.1389120771,1.42444421992416,-301.195603838001,0.064385183848773,2007-04-10 03:54:00
72499.9352397084,0.970948426589005,6407.75749238083,1.40423946724215,-228.889985894164,0.594650131692232,2007-04-10 03:59:00
72785.7312174201,0.932511148842321,6824.39404701253,1.37114052191039,-0.0217550226296694,0.53105420449358,2007-04-10 04:04:00
72845.1056456637,0.922851803125011,6911.86909422566,1.36235128754477,25.565685183939,0.276526992226696,2007-04-10 04:05:04
73058.6091431229,0.886602024768379,7229.81014941302,1.33368389112285,-0.719203972194137,-0.498477176093949,2007-04-10 04:09:00
73317.7484505213,0.841019837811048,7626.13447138137,1.31100625516147,-219.197723941882,-0.674739244306515,2007-04-10 04:14:00
73563.1905640197,0.795132626236918,8017.91224177668,1.30332217318167,-384.797629906391,-0.629274800760649,2007-04-10 04:19:00
73794.7040866898,0.748005178402551,8409.61046450459,1.31047503852354,-566.783334666528,-0.263696690898238,2007-04-10 04:24:00
74011.7737477334,0.698677005831356,8805.69452223676,1.33261063130147,-527.385007209876,0.268782769033029,2007-04-10 04:29:00
74213.589900924,0.646142767824802,9210.7191838556,1.37018008949899,-462.064201344775,0.19742507603858,2007-04-10 04:34:00
74399.0320234824,0.589331781955749,9629.42143364877,1.42394910345854,-377.544549354272,0.461195605595521,2007-04-10 04:39:00
74566.6458790832,0.527086202854278,10066.817014174,1.49501352115577,-184.915450658705,0.729572417448413,2007-04-10 04:44:00
74714.6138795592,0.458137424555218,10528.3026504011,1.58482168230417,-3.74860478479621,0.315128375141674,2007-04-10 04:49:00
74720.0940412586,0.455220692189038,10547.3445179601,1.58882839885288,-0.199446255690307,0.276795844703191,2007-04-10 04:49:12
74840.5981640722,0.379830724356146,11017.5842272193,1.67246253072373,0.276413279927399,-0.140800773037368,2007-04-10 04:54:00
74941.2715328743,0.28910987574048,11529.0823265981,1.73314450297524,-85.8992895290248,-0.571852926909975,2007-04-10 04:59:00
75012.6385297857,0.184123762073196,12054.8965191344,1.76806491760612,-293.744168435639,-0.478717668236407,2007-04-10 05:04:00
75050.106406771,0.0627326970989735,12587.4179891677,1.77793547570335,-385.573330055761,-0.518451392121495,2007-04-10 05:09:00
75048.3915293674,-0.0775373491674092,13119.1746197775,1.76295734575252,-552.683473263537,-0.00153328656688323,2007-04-10 05:14:00
75001.4116927291,-0.239545172804279,13642.6787061114,1.72282526358424,-389.567520472705,0.482558824342868,2007-04-10 05:19:00
74902.16216228,-0.426592600133064,14150.2743510205,1.65672131088898,-330.20435575271,0.250636206038276,2007-04-10 05:24:00
74742.5729126022,-0.642491781116936,14633.9814328251,1.5632982455024,-179.883031612448,0.651938672023115,2007-04-10 05:29:00
74555.9728659991,-0.848472679568304,15014.1955038238,1.46277800572053,-22.6150717394109,0.504258001714732,2007-04-10 05:33:11
74513.3716279976,-0.889960832422582,15085.3472573161,1.44152708890732,-0.36924448478704,0.398389951281821,2007-04-10 05:34:00
74213.6966624301,-1.0936024234943,15500.3734993322,1.33077344666454,-1.11136984381054,-0.498629702789453,2007-04-10 05:39:00
73865.5908575564,-1.21338034258211,15886.9838978214,1.25176704497807,-219.768989029637,-0.543792290631039,2007-04-10 05:44:00
73493.8051906753,-1.25173574269389,16254.4453876924,1.20289768126142,-285.553484518953,-0.142266274731418,2007-04-10 05:49:00
73122.6080278762,-1.20945033218676,16611.6346364638,1.18316936564319,-329.403199801873,6.12364991301045e-05,2007-04-10 05:54:00
72776.27972935,-1.08566230649914,16967.2189566043,1.19218002203641,-287.612647627339,0.120009021928413,2007-04-10 05:59:00
72479.6074991473,-0.877848784005202,17329.8329510782,1.23011329356266,-228.671858021054,0.546687505349515,2007-04-10 06:04:00
72284.4471572292,-0.629839507204755,17652.7024382453,1.28617999244556,-27.088842333215,0.704674734040227,2007-04-10 06:08:17
72258.3588463696,-0.583987329047626,17708.2442739278,1.29702936918751,-0.0864056999579202,0.541060410599285,2007-04-10 06:09:00
72123.8463018985,-0.332518372064785,18106.3905405051,1.35098452884746,-1.80901298279973,-0.508574835292308,2007-04-10 06:14:00
72047.2144568784,-0.197461971810293,18515.1016728034,1.3675811858671,-201.392737372034,-0.449439070875626,2007-04-10 06:19:00
71994.0108198704,-0.176065589750961,18923.2397357507,1.34715759106523,-339.213616853367,-1.11363218380612,2007-04-10 06:24:00
71930.2603817709,-0.267893153505347,19319.6551147438,1.28929749810644,-715.437737867482,-0.132004719618461,2007-04-10 06:29:00
71821.7731827118,-0.474816169400928,19692.9592791471,1.19282168012625,-354.592873181124,1.53112028988662,2007-04-10 06:34:00
71633.4474981245,-0.801051865007681,20031.2926765251,1.05576389630961,-44.5456176422514,0.54849101178176,2007-04-10 06:39:00
71590.8813341532,-0.868818439265643,20084.4401308257,1.02824009104358,-21.0505357168446,0.378615421012305,2007-04-10 06:39:51
71334.647840121,-1.17980040988946,20323.9219116913,0.897496405074447,-0.176771516951933,-0.163759549830398,2007-04-10 06:44:00
70933.4761871814,-1.48196019586649,20571.55189634,0.756083804064691,-111.30832188743,-0.539732810647346,2007-04-10 06:49:00
70452.8175748924,-1.71061164143439,20779.0613477667,0.629572838440206,-265.221207425589,-0.287900145519733,2007-04-10 06:54:00
69913.9893637004,-1.87041481389397,20950.5270900866,0.515385131262947,-277.26591305507,0.0363548876950737,2007-04-10 06:59:00
69337.1233792518,-1.9646266073213,21089.2913528455,0.411193461731607,-282.072657019328,-0.052241934926113,2007-04-10 07:04:00
68741.5762122806,-1.99516712021744,21198.0298878624,0.314874334886442,-288.877921567117,0.0698685689898159,2007-04-10 07:09:00
68146.3237186975,-1.96265878838262,21278.8065028176,0.224464703381123,-204.230652367203,0.575536088728372,2007-04-10 07:14:00
67698.2187524238,-1.89391352369467,21323.0671281146,0.157428704773985,-39.3535359763845,0.665952157139797,2007-04-10 07:17:52
67570.301726088,-1.86847005146418,21333.1102086623,0.137905142097723,0.265621395525546,0.481343071249587,2007-04-10 07:19:00
67025.7160992237,-1.76417539704099,21361.1301839295,0.0477207504535787,-1.02597399868661,-0.52688497163971,2007-04-10 07:24:00
66510.6541318393,-1.67131204999473,21360.9443033697,-0.0504526110601861,-221.778756469243,-0.5304718613108,2007-04-10 07:29:00
66021.9756465653,-1.58798739405114,21329.8603135407,-0.15861578031568,-271.280877513712,-0.0212214612636897,2007-04-10 07:34:00
65557.0781788029,-1.51250321775326,21264.5562371504,-0.278973194057005,-289.111449183889,-0.0949788336679347,2007-04-10 07:39:00
65113.8439367782,-1.44332110379163,21161.0126689679,-0.413977815775364,-308.655484941554,0.0406848720947552,2007-04-10 07:44:00
64690.596639549,-1.37903107504462,21014.4308576927,-0.566381128723218,-268.385230888482,0.1370039098566,2007-04-10 07:49:00
64286.0673532935,-1.31832285831458,20819.1349042385,-0.739289212958111,-198.901963041283,0.527509831929769,2007-04-10 07:54:00
63924.6062243516,-1.26380117800899,20587.0408549068,-0.922271756579027,-9.83798232956343,0.478739884991631,2007-04-10 07:58:40
63899.3694346105,-1.25983842836557,20568.4567079812,-0.936132326530326,-1.10497279178391,0.392392529092085,2007-04-10 07:59:00
63533.2775397172,-1.17177866090188,20257.1591307591,-1.13716617061767,-41.6683086874835,-0.57775128820681,2007-04-10 08:04:00
63201.8057248581,-1.02864670245731,19887.1671944924,-1.32809127507115,-234.653813224027,-0.34021144271407,2007-04-10 08:09:00
62921.8845197082,-0.827525429295363,19460.9257003501,-1.51279881947181,-236.000142658688,0.00191812506149179,2007-04-10 08:14:00
62711.4950893757,-0.564315857190352,18979.7330464046,-1.69505326542513,-226.450993660585,0.419347186028627,2007-04-10 08:19:00
62590.0357024096,-0.233653601424802,18443.7676898401,-1.87856907877194,-10.0351402315753,0.562961247672145,2007-04-10 08:24:00
62570.7958743278,-0.0770701414608558,18208.0106108247,-1.95504099005754,30.5463603536275,0.115744477297094,2007-04-10 08:26:03
62577.0507238922,0.142950456146859,17853.4816443528,-2.04352391690034,-0.880512410390396,-0.491544589784494,2007-04-10 08:29:00
62668.3083443037,0.452570593895046,17229.8948092471,-2.0926896823891,-211.970158884824,-0.553100113108729,2007-04-10 08:34:00
62841.1669542354,0.687879109816063,16610.4754926578,-2.0156933689179,-288.283149328784,-0.139946567708057,2007-04-10 08:39:00
63074.0889334649,0.853671746696177,16033.2432628522,-1.81096574082414,-330.983037331453,-0.100997051703457,2007-04-10 08:44:00
63346.7607928595,0.953327467847543,15537.0774887566,-1.47433431398953,-313.431286540487,0.316482682096526,2007-04-10 08:49:00
63639.679172067,0.98887732260958,15162.5097271443,-0.998938317861179,-146.857045185106,0.672419469008925,2007-04-10 08:54:00
63802.4920155624,0.981419765776983,15023.7856521905,-0.674932287781017,-43.6612549268102,0.518109879878305,2007-04-10 08:56:45
63934.0421199016,0.967463871459062,14951.329690013,-0.40220575839029,-0.0810041636673967,0.0662684718838638,2007-04-10 08:59:00
64219.5958239331,0.936117320743636,14912.6646009199,0.127473426153939,-117.039257418639,-0.646055382774833,2007-04-10 09:04:00
64495.6142881219,0.903787861640632,15018.1430062652,0.560379632072455,-299.310329371714,-0.414417018686881,2007-04-10 09:09:00
64761.7044717753,0.869816598445953,15240.1033341899,0.90533577342783,-375.564272788393,-0.288220174400465,2007-04-10 09:14:00
65017.2709892937,0.833511174405033,15553.25799126,1.16937228394664,-482.609332389981,-0.272719350324134,2007-04-10 09:19:00
65261.5039758193,0.794131661025417,15934.1779846297,1.35787040189677,-505.827625538233,0.0990821883719346,2007-04-10 09:24:00
65493.3625816557,0.75087547784597,16360.8154237116,1.47467184327326,-436.099970481051,0.332713076808716,2007-04-10 09:29:00
65711.553759065,0.702861035317618,16812.0541696214,1.52215709850465,-283.03511927887,0.81369236177655,2007-04-10 09:34:00
65914.5059091016,0.649109767426758,17267.2794743372,1.50129394841835,-16.2629008615853,0.564539001966275,2007-04-10 09:39:00
65930.0296732485,0.644529919758518,17303.2559103686,1.49666910404052,-4.13079832374905,0.448622497864741,2007-04-10 09:39:24
66101.5788620071,0.602034052474516,17709.1960621345,1.44687547486108,-0.0299127542796659,-0.279563992415021,2007-04-10 09:44:00
66278.1373849693,0.578991303836002,18136.7375254078,1.4055490674792,-131.217485574663,-0.560050216673738,2007-04-10 09:49:00
66451.3385738216,0.579613888610839,18553.7762272784,1.37673838872246,-289.437904977195,-0.342712991921177,2007-04-10 09:54:00
66628.2719156576,0.603914495487456,18963.9726050277,1.35985625795157,-320.880124133282,0.0450975250890539,2007-04-10 09:59:00
66816.1029613113,0.652388386864988,19370.8476448575,1.35455860620435,-316.656230453073,-0.146651052347862,2007-04-10 10:04:00
67022.2193640091,0.726023492627677,19777.8546419119,1.36073746384337,-382.268847719832,-0.0543488733731868,2007-04-10 10:09:00
67254.3814446171,0.826320544807663,20188.4495807103,1.37851876006347,-319.131729844489,0.359717283495667,2007-04-10 10:14:00
67520.8803520993,0.955323663493814,20606.1615703916,1.40826488941184,-181.47621528429,0.613212973534679,2007-04-10 10:19:00
67717.7982970547,1.05633967062101,20884.6574013034,1.43444025715521,-51.5242927408515,0.612386042638953,2007-04-10 10:22:16
67830.5492615866,1.11111027091121,21034.6039096215,1.44882635842283,0.291955264050839,0.348789944901322,2007-04-10 10:24:00
68184.4704890442,1.24171905343691,21474.2794830109,1.4797621653371,-37.8621443527378,-0.616738555264781,2007-04-10 10:29:00
68571.714203888,1.33363671691362,21920.9388008971,1.49546356844402,-290.12178723898,-0.731997638681138,2007-04-10 10:34:00
68980.9732367349,1.38873660396059,22370.0671949589,1.49625057269707,-427.243102408085,-0.315312389306366,2007-04-10 10:39:00
69401.3891049064,1.40814168662494,22817.2003182764,1.48213921776209,-482.339693676833,0.069013973922814,2007-04-10 10:44:00
69822.3307093878,1.3922474532928,23257.8331589959,1.45284190491633,-398.54583417435,0.317613148980186,2007-04-10 10:49:00
70233.1776660174,1.34072996900351,23687.3282252158,1.4077615355967,-274.738034215576,0.748096093659007,2007-04-10 10:54:00
70558.7696476845,1.27018670873064,24031.8747546936,1.35771036822891,-39.0482731441006,0.84204600278786,2007-04-10 10:58:09
70623.1167463035,1.2532975972898,24100.8308930653,1.34655954306419,-1.15313198924384,0.629044801431292,2007-04-10 10:59:00
70985.064992999,1.16187902414057,24496.3406954532,1.2937809089436,-0.941183267894453,-0.596550749951878,2007-04-10 11:04:00
71321.4680618884,1.08270776214842,24879.2173664056,1.2621959177538,-254.842717643676,-0.709079653781247,2007-04-10 11:09:00
71635.7523044868,1.01417024876505,25255.7118454099,1.25116084653789,-397.691641711792,-0.515183190135576,2007-04-10 11:14:00
71930.8932760381,0.954869644253862,25631.9449986714,1.2604507932647,-599.262531746669,-0.698319978278284,2007-04-10 11:19:00
72209.4763792931,0.903597363174635,26014.0323664046,1.29025509317705,-904.06453334745,-1.81449556322438,2007-04-10 11:24:00
72473.749556724,0.85930844261491,26408.2088015766,1.34118117756891,-1488.7718503093,-0.803774538011017,2007-04-10 11:29:00
72725.6691050742,0.821100245156513,26820.9555403242,1.41426695363584,-1227.993110729,1.8976335678412,2007-04-10 11:34:00
72966.939545977,0.788194062529496,27259.1322938217,1.5110019577084,-561.71502428215,2.34043082764039,2007-04-10 11:39:00
73180.7850873106,0.762024922572132,27691.0462649423,1.6225711723502,-26.6464923033753,1.12081154050063,2007-04-10 11:43:36
73199.0483190381,0.75991347090589,27730.1156111775,1.6331773943678,-2.66120898292197,0.872679605515432,2007-04-10 11:44:00
73423.1825430757,0.734645128844591,28238.4030738703,1.75090015686885,1.35001923445835,-0.173753327569294,2007-04-10 11:49:00
73640.008533805,0.711109335554376,28778.0640102309,1.8426883925464,-0.492627837924728,-0.0838449955196515,2007-04-10 11:54:00
73849.9733468772,0.688826416041564,29341.6113580298,1.91041280619581,-120.854783818473,-0.761649499768398,2007-04-10 11:59:00
74053.3842026166,0.667342229706548,29922.0448758603,1.95545366604466,-370.585943981102,-0.511588841507184,2007-04-10 12:04:00
74250.4147473732,0.646218914658829,30512.7084736008,1.97872893452992,-413.90202238187,-0.113041514949393,2007-04-10 12:09:00
74441.1085925504,0.625025963802788,31107.1545569068,1.98071297697788,-452.939853052103,0.130367560010606,2007-04-10 12:14:00
74625.3802034336,0.6033314508191,31699.0126209851,1.96144622948248,-331.755199480583,0.415700874759997,2007-04-10 12:19:00
74803.0131559368,0.580693227221404,32281.8594155031,1.92053602301961,-205.669135869618,0.67807889999094,2007-04-10 12:24:00
74909.663224103,0.56598232199666,32635.8129346041,1.88395549338076,-55.4638930954468,0.734151172248555,2007-04-10 12:27:06
74973.726365304,0.558509029107238,32849.1629412973,1.85912000488212,-1.05833559109357,0.127334780624262,2007-04-10 12:29:00
75140.2030357876,0.555303462244938,33397.3673222179,1.79606956375251,-161.513138456328,-0.76771471894938,2007-04-10 12:34:00
75309.2932632022,0.575962274074601,33927.0375948886,1.73534985558733,-332.39232552456,-0.282175361679669,2007-04-10 12:39:00
75488.2072962705,0.62090650480981,34438.6864840066,1.67572337267771,-345.241669139034,0.0493542461124405,2007-04-10 12:44:00
75684.3555993555,0.69105214752242,34932.4594265833,1.61597488796667,-326.970720088926,0.122576987900954,2007-04-10 12:49:00
75905.499882612,0.787828816685635,35408.1375360472,1.55488668792004,-230.099328596103,0.63995649190569,2007-04-10 12:54:00
76159.9112907609,0.913208884660058,35865.1331411907,1.4912137547213,0.224511932502803,0.551062855064521,2007-04-10 12:59:00
76160.8247338407,0.913677332712298,35866.6242459512,1.49099575926094,0.773623240048067,0.547160986590643,2007-04-10 12:59:01
76453.7233772435,1.04147850956279,36303.1327456003,1.43023408857929,-5.36767417446834,-0.668678097685446,2007-04-10 13:04:00
76782.485480034,1.14660359889524,36724.0844867363,1.37736877247656,-286.373855428377,-0.664648603274628,2007-04-10 13:09:00
77139.5867266769,1.23072635565405,37130.2572315257,1.33154044982504,-348.527263200539,-0.0666157622720415,2007-04-10 13:14:00
77518.9938150583,1.2955612571173,37523.6186412251,1.29181510917637,-389.976249587389,-0.148044858750209,2007-04-10 13:19:00
77915.128050834,1.34242968134806,37905.8752736299,1.25738312188154,-402.747800074855,0.140047209194386,2007-04-10 13:24:00
78322.7516499586,1.37228683775101,38278.507363849,1.22754274132489,-270.074190581114,0.811193049115056,2007-04-10 13:29:00
78736.8609891912,1.38574123487024,38642.798992472,1.20168580086512,-1.20685534527613,0.572855606887402,2007-04-10 13:34:00
78738.2467393494,1.38575905171125,38644.0006382008,1.20160566308563,-0.636569574281607,0.567719364507121,2007-04-10 13:34:01
79153.7316979402,1.39458388875084,38999.2792421676,1.17341166102969,-0.360559962144556,-0.455638707519248,2007-04-10 13:39:00
79574.3348190089,1.41066628667686,39345.9520008755,1.13619164164601,-218.195347767284,-0.881959432920585,2007-04-10 13:44:00
80000.887721331,1.43431632713267,39680.0244334732,1.08926710857562,-440.82663368214,-0.361053922448262,2007-04-10 13:49:00
80435.7290343498,1.46601601354454,39998.4469018581,1.03168170887866,-454.832635338689,-0.0537577779564167,2007-04-10 13:54:00
80881.3663107868,1.50641140643368,40297.8508113324,0.962261814120528,-502.482625717656,-0.0604041046553063,2007-04-10 13:59:00
81340.5271322197,1.55632579055579,40574.4799564216,0.879592601050115,-448.930675714635,0.382960716198548,2007-04-10 14:04:00
81816.2146989948,1.61677645398754,40824.1139669283,0.781989216568595,-266.153395077442,0.896295257671381,2007-04-10 14:09:00
82197.5152355438,1.67152216601779,40995.6523715268,0.695020134827632,-43.6024871699821,0.782783833489682,2007-04-10 14:12:52
82311.7523298539,1.68825829646024,41042.0057326295,0.66849653234699,-0.64198863551579,0.45408679598255,2007-04-10 14:14:00
82828.2830794343,1.75281299838386,41226.3873943091,0.56403852525806,1.01865946898414,-0.0445008753964469,2007-04-10 14:19:00
83362.0211250171,1.80316803835172,41382.322953343,0.478534419044453,-1.04263113339666,-0.262262764062058,2007-04-10 14:24:00
83908.86745592,1.84034968529734,41515.2280063854,0.410241583614903,-173.774235831789,-0.66619521810255,2007-04-10 14:29:00
84464.9902169633,1.86511572571401,41630.0487731853,0.357768165930937,-320.344957927989,-0.21147174135039,2007-04-10 14:34:00
85026.746612733,1.87797090784345,41731.3629038079,0.320044723123717,-321.411709485062,0.0216393889803882,2007-04-10 14:39:00
85590.6086650074,1.87917722877795,41823.4727741629,0.296302426542873,-331.735187323451,-0.00550954198457666,2007-04-10 14:44:00
86153.0913102332,1.86875927413396,41910.4931712637,0.286057392521419,-321.198449330214,0.004916668498936,2007-04-10 14:49:00
86710.6813716319,1.84650471912316,41996.4351553013,0.289100820507404,-338.283520999216,-0.0860787632381547,2007-04-10 14:54:00
87259.7659583385,1.81196000123323,42085.287807697,0.305494737570913,-291.261704735397,0.694066243027878,2007-04-10 14:59:00
87793.0296281168,1.76478300677064,42180.4286318196,0.335326237044466,-2.04287848131884,0.644502389447008,2007-04-10 15:03:58
87796.558832789,1.7644218051089,42181.0995307826,0.335572616128151,-0.766859363492655,0.631483655851595,2007-04-10 15:04:00
88318.6977466075,1.71956465059559,42286.5752809737,0.36518485755248,1.15872350306774,-0.354408732883983,2007-04-10 15:09:00
88830.0937699634,1.69268114521372,42398.7876597579,0.380559594484851,-150.409110487021,-0.667565666343037,2007-04-10 15:14:00
89336.0478273275,1.68322338538871,42513.5195656006,0.382010174206602,-349.241754864548,-0.44534751860901,2007-04-10 15:19:00
89841.7499323132,1.6909986157361,42626.6052465914,0.369566160489394,-398.079449209483,-0.014504008422841,2007-04-10 15:24:00
90352.3849635787,1.71616530057965,42733.8453996709,0.342973936124422,-398.171931120636,-0.0132059622378422,2007-04-10 15:29:00
90873.2383360738,1.75923635355882,42830.9215860649,0.301691534036377,-387.688870123629,0.183647606556619,2007-04-10 15:34:00
91409.8037212834,1.82108959114705,42913.308218653,0.244877591636919,-257.366247023235,0.707425702708461,2007-04-10 15:39:00
91967.895011877,1.90298562313066,42976.1803275174,0.171374203300089,-33.0026727349374,0.486219602573423,2007-04-10 15:44:00
92048.0951592661,1.91614025413141,42983.1335307995,0.159671016509648,-15.8590349462083,0.335459919650805,2007-04-10 15:44:42
92551.6907235968,1.98246413297755,43016.2250811118,0.101902102745743,0.0105822406546403,-0.101822762309425,2007-04-10 15:49:00
93153.190576827,2.02063432295345,43041.3612489765,0.0723482870730711,-31.6722887924348,-0.0233115748656317,2007-04-10 15:54:00
93759.9572019297,2.01763545776847,43063.6217546166,0.0826985274739952,-12.1686075785132,0.0745025214918607,2007-04-10 15:59:00
94278.5650121855,1.98190761247643,43089.7225449541,0.123871205428975,-1.21445199487043,0.030724522271279,2007-04-10 16:03:19
94359.658329766,1.97389677552164,43094.9827502208,0.132695713148494,0.110472382495726,0.034372331201068,2007-04-10 16:04:00
94943.6512492822,1.92103888992971,43143.9466544942,0.192325429475535,-0.0766063839890928,-0.0968547058550547,2007-04-10 16:09:00
95513.2205805446,1.87757654001446,43209.593225174,0.244101996306416,-104.083741643557,-0.720131182343246,2007-04-10 16:14:00
96071.0475710065,1.84262393441276,43289.7285220899,0.289080654229882,-350.445377855388,-0.470922503563292,2007-04-10 16:19:00
96619.5741514692,1.8154687159644,43382.4538948703,0.328178097966595,-357.628949932889,0.0880319222134324,2007-04-10 16:24:00
97161.0527042428,1.79555744340324,43486.1272871955,0.362191159212289,-356.590874019234,0.0173716075104079,2007-04-10 16:29:00
97697.5919681837,1.78248431185912,43599.3297706064,0.391813046593389,-371.228266072901,-0.309794632779442,2007-04-10 16:34:00
98231.2000161833,1.77598288228689,43720.8366258065,0.417647473716125,-450.737406654287,0.342519479603871,2007-04-10 16:39:00
98763.8251810184,1.77592065126292,43849.5923820747,0.440220963248095,-166.004427240959,0.991759988884968,2007-04-10 16:44:00
98975.2540702723,1.77767501562687,43902.4681111657,0.448375624887975,-69.5252102789488,0.640787391242417,2007-04-10 16:45:59
99297.2294852747,1.77953967479439,43984.7510152539,0.461016634353658,-0.549450838566163,0.0941236383875395,2007-04-10 16:49:00
99830.7317408416,1.77569910231723,44126.509612726,0.484620278334343,-97.5213108298281,-0.675283314703763,2007-04-10 16:54:00
100361.776635251,1.76312949993289,44275.8960387733,0.511955016110559,-319.753652384286,-0.526761859627649,2007-04-10 16:59:00
100887.71152907,1.74157469085265,44434.1111511546,0.543577947670775,-461.995841086212,-0.895233520173823,2007-04-10 17:04:00
101405.779637681,1.71059537384787,44602.5357420804,0.580133569221671,-815.046029398266,-0.816862011200781,2007-04-10 17:09:00
101913.063846194,1.66956017000109,44782.7586796691,0.622366908446003,-882.824245766003,0.0013638255925662,2007-04-10 17:14:00
102406.427256723,1.61763275478721,44976.6092901274,0.671138708658276,-821.508335474847,0.741848608708485,2007-04-10 17:19:00
102882.449256334,1.55375481322794,45186.194640625,0.727442971321317,-432.039129663533,1.54294025321391,2007-04-10 17:24:00
103337.355802698,1.47662447073435,45413.9424827141,0.792427214451827,-45.3152192881484,0.746937203470495,2007-04-10 17:29:00
103402.053067183,1.46410676630551,45449.0359228656,0.802765338426047,-17.9351868191609,0.506041437235778,2007-04-10 17:29:44
103768.166617548,1.39902189407753,45661.6043957313,0.855148057130571,0.19996654029527,-0.219091409308767,2007-04-10 17:34:00
104179.064319471,1.34402736831972,45924.7954097214,0.895803509174206,-152.931919397872,-0.930580261291883,2007-04-10 17:39:00
104576.772623143,1.31094353773836,46196.928087496,0.914860186068001,-525.750068959435,-1.29612735164981,2007-04-10 17:44:00
104967.752645384,1.29909613204095,46471.5919200656,0.91270647545864,-822.924912982782,-0.511848783963048,2007-04-10 17:49:00
105358.328376207,1.30824369328371,46742.4279850451,0.889298483303114,-854.681175961653,0.0394198341785617,2007-04-10 17:54:00
105754.815565893,1.33857265479936,47002.9993476208,0.844159139279162,-787.591415310666,0.715422607967568,2007-04-10 17:59:00
106163.650444158,1.39070114083145,47246.6598715724,0.776368473777388,-429.285209370236,1.35023458856695,2007-04-10 18:04:00
106591.520894755,1.4656915643142,47466.4187666326,0.684544868313719,-97.9215049480976,0.698678905415384,2007-04-10 18:09:00
106723.146506578,1.49254845953912,47525.930754719,0.65241911835172,-49.8863093416927,0.405753001975982,2007-04-10 18:10:29
107044.751247633,1.55438369969609,47655.6272366935,0.578609360972805,1.58539420708372,0.171661580210395,2007-04-10 18:14:00
107522.503299523,1.62792274684497,47815.4863359887,0.490232040076722,-24.6686228797566,-0.672957945520274,2007-04-10 18:19:00
108019.950482589,1.68590712089373,47951.5506128575,0.419708339975825,-372.111928873548,-1.1964155139204,2007-04-10 18:24:00
108532.611254799,1.72951858163748,48068.9518575478,0.36560094113794,-650.059263203862,-0.732614771158559,2007-04-10 18:29:00
109056.314137107,1.75964595941642,48172.4414953999,0.326807099080386,-806.288055785918,-0.211231290780214,2007-04-10 18:34:00
109587.112695956,1.77690327006458,48266.4874240293,0.302536169709933,-804.626660355402,0.0130027755050198,2007-04-10 18:39:00
110121.205112355,1.7816422289575,48355.3650720275,0.292293495474608,-795.321777500387,0.271028053963601,2007-04-10 18:44:00
110654.856698304,1.7739594192037,48443.2445350173,0.295870323916454,-592.389688995763,1.05888894064845,2007-04-10 18:49:00
111184.323781389,1.75369826007208,48534.2755649525,0.313339553158733,-230.608732714337,1.09267777598401,2007-04-10 18:54:00
111585.028567991,1.72939800872786,48608.8274897363,0.336352751138189,-37.2504885730384,0.606634103519584,2007-04-10 18:57:50
111705.790275059,1.72099735586767,48632.6561922114,0.34437350998569,-0.121064624454841,0.450153519860725,2007-04-10 18:59:00
112217.128552481,1.68897209108493,48740.4390341239,0.372520241983374,-0.184244647420127,-0.6159350398016,2007-04-10 19:04:00
112719.771395402,1.66292953777046,48855.1988444238,0.390965469377605,-348.197983166667,-1.45261988853113,2007-04-10 19:09:00
113215.431100364,1.64233893150758,48974.0863898862,0.400085118070902,-719.372552436238,-0.66217767821501,2007-04-10 19:14:00
113705.677642952,1.62678062215714,49094.3365632515,0.400065052519827,-745.432685683653,0.129032315478159,2007-04-10 19:19:00
114191.970674933,1.61593752111085,49213.212028516,0.390904863775205,-739.635543248359,-0.122793932465771,2007-04-10 19:24:00
114675.689272915,1.60958863881624,49327.9474322178,0.372417861147496,-726.26879364616,0.616712615911705,2007-04-10 19:29:00
115158.160044847,1.60760458086382,49435.6930437094,0.344227267327366,-363.26242133289,1.42397591926163,2007-04-10 19:34:00
115640.684167158,1.60994491084366,49533.4566757667,0.305758539415576,-23.1531172197644,0.616004603336493,2007-04-10 19:39:00
115687.379089807,1.61040138687319,49542.2617092382,0.301467881526705,-7.49362959055013,0.467388380200665,2007-04-10 19:39:29
116124.451888154,1.61541661669422,49618.7156227339,0.263681090602141,0.187731766675433,-0.257663249254158,2007-04-10 19:44:00
116610.078350676,1.62234425151785,49692.2994700466,0.227872351133699,-157.96297559376,-0.920037148615241,2007-04-10 19:49:00
117098.016624821,1.6308548166758,49756.0010661557,0.197687750628555,-502.338401262748,-1.053899307956,2007-04-10 19:54:00
117588.766759776,1.64112176310036,49811.4126766499,0.172512107015797,-701.272682146551,-0.237115204596042,2007-04-10 19:59:00
118082.886112309,1.6533543379327,49859.957611742,0.151832324070353,-692.53150960929,0.0679445349404234,2007-04-10 20:04:00
118581.000706062,1.66780184911768,49902.9192342704,0.135226934173452,-684.752042329661,0.114108644285037,2007-04-10 20:09:00
119083.817990332,1.6847587464642,49941.46711548,0.12235750852451,-572.160610879884,0.714513332885584,2007-04-10 20:14:00
119592.141258347,1.70457062272655,49976.6808716561,0.112961759738907,-320.191266870742,0.629964607689839,2007-04-10 20:19:00
120106.88601892,1.72764125701276,50009.5721674161,0.106848196258066,-195.931699584981,0.52673123918978,2007-04-10 20:24:00
120415.758124799,1.74305930505515,50028.3852816097,0.104718661384361,-75.7275811409571,0.713636056591394,2007-04-10 20:26:58
120628.980203966,1.75152778418696,50041.2030950216,0.106296446284874,-0.775960804045314,0.459552245196,2007-04-10 20:29:00
121155.066430023,1.75055412862573,50076.2704681362,0.132888208755762,0.231549702302984,-0.45724169092982,2007-04-10 20:34:00
121676.2064773,1.71849736925002,50124.2143007025,0.192285007873184,-204.341980063713,-0.61826926296954,2007-04-10 20:39:00
122182.993358218,1.6547041681561,50195.0407258424,0.285697389586911,-310.810897304094,-0.139490515364069,2007-04-10 20:44:00
122665.727558199,1.55787437782162,50299.2222390099,0.41502915985992,-316.036648307892,0.0403050459892773,2007-04-10 20:49:00
123114.21935316,1.42603454324148,50447.9111343575,0.58291618548987,-309.257791263025,-0.0215379389410939,2007-04-10 20:54:00
123517.581136213,1.25649768161288,50653.1667958474,0.792780114813291,-297.361774107551,0.254013405556199,2007-04-10 20:59:00
123864.005521056,1.04580851985324,50928.2014754529,1.04889811315593,-151.033686338123,0.591667690389794,2007-04-10 21:04:00
124012.789418635,0.922871659994329,51097.5921176059,1.19691873994276,-65.0169489969286,0.52682738276325,2007-04-10 21:06:31
124141.021909387,0.799685682931478,51286.8545325054,1.34047993891457,-0.197933447988168,0.311750506589863,2007-04-10 21:09:00
124346.379433218,0.57410048428598,51726.0663379486,1.57594968007994,-31.5091238299523,-0.689195336625789,2007-04-10 21:14:00
124488.102761496,0.374738672920181,52225.653330168,1.74366339831131,-312.254031851627,-0.606756356144009,2007-04-10 21:19:00
124573.437161347,0.197537123600511,52765.8349465219,1.84703920982609,-330.321983627414,0.172314701444876,2007-04-10 21:24:00
124608.47865634,0.038884351852903,53327.6579695887,1.88818398185945,-297.240040892211,0.00773399349928649,2007-04-10 21:29:00
124598.298267463,-0.104453090473273,53892.6102480923,1.86793627200841,-321.080253315517,-0.107714431444246,2007-04-10 21:34:00
124547.045363877,-0.235396515011577,54442.2434070466,1.7858834185889,-309.18235845203,0.339413151347444,2007-04-10 21:39:00
124458.032229801,-0.356614635136791,54957.7968577034,1.6403531303184,-134.402725795383,0.605334011641832,2007-04-10 21:44:00
124403.491403482,-0.411316469852427,55184.385998846,1.54853264355651,-59.5156647993987,0.45702683969079,2007-04-10 21:46:22
124333.86304804,-0.469410451783676,55420.5755799253,1.44281507243837,1.0965532260028,0.306167928815624,2007-04-10 21:49:00
124177.678867916,-0.569764786022061,55826.306328526,1.2673629287361,-0.394497402464244,-0.52360672973389,2007-04-10 21:54:00
123993.137320945,-0.658779990416888,56184.008197847,1.12207983776769,-249.826019481552,-0.67809952024483,2007-04-10 21:59:00
123783.362722275,-0.738270253556554,56502.2731960112,1.00400483429671,-327.885012157378,0.0148988055087306,2007-04-10 22:04:00
123550.965120813,-0.809855639443157,56788.8895816909,0.910731471858945,-303.330580028176,0.0411321308743007,2007-04-10 22:09:00
123298.093493747,-0.874995105465571,57051.0005939579,0.84035877779598,-309.756216004628,-0.00257950729499157,2007-04-10 22:14:00
123026.479544115,-0.935016236913498,57295.2500362072,0.791452510178309,-301.210969463492,-0.0071321652081621,2007-04-10 22:19:00
122737.472994058,-0.991142304041475,57527.9176812543,0.763015927008677,-319.002236331129,-0.0647186477489643,2007-04-10 22:24:00
122432.069093044,-1.04451719312364,57755.0472572466,0.754469471962624,-308.640806566788,0.212993289606956,2007-04-10 22:29:00
122110.928901715,-1.09622871961062,57982.5696228314,0.765638962648256,-179.657393107551,0.614022138199938,2007-04-10 22:34:00
121909.719058611,-1.12706659811095,58122.5201400941,0.781992683118293,-61.6885774735248,0.618526435851714,2007-04-10 22:37:01
121774.424085353,-1.1465411187807,58216.3519590264,0.794944714870194,-0.523466974010276,0.371220911704651,2007-04-10 22:39:00
121423.856942077,-1.18904506671973,58459.542426002,0.825968280982977,-30.2703748417512,-0.654751697163083,2007-04-10 22:44:00
121061.873424049,-1.22277928402908,58711.7497959734,0.855159288720831,-283.288777396686,-0.505247389071075,2007-04-10 22:49:00
120690.997044422,-1.24843129631177,58972.5143204719,0.883112670078607,-291.643512722837,0.0903265912754312,2007-04-10 22:54:00
120313.570073962,-1.26652390850064,59241.5506514834,0.910398133409076,-299.913748438765,-0.070313519480959,2007-04-10 22:59:00
119931.801278074,-1.27742585996769,59518.7420258673,0.937571774454988,-311.888177747106,0.00335485112952445,2007-04-10 23:04:00
119547.810932895,-1.28135933967577,59804.1378856466,0.965187409947168,-305.179104419802,-0.000692901614917578,2007-04-10 23:09:00
119163.674037924,-1.27840451453624,60097.9548856693,0.993807864754836,-304.908220092962,0.0742293880197732,2007-04-10 23:14:00
118781.462605877,-1.26850116326347,60400.581309177,1.02401644262774,-216.053130723787,0.625258580961863,2007-04-10 23:19:00
118558.972395771,-1.25938217638127,60582.4423497264,1.04272331349086,-80.163261591263,0.787078415040418,2007-04-10 23:21:56
118403.291061946,-1.25137074000119,60712.5177283895,1.05480153989037,-1.10976963772555,0.414352794952409,2007-04-10 23:24:00
118031.470401431,-1.22599614388042,61032.0311341457,1.07262049717921,-48.7898146570955,-0.665177286814626,2007-04-10 23:29:00
117668.58436186,-1.19170564291639,61354.5028833926,1.07455725786622,-285.753900076597,-0.522498550380727,2007-04-10 23:34:00
117317.407840864,-1.14780037407821,61675.182290132,1.06065129441188,-321.259132966955,0.0582897077012833,2007-04-10 23:39:00
116980.954383788,-1.09338551902286,61989.2821392426,1.03061919410729,-306.983988829872,0.0389419073504731,2007-04-10 23:44:00
116662.53760173,-1.02735206710712,62291.8811198786,0.983848882936228,-302.142702462268,-0.0257729548941229,2007-04-10 23:49:00
116365.838705127,-0.948354213019018,62577.8235259072,0.919387151102904,-311.988432448134,0.021195165309636,2007-04-10 23:54:00
116094.981529247,-0.854781928377779,62841.6141792172,0.835920225987483,-237.949519920853,0.6178163597222,2007-04-10 23:59:00
115881.682251194,-0.758875698057757,63050.7166802392,0.745407203152425,-24.1266933294637,0.707282368581036,2007-04-11 00:03:24
115854.612472368,-0.745070510458454,63077.3121935578,0.732226934158772,-0.869703798740553,0.578347372634528,2007-04-11 00:04:00
115646.671396809,-0.645836207249114,63283.0693307298,0.646640210239549,-1.3340905475763,-0.639879683866253,2007-04-11 00:09:00
115464.423583625,-0.57349177156975,63469.5140099011,0.603258991500205,-260.284039403418,-0.52857252377299,2007-04-11 00:14:00
115300.036512282,-0.526562776095995,63649.154061963,0.601199140084494,-257.254428484765,0.236465551476698,2007-04-11 00:19:00
115146.041675951,-0.504092776941258,63834.3586350169,0.640418674861677,-222.673903409119,-0.111865530005299,2007-04-11 00:24:00
114995.182368406,-0.505623820699428,64037.6102857734,0.721716915823442,-292.379831601405,-0.118570898593254,2007-04-11 00:29:00
114840.265787567,-0.531187111052319,64271.7593822917,0.84675077475261,-250.88915857504,0.333094146308553,2007-04-11 00:34:00
114674.016441446,-0.581303644721295,64550.2860029591,1.01806852417834,-116.747764192742,0.52609485113493,2007-04-11 00:39:00
114600.846890276,-0.609168152191084,64680.6116887707,1.1024640685054,-52.9258990249526,0.480275210140959,2007-04-11 00:41:03
114489.259081385,-0.651379732235695,64886.515418727,1.22120409352973,0.0986336151216969,0.0285694423239164,2007-04-11 00:44:00
114283.606538155,-0.718872336770543,65278.4298273704,1.38363513405493,-126.476346632485,-0.755872013007664,2007-04-11 00:49:00
114058.327282038,-0.782446258416915,65712.0932904634,1.50000286995334,-338.616323851421,-0.314410026795823,2007-04-11 00:54:00
113814.400905783,-0.843397175637342,66174.0653450387,1.57267895244975,-310.630829776266,0.175011802589571,2007-04-11 00:59:00
113552.42696153,-0.902967308333773,66651.4824758983,1.60314456804947,-292.783107705063,0.0325849186748282,2007-04-11 01:04:00
113272.637180077,-0.962370735108669,67131.795948688,1.59202062609642,-286.576845436004,-0.0617593248218792,2007-04-11 01:09:00
112974.900193706,-1.02281813698783,67602.5160584128,1.53908041331519,-263.284307149071,0.554553219766558,2007-04-11 01:14:00
112658.718858824,-1.0855414718984,68050.9575810099,1.44324497324492,-11.6761351417456,0.553353579148185,2007-04-11 01:19:00
112639.144361372,-1.08940484198456,68076.8718624239,1.43609272138233,-2.63932047492036,0.452413753196195,2007-04-11 01:19:18
112324.733520191,-1.13570947400941,68467.3530401655,1.33845282443544,1.45904416462531,-0.166131101934254,2007-04-11 01:24:00
111980.480023687,-1.15404897286507,68857.4532368897,1.26778626137391,-59.4605808891616,-0.331497964098307,2007-04-11 01:29:00
111635.454027182,-1.14086820295226,69231.3057087761,1.22995106639245,-182.619670847288,-0.338618648569036,2007-04-11 01:34:00
111299.135837699,-1.09589853148486,69598.6277301469,1.22417613325766,-230.828069673569,-0.00614469932069839,2007-04-11 01:39:00
110981.183233118,-1.01822344689212,69969.0034804342,1.25034376502256,-207.214197670371,0.103080222323938,2007-04-11 01:44:00
110691.628294051,-0.906259879708191,70352.0793760804,1.30898727528516,-155.371053178934,0.357618538947267,2007-04-11 01:49:00
110441.081864269,-0.757725938572087,70757.7606708682,1.40130185747143,-17.5231197250991,0.346491860066261,2007-04-11 01:54:00
110422.3146151,-0.743608076488159,70792.9085356316,1.41056851116106,-9.55107787732172,0.291930288890186,2007-04-11 01:54:25
110237.843604136,-0.603499559982561,71193.6081105403,1.4985490938941,0.604005199269867,-0.219028576972495,2007-04-11 01:59:00
110075.188944302,-0.486974266544525,71653.3580727861,1.56068345963614,-115.893076544081,-0.431676611061064,2007-04-11 02:04:00
109942.100853761,-0.406055008232355,72126.6105742003,1.58871859469802,-206.505315308582,-0.0901808714529784,2007-04-11 02:09:00
109828.162555933,-0.359092597179621,72603.2387162152,1.58322587362693,-180.209042684208,0.142321483139901,2007-04-11 02:14:00
109723.34755965,-0.345129908468223,73073.1843980455,1.54409335114391,-144.880744515702,0.121029671480473,2007-04-11 02:19:00
109617.815312645,-0.363882373291106,73526.2533259589,1.47052348062525,-115.374016855389,0.0166346581446074,2007-04-11 02:24:00
109501.710644609,-0.415732179252262,73951.9072468449,1.36101685957611,-107.280634868222,0.207154103643659,2007-04-11 02:29:00
109385.248388278,-0.487910498557477,74288.8375693678,1.23587753180801,-13.9286773669926,0.359110039201415,2007-04-11 02:33:19
109364.970223444,-0.501201092359762,74339.065066339,1.21450471055581,-0.360531123319779,0.298594178665246,2007-04-11 02:34:00
109201.292462813,-0.5865612013907,74684.953632969,1.10511380600643,0.147502531819596,-0.375869373745034,2007-04-11 02:39:00
109015.006515858,-0.652177797516213,75010.2638937838,1.0770834789186,-169.198441061926,-0.445073632981371,2007-04-11 02:44:00
108811.825157231,-0.699388190252223,75339.2771752214,1.12984245273485,-214.073988018728,0.0497540160999078,2007-04-11 02:49:00
108597.116821948,-0.729154558547145,75696.3502737232,1.26446599014635,-143.108497527702,0.504406676374814,2007-04-11 02:54:00
108490.001002771,-0.737525596035243,75887.7161176931,1.36035498571812,-56.4126726886996,0.585384034121779,2007-04-11 02:56:26
108375.85488879,-0.745203511196383,76105.221240767,1.46049971691219,-1.71217328231679,-0.00495891499641998,2007-04-11 02:59:00
108149.411732596,-0.765647515776662,76564.9020079003,1.58969746175031,-161.499030784001,-0.678925285308298,2007-04-11 03:04:00
107915.705314775,-0.793707327175687,77050.5402413322,1.63384280068969,-296.380675540847,-0.149642108255488,2007-04-11 03:09:00
107672.369122751,-0.829954822860673,77536.7981219677,1.5938354448604,-278.382902641574,0.0902866420277201,2007-04-11 03:14:00
107416.840382798,-0.875128750705962,77998.3504595306,1.46886001795798,-269.782270004483,0.0357892850740421,2007-04-11 03:19:00
107146.307829017,-0.930149785162047,78409.3685484789,1.25636943833652,-258.545535838897,-0.0361791892002227,2007-04-11 03:24:00
106857.654407888,-0.996139291208231,78742.9937619465,0.952033007804436,-233.458896074702,0.511496520904199,2007-04-11 03:29:00
106550.615803353,-1.07359318165916,78969.1344065364,0.554182532435771,-1.97889851478431,0.554365783266533,2007-04-11 03:33:57
106547.393752175,-1.07444066239589,78970.7901646176,0.549657557445139,-0.338369241484376,0.539260527366561,2007-04-11 03:34:00
106213.162794997,-1.15116165910122,79071.8683729826,0.137154225937544,0.714678531993719,-0.387389547744429,2007-04-11 03:39:00
105858.185836647,-1.21298175796444,79060.4606130309,-0.201519942141027,-155.668525530301,-0.490740474663121,2007-04-11 03:44:00
105486.736912098,-1.26116089338279,78957.6445480363,-0.473267349757634,-250.713423215759,-0.13477173868365,2007-04-11 03:49:00
105102.754346787,-1.29668098791961,78782.6348797144,-0.683626388349831,-256.15364464598,0.011675727596682,2007-04-11 03:54:00
104709.921022281,-1.32026596453396,78553.1749565191,-0.836884313896887,-260.984292575778,-0.0263503332406436,2007-04-11 03:59:00
104311.739435839,-1.33239650060813,78285.8983947895,-0.936164624024897,-265.885357772221,0.000528679275206237,2007-04-11 04:04:00
103911.603083611,-1.33331982446977,77996.668082824,-0.983490716948966,-278.708348277586,-0.165233922932609,2007-04-11 04:09:00
103512.865622332,-1.32305475406828,77700.8994770085,-0.979827129663667,-283.017302420968,0.544675655808483,2007-04-11 04:14:00
103118.909219058,-1.30139208049708,77413.8747789865,-0.925099195843276,-4.49235404249062,0.693044358005969,2007-04-11 04:19:00
103111.102520638,-1.30083993764932,77408.3290373151,-0.923477887442329,-0.438138409751076,0.6584868289918,2007-04-11 04:19:06
102732.052687233,-1.27974286307406,77147.8703775287,-0.8507026801118,0.18364007404713,-0.574741855853034,2007-04-11 04:24:00
102349.823964166,-1.27049259247401,76902.0529553913,-0.790304567429444,-233.962966530934,-0.610578297335535,2007-04-11 04:29:00
101968.536424728,-1.27345767056185,76672.4104064205,-0.742687423069919,-310.033248896587,-0.0470669601992894,2007-04-11 04:34:00
101584.522615879,-1.28869852758502,76455.2602520105,-0.706880778218401,-311.114213456656,-0.00581991900237499,2007-04-11 04:39:00
101194.059521407,-1.316525782264,76247.174616798,-0.682154869831363,-318.931181357889,-0.0222970462925458,2007-04-11 04:44:00
100793.292684406,-1.35750657240662,76044.9103663007,-0.668005767584329,-323.109390581667,-0.0240061882915487,2007-04-11 04:49:00
100378.157650898,-1.41247611355081,75845.3430096971,-0.664145103439414,-322.937651723468,0.0853047005855668,2007-04-11 04:54:00
99944.2971335836,-1.4825547212082,75645.4030206426,-0.670494194514483,-225.886857766224,0.686219997606034,2007-04-11 04:59:00
99729.5401891955,-1.52167886579066,75549.0750461002,-0.677143449715378,-106.718569070836,0.873586442570935,2007-04-11 05:01:23
99487.4222040492,-1.56057038536368,75443.1664214939,-0.665143763330772,-1.52735849915113,0.322695116368508,2007-04-11 05:04:00
99012.0872194397,-1.60096667704036,75260.5258421518,-0.527169193362982,-108.894782386663,-0.859018737504181,2007-04-11 05:09:00
98531.2322551474,-1.59743262336411,75142.2263038408,-0.235476463081862,-299.798729582039,0.277850915346715,2007-04-11 05:14:00
98135.8001028442,-1.56090457875885,75126.5874569212,0.129216676250132,-49.1096333316713,1.07640004390877,2007-04-11 05:18:10
98058.013354267,-1.55058898482536,75135.1245134317,0.211623115381293,-2.16127804773527,0.774295637914851,2007-04-11 05:19:00
97601.8228760111,-1.49141194323739,75264.2647925648,0.627071263857209,-23.8096754109813,-0.742974510684921,2007-04-11 05:24:00
97162.7864671904,-1.43603468815286,75498.4050913319,0.912809702344124,-291.554411465833,-0.590321400322011,2007-04-11 05:29:00
96739.935127996,-1.38332859458106,75799.5703926765,1.07466196871855,-334.407836661685,0.0278284560607263,2007-04-11 05:34:00
96332.6297210152,-1.33221947756506,76131.1516933105,1.11592671894227,-331.807243558954,0.0378766714562985,2007-04-11 05:39:00
95940.5479451895,-1.28166569958366,76457.1598880767,1.037444955847,-316.520452044829,-0.00374107579463415,2007-04-11 05:44:00
95563.6777671061,-1.23063694129153,76741.4922882438,0.83761716932684,-272.379174922853,0.613172181979644,2007-04-11 05:49:00
95217.6474896275,-1.18041582396552,76940.4267063676,0.529144756572182,-11.2548258004895,0.722631410932417,2007-04-11 05:53:47
95202.3169942942,-1.17813507725268,76947.1977240573,0.512578236988677,-2.27905732792865,0.657092423694843,2007-04-11 05:54:00
94854.5448213589,-1.14728283580927,77048.2827729791,0.175585930188168,-1.03650634371609,-0.611429658894627,2007-04-11 05:59:00
94509.8039421261,-1.15789220022576,77060.7905540314,-0.0789377680218015,-242.628860311079,-0.529120396590311,2007-04-11 06:04:00
94155.6445426102,-1.21017939634789,77008.6429994933,-0.256180218518674,-250.909262875062,0.275004908365968,2007-04-11 06:09:00
93779.4248531693,-1.30521007172623,76914.4443232519,-0.359753739369516,-166.751414532597,0.127462925237795,2007-04-11 06:14:00
93368.0535008994,-1.44492101421622,76799.9417095931,-0.391769227256172,-143.865017034061,0.30630485644194,2007-04-11 06:19:00
93161.7251945903,-1.52555783348472,76745.9482578207,-0.382580056636285,-78.1052756860872,0.561906598592005,2007-04-11 06:21:19
92908.4664834476,-1.61829757696929,76685.6956044494,-0.367284427809415,-0.799578747502854,0.294749495461747,2007-04-11 06:24:00
92401.12482991,-1.75668979056563,76577.1954816265,-0.360812419063709,-65.1794709250561,-0.76498637866754,2007-04-11 06:29:00
91858.6992327739,-1.85258696810245,76466.3483984939,-0.38295734953837,-339.251432277556,-0.537616420845994,2007-04-11 06:34:00
91293.6239603954,-1.90794355732083,76344.5162151441,-0.434170547525377,-347.612118572761,0.118331948603558,2007-04-11 06:39:00
90717.8716658074,-1.92388776202747,76202.8369080801,-0.515495771784779,-342.973530561065,-0.0235809736953353,2007-04-11 06:44:00
90143.1973972864,-1.90074453563262,76032.0439563308,-0.628590484036805,-332.900896391469,0.142666326655395,2007-04-11 06:49:00
89581.3781739914,-1.83804220391488,75822.2774836401,-0.77575962912514,-219.981334708547,0.708183466412999,2007-04-11 06:54:00
89235.8786275703,-1.77696024792504,75663.5816034932,-0.888553100677267,-62.0622507221262,0.763186515822653,2007-04-11 06:57:11
89044.2547407149,-1.73996027638576,75563.1844517888,-0.951713499418625,-1.59723381600892,0.274186819079356,2007-04-11 06:59:00
88534.4750889203,-1.66508042244872,75258.1335731213,-1.06802409834577,-113.247422196487,-0.776755633060522,2007-04-11 07:04:00
88041.3649984011,-1.6286415088508,74930.6380427807,-1.10159812569897,-335.875079921123,-0.420620807769317,2007-04-11 07:09:00
87553.5229093447,-1.62990088649429,74605.3743679919,-1.05311984230432,-356.562224694474,0.0322304442949884,2007-04-11 07:14:00
87059.6546272841,-1.66888422232639,74307.0645426684,-0.921601228765375,-335.361678619936,0.284072909445033,2007-04-11 07:19:00
86548.343139963,-1.74638602244844,74060.9798979571,-0.704361848976062,-165.572252231754,0.755304574111793,2007-04-11 07:24:00
86318.4108053138,-1.79230143849233,73977.1449226189,-0.582552783759277,-67.9660958238973,0.684559571153316,2007-04-11 07:26:10
86008.4831737261,-1.8522083904344,73892.038188252,-0.42200250077946,-1.99321310705255,-0.0528207454407356,2007-04-11 07:29:00
85439.8360541079,-1.9337323568279,73802.400267762,-0.185172604732921,-137.256567832574,-0.220189195078324,2007-04-11 07:34:00
84851.1940071395,-1.98573384037385,73775.4048446521,-0.00367801769926346,-54.1043627503205,0.466694355842105,2007-04-11 07:39:00
84251.2400867654,-2.00927266561201,73795.0333236395,0.126180239736282,-1.55769295682332,-0.387422952851112,2007-04-11 07:44:00
83648.4268034878,-2.00482856932919,73846.2173353232,0.207048764527074,-239.082338913493,-0.734601596593751,2007-04-11 07:49:00
83051.1483921065,-1.97231097791139,73914.531632876,0.240575710556888,-325.121791612981,0.169628371248738,2007-04-11 07:54:00
82467.911891762,-1.91105716139383,73985.9000959972,0.227444379103361,-231.565564349194,0.0673630540362906,2007-04-11 07:59:00
81907.5105250051,-1.81981872658707,74046.3088502954,0.167387144968798,-242.842225938131,0.412090376401656,2007-04-11 08:04:00
81480.1083354701,-1.72356744587164,74077.2768685818,0.0843547955158807,-43.9341810808659,0.835744875208648,2007-04-11 08:08:01
81379.1758012935,-1.69811459217571,74081.5547771996,0.0609150603176701,-1.64449623209063,0.571737117502484,2007-04-11 08:09:00
80886.7860960112,-1.59045641262443,74084.4827114472,-0.034991459211701,0.0691833086743114,-0.337796858421663,2007-04-11 08:14:00
80421.4168584244,-1.51767282094939,74064.3163961078,-0.0933075589048084,-145.30275457055,-0.617126600305934,2007-04-11 08:19:00
79972.8455453782,-1.4782804395373,74032.1358990287,-0.115221759344219,-320.290740009067,-0.363461185467284,2007-04-11 08:24:00
79531.1919665011,-1.47147642566806,73998.7764311078,-0.101180686391565,-350.239755454796,0.0305078760871875,2007-04-11 08:29:00
79086.7169194076,-1.49712210905042,73975.0491750395,-0.0508981737172489,-308.463094804907,0.355315747664769,2007-04-11 08:34:00
78629.6236983289,-1.55574016563005,73971.9616243499,0.0366505694581386,-138.861713532828,0.660781719398921,2007-04-11 08:39:00
78474.3114965387,-1.5825039575687,73977.4035463669,0.074001553978766,-75.4236215600149,0.600270366243592,2007-04-11 08:40:39
78150.7269396765,-1.63555850441456,73999.7426335852,0.145344547223488,-1.11504104163978,0.0146286814337908,2007-04-11 08:44:00
77650.3865120478,-1.69648919388747,74055.4559292144,0.219796849831014,-139.133197435592,-0.728144795977239,2007-04-11 08:49:00
77134.9109819647,-1.73663020773818,74127.9167069705,0.257183667575566,-325.941655995148,-0.274357388457541,2007-04-11 08:54:00
76610.4041914349,-1.75679964630975,74206.1382384079,0.25826696846667,-303.342712645704,0.183753664811176,2007-04-11 08:59:00
76082.7859194209,-1.75740857606596,74279.251203041,0.223068830891134,-277.413819483363,-0.017217778514927,2007-04-11 09:04:00
75557.9125308395,-1.73846940739695,74336.2821644231,0.15087189358514,-245.58853414713,0.508809459015594,2007-04-11 09:09:00
75041.6963331428,-1.69959614755117,74365.9299242717,0.0402047353384472,-16.1465560242375,0.564815399799841,2007-04-11 09:14:00
75012.8270223366,-1.69678227015791,74366.550135253,0.0327394630861038,-7.18044323473688,0.490816280717469,2007-04-11 09:14:17
74538.7738329968,-1.65540059530907,74359.5920466714,-0.0766423654936995,0.575967980520244,-0.369278018930504,2007-04-11 09:19:00
74047.1571717781,-1.6241495383694,74323.396352088,-0.159064998243765,-177.941150756608,-0.665133629361801,2007-04-11 09:24:00
73563.0486398371,-1.60526156141992,74267.4377312506,-0.208618519943683,-321.080273551993,-0.13426930089993,2007-04-11 09:29:00
73082.8032336426,-1.59835171503011,74201.4089987454,-0.226312864055882,-287.668267337807,0.0851702745312372,2007-04-11 09:34:00
72602.8546827143,-1.60327917197215,74134.7977336398,-0.212508652986245,-307.740611143687,-0.0986118819892904,2007-04-11 09:39:00
72119.6427666782,-1.62014435706914,74077.0796426026,-0.166924547806601,-331.4538633026,-0.118152579678642,2007-04-11 09:44:00
71629.5407556264,-1.64929099391922,74037.9116810566,-0.0886315143817919,-322.611317029104,0.460487974483123,2007-04-11 09:49:00
71128.7814949695,-1.69131311020929,74027.3288683012,0.0239661109588807,-84.7768769591162,0.722895949453144,2007-04-11 09:54:00
71018.4960544992,-1.70219317134083,74029.8239382943,0.0530934357396975,-44.1569061947388,0.530183964695171,2007-04-11 09:55:05
70614.3375142554,-1.73484649611576,74054.0193628584,0.148521679681031,-0.8578626655145,-0.210443872014864,2007-04-11 09:59:00
70090.3755337817,-1.75407508792503,74112.3623849181,0.233729728915873,-155.49502427682,-0.550649491054151,2007-04-11 10:04:00
69564.3754724097,-1.74845673156181,74190.3104454674,0.279443464969002,-270.935242667014,-0.246850224940393,2007-04-11 10:09:00
69043.7959485747,-1.71787692121703,74276.1748136279,0.286594563938288,-306.543526914592,0.0255736388577478,2007-04-11 10:14:00
68536.2060548429,-1.66171242018251,74358.428098093,0.255328769938269,-317.643128495686,-0.36458419242001,2007-04-11 10:19:00
68049.4396210112,-1.57881855887574,74425.4693112877,0.18500886546135,-400.693398822258,0.575722967187122,2007-04-11 10:24:00
67591.7548727264,-1.46750590571866,74465.3874335897,0.0742016844646131,-20.2217885929512,1.00336125707766,2007-04-11 10:29:00
67563.9485972731,-1.45944992280869,74466.7174637796,0.0657729085043922,-2.60953770564345,0.852340280408172,2007-04-11 10:29:19
67168.8958643809,-1.35869505706971,74468.7740267589,-0.0467121022709618,-1.25990404944257,-0.732150873465206,2007-04-11 10:34:00
66772.2647927193,-1.29250173437691,74440.2782116944,-0.138565262641519,-248.169039665423,-0.210974613034255,2007-04-11 10:39:00
66389.2556333432,-1.26772838661969,74388.3667763791,-0.203080823937827,-162.569256246973,-0.0605817010870307,2007-04-11 10:44:00
66007.5390258355,-1.28387011662793,74321.0302266771,-0.241573655859687,-345.841985858723,-0.56499548768633,2007-04-11 10:49:00
65614.8119528392,-1.34125590350781,74245.9446944451,-0.254828267715189,-350.059528917208,0.548357537920421,2007-04-11 10:54:00
65198.5469964467,-1.44105530745304,74170.628382164,-0.243114797237939,-99.5632903480494,0.778271132512922,2007-04-11 10:59:00
65021.0653943272,-1.49374208696859,74141.8855885366,-0.231287391568452,-25.0067514533796,0.448160253539532,2007-04-11 11:01:01
64746.5441138002,-1.57177234790699,74102.1722245617,-0.213278309395772,-1.19023323288911,-0.252796824537204,2007-04-11 11:04:00
64258.1303692122,-1.67968986555658,74041.3904534007,-0.194229889963603,-196.399110896287,-0.698268080530439,2007-04-11 11:09:00
63741.4064319121,-1.76082685926146,73984.2716449168,-0.188817168277042,-329.580959078703,-0.17664660134956,2007-04-11 11:14:00
63204.1452406236,-1.81683695447897,73926.7485307754,-0.19692982949738,-330.080850548575,0.0492653038898904,2007-04-11 11:19:00
62653.7011712863,-1.84886167389921,73864.7456026259,-0.218733215012162,-354.944302823996,-0.311276408450652,2007-04-11 11:24:00
62097.1599240882,-1.8575537024305,73794.096050553,-0.254671692201762,-415.835140615165,0.406766497911656,2007-04-11 11:29:00
61541.4829347102,-1.84309018934839,73710.4568407414,-0.305477710939724,-130.165222701707,0.918932023178082,2007-04-11 11:34:00
61379.6574585875,-1.83442461016916,73682.7988566142,-0.323343078002346,-63.4375271386247,0.610345090362167,2007-04-11 11:35:28
60993.1615424247,-1.81208026051198,73609.6435016546,-0.366194607361738,0.541263548255403,-0.0102264899100747,2007-04-11 11:39:00
60453.9107722773,-1.78347276919011,73491.3971758,-0.421064961157569,-105.303186704911,-0.608394252022093,2007-04-11 11:44:00
59922.7772717933,-1.75787340768828,73357.580133418,-0.47017532676056,-292.343024302538,-0.436132121589438,2007-04-11 11:49:00
59398.938256376,-1.73476044413132,73209.767565869,-0.51452660581956,-337.816793796025,0.0475561480842965,2007-04-11 11:54:00
58881.7196078466,-1.71366282107445,73049.249426478,-0.555022706660101,-319.843627296634,-0.0670804501375012,2007-04-11 11:59:00
58370.5821354705,-1.69415055504177,72877.0567206338,-0.592488966532373,-307.018734501373,0.576903864650208,2007-04-11 12:04:00
57865.1105868953,-1.6758259731794,72693.9825183593,-0.627688972528868,-20.4969938474328,0.721211618390231,2007-04-11 12:09:00
57828.2568041213,-1.67451863198168,72680.1457151796,-0.630200862665434,-5.98758136793093,0.599497564977486,2007-04-11 12:09:22
57365.2823382681,-1.65532300441976,72501.2801462799,-0.653975816123908,-0.635968380073079,-0.483563077655815,2007-04-11 12:14:00
56872.5737320359,-1.62826344362014,72303.412381874,-0.662139490267549,-215.440410907388,-0.6718674552596,2007-04-11 12:19:00
56389.0364689219,-1.59407708464364,72105.7955161997,-0.652300322863349,-333.485989817237,-0.109835612713849,2007-04-11 12:24:00
55916.9093049115,-1.55206718694176,71913.8512915185,-0.624257785188771,-332.624347919474,-0.0953905343043619,2007-04-11 12:29:00
55458.6635413366,-1.50137756108562,71733.1170622577,-0.577440351826495,-413.166584394412,-0.320623044036242,2007-04-11 12:34:00
55017.0533916277,-1.4409751190606,71569.3586499463,-0.510893852599375,-415.15567689197,0.627024402631009,2007-04-11 12:39:00
54595.1721140001,-1.36962881925104,71428.6878544617,-0.42326202595279,-101.366706722421,0.886861691693667,2007-04-11 12:44:00
54472.9657095235,-1.34587981451211,71391.958188973,-0.392605659464716,-39.5043433717302,0.508824533578895,2007-04-11 12:45:30
54195.8707487682,-1.29509199757103,71316.9709048622,-0.322992443929177,0.689887411514032,-0.0948282715296321,2007-04-11 12:49:00
53815.7995427719,-1.24256192268304,71233.2607899764,-0.237735403652402,-108.196305403458,-0.541907229480206,2007-04-11 12:54:00
53448.0725123967,-1.21265800943719,71172.8153588826,-0.167631670838004,-258.238209199244,-0.281940155601266,2007-04-11 12:59:00
53086.0045591919,-1.20477079635406,71131.3102628887,-0.111252485164184,-283.331870518961,-0.0857354659905719,2007-04-11 13:04:00
52723.0259204331,-1.21873953682788,71104.8071698268,-0.0674488016338467,-370.858858730312,-0.542793934176027,2007-04-11 13:09:00
52352.5482730233,-1.2548489230046,71089.6734982453,-0.0353278722795902,-497.73365974905,0.188319000662864,2007-04-11 13:14:00
51967.8304591224,-1.31383488799567,71082.5083830028,-0.0142350513711634,-307.239868490319,0.392241534538149,2007-04-11 13:19:00
51561.8410969029,-1.39689960468035,71080.0733633929,-0.00374045330362735,-271.737825915844,0.496336070341835,2007-04-11 13:24:00
51288.8829408453,-1.46308311615643,71079.5466414878,-0.00247386299695043,-99.979702944732,1.04704148047404,2007-04-11 13:27:11
51127.2487771643,-1.5020613234713,71079.2917727961,-0.0018302608263736,-0.394364901344558,0.696999456926597,2007-04-11 13:29:00
50662.6678262241,-1.59067236994249,71080.318534053,0.0115147509744435,-0.157578676230827,-0.66791506160103,2007-04-11 13:34:00
50175.446903373,-1.65325029170579,71087.9230659189,0.042095869275627,-265.387829122965,-0.583254106768523,2007-04-11 13:39:00
49673.1917478761,-1.69107046808908,71107.3607822538,0.0905363574423824,-300.526723324193,0.0308493030508675,2007-04-11 13:44:00
49163.2016914187,-1.70490369923681,71144.1282650231,0.157823464579475,-309.807126727892,-0.026991416974351,2007-04-11 13:49:00
48652.6184233022,-1.69503191552549,71204.075288265,0.245328546319309,-315.385069329664,-0.070561167204096,2007-04-11 13:54:00
48148.5715427829,-1.66125392349071,71293.5240403436,0.354835013954389,-316.134841680262,0.270367051672876,2007-04-11 13:59:00
47658.3238650085,-1.60288130537166,71419.3979743188,0.488574681535961,-151.23081633459,0.631946436369662,2007-04-11 14:04:00
47377.0326866233,-1.5561566365337,71514.3979266098,0.580473306529321,-50.3348069240128,0.488906394327554,2007-04-11 14:06:58
47189.3406172534,-1.52066291909121,71589.190288616,0.645027926319893,-0.176041487907836,0.318589952258251,2007-04-11 14:09:00
46746.5690187975,-1.4303335122649,71804.8258061933,0.789255069454292,0.0612039590055593,-0.420405829106282,2007-04-11 14:14:00
46331.7225233659,-1.33418002367365,72060.9119058752,0.915155548252415,-201.22821510211,-0.612789151004155,2007-04-11 14:19:00
45946.8388524083,-1.23024278178801,72352.3441303163,1.02529529752807,-321.267606325811,-0.31031166863597,2007-04-11 14:24:00
45594.5663895033,-1.1164034770515,72674.7383995111,1.12191903803012,-389.430565872753,-0.0293537546774442,2007-04-11 14:29:00
45278.2181561633,-0.9903419893344,73024.3416603519,1.20699602533216,-347.238792995961,0.162348850878158,2007-04-11 14:34:00
45001.8393333978,-0.849489102354932,73397.9553969303,1.28226018456025,-333.602837738753,-0.0899497787577414,2007-04-11 14:39:00
44770.289705172,-0.690974141356544,73792.870442673,1.34924544893083,-304.88030710253,0.686329758199082,2007-04-11 14:44:00
44593.4555894697,-0.516651999870651,74195.5433185038,1.40779411174203,-6.40187586348446,0.674568999950082,2007-04-11 14:48:52
44589.3426381953,-0.511591146946027,74206.8117547361,1.40931289585023,-1.24360947794588,0.614376824705725,2007-04-11 14:49:00
44462.0432950712,-0.344257065763584,74637.2634726524,1.45757180939061,-3.26604579687603,-0.173117344645588,2007-04-11 14:54:00
44378.634077627,-0.218494369115779,75079.7228165644,1.48949941694575,-0.565571695693363,0.155739424446128,2007-04-11 14:59:00
44327.0484914576,-0.131739930279935,75529.3961254852,1.50574642422012,-1.56787657032576,-0.495046872332204,2007-04-11 15:04:00
44295.8686287572,-0.0822256365611245,75981.6367637937,1.50664395594003,-274.007634602146,-0.893985129918919,2007-04-11 15:09:00
44274.0924638259,-0.0689423539890365,76431.8504197355,1.49221030439404,-471.317736056744,-0.581339517668289,2007-04-11 15:14:00
44250.9096245278,-0.0916193605019413,76875.4014703185,1.46215130224184,-641.724313348996,-0.470643440155456,2007-04-11 15:19:00
44215.4810697755,-0.150718828452473,77307.5185042578,1.4158543271898,-737.817685938025,-0.190318071821718,2007-04-11 15:24:00
44156.7181827221,-0.247445243985075,77723.1970774666,1.35237581634448,-782.703112831946,-0.196030055626183,2007-04-11 15:29:00
44063.056777435,-0.383769955258209,78117.0977191839,1.27042203577842,-762.840658858092,0.786972647434216,2007-04-11 15:34:00
43922.2214131576,-0.562471349820321,78483.4371100382,1.1683227133792,-332.852316737025,1.53150950035179,2007-04-11 15:39:00
43748.7802421541,-0.757652883403372,78777.9941651234,1.06016902283713,-25.0628802492609,0.752595805358589,2007-04-11 15:43:24
43720.9849549793,-0.786379617834738,78815.8760506462,1.04448337426062,-0.59904270776412,0.603213266354375,2007-04-11 15:44:00
43452.7808946518,-0.991639263425315,79112.1122133415,0.937369011658387,-1.40614342080025,-0.650562424566202,2007-04-11 15:49:00
43131.8156265004,-1.13871718278901,79382.3678864798,0.870986541941008,-240.578257191364,-0.298837782090507,2007-04-11 15:54:00
42775.0652631997,-1.23061092094897,79638.6393671811,0.843983046583473,-186.066583950845,-0.00432253202862537,2007-04-11 15:59:00
42398.7765935775,-1.26919333291073,79892.6379454978,0.855808176536347,-264.161979859528,0.0660628094814307,2007-04-11 16:04:00
42018.7982028897,-1.25525075368268,80156.0285882326,0.906702935749041,-98.5263847872044,0.64794323914414,2007-04-11 16:09:00
41896.5192818094,-1.23929711962207,80246.0872765897,0.931945991774978,-43.7404519436965,0.466541617860763,2007-04-11 16:10:38
41649.8258813377,-1.20450784767169,80439.6552797986,0.982664343286145,0.290035700278624,-0.0975798203009288,2007-04-11 16:14:00
41294.5334039406,-1.16684155314555,80743.2690357188,1.03740967960131,-163.656535772331,-0.913387146755475,2007-04-11 16:19:00
40948.1145672802,-1.14524997435173,81059.7388640545,1.068516760935,-422.343758547577,-0.390210169662274,2007-04-11 16:24:00
40605.8210123986,-1.13929306067057,81382.080224093,1.07661957012596,-385.609717423016,0.262947228328437,2007-04-11 16:29:00
40262.9884563021,-1.14884940627148,81703.4282408112,1.06188324777089,-347.0558709747,0.0353920772521089,2007-04-11 16:34:00
39914.9416307966,-1.1741137757821,82016.8977941937,1.02400745789872,-344.135700302573,0.0239431612720182,2007-04-11 16:39:00
39556.8989974377,-1.21560107371981,82315.443195945,0.962220266925389,-270.653049601164,0.674914229558143,2007-04-11 16:44:00
39183.8752966227,-1.27415683858554,82591.7145937141,0.875262411138188,-10.4676658965344,0.564763914246141,2007-04-11 16:49:00
39164.737533349,-1.2775525418205,82604.8058280263,0.870224268663203,-2.60468886937941,0.484621262062115,2007-04-11 16:49:15
38793.6012839115,-1.31915143949847,82841.5815704079,0.800052605385291,-0.0359925738823995,-0.274055585413666,2007-04-11 16:54:00
38397.5159851711,-1.31287933137827,83077.4697590447,0.782015976977469,-84.5888841145438,-0.148537118343403,2007-04-11 16:59:00
38011.0184517285,-1.25512466646344,83316.478558836,0.820891941342123,-57.3564400180072,0.316555942339387,2007-04-11 17:04:00
37926.3464619253,-1.23477609071001,83372.8529960727,0.837674440396014,-33.3006342949757,0.37182269572466,2007-04-11 17:05:08
37648.2953352244,-1.16292781382899,83573.8026608226,0.892003309138165,-1.96348060035178,-0.36416973891155,2007-04-11 17:09:00
37312.6550149046,-1.07559360185819,83849.123879124,0.939220912241784,-231.403488401136,-0.570214498026988,2007-04-11 17:14:00
37002.4748573757,-0.992905706089692,84134.8251616261,0.96132102750372,-261.243390028543,0.108386364922169,2007-04-11 17:19:00
36716.6156836932,-0.913178892658965,84423.4514600524,0.958754069852339,-243.459878354169,-0.0361478719357746,2007-04-11 17:24:00
36454.4339926076,-0.834788276512927,84707.6073398802,0.931467722997289,-229.77865145245,0.386881733370505,2007-04-11 17:29:00
36215.7688455849,-0.756136205180645,84979.806256507,0.878905873189,-38.8686832447599,0.515866801354754,2007-04-11 17:34:00
36190.2131670876,-0.747134820106945,85009.5609176074,0.871311839256904,-23.1744896014973,0.409426252775841,2007-04-11 17:34:34
36000.7083162857,-0.678218117788762,85233.4800388856,0.813110251911562,-0.318256437998566,-0.210012167523792,2007-04-11 17:39:00
35808.5226496706,-0.603417832511349,85468.2379170507,0.752783867428717,-134.206433760966,-0.60840677197284,2007-04-11 17:44:00
35638.4941556434,-0.530253267135813,85685.5954277373,0.696911185218415,-303.290443660205,-0.344008187428981,2007-04-11 17:49:00
35490.356241408,-0.457233279553523,85886.7159015366,0.64435348315831,-335.273842697781,-0.0226166261969923,2007-04-11 17:54:00
35364.2884586252,-0.382869674246651,86072.4317475169,0.594039600608371,-339.737585651427,0.0544963506624994,2007-04-11 17:59:00
35260.9201627945,-0.305646871881758,86243.2614182691,0.544944107450428,-305.350838100448,0.101980411742653,2007-04-11 18:04:00
35181.3433399344,-0.223991020803169,86399.4199763125,0.496066405145883,-250.087344465493,0.453376922207714,2007-04-11 18:09:00
35127.1348619773,-0.136237920897967,86540.8234772112,0.446410333877404,-55.5057438523377,0.567927765406585,2007-04-11 18:14:00
35121.5594207228,-0.123057514638484,86559.8635978457,0.439170300396456,-33.2823655089932,0.466183730572372,2007-04-11 18:14:43
35100.439723975,-0.0400023168360732,86667.3900405988,0.398500047935916,0.129679221493547,-0.284288592345248,2007-04-11 18:19:00
35104.2798744249,0.0676907940763648,86780.6090707997,0.357365367420501,-190.662609864642,-0.758335690239929,2007-04-11 18:24:00
35142.4201790569,0.189052955031057,86882.4124646676,0.3222668138264,-403.26738716647,-0.681360127947735,2007-04-11 18:29:00
35219.3248025417,0.32655760693025,86974.5008780232,0.292489055477044,-546.671786075081,-0.040521246243179,2007-04-11 18:34:00
35340.2479519405,0.483007185290748,87058.3769689753,0.267425202013032,-475.528988410243,0.0883277362336362,2007-04-11 18:39:00
35511.3409609116,0.661590235728502,87135.3760230844,0.24656443556628,-465.937384130354,0.51335591833533,2007-04-11 18:44:00
35739.777657948,0.865946398621735,87206.6931673636,0.229481599954868,-167.222463198073,0.941512430434711,2007-04-11 18:49:00
36033.900573735,1.1002405873829,87273.4077277552,0.215828535719573,1.50043765058799,0.328904341951467,2007-04-11 18:54:00
36036.1027274193,1.10191335376087,87273.8393046302,0.215748362620146,2.15647420395426,0.327119836762804,2007-04-11 18:54:02
36396.2075336427,1.29688303335343,87336.8571124298,0.208871830635724,-38.7084795191824,-1.01864434283273,2007-04-11 18:59:00
36801.2415743988,1.38556735148961,87399.7496418964,0.212110034130096,-471.895628148076,-0.894888512659618,2007-04-11 19:04:00
37216.9397450169,1.36809773261644,87465.1485439736,0.225609302329859,-501.572778179004,0.0197617655887498,2007-04-11 19:09:00
37611.4564343428,1.24411813437668,87536.1681281137,0.249644759226338,-533.832096359554,0.146457004553291,2007-04-11 19:14:00
37952.5143386603,1.01110177076951,87616.0372569772,0.284706263287135,-365.000322847031,0.79314410197489,2007-04-11 19:19:00
38206.7466289483,0.664299614584931,87708.1651527843,0.331508391094909,-133.415722683787,0.633974131296891,2007-04-11 19:24:00
38289.5160995284,0.449226573872604,87759.2390337836,0.359204412286022,-55.9026744357741,0.433947560914122,2007-04-11 19:26:28
38340.3903083038,0.223754816717038,87815.9963930622,0.386770978672794,0.289688490854578,0.31362794263125,2007-04-11 19:29:00
38347.8915493896,-0.16083903006342,87938.5062852359,0.426840098696532,-3.63892789332893,-0.630303441040814,2007-04-11 19:34:00
38251.2634048016,-0.471617706046447,88070.2626133698,0.448518365912703,-337.311565797754,-1.14091966744072,2007-04-11 19:39:00
38071.6644821084,-0.714915085667631,88205.8236176694,0.4522475977082,-542.944324083991,-0.100618896615021,2007-04-11 19:44:00
37828.5623896856,-0.895689730025656,88339.8250801502,0.43810379828716,-421.101118491901,0.689626064268344,2007-04-11 19:49:00
37540.1304994167,-1.01762594562862,88466.8709983366,0.405798707686795,-194.901094022728,0.777991277280807,2007-04-11 19:54:00
37288.361203921,-1.07452014170358,88559.7859880017,0.366448801387673,-27.3819531212751,0.536681796864135,2007-04-11 19:58:00
37223.60400429,-1.08392527800361,88581.4414284946,0.355564817157006,0.475075796037574,0.38352008287486,2007-04-11 19:59:00
36892.6039172015,-1.1196269927309,88681.5445624358,0.315835751328379,-0.580829817564455,-0.393129856686164,2007-04-11 20:04:00
36553.6661466927,-1.13693285995695,88773.3376424011,0.300070557202138,-190.769008248514,-0.69318716806172,2007-04-11 20:09:00
36212.2472926727,-1.1361955846724,88863.9495511362,0.307947929721731,-358.71419260814,-0.376290568970826,2007-04-11 20:14:00
35873.7533889319,-1.11740014072059,88960.4850983378,0.339628414935778,-406.785074957742,0.0448032674288839,2007-04-11 20:19:00
35543.650081677,-1.08016346455453,89070.1698213623,0.395757682032387,-342.787060577886,0.348923264137394,2007-04-11 20:24:00
35227.5740230063,-1.0237266481491,89200.4972464439,0.477479682503178,-238.691217641291,0.21247474883676,2007-04-11 20:29:00
34931.4477495978,-0.946939471954908,89359.3816117028,0.586459964629319,-176.623637571636,0.489029623783295,2007-04-11 20:34:00
34780.2504299703,-0.895815356135064,89461.3315038846,0.658332712210116,-67.7893678973955,0.688207813426989,2007-04-11 20:36:44
34661.328529598,-0.854234673113761,89555.027315853,0.718480882513284,-2.75463960923185,0.151809825876555,2007-04-11 20:39:00
34415.9217855361,-0.787449577210492,89787.9265181165,0.829291073064012,-131.695717753847,-0.678277175464392,2007-04-11 20:44:00
34185.5328845096,-0.753946024233821,90049.7722060956,0.911784537066843,-307.699490116407,-0.418996016003892,2007-04-11 20:49:00
33960.2965084092,-0.753041189671958,90332.3354999407,0.967642545738698,-362.522725233463,0.0599346186694774,2007-04-11 20:54:00
33730.4523509825,-0.784716632399619,90627.8097582772,0.998003522145539,-322.986687679339,-0.00835205112496371,2007-04-11 20:59:00
33486.1461963544,-0.849617918835717,90928.6514737039,1.00348624301551,-316.200729261147,0.47148895306874,2007-04-11 21:04:00
33217.2290836059,-0.949067780012857,91227.4265311364,0.984202449816861,-68.4358488331095,0.648693094159506,2007-04-11 21:09:00
33146.8785567875,-0.97870717939954,91298.9731421808,0.975729987323175,-32.3139038415608,0.360999625713341,2007-04-11 21:10:13
32914.3577970243,-1.06780883542095,91517.2287795139,0.947296199728751,0.572531855326502,0.0523672256190842,2007-04-11 21:14:00
32578.6413973236,-1.16691059762839,91795.8288440609,0.910046885878054,-44.3925909259914,-0.622729851657892,2007-04-11 21:19:00
32216.1506704315,-1.24660688866943,92063.2245887464,0.872474129882961,-343.229960352914,-0.979249279135697,2007-04-11 21:24:00
31832.4541798858,-1.3085219715307,92319.2044758372,0.833812174189731,-538.550413026695,-0.338547150350352,2007-04-11 21:29:00
31432.6883017721,-1.35391771644599,92563.3243048914,0.793273062636252,-590.549223419143,-0.169708895022076,2007-04-11 21:34:00
31021.661907456,-1.38371931864399,92794.8981596599,0.750030581385623,-623.263682374019,0.18184917862768,2007-04-11 21:39:00
30603.9543715547,-1.39853415443746,93012.9844286617,0.703203420143119,-428.105846395264,1.10289746229352,2007-04-11 21:44:00
30184.0089026125,-1.39866415995314,93216.3666145197,0.651837210470986,-77.5167316036104,0.785407476827021,2007-04-11 21:49:00
30074.9988612552,-1.39629971831034,93266.6576371097,0.637611739499688,-31.8672836216787,0.411743186521263,2007-04-11 21:50:18
29765.8677472726,-1.38891581340528,93403.8955957104,0.59984711679205,-0.456186455107983,0.00241917341879636,2007-04-11 21:54:00
29350.407238464,-1.38125255623587,93577.4073185474,0.558736222612738,-71.4489401703754,-0.731277179523924,2007-04-11 21:59:00
28936.8642397425,-1.37611074576691,93740.2019459925,0.528278715508453,-390.94619074739,-0.949487177297484,2007-04-11 22:04:00
28524.4992894623,-1.37338558850902,93895.3771322268,0.507853851391774,-550.69902408362,-0.201970134945347,2007-04-11 22:09:00
28112.5969353818,-1.37302154395952,94045.8752421927,0.49704535805783,-566.409580533138,-0.0340598986911107,2007-04-11 22:14:00
27700.4511532752,-1.37501119265033,94194.5433189331,0.495632951282163,-562.245242763802,0.228773297938313,2007-04-11 22:19:00
27287.350957693,-1.37939508493433,94344.1911082063,0.503587845282926,-440.746443125699,0.367734636049809,2007-04-11 22:24:00
26872.5659116095,-1.3862625674283,94497.6483229585,0.521072166047658,-323.678360993894,0.698107896130312,2007-04-11 22:29:00
26455.3312396341,-1.39575360395591,94657.8223147399,0.548442255567859,-62.4571617755324,0.595223168145932,2007-04-11 22:34:00
26343.5524024115,-1.39875101310364,94702.0540936524,0.557476854732388,-28.5035673686831,0.282074112170784,2007-04-11 22:35:20
26034.868849188,-1.40756224872102,94827.383008618,0.581149725015821,0.99487559853369,0.14572885455238,2007-04-11 22:39:00
25610.6723118539,-1.42063587876177,95005.7412020362,0.606637131637899,-2.10426439415895,-0.592968350750231,2007-04-11 22:44:00
25182.3408759399,-1.43517496186804,95190.6282594408,0.624749258343128,-292.012236565308,-0.661376289195511,2007-04-11 22:49:00
24749.3912772132,-1.45147581414489,95379.8906175743,0.63585524222223,-324.645245459618,0.0634164565688549,2007-04-11 22:54:00
24311.246130236,-1.46987065771532,95571.4638846943,0.640181430553224,-326.702199591518,0.0115052963576021,2007-04-11 22:59:00
23867.2221608697,-1.49073439162627,95763.3307669082,0.637815993908254,-321.724245570436,-0.0829268987896019,2007-04-11 23:04:00
23416.5162806972,-1.51449223253855,95953.4799543925,0.628710723128034,-303.001988776089,0.606995620227045,2007-04-11 23:09:00
22958.1892195514,-1.54162838092286,96139.8651295721,0.61268004678736,-23.0570963357984,0.597197295631657,2007-04-11 23:14:00
22921.162194392,-1.54396126063477,96154.5504585209,0.611089625967522,-10.6106178144759,0.443907864834457,2007-04-11 23:14:24
22491.626616079,-1.56747296364064,96321.0933393977,0.597337430112674,1.25914330075494,0.0101846779769026,2007-04-11 23:19:00
22018.493254464,-1.58547035222955,96499.3865801978,0.593137173502823,-18.9756767868869,-0.598497399764728,2007-04-11 23:24:00
21541.0958783231,-1.59594790871827,96678.0865610868,0.600053626696542,-331.611612166991,-0.927124616779201,2007-04-11 23:29:00
21061.6546433354,-1.59911917262002,96860.5437604379,0.618227751572671,-487.323871319818,-0.316886454053173,2007-04-11 23:34:00
20582.3480499887,-1.59504877638519,97050.1852312155,0.648029948785562,-542.353997157946,0.0732760764450571,2007-04-11 23:39:00
20105.3573428558,-1.58365376265329,97250.5844465748,0.690067606774766,-450.298864246357,0.389327617894175,2007-04-11 23:44:00
19632.9109657988,-1.56470189352723,97465.5341296027,0.745197480742124,-324.597430602082,0.536242223783939,2007-04-11 23:49:00
19167.3299791244,-1.53780691741178,97699.1235515159,0.814543153887981,-135.169752574507,0.612509902909715,2007-04-11 23:54:00
18931.7923302201,-1.52074387666746,97827.7096803472,0.856110010264445,-52.0434838732176,0.459021688669327,2007-04-11 23:56:34
18710.9991053794,-1.50398791326904,97955.5869848841,0.894690678868344,-0.391490960694544,0.226427346382811,2007-04-11 23:59:00
18264.6199261563,-1.47249593289151,98233.8598868452,0.956655905180848,0.0456570031510271,-0.166499683088085,2007-04-12 00:04:00
17827.1588833498,-1.44443289930026,98527.3529971092,0.996330716174258,-109.735742733968,-0.660272895822045,2007-04-12 00:09:00
17397.6746798339,-1.41922686935765,98829.5115907489,1.01452371066986,-357.424508725311,-0.740882571507402,2007-04-12 00:14:00
16975.3885917297,-1.39636412754518,99133.9575511046,1.01160567389732,-496.685077176039,-0.206660338240569,2007-04-12 00:19:00
16559.6685974988,-1.37537871610227,99434.3593795597,0.987517134342194,-509.241727662606,0.0304937039113308,2007-04-12 00:24:00
16150.0164969277,-1.35584293849975,99724.3031554213,0.941767151677263,-469.491132510094,0.362656148166919,2007-04-12 00:29:00
15746.0577574786,-1.33735864270243,99997.1618159855,0.873423311074792,-269.466269554244,0.931671842357051,2007-04-12 00:34:00
15377.8990296603,-1.32089891536695,100227.903046484,0.789059986682896,-14.5937192016627,0.638007857475862,2007-04-12 00:38:37
15347.5336059148,-1.31958499641758,100245.961147243,0.781230279058944,-1.09509075443862,0.533200349519017,2007-04-12 00:39:00
14953.5341610973,-1.30914338245571,100466.156689236,0.690076015787593,-0.271255627479299,-0.406906364675128,2007-04-12 00:44:00
14560.8151763225,-1.31103412747253,100661.92165319,0.618083703540042,-192.153711701224,-0.780178147077606,2007-04-12 00:49:00
14165.6774336433,-1.32529576609879,100838.775182189,0.563786091499734,-401.311250934416,-0.437320778254266,2007-04-12 00:54:00
13764.3724192309,-1.35221895993803,101001.850991801,0.526076558513431,-433.849851464058,0.126528537179934,2007-04-12 00:59:00
13353.02592619,-1.39235242144179,101156.001998578,0.504186559422097,-371.45598781941,0.198536965375961,2007-04-12 01:04:00
12927.5590956664,-1.44651409703134,101305.899225707,0.497669961603535,-273.623693753558,0.709446853505577,2007-04-12 01:09:00
12483.6052870131,-1.51580783738537,101456.127001538,0.506393952495237,-2.29101740827071,0.61702557288615,2007-04-12 01:14:00
12477.539992279,-1.51684001937638,101458.153015908,0.506613688726364,0.134540023789123,0.595806539091362,2007-04-12 01:14:04
12018.1644309986,-1.58396515952017,101610.47240493,0.522382443368001,-0.593279031052943,-0.513120249198754,2007-04-12 01:19:00
11535.0641271611,-1.633733839129,101769.455736417,0.537364406424681,-226.53659200619,-0.750315384388911,2007-04-12 01:24:00
11039.6607045685,-1.66612497128932,101932.820829197,0.551643697387915,-390.751430597355,-0.346508621099119,2007-04-12 01:29:00
10537.05975091,-1.68179870864281,102100.400817675,0.565511337627498,-447.984887539878,-0.0873130760089034,2007-04-12 01:34:00
10032.2201634435,-1.68107449229661,102272.11473861,0.579249958799928,-459.112907843459,0.00131868168191911,2007-04-12 01:39:00
9530.05521459315,-1.66393756224384,102447.965881032,0.593139563067993,-420.445338046871,0.375564779441335,2007-04-12 01:44:00
9035.53268768239,-1.63003865654486,102628.041853274,0.607463229729574,-224.676579085896,0.846952056776994,2007-04-12 01:49:00
8695.05259793252,-1.59579703977849,102757.316208363,0.617954591780096,-49.2088689271123,0.694624884607757,2007-04-12 01:52:31
8553.74413925766,-1.57976508258954,102812.525635378,0.622825270341254,0.0569604675459134,0.382224991346207,2007-04-12 01:54:00
8087.4942616614,-1.5294888805742,103002.427811958,0.644579135962733,-44.6261628345186,-0.608754623786709,2007-04-12 01:59:00
7635.54745308877,-1.48424967043323,103200.131754508,0.674925200152777,-275.180516041479,-0.638565829904685,2007-04-12 02:04:00
7196.53323958637,-1.44312544721989,103408.303374969,0.714481935718684,-389.293068689609,-0.257573083287919,2007-04-12 02:09:00
6769.34472201991,-1.40527807213565,103629.821923459,0.764055535026679,-426.992673015413,0.15258822777113,2007-04-12 02:14:00
6353.11601673961,-1.36993619070857,103867.838669297,0.824656340734102,-367.672824627318,-0.183980145515466,2007-04-12 02:19:00
5947.20460830024,-1.33637951208034,104125.841125949,0.897519437239302,-529.290036817364,-0.434157116067461,2007-04-12 02:24:00
5551.17825457243,-1.30392412900332,104407.724128848,0.984129822516453,-453.595459446211,1.17971285507235,2007-04-12 02:29:00
5196.63723319428,-1.27457567283098,104690.827541547,1.07710140085134,-27.8977785548187,1.10990609934341,2007-04-12 02:33:35
5164.8055859737,-1.27197954640342,104717.867917651,1.08609702487875,-3.2680286410014,0.852291685266486,2007-04-12 02:34:00
4786.75353389673,-1.25169753839248,105058.380885383,1.17961265442334,1.94468415838715,-0.0713249329728141,2007-04-12 02:39:00
4411.80357150489,-1.25126389619361,105423.096656747,1.24772253059759,-4.31908879020918,-0.549207119455947,2007-04-12 02:44:00
4034.0125879397,-1.27066978189272,105804.614268529,1.29181477760965,-307.248244719336,-0.809994602106951,2007-04-12 02:49:00
3647.37957045697,-1.31031070024233,106195.875190108,1.31278802454107,-397.554259338356,-0.0802892154129917,2007-04-12 02:54:00
3245.72329982824,-1.3709945593093,106590.019465941,1.31106972000025,-374.969346067171,0.440690440850478,2007-04-12 02:59:00
2822.55637301515,-1.45395813617424,106980.24590515,1.28662484380709,-145.152455154021,0.833403039549477,2007-04-12 03:04:00
2618.78910342508,-1.50005079509449,107156.546275304,1.26762885105892,-45.5150333658542,0.573778392657295,2007-04-12 03:06:18
2371.88385659117,-1.54365052278448,107359.44000375,1.23463091212124,-1.54098554966892,-0.125841906967225,2007-04-12 03:09:00
1905.04439250707,-1.55325294696119,107715.77450728,1.1317954015813,-172.000499117947,-0.565534413348477,2007-04-12 03:14:00
1449.16623333534,-1.47045129856571,108032.913551938,0.972884960778973,-266.258349474796,-0.20862543473478,2007-04-12 03:19:00
1032.17639914287,-1.29355802537994,108293.578140516,0.7546608900983,-313.52183402393,-0.026257121910725,2007-04-12 03:24:00
682.794479714016,-1.01896792580078,108479.33828913,0.472675639017539,-308.014610673601,-0.121533721769445,2007-04-12 03:29:00
431.117958736635,-0.641084672453158,108570.237411999,0.121182162095467,-309.708320279945,0.602539890700513,2007-04-12 03:34:00
315.244137417705,-0.211703499855302,108553.669967357,-0.25587701718295,-29.4844507873701,0.933169700446555,2007-04-12 03:38:27
309.220931991744,-0.153542073849848,108544.39883361,-0.305779513132636,-1.77895715921038,0.736254416258086,2007-04-12 03:39:00
336.770169066019,0.321377251687667,108391.135301558,-0.697724890565655,-11.7826613435131,-0.66579179412415,2007-04-12 03:44:00
493.006067449067,0.705823106701511,108136.349701279,-0.983740457988813,-268.86885090121,-0.654250996227418,2007-04-12 03:49:00
752.005812540752,1.00763075133378,107810.89430523,-1.16965540134915,-350.085038887541,-0.0634567070904925,2007-04-12 03:54:00
1089.94098472963,1.232951224483,107444.181088806,-1.25925878983947,-361.367816674965,-0.0538029101921178,2007-04-12 03:59:00
1484.59192048178,1.38637670603468,107064.781165807,-1.25437679962808,-329.674049291202,0.518495172835471,2007-04-12 04:04:00
1914.89486093981,1.47103410851685,106701.007086585,-1.15490993253386,-90.0524587230219,0.666010377619374,2007-04-12 04:09:00
2061.23959797522,1.4842131634253,106589.250474376,-1.10103930913627,-39.7095899179586,0.373627662065463,2007-04-12 04:10:39
2361.27550644104,1.50003806027232,106379.44636937,-0.989340230658301,0.168320461072931,0.0685986985046411,2007-04-12 04:14:00
2813.26151895178,1.5106194373206,106104.04253309,-0.852442911485938,-49.0127834785327,-0.5300894500874,2007-04-12 04:19:00
3266.10365980602,1.5057552564526,105864.654938982,-0.748824981116175,-257.84277952283,-0.487653001192794,2007-04-12 04:24:00
3715.16125699297,1.48534638245334,105651.632897983,-0.676374637771867,-305.424613953901,-0.058892835126878,2007-04-12 04:29:00
4155.71650700526,1.44897686900709,105455.863068391,-0.633615295660543,-329.704633017617,-0.02015286207433,2007-04-12 04:34:00
4582.87832289116,1.39590548143704,105268.583719958,-0.619675491181862,-315.325603119302,0.0419793417967012,2007-04-12 04:39:00
4991.48265067584,1.32505058985361,105081.206164041,-0.634271121924534,-281.256775728082,0.352480658107827,2007-04-12 04:44:00
5375.9872225347,1.2349681248237,104885.139710464,-0.677699656471756,-107.0643289534,0.628523315226086,2007-04-12 04:49:00
5494.17084721902,1.20143538657612,104818.441581071,-0.698039932702984,-51.1709251168544,0.509024392435516,2007-04-12 04:50:37
5731.46726944717,1.140211486193,104672.770957946,-0.733781179861879,-2.19753218624783,-0.142446326242006,2007-04-12 04:54:00
6064.85584109329,1.09037438410666,104449.116856315,-0.750009559118696,-172.703471940076,-0.701688904661292,2007-04-12 04:59:00
6390.45303711957,1.08818094279253,104227.10392181,-0.722821521189076,-321.190420162807,-0.171573999592549,2007-04-12 05:04:00
6722.52107662875,1.13358645846961,104019.818016399,-0.651662955924212,-309.937403064304,-0.00759701919406768,2007-04-12 05:09:00
7075.4540587825,1.22751632550118,103840.645148617,-0.535083604821085,-293.304208820094,0.502816123455922,2007-04-12 05:14:00
7464.07132403813,1.3718848965424,103703.544289254,-0.370707503797418,-36.0014861518537,0.716879253634044,2007-04-12 05:19:00
7516.61866595656,1.39390777559184,103689.918203729,-0.346317694466998,-11.7828333931203,0.559569631894357,2007-04-12 05:19:38
7900.49362560151,1.5303868434615,103619.289435681,-0.201495853412129,-3.35752725161402,-0.56588568573621,2007-04-12 05:24:00
8377.68239839573,1.64336719117774,103575.974435895,-0.0982032166137812,-259.448940089684,-0.609125394184674,2007-04-12 05:29:00
8882.11256947472,1.71230398170552,103553.89321472,-0.059697396564808,-307.38002348382,0.00381705830026419,2007-04-12 05:34:00
9400.80381909541,1.73860219231302,103533.760131179,-0.0851936192505492,-328.313006949425,-0.143014314260523,2007-04-12 05:39:00
9921.06647770334,1.72279779788124,103496.329248624,-0.175211514509057,-336.993459309382,0.310196826916496,2007-04-12 05:44:00
10430.2429020959,1.66456869442556,103422.002089854,-0.331585706430034,-144.117808991425,0.742875580357933,2007-04-12 05:49:00
10623.0480023339,1.63013277060251,103378.653257527,-0.411199891828887,-64.5472304579927,0.5952515499837,2007-04-12 05:50:57
10916.2111711676,1.57521762743413,103291.792479474,-0.535132441245369,-1.18642370775857,0.00186483566385326,2007-04-12 05:54:00
11377.3498709717,1.50253201015025,103105.23069609,-0.701143141700218,-118.434680636786,-0.476853170695256,2007-04-12 05:59:00
11819.7577407393,1.45013377668811,102875.433011813,-0.823860328029297,-227.172282193752,-0.313555259517396,2007-04-12 06:04:00
12249.3507817832,1.41695501648293,102614.990980409,-0.905785057445852,-300.551728010251,-0.0860183420549202,2007-04-12 06:09:00
12671.7838207528,1.40231952451387,102335.871603635,-0.948587009980713,-285.21542092682,0.0728373214816281,2007-04-12 06:14:00
13092.565758732,1.40592901979964,102049.661226627,-0.953138517662764,-281.279670307077,-0.0291700792141252,2007-04-12 06:19:00
13517.1718462771,1.42785706623533,101767.801675257,-0.919532343221171,-235.517702699317,0.586370465195066,2007-04-12 06:24:00
13822.5476932416,1.45462740808346,101577.507397189,-0.872432752869448,-58.7486466708376,0.815466746221555,2007-04-12 06:27:32
13951.1142585453,1.46715228266174,101501.740749043,-0.84990302108099,-1.5965469123479,0.431621078265559,2007-04-12 06:29:00
14396.7392202245,1.50158283513063,101256.480873726,-0.789273601440284,-57.2380795999767,-0.584755024228691,2007-04-12 06:34:00
14850.8364008226,1.52372947463176,101025.764323764,-0.752783185250207,-238.08886277334,-0.380006567541145,2007-04-12 06:39:00
15309.7944519254,1.53404356428819,100802.473017634,-0.739688073756253,-280.493478260255,-0.124553968975717,2007-04-12 06:44:00
15770.1010928664,1.53273531205126,100579.640205183,-0.749721379947411,-347.028928646925,-0.234365347674822,2007-04-12 06:49:00
16228.2715281297,1.51977805487734,100350.308480657,-0.783087589222777,-359.127274761454,0.317693215896389,2007-04-12 06:54:00
16680.7774249183,1.49490771531739,100107.38798619,-0.840466726938898,-164.989730536156,0.778170864832343,2007-04-12 06:59:00
16884.5514309448,1.47945906068329,99989.9421550427,-0.874956564300763,-65.8239797508744,0.630971939290294,2007-04-12 07:01:17
17124.2162797786,1.46205897797877,99843.9414205395,-0.915121640274273,-1.1753781287012,0.0752918525378727,2007-04-12 07:04:00
17559.5721397622,1.44311033809479,99560.7507587146,-0.968435388832874,-117.888576081844,-0.607021193012548,2007-04-12 07:09:00
17991.7464619421,1.44081277591491,99265.4623537949,-0.99590996031634,-271.36916230787,-0.285415691646162,2007-04-12 07:14:00
18425.7191052079,1.45511946560622,98965.7309920392,-0.998105304616341,-294.316489129881,-0.0191053330548317,2007-04-12 07:19:00
18866.5065794193,1.48632198694268,98669.1209093152,-0.975066164297976,-300.571093688481,0.0577937942972515,2007-04-12 07:24:00
19319.2642851863,1.53505626789326,98383.2599552162,-0.926322986482749,-286.0216214302,-0.147003383641408,2007-04-12 07:29:00
19789.3915843347,1.60231554525349,98115.9950536681,-0.850882353051169,-324.169816600215,0.33802283079805,2007-04-12 07:34:00
20282.6418424621,1.68947060746656,97875.5521284156,-0.747206734126114,-96.1749812080069,0.68458894941079,2007-04-12 07:39:00
20470.5068611135,1.72675015963635,97795.823309764,-0.701719102567358,-40.1646887882353,0.363232825259181,2007-04-12 07:40:50
20804.3554368008,1.7843320995749,97669.4446650796,-0.633068892269672,0.241625604493774,0.10921029760256,2007-04-12 07:44:00
21348.805764086,1.837772418615,97489.301585293,-0.578848576422082,-30.9550122408666,-0.469438009430775,2007-04-12 07:49:00
21902.5208474292,1.84620182780836,97315.5924794322,-0.590103031564025,-247.401441732906,-0.68482919717696,2007-04-12 07:54:00
22452.0459882796,1.80979212407516,97128.6738047833,-0.667061630915829,-373.990800203865,-0.175604091827203,2007-04-12 07:59:00
22983.8410942946,1.72780125363404,96908.632798906,-0.811292841501467,-310.466296142443,0.785267773213409,2007-04-12 08:04:00
23455.1482344133,1.60768853219024,96653.2102222856,-1.01081704591593,-14.1760449834345,0.808466355853989,2007-04-12 08:08:42
23484.0054892131,1.59868583677915,96634.8829929604,-1.02551142975832,-0.553442772611365,0.702666391334332,2007-04-12 08:09:00
23942.2186556029,1.45934504279925,96293.1822702017,-1.2444785225922,-0.712546388483837,-0.574208922758705,2007-04-12 08:14:00
24361.4424850445,1.33831636067811,95892.7965040945,-1.41740816839466,-220.88189349205,-0.52493032117322,2007-04-12 08:19:00
24746.7919448907,1.23313314603211,95446.9857906824,-1.54782478742794,-274.293389451357,-0.0338312478223403,2007-04-12 08:24:00
25102.6916204957,1.14165169555797,94968.0844356164,-1.6383863564231,-279.742432481611,0.0455114291289959,2007-04-12 08:29:00
25432.9658911826,1.06200755694518,94467.7523354409,-1.69093857989924,-259.288963435013,-0.00650921513613045,2007-04-12 08:34:00
25740.9168736176,0.992577530107996,93957.2126139772,-1.70655250683925,-300.450244673271,-0.237941849651631,2007-04-12 08:39:00
26029.3917211255,0.931946585296848,93447.4803569908,-1.68554635937458,-299.956138997262,0.620810311585178,2007-04-12 08:44:00
26277.0503456456,0.883374581364865,92993.621445893,-1.63425943840206,-21.9594957021915,0.862358234809829,2007-04-12 08:48:33
26300.8411921399,0.878939200472506,92949.5849159315,-1.62773546132167,-0.752273070891216,0.702341990521594,2007-04-12 08:49:00
26558.3301340519,0.841137613776634,92470.9088703697,-1.56698576894559,-0.44948753383089,-0.517738738695093,2007-04-12 08:54:00
26807.5819710995,0.823932092220784,92007.3202611005,-1.52698207101887,-199.278407378042,-0.540651587869699,2007-04-12 08:59:00
27054.7125578547,0.826971975925262,91552.7279092161,-1.50690906578749,-280.959894919484,-0.0950152571202801,2007-04-12 09:04:00
27305.7945164097,0.850319219725361,91101.2239854693,-1.50635765216278,-288.034083790902,0.0116369794136739,2007-04-12 09:09:00
27566.9810004204,0.89444965585178,90646.9636048155,-1.5253165919713,-282.979067357806,0.0221741869653735,2007-04-12 09:14:00
27844.6311004373,0.960262691705393,90184.0457038,-1.56417228091347,-278.29857669983,-0.00539784944029429,2007-04-12 09:19:00
28145.4394463665,1.04909964037341,89706.3927729919,-1.62371662356282,-231.693850141539,0.549227555647857,2007-04-12 09:24:00
28345.5735695095,1.11612580302353,89401.7385662347,-1.67125772869538,-86.0058205175709,0.855050694854107,2007-04-12 09:27:05
28476.1871950709,1.1527147500365,89207.8441850169,-1.69949673822322,-2.16844249739301,0.533588294476238,2007-04-12 09:29:00
28827.6684296669,1.17224079522093,88691.1655142492,-1.73615838195576,-0.395768176544495,-0.430828784625751,2007-04-12 09:34:00
29168.5664941844,1.08204069747412,88171.4496872182,-1.71977876523433,-205.365032023665,-0.804754368008181,2007-04-12 09:39:00
29465.7439609691,0.880276119299462,87664.6321465989,-1.65002406066461,-336.297117633092,0.390441333488195,2007-04-12 09:44:00
29685.1723477428,0.56283496549073,87186.9112106525,-1.52547262135064,-95.3310315747224,0.259121175882079,2007-04-12 09:49:00
29791.2385946861,0.123247575919031,86755.0782056383,-1.34358600679327,-189.228676845,0.0380616742872883,2007-04-12 09:54:00
29768.1072794725,-0.328423555648967,86451.0637246809,-1.15172287321254,-40.1252891845086,0.76342197095156,2007-04-12 09:58:03
29746.1069418884,-0.442829485664998,86386.8195191372,-1.10277124601333,-1.2425826921057,0.577813268913114,2007-04-12 09:59:00
29530.0832590771,-0.97939163989018,86091.3968745985,-0.874855624694219,-3.3475333900281,-0.599503647635856,2007-04-12 10:04:00
29168.7204818926,-1.41339905213685,85857.2377736069,-0.693655370085019,-188.069435454672,0.0691135783040091,2007-04-12 10:09:00
28691.4084154565,-1.75369707977902,85670.9043296285,-0.555477501459973,-4.47387745540726,0.282913898555336,2007-04-12 10:14:00
28125.1737418843,-2.00722122111285,85519.9333745694,-0.45750586270129,-118.342994415358,-0.571303007672737,2007-04-12 10:19:00
27495.2308418962,-2.17913846538727,85392.5824511885,-0.397743727179683,-219.633654068552,-0.0627930813811615,2007-04-12 10:24:00
26825.49568053,-2.27295259945351,85277.5904940722,-0.374973103148454,-150.421276672917,0.505486731687901,2007-04-12 10:29:00
26482.9450385927,-2.29122939476325,85221.2850695904,-0.377285495559319,-63.6440223377552,0.576051654600315,2007-04-12 10:31:30
26138.8705137236,-2.29463063591215,85164.3439926809,-0.380815148791593,-1.10077201281315,0.168722334868285,2007-04-12 10:34:00
25453.2438717112,-2.26898576888054,85051.3791355308,-0.367819808438934,-89.2069904882996,-0.595359526840482,2007-04-12 10:39:00
24781.8551390707,-2.19955035771042,84946.3519767507,-0.327807467004536,-268.257231364085,-0.397803592735109,2007-04-12 10:44:00
24138.0311618033,-2.08490926291595,84857.4760169867,-0.259962646574018,-317.260593727836,-0.0867577401849149,2007-04-12 10:49:00
23535.6605738087,-1.92272602335711,84793.2939289759,-0.162902624950139,-351.005393785124,-0.103452181721774,2007-04-12 10:54:00
22989.4768564068,-1.70969523762024,84762.8516628519,-0.0346492548622235,-352.171356484962,0.169869181841007,2007-04-12 10:59:00
22515.3586164063,-1.44147519775675,84775.8828085765,0.127411351980201,-350.815729192651,-0.643085205117276,2007-04-12 11:04:00
22130.6532025867,-1.11259940241085,84843.006972924,0.326582097655111,-563.32999464957,0.409297766756698,2007-04-12 11:09:00
21854.5302561099,-0.716365145915763,84975.9462140734,0.566922213351259,-122.001353946172,1.28267448794692,2007-04-12 11:14:00
21797.1678976899,-0.586226077827413,85029.2816864256,0.645918545479557,-40.9434800062985,0.612220558905863,2007-04-12 11:15:28
21705.0852320844,-0.291229200115739,85185.3189107249,0.818718731255639,0.547872637002719,-0.0406656873668746,2007-04-12 11:19:00
21669.7926086618,0.0394980465009162,85458.6046083341,0.98893893167093,-83.1573787945662,-0.688703467158056,2007-04-12 11:24:00
21719.2225133013,0.274544982571685,85770.2813095878,1.0750925577492,-354.881414461636,-0.719639393493518,2007-04-12 11:29:00
21825.4367680308,0.418702019712922,86095.4346506201,1.078935477225,-455.161557999804,-0.11226020118261,2007-04-12 11:34:00
21961.6544973938,0.474907173441205,86409.4249303746,1.00054601133242,-446.735679575564,0.233531871315012,2007-04-12 11:39:00
22101.7063165397,0.444305941867766,86687.3849372419,0.838326531043438,-285.083112416229,0.899224620044759,2007-04-12 11:44:00
22193.5778115597,0.364079812464647,86856.8513461037,0.659725550844586,-56.6143067092959,0.899620980458442,2007-04-12 11:47:45
22219.6117410322,0.330705204908097,86903.8054215023,0.592662357620553,-0.265664211061417,0.571187343773312,2007-04-12 11:49:00
22302.3596683735,0.229453560247235,87043.1048488653,0.339918550268479,-28.8694746543981,-0.68046942572991,2007-04-12 11:54:00
22362.2999065311,0.178396226386273,87109.8571876906,0.108195349108539,-283.614697261282,-0.598116389359537,2007-04-12 11:59:00
22414.3094458627,0.176492621178873,87109.6507472482,-0.107229917565499,-363.690486062312,-0.258974021013384,2007-04-12 12:04:00
22473.1036438521,0.223703947895113,87046.7091727142,-0.310747758803369,-499.18469328573,-0.562483322945569,2007-04-12 12:09:00
22553.5361338025,0.320992404518536,86923.977525846,-0.506506002469161,-627.273836874136,-0.0768297582256717,2007-04-12 12:14:00
22670.9015516817,0.47034079397581,86743.1823072835,-0.698494330709471,-486.915522958874,1.03205721464188,2007-04-12 12:19:00
22841.2472508933,0.674792934968423,86504.8666437713,-0.890625592307525,-118.228731259317,0.96436195140945,2007-04-12 12:24:00
22911.9696695351,0.75503130895904,86413.5259611288,-0.954726080927185,-44.7200448494478,0.543918452592897,2007-04-12 12:25:39
23079.9884851866,0.912957579093134,86209.4693698442,-1.070870212566,-0.384575467449289,-0.0866147205745382,2007-04-12 12:29:00
23384.2444677731,1.10746703726068,85868.5502543189,-1.19160481415608,-126.344483409751,-0.669335480860875,2007-04-12 12:34:00
23739.8830571401,1.25608889281345,85500.5938896296,-1.25142404987194,-321.097158189012,-0.388340066359653,2007-04-12 12:39:00
24133.6148489246,1.36185215721266,85123.6613997497,-1.2515470751999,-344.236417870649,0.0540199008542962,2007-04-12 12:44:00
24552.9268033586,1.42691235555824,84755.6309692999,-1.1919763974773,-327.865593457982,0.0780183185268618,2007-04-12 12:49:00
24985.8272212641,1.45259545761235,84414.5622127443,-1.07149792699369,-307.53647899405,-0.00594740140873825,2007-04-12 12:54:00
25420.6013453128,1.43942490193786,84119.0642412478,-0.887656233041595,-267.384983713568,0.593992010161902,2007-04-12 12:59:00
25821.9569736444,1.39115592183289,83899.6360513113,-0.65280084318394,-13.126065271706,0.740736748219577,2007-04-12 13:03:43
25845.5732183222,1.38724040153196,83888.6735235138,-0.636952464161735,-1.20919638659705,0.659314444849685,2007-04-12 13:04:00
26252.8422914692,1.3323236481814,83735.1382113826,-0.399911144159689,-1.11252062625665,-0.65618008132153,2007-04-12 13:09:00
26647.5817517399,1.30356806966623,83640.9669447949,-0.2405213717868,-284.018915242444,-0.78752064703291,2007-04-12 13:14:00
27037.5389117297,1.30038760832641,83583.3901228057,-0.155534678333502,-361.999658213293,0.27305468625123,2007-04-12 13:19:00
27430.3636175994,1.3227174442617,83540.3839633922,-0.14321897892193,-227.625721296432,0.186407613156924,2007-04-12 13:24:00
27833.7641579867,1.37101267425933,83490.2216442471,-0.203323271473486,-232.298346668897,0.290431884945336,2007-04-12 13:29:00
28255.6643640132,1.44625758696677,83411.0304958068,-0.33707252112085,-29.5587520619865,0.648672302190059,2007-04-12 13:34:00
28303.5546286584,1.4562402418184,83399.5910165571,-0.356383397661187,-9.73820803701252,0.55182027443658,2007-04-12 13:34:33
28701.9797603814,1.52316973255717,83284.5942944732,-0.4994358318877,-3.02583040323609,-0.700802512654513,2007-04-12 13:39:00
29165.805085352,1.56280925438673,83115.4527389033,-0.62158239165979,-316.538541906814,-0.624768143645281,2007-04-12 13:44:00
29635.9804280115,1.5655749363468,82915.4878417825,-0.70527306635954,-328.115524879641,-0.0172852504378021,2007-04-12 13:49:00
30101.4707949803,1.53152314486022,82695.9614298721,-0.752213527147632,-451.507174667684,-0.740233594989074,2007-04-12 13:54:00
30551.1457099836,1.45995988195271,82467.7366533578,-0.763360451581303,-684.489316183676,-0.526027253935478,2007-04-12 13:59:00
30973.5523674018,1.34942664111632,82241.4993840163,-0.73894102133407,-631.68539467583,1.13436498472598,2007-04-12 14:04:00
31356.6822165375,1.19767068198458,82027.9760003315,-0.678457552308127,-147.264559597069,1.26361739026833,2007-04-12 14:09:00
31563.5049257443,1.08491155776903,81909.8929679832,-0.624036539416862,-18.4658057192096,0.307888860567229,2007-04-12 14:12:01
31688.0003756265,1.00851135629448,81837.8936264101,-0.587191620210344,0.750399746082292,0.0502961817759573,2007-04-12 14:14:00
31964.8030306575,0.843171224142338,81672.1969218586,-0.524614089324586,-166.60195610017,-1.69173910559393,2007-04-12 14:19:00
32197.5452689678,0.714277380642259,81518.8791669418,-0.504525412387191,-797.368973259679,-1.11749496068048,2007-04-12 14:24:00
32396.7491017736,0.61920288423312,81365.2765828547,-0.526516168909777,-728.645781071993,0.614793934507539,2007-04-12 14:29:00
32572.2530054618,0.556010053957957,81198.7195857859,-0.591034545017463,-619.662287417787,0.305804771343735,2007-04-12 14:34:00
32733.412436229,0.523410978247785,81006.2745724416,-0.699395467777759,-503.174623517081,0.445159650401378,2007-04-12 14:39:00
32889.2905004507,0.520741266434189,80774.4803246781,-0.853807404281649,-316.825571077801,0.96615020616252,2007-04-12 14:44:00
33048.8426667684,0.547946508029215,80489.0736609955,-1.05741737165983,-1.48714406586445,0.654241473331988,2007-04-12 14:49:00
33049.9388420775,0.548229026084764,80486.9572954312,-1.05894858730361,-0.191008312761758,0.641912144088146,2007-04-12 14:49:02
33219.4348844561,0.588814246940851,80140.6304383317,-1.25462006770217,-0.422620475286437,-0.470698186473814,2007-04-12 14:54:00
33401.8590097779,0.626958837224283,79742.6728408445,-1.3880700203453,-172.156794954449,-0.402397785210957,2007-04-12 14:59:00
33595.4156696382,0.663156936822915,79313.8878529031,-1.4604843406127,-212.107426026565,-0.0163905458021293,2007-04-12 15:04:00
33799.6323788366,0.698146286886262,78872.3341781139,-1.47333888012277,-235.355469055648,-0.200198942329291,2007-04-12 15:09:00
34014.2539110105,0.732639993450909,78435.8102858218,-1.4268956228708,-319.936687045571,-0.252775644180754,2007-04-12 15:14:00
34239.2370969536,0.767341061011964,78022.2171556575,-1.32020802463562,-318.934910039675,0.421658079554448,2007-04-12 15:19:00
34474.7499447992,0.802956720218428,77649.9231113106,-1.15110172178395,-107.665850376434,0.661247572415703,2007-04-12 15:24:00
34576.0713789548,0.818238092849759,77511.5184364376,-1.06144477215481,-42.0965672597048,0.399380269887427,2007-04-12 15:26:05
34720.9272690499,0.835963945626861,77336.9106916115,-0.937177714805378,-1.18915195742076,0.0572584357973658,2007-04-12 15:29:00
34974.1513512316,0.848450487198829,77082.7052703789,-0.766139274624848,-90.9092232608538,-0.734643862006304,2007-04-12 15:34:00
35227.7557425522,0.838503637219351,76872.2170069242,-0.645236010786857,-384.310373338023,-0.910807837708438,2007-04-12 15:39:00
35474.9914561487,0.805920672323948,76690.7997858278,-0.57200383501514,-568.719539574762,-0.353678114771031,2007-04-12 15:44:00
35708.9797073044,0.750037530193245,76524.3999786915,-0.544950227256589,-626.520323697826,-0.116916316229331,2007-04-12 15:49:00
35922.5717192792,0.669715275524802,76359.2700219205,-0.563523817137964,-559.70271071404,0.965173495841606,2007-04-12 15:54:00
36108.2030265229,0.563316887780304,76181.6882323082,-0.628103146673946,-135.068461390492,1.11132728875583,2007-04-12 15:59:00
36160.3899898249,0.523423464976658,76119.9619011758,-0.65867348313184,-56.7237082270396,0.567680315104796,2007-04-12 16:00:36
36258.62696511,0.441731803476209,75978.7635861249,-0.724051795228695,-0.499579231672807,0.108618304076454,2007-04-12 16:04:00
36375.7286611948,0.343064503789973,75749.1213022606,-0.803746449735526,-41.114939118539,-0.586755497589008,2007-04-12 16:09:00
36466.8437378221,0.268194035887596,75498.3305217769,-0.865280741810816,-338.773890373182,-1.13499955866973,2007-04-12 16:14:00
36538.8706656255,0.21559449024156,75231.6423367133,-0.909908780920912,-626.475430067022,-0.662023643559114,2007-04-12 16:19:00
36598.3188861729,0.184193853411955,74953.9838395169,-0.938540115943755,-707.234628915848,0.117976812527111,2007-04-12 16:24:00
36651.4414786804,0.173352159705363,74670.0585404364,-0.951758272375052,-649.281674768035,-0.101386120597777,2007-04-12 16:29:00
36704.3626018916,0.182848448251833,74384.4422281636,-0.949832644962823,-791.676358425085,-0.572853325242323,2007-04-12 16:34:00
36763.2023084731,0.212876259676594,74101.6762274263,-0.932723988150084,-901.329882666163,-0.0655498237708221,2007-04-12 16:39:00
36834.2012757247,0.264047580585671,73826.3599541816,-0.900083616224497,-854.783001829187,0.187869496767818,2007-04-12 16:44:00
36923.8479947004,0.337405316256645,73563.2446547474,-0.851246296873536,-728.867507731044,1.07918984937383,2007-04-12 16:49:00
37039.0110099359,0.434444545736203,73317.3302393366,-0.785216693311108,-258.475694425762,1.42373460260025,2007-04-12 16:54:00
37158.7145096777,0.533934864379045,73130.821020564,-0.716705730090591,-25.7547062112925,0.560296398330319,2007-04-12 16:58:08
37187.0656857745,0.55638033410899,73093.9573529533,-0.701216238655861,-0.0354801700742255,0.429185709189673,2007-04-12 16:59:00
37372.0049120058,0.672974561418851,72895.9121179342,-0.621867983072728,-1.32681627188862,-0.569234404755601,2007-04-12 17:04:00
37588.8186392488,0.769237175977412,72719.2426741762,-0.558469426128822,-252.2657421877,-0.614013095635046,2007-04-12 17:09:00
37831.7114908141,0.847130073373314,72559.3656961974,-0.509728463409938,-384.969346757732,-0.821465097317414,2007-04-12 17:14:00
38095.4195997706,0.908240762241013,72412.0401000461,-0.474651721941713,-752.862342415772,-1.11132372980498,2007-04-12 17:19:00
38375.1033278645,0.953814718734036,72273.2806072125,-0.452524314593087,-932.376360943664,-0.126385403227489,2007-04-12 17:24:00
38666.2486304989,0.984780770150612,72139.2765220234,-0.442895270204959,-894.484424695044,0.156049249957528,2007-04-12 17:29:00
38964.5750575273,1.00177002504675,72006.3140671506,-0.445568342500467,-872.867313944074,0.0741508356061081,2007-04-12 17:34:00
39265.9485148557,1.00512873564496,71870.7006943786,-0.460598010456406,-821.149400397978,0.300249449600776,2007-04-12 17:39:00
39566.2970088777,0.994925354682962,71728.6898280367,-0.488290588620711,-608.82353072097,1.42215548262892,2007-04-12 17:44:00
39861.5276565585,0.970951930525622,71576.4045073146,-0.529210470005018,-99.7207968963841,1.13603228428805,2007-04-12 17:49:00
39942.7074143802,0.961712250540264,71531.3733539264,-0.543145094334247,-33.5587053123905,0.49587406941114,2007-04-12 17:50:24
40147.8665265768,0.938600502354383,71410.2059055148,-0.577973689735749,2.29598101371808,0.097123294651521,2007-04-12 17:54:00
40425.4413657582,0.913148558810752,71230.4887224091,-0.618723125840932,-16.9516967922595,-0.680230833881585,2007-04-12 17:59:00
40696.4821141147,0.89496606437645,71039.7837744437,-0.65134961259006,-405.360934312963,-1.45244267769264,2007-04-12 18:04:00
40963.1104246265,0.883682447820001,70840.4242494206,-0.676518099306616,-758.569421506928,-0.838160390369883,2007-04-12 18:09:00
41227.3580218794,0.879067741592244,70634.5669491522,-0.694741536353395,-887.219148445313,0.000762383635088903,2007-04-12 18:14:00
41491.2081099528,0.881027894935962,70424.2362465048,-0.70639132939932,-827.890861979672,0.0945979585091382,2007-04-12 18:19:00
41756.6357914263,0.889602857069402,70211.3653434531,-0.711704908911976,-853.50902006453,-0.0576760907904175,2007-04-12 18:24:00
42025.6483212743,0.904967391377701,69997.8356710117,-0.710790569147169,-827.353966404477,0.16529617647154,2007-04-12 18:29:00
42300.3260160456,0.927434637205964,69785.5152340407,-0.703629675257307,-700.467575909321,0.963416500845737,2007-04-12 18:34:00
42582.8646520874,0.957462491845696,69576.2966824166,-0.690076283500911,-287.852586553593,1.34992211982957,2007-04-12 18:39:00
42761.0515667248,0.979877215608306,69450.3497783878,-0.678487340878236,-84.328169211176,0.881184178226949,2007-04-12 18:42:04
42875.5768084861,0.994540197142072,69372.0998273481,-0.670786773548492,0.894144681661545,0.576905177695088,2007-04-12 18:44:00
43179.1512370374,1.02833157816795,69173.425767034,-0.654581432785948,-3.1872560597683,-0.852561253966365,2007-04-12 18:49:00
43492.0337623344,1.05669935302489,68978.8411851087,-0.643477374903041,-364.331306977861,-0.719739900894883,2007-04-12 18:54:00
43812.6866320142,1.08022167567855,68786.8521749896,-0.63724829187486,-370.21148890048,0.105215532355094,2007-04-12 18:59:00
44139.7304584591,1.09937794658217,68596.0177295597,-0.635767230879997,-387.30970722423,0.0107270270107441,2007-04-12 19:04:00
44471.9161059659,1.11455858317406,68404.9203724919,-0.639004006918328,-350.502169264348,0.0579665170543664,2007-04-12 19:09:00
44808.099232537,1.12607297684253,68212.1372691466,-0.647024587620798,-372.154879180774,-0.10434736319925,2007-04-12 19:14:00
45147.2169674348,1.13415579852654,68016.2112282629,-0.659992437713253,-317.228126710253,0.75715575517036,2007-04-12 19:19:00
45426.7783489289,1.13834074185516,67852.14233122,-0.674499807546679,-49.0487954225223,1.0085312847324,2007-04-12 19:23:06
45488.2666837694,1.13899592608145,67815.6234702383,-0.678034803150596,-1.65938342221024,0.723878193585299,2007-04-12 19:24:00
45830.4059887329,1.14165909577492,67609.4462151319,-0.696030087537888,-0.296809242368251,-0.562930085732486,2007-04-12 19:29:00
46173.100144954,1.1427012040517,67398.2580033274,-0.711497802842001,-294.802249840977,-1.37334482450806,2007-04-12 19:34:00
46515.8668373296,1.14214348976593,67182.7686161788,-0.724753191304761,-708.456756775787,-0.946765089353711,2007-04-12 19:39:00
46858.2252290911,1.13997458633255,66963.6001742491,-0.736066406487564,-822.15735756456,-0.0855553759325076,2007-04-12 19:44:00
47199.6861620341,1.13615029006877,66741.299816538,-0.745668019179107,-845.28200686672,-0.137215310720315,2007-04-12 19:49:00
47539.7421871514,1.13059265929387,66516.3508515353,-0.753753716580171,-899.865119588136,-0.139528442724613,2007-04-12 19:54:00
47877.8572224876,1.12318842582631,66289.1826073669,-0.760488290537881,-890.81008861176,0.265934056740193,2007-04-12 19:59:00
48213.4556274351,1.1137866865035,66060.1791817855,-0.766008996112261,-685.59915281605,1.25553315479626,2007-04-12 20:04:00
48545.9104707985,1.10219582767575,65829.6872703358,-0.770428348924897,-227.391870158221,1.28517709499004,2007-04-12 20:09:00
48712.9369189181,1.09541410554379,65712.4384690799,-0.772276667979894,-80.4555913198753,0.71145638176099,2007-04-12 20:11:32
48874.5266824834,1.08809708528067,65597.9953163456,-0.774402374391855,0.235140986308738,0.40430116543561,2007-04-12 20:14:00
49198.4341815582,1.0706935965737,65364.7036874099,-0.781505947853629,-1.43710884367977,-0.654103769986302,2007-04-12 20:19:00
49516.5684444126,1.04954360866887,65128.7048801238,-0.792480820037805,-369.90772837536,-1.47418593541696,2007-04-12 20:24:00
49827.7428748868,1.02421607086013,64888.8059755228,-0.80755066607957,-737.635687374035,-0.710606687957566,2007-04-12 20:29:00
50130.629030846,0.994194791218501,64643.7345680861,-0.827022619382748,-812.634846063504,-0.121749958861256,2007-04-12 20:34:00
50423.7295496529,0.958867916260004,64392.1128332729,-0.851293531201203,-862.790003393245,-0.089254731646662,2007-04-12 20:39:00
50705.3476309296,0.917515460968029,64132.4294465492,-0.880858058729191,-812.493649847014,0.516576491489099,2007-04-12 20:44:00
50973.5524546463,0.869294635023731,63863.0087815969,-0.916318746541296,-528.009159289394,1.38759118025497,2007-04-12 20:49:00
51226.1398297357,0.813222666183338,63581.9767599439,-0.958398306848358,-104.871515305883,0.924596583967918,2007-04-12 20:54:00
51330.1214445331,0.786204993446323,63456.0680291632,-0.978899114974088,-30.9464950260397,0.304664251616115,2007-04-12 20:56:10
51460.8074426332,0.752042994673473,63287.4234407998,-1.00441031619473,1.08280653472251,0.1875448645566,2007-04-12 20:59:00
51678.6654269305,0.702583187332176,62980.6083418401,-1.03880957911935,-2.08558459318377,-0.6535195081626,2007-04-12 21:04:00
51883.6548644938,0.666107273946521,62665.4351794425,-1.06022518171601,-358.78514160361,-1.15029039793928,2007-04-12 21:09:00
52079.5530108233,0.641871851338744,62345.7271020937,-1.06909358809339,-570.69980198894,-0.349063555757701,2007-04-12 21:14:00
52269.9518349063,0.629382985608112,62025.2148337217,-1.06559554222391,-616.36670088966,-0.0619042238870685,2007-04-12 21:19:00
52458.3312259151,0.628386145432201,61707.6127083112,-1.04965975162511,-575.57862731262,0.569761637732849,2007-04-12 21:24:00
52648.1299156434,0.638861014550616,61396.6943704801,-1.02096143437181,-343.65186031666,0.463139182392271,2007-04-12 21:29:00
52842.8155621294,0.661021077706206,61096.3696848466,-0.97891569982627,-337.563886424217,-0.0691953661811672,2007-04-12 21:34:00
53045.9554228137,0.69531797160496,60810.7644216491,-0.922665628181103,-263.825513224517,0.694156551264115,2007-04-12 21:39:00
53211.2094163278,0.730596829375351,60602.7815233119,-0.868710124140452,-51.4793727801507,0.870692497971974,2007-04-12 21:42:52
53261.2731318159,0.741748056983213,60544.2842207481,-0.851952568458307,-0.141482272500955,0.613195831682996,2007-04-12 21:44:00
53490.276645208,0.782750931726922,60298.6114508319,-0.788718168952043,-0.952302668204493,-0.589410365034386,2007-04-12 21:49:00
53729.6467699292,0.810975937525397,60069.4011236171,-0.742016931768948,-245.880413943779,-0.639800457598325,2007-04-12 21:54:00
53975.6427722393,0.826998318616684,59851.8442117082,-0.710897054886672,-327.092672149562,-0.0736534272582667,2007-04-12 21:59:00
54224.6589581544,0.831144621697306,59641.3691920013,-0.694724294684732,-342.136515259104,-0.0634376275540471,2007-04-12 22:04:00
54473.1511870251,0.823499351159338,59433.5488750276,-0.693169039641126,-361.801253550333,-0.01740842452114,2007-04-12 22:09:00
54717.5646396115,0.803906691345672,59224.0101759111,-0.706199592632071,-353.228803060973,0.0217097310114604,2007-04-12 22:14:00
54954.2613685226,0.771967330924131,59008.3449880143,-0.73408152492371,-333.603874516004,0.222827077096701,2007-04-12 22:19:00
55179.4461544479,0.727030324659098,58782.0203428167,-0.77738308868971,-197.609583582576,0.658034292512668,2007-04-12 22:24:00
55369.6198565442,0.674507158994009,58564.4639336756,-0.830482308667543,-14.4174122638183,0.51675759207283,2007-04-12 22:28:31
55389.0890473174,0.668168471409916,58540.2876162217,-0.83682219084885,-0.604715045225702,0.433122688440738,2007-04-12 22:29:00
55578.6833143421,0.592751979475333,58280.4039467435,-0.892878687775196,-0.809566621395212,-0.465278306035037,2007-04-12 22:34:00
55742.8330638996,0.498250842614742,58006.2227053513,-0.932300893492904,-218.487718089859,-0.709299127667326,2007-04-12 22:39:00
55875.5341797838,0.382739065317018,57722.6054218374,-0.955892258561128,-351.453585748904,-0.153171571990944,2007-04-12 22:44:00
55970.1416018878,0.243862441358314,57434.2213132309,-0.964133590563064,-354.891393326658,-0.0722154469490272,2007-04-12 22:49:00
56019.233895495,0.0787905735261767,57145.6424455206,-0.957192853281672,-341.023264163852,0.582776654618166,2007-04-12 22:54:00
56014.4619975442,-0.115840811742863,56861.4369153767,-0.934928589912392,-54.6986523358111,0.709501585115965,2007-04-12 22:59:00
55980.6136064285,-0.25229529514022,56690.375135608,-0.913376569791088,3.18467304716671,0.0397931779033748,2007-04-12 23:02:05
55946.5856183838,-0.338609341270484,56586.2401654575,-0.897455414527505,-0.547398508869614,-0.0737928010115494,2007-04-12 23:04:00
55813.9726863969,-0.539941417794226,56323.9331795385,-0.84971684963898,-72.7691370574869,-0.57727245494465,2007-04-12 23:09:00
55625.7471598437,-0.709988370645493,56077.3860791397,-0.792211430979298,-361.321154205483,-1.23462271608662,2007-04-12 23:14:00
55390.7597241108,-0.852215868902482,55849.6994648255,-0.723767160180147,-724.107278283939,-0.936995676084047,2007-04-12 23:19:00
55116.908026027,-0.969522602806401,55644.3583263087,-0.642989097850316,-899.155883431556,-0.379228020874076,2007-04-12 23:24:00
54811.297633116,-1.06429936098085,55465.3030688398,-0.548230933790659,-971.767681807608,-0.0363367302939974,2007-04-12 23:29:00
54480.3868497498,-1.13847775628115,55317.0098212662,-0.437561434106176,-881.180162626272,0.73129486848643,2007-04-12 23:34:00
54130.1183416524,-1.19356959333863,55204.5816624901,-0.30872508138521,-563.26042317937,1.17571203555794,2007-04-12 23:39:00
53766.0402513474,-1.23069768013631,55133.8526255835,-0.15909610576664,-235.053883105344,0.98692358855303,2007-04-12 23:44:00
53518.2586853328,-1.24585810577202,55113.1278425281,-0.0463053051602049,-61.4760024649707,0.720081015244289,2007-04-12 23:47:20
53393.3911592944,-1.251462185199,55111.3955217472,0.0110424543613933,-0.309951555293573,0.486303077557406,2007-04-12 23:49:00
53015.5456629848,-1.26727244759314,55138.0925278392,0.16175172949976,-1.48421888170607,-0.635897454250667,2007-04-12 23:54:00
52633.1532273446,-1.28182649257208,55205.4790151182,0.282765436301651,-278.33408955521,-0.652789102761073,2007-04-12 23:59:00
52246.5456620463,-1.29542094117374,55305.0307120622,0.376549913943812,-335.567031615212,-0.0547373608120894,2007-04-13 00:04:00
51855.968869639,-1.30833285722879,55428.8788953416,0.445016551949714,-372.843499788167,-0.115155542757036,2007-04-13 00:09:00
51461.5878572051,-1.32082539410436,55569.6500200465,0.489560745569001,-384.877292463274,0.0356665577580011,2007-04-13 00:14:00
51063.4900993132,-1.33315315794324,55720.3154419772,0.511090334853204,-362.218523905338,0.0714354369047681,2007-04-13 00:19:00
50661.6873208074,-1.34556739670503,55874.0481692388,0.510044107034892,-322.4929147983,0.315668903202158,2007-04-13 00:24:00
50256.1157357676,-1.35832112076529,56024.0837236422,0.486400739300939,-164.876082320993,0.644696113659115,2007-04-13 00:29:00
50021.83706096,-1.36588649165671,56105.7976266161,0.462486201253496,-56.7651350554003,0.565354922097591,2007-04-13 00:31:52
49846.6548899669,-1.37120211232645,56163.6751556108,0.441855494711216,0.528408942733342,0.292516546778232,2007-04-13 00:34:00
49433.7785368646,-1.38060343225223,56288.9681290885,0.393343095387981,-52.3166738249675,-0.731838219721992,2007-04-13 00:39:00
49018.7066317483,-1.38586393456738,56399.57870967,0.343806970537732,-319.019861306862,-0.479608153195518,2007-04-13 00:44:00
48602.6632632721,-1.38709083177939,56495.0491187676,0.292237541257301,-317.168990864239,0.0172785849107574,2007-04-13 00:49:00
48186.8527210259,-1.38430912886282,56574.6130111109,0.237583788557864,-361.225089020898,-0.0471938104968796,2007-04-13 00:54:00
47772.4840397515,-1.37746213287715,56637.1798561243,0.178731832904615,-321.337287339374,0.146182021406636,2007-04-13 00:59:00
47360.7956402689,-1.36641029752727,56681.3127121951,0.114482232617014,-307.001055991506,-0.0179913389694431,2007-04-13 01:04:00
46953.080569309,-1.35092837911792,56705.1989408551,0.0435255384560764,-324.378769604125,-0.0993760233346108,2007-04-13 01:09:00
46550.7128526591,-1.33070084593857,56706.6132640126,-0.0355843938149578,-289.283925743119,0.645092278250842,2007-04-13 01:14:00
46262.5208359549,-1.31279391994655,56692.0325105697,-0.0990978536185613,-74.2755685965014,1.02728333284244,2007-04-13 01:17:38
46155.1673284176,-1.30561437598532,56682.8961741263,-0.123590461700472,-1.34379700983475,0.705961434834467,2007-04-13 01:19:00
45767.2634104457,-1.28075917699591,56633.1866216422,-0.205994706980855,-2.21145145027655,-0.690740592147393,2007-04-13 01:24:00
45386.528036694,-1.25774307964882,56560.3058634341,-0.278326991408504,-276.346749891523,-0.598510468341037,2007-04-13 01:29:00
45012.4806536648,-1.23609700069651,56467.0496222329,-0.342061494657278,-303.370895915762,0.112466358169269,2007-04-13 01:34:00
44644.7770135233,-1.21537977877014,56355.7983549849,-0.3984971679487,-287.131177168985,-0.0122494032184359,2007-04-13 01:39:00
44283.2021580998,-1.19516918321978,56228.5657681339,-0.448784207534769,-300.876853487287,-0.0318559368434101,2007-04-13 01:44:00
43927.6660379002,-1.17505330877531,56087.0398582876,-0.493947496456346,-298.978119258737,0.0261292919714408,2007-04-13 01:49:00
43578.201676838,-1.15462218064522,55932.617314702,-0.534907492335639,-298.412614156015,-0.056975286322864,2007-04-13 01:54:00
43234.9658452835,-1.13345939895989,55766.4319847293,-0.572498986909761,-274.649011215901,0.484725903433896,2007-04-13 01:59:00
42898.2422551472,-1.11113365226761,55589.3779823756,-0.607488119637044,-43.8842638080785,0.638744926256212,2007-04-13 02:04:00
42848.3193319321,-1.10765674557011,55561.9268194134,-0.61255668852367,-18.746603531121,0.481095698553067,2007-04-13 02:04:45
42568.263560097,-1.08935312793896,55403.703166628,-0.622046491570263,-0.993859005388145,-0.377439139401468,2007-04-13 02:09:00
42244.2387502867,-1.07143435389734,55221.4321137779,-0.584238943830307,-174.763698152043,-0.372992591451538,2007-04-13 02:14:00
41925.0468052774,-1.05707941992573,55058.5274795804,-0.492718201499553,-184.376089636332,0.0629807250374159,2007-04-13 02:19:00
41609.6641923251,-1.04599576299994,54931.3552710287,-0.345619011473554,-197.203300790166,-0.144150948124611,2007-04-13 02:24:00
41297.1450153863,-1.03795749087998,54857.0097455235,-0.139943395219017,-243.725891063317,-0.0614780112312151,2007-04-13 02:29:00
40986.6017371322,-1.03280077827725,54853.6618031151,0.128500452006453,-204.643775981185,0.335617966505274,2007-04-13 02:34:00
40677.1870903529,-1.03042052798703,54940.9293214343,0.465183592900306,-69.0838575081293,0.447308827103896,2007-04-13 02:39:00
40490.70639552,-1.03030466261806,55046.3283736499,0.704139379096935,-6.96378193027235,0.201924424510477,2007-04-13 02:42:01
40368.2612335066,-1.02611840303354,55139.6884668329,0.862129777663752,-0.817269209877549,-0.130348351187489,2007-04-13 02:44:00
40066.5179301186,-0.976029265985619,55449.7171773122,1.18773064742072,-133.799532087335,-0.563925925835471,2007-04-13 02:49:00
39788.3966572268,-0.868371280714527,55842.4286906573,1.41428274434011,-280.897359718451,-0.375247757697133,2007-04-13 02:54:00
39551.4674103779,-0.700950306459049,56288.8500744885,1.54640334961235,-328.200198840156,0.14175232139978,2007-04-13 02:59:00
39374.139705784,-0.470354193317113,56761.1030390186,1.58678516833216,-257.184272993937,0.00379214856495128,2007-04-13 03:04:00
39276.0377784068,-0.171883240379842,57231.835759116,1.53625120860472,-329.402869191222,-0.171305098442079,2007-04-13 03:09:00
39278.4005368126,0.20054558727335,57673.6654260646,1.39377155499381,-267.029418042191,0.645973274837941,2007-04-13 03:14:00
39404.5144261401,0.654522634839377,58058.620167858,1.15644237816575,-27.1523965574722,0.552074781094251,2007-04-13 03:19:00
39435.663002593,0.730201337625763,58109.6773160109,1.11238935198443,-6.58413916281232,0.368197102997608,2007-04-13 03:19:45
39669.7967186831,1.07698973496956,58364.8211438214,0.904788321055336,-0.242821659123811,-0.230098445374058,2007-04-13 03:24:00
40026.8491130769,1.26393690184899,58614.6035001082,0.782069943693225,-83.4216476973738,-0.138933590946647,2007-04-13 03:29:00
40404.6233921521,1.21536978142908,58846.9633378884,0.788441330544949,-58.9251534642593,0.215736958983485,2007-04-13 03:34:00
40732.4365983806,0.9302985437562,59100.5815027927,0.924032334677713,-0.377904791822954,0.0749727479314295,2007-04-13 03:39:00
40737.9940016252,0.922153072022111,59106.1378035474,0.92807670360417,0.0438482359294835,0.065658836312362,2007-04-13 03:39:06
40956.0075364241,0.580784144499611,59402.8356028678,1.07176822184493,-21.9788688892619,-0.151613103855674,2007-04-13 03:44:00
41092.9984869892,0.352193283497597,59732.1921396367,1.10497232703023,-68.000933317488,-0.128926695170372,2007-04-13 03:49:00
41178.9494888345,0.239941089743425,60054.4362294563,1.02427154118995,-75.5351537399598,0.147889304280812,2007-04-13 03:54:00
41248.3605008162,0.241739789476208,60335.2079326614,0.828021129070765,-0.305964032190578,0.200058483026863,2007-04-13 03:59:00
41248.6023385556,0.241935900270589,60336.0355283045,0.827169936163604,-0.106597544752053,0.198674904822428,2007-04-13 03:59:01
41328.8617653298,0.292037198804866,60548.6226339343,0.605801690367088,-1.54545553073595,-0.239437387314548,2007-04-13 04:04:00
41421.889424925,0.325389902234898,60705.1184299113,0.447919643397065,-92.2071163205236,-0.12623489994277,2007-04-13 04:09:00
41522.4702401948,0.342476917451449,60823.4823473935,0.351158292876245,-57.2344613990964,0.201078811553604,2007-04-13 04:14:00
41625.7849097833,0.343646489096837,60921.7242606913,0.313545578648069,-6.81530714969689,0.151940383124346,2007-04-13 04:19:00
41654.2132056558,0.341169980933996,60947.7138821955,0.313453775760669,4.99093806240696,0.123373451119704,2007-04-13 04:20:23
41727.4171844607,0.333726015353702,61016.6479362921,0.323306303601693,-0.916001282323838,-0.269275391171406,2007-04-13 04:24:00
41826.2290275803,0.325384226360364,61117.3980454118,0.351142307290001,-129.113326100253,-0.271202353131684,2007-04-13 04:29:00
41922.8586662565,0.319153327738776,61229.0354943324,0.396011591302356,-118.010819584019,0.214063878146637,2007-04-13 04:34:00
42017.9192798269,0.314906329664546,61356.7985584459,0.458828621246967,-48.1569632809525,0.192325578028986,2007-04-13 04:39:00
42111.9920698624,0.312556675515202,61506.25416382,0.540873649634166,-16.1403374777343,0.0261710173470097,2007-04-13 04:44:00
42205.6381054384,0.312056477789126,61683.4113448238,0.64381880826716,-14.6992568924137,0.0496024245996837,2007-04-13 04:49:00
42250.2863792748,0.312464561702598,61779.4905461089,0.700837231910741,-3.56626483160573,0.0798365889638014,2007-04-13 04:51:23
42299.2199820105,0.309768573995014,61894.4171539375,0.761609878384336,-0.488254881621082,-0.0776237022757424,2007-04-13 04:54:00
42389.1717169623,0.285763370136465,62137.2812046991,0.851956728705424,-60.7311176976295,-0.199058593108592,2007-04-13 04:59:00
42468.158186505,0.236542901713058,62402.3568271571,0.909938004447046,-96.035924315517,-0.0654268686095663,2007-04-13 05:04:00
42528.4773938255,0.161104023107849,62680.1277329437,0.936735402258767,-99.8320832725466,0.069861581535954,2007-04-13 05:09:00
42562.0468909917,0.057909240208232,62961.3363719401,0.932895070786084,-53.9261085463947,0.207209431868088,2007-04-13 05:14:00
42562.5095774027,-0.0584848576426769,63206.1575019734,0.903815132207885,-3.64526987186778,0.117829961132508,2007-04-13 05:18:26
42560.2448488517,-0.0746332509001587,63236.796813866,0.898476086924213,-0.255461667566032,0.0802911673847925,2007-04-13 05:19:00
42519.2061835685,-0.191318115891776,63498.6771675218,0.845643789912966,-17.1557666846606,-0.168400945034861,2007-04-13 05:24:00
42449.9329962779,-0.263182435842725,63743.076592331,0.781739034134605,-73.7040053208903,-0.122470011585608,2007-04-13 05:29:00
42365.6293740598,-0.291690853002117,63966.4839386785,0.70545939850873,-85.1421038402385,-0.0178572282135188,2007-04-13 05:34:00
42279.1930738151,-0.277424387718508,64164.9602245417,0.615250253740014,-90.9024475621861,0.0175193548388437,2007-04-13 05:39:00
42203.4783870594,-0.220092280017908,64334.0583564388,0.509273077947572,-62.7840818414705,0.179389927977249,2007-04-13 05:44:00
42151.5581188644,-0.118526063723688,64468.732494729,0.385367986376166,-7.4184719423598,0.083391010568804,2007-04-13 05:49:00
42136.9900202489,0.0293442476549301,64563.2352160731,0.241009711520032,-11.6941195204619,-0.0013389908532888,2007-04-13 05:54:00
42156.8079254561,0.162670007913277,64602.1316428708,0.12565649257962,-2.67956389830282,0.0480189064805005,2007-04-13 05:57:31
42173.8962368173,0.219895977072961,64611.1221258683,0.0773602707396099,-0.255941826905824,-0.0010101712665786,2007-04-13 05:59:00
42261.7746848321,0.349934458014532,64614.6916205713,-0.0426951776211483,-15.8313111927618,-0.0383857330052776,2007-04-13 06:04:00
42374.344434297,0.384783654731119,64591.9237570129,-0.0985197187421936,-15.0606338612606,0.0120825524778033,2007-04-13 06:09:00
42483.2033771692,0.325153816841649,64561.8848300518,-0.0912510935987134,-13.9694539186089,0.0050221469512557,2007-04-13 06:14:00
42559.8737767191,0.169829648912438,64543.4929454775,-0.0207411628152181,-12.0613856806367,-0.00218817525957458,2007-04-13 06:19:00
42575.22187247,-0.0843544580654523,64555.9035834871,0.114447112512693,-9.78249156836051,0.0493281749052903,2007-04-13 06:24:00
42548.948863078,-0.257236450228013,64581.0614891314,0.211166648252069,0.136604670857672,0.0511469202880651,2007-04-13 06:26:36
42499.9890783092,-0.419138544862297,64618.3373700211,0.305345669005517,-1.47975012644757,-0.102197365361871,2007-04-13 06:29:00
42331.58988222,-0.688556597216267,64736.7710899608,0.479430435852002,-63.6486349685994,-0.174148741365159,2007-04-13 06:34:00
42095.5878871807,-0.870587754396625,64903.2949287457,0.626489859427976,-85.054160026079,-0.0227749814867736,2007-04-13 06:39:00
41817.5992567019,-0.968941931471692,65110.2638165158,0.749521107800248,-91.0021467039422,-0.0175649965445052,2007-04-13 06:44:00
41522.3844389653,-0.985623651453995,65350.8569801911,0.851031638973713,-95.0554104964931,-0.00661303351786717,2007-04-13 06:49:00
41234.3528010924,-0.920972898801618,65618.9389316159,0.933090304539655,-78.6165213021524,0.178958306390204,2007-04-13 06:54:00
40978.0601081491,-0.773672048525739,65908.9344222633,0.997369514235975,-5.34123935918932,0.175950419616105,2007-04-13 06:59:00
40955.8930779493,-0.754955191493241,65937.9356867974,1.00269217370333,-0.804347570591064,0.13759282465402,2007-04-13 06:59:29
40773.6783651222,-0.596439358949179,66215.9125779441,1.04736977899512,-1.17531597192154,-0.127414756254352,2007-04-13 07:04:00
40615.4712701329,-0.465915376291057,66536.3487313331,1.08726500111474,-58.8921786883757,-0.186279802446075,2007-04-13 07:09:00
40489.6635933227,-0.380077137954348,66867.3455164194,1.11789332100696,-87.7297896117215,0.0240797352939324,2007-04-13 07:14:00
40383.1342667662,-0.337175204014711,67206.2210419758,1.13987896403652,-59.2116608340503,0.0767562456420897,2007-04-13 07:19:00
40283.1551280342,-0.336335204756281,67550.4539907036,1.1536700121122,-58.0869147686787,-0.0457998171827484,2007-04-13 07:24:00
40177.1315118464,-0.377540020440024,67897.6322331226,1.15954753589165,-61.6586920506522,0.0989408345009686,2007-04-13 07:29:00
40072.7685398409,-0.446224815528276,68193.2919576071,1.15841534814335,-10.5439620854187,0.241170690771548,2007-04-13 07:33:15
40052.3557496172,-0.460950279851577,68245.4044322691,1.15768235650012,0.125766841519044,0.231382553113423,2007-04-13 07:34:00
39900.2937342332,-0.550310096014405,68591.773686923,1.15088856251353,-2.23059778327297,-0.484011100135872,2007-04-13 07:39:00
39723.5750858542,-0.625606442736087,68935.5951625532,1.14066837417684,-275.605451355216,-1.04270282073,2007-04-13 07:44:00
39526.1819075163,-0.688373909235433,69275.8114889033,1.12681349730957,-545.911284009136,-0.72644207734,2007-04-13 07:49:00
39311.6749416961,-0.739891737887066,69611.2918203967,1.10904156038117,-669.923893484937,0.0334485462632921,2007-04-13 07:54:00
39083.2661405914,-0.781209896024945,69940.808788757,1.086990359593,-582.201324572811,0.191545324872024,2007-04-13 07:59:00
38843.884127826,-0.813170474969295,70263.0134884331,1.06021047692591,-546.556528394221,0.439764839652465,2007-04-13 08:04:00
38596.233885731,-0.836424852403228,70576.4079850146,1.02815612070461,-309.827244314221,0.778907995422498,2007-04-13 08:09:00
38342.8518846694,-0.851446967879639,70879.3147863396,0.990174002003213,-136.720590924348,0.503981091589715,2007-04-13 08:14:00
38140.2212558302,-0.857700747416968,71109.9606001851,0.955472458225682,-22.6843756243649,0.400664128321552,2007-04-13 08:17:57
38086.1571475602,-0.858573002676277,71169.8534390243,0.946003603450714,-0.235616591138758,0.305966335456864,2007-04-13 08:19:00
37828.3829480396,-0.858856590279708,71447.9141182679,0.910285308426673,-0.905081685643092,-0.402067603240685,2007-04-13 08:24:00
37571.4838988255,-0.852728778468776,71717.52355599,0.889566497832033,-185.186812619167,-0.509053035441507,2007-04-13 08:29:00
37317.3988668123,-0.840064678396301,71983.1107511912,0.883424908638788,-252.970212986424,-0.0461978098658918,2007-04-13 08:34:00
37068.1240704211,-0.820606187348363,72249.0227269163,0.8917353712076,-250.101312753274,0.0194866851882879,2007-04-13 08:39:00
36825.7537638486,-0.793956728440737,72519.6131254512,0.914667258248,-247.033100370853,0.023721329269875,2007-04-13 08:44:00
36592.5229193485,-0.759573168120379,72799.3309384251,0.952687936745917,-209.519632648074,0.309304967831493,2007-04-13 08:49:00
36370.852777441,-0.716754746745304,73092.8111801948,1.00657229321117,-74.0979695575138,0.459836964571434,2007-04-13 08:54:00
36303.4875969673,-0.701301690966164,73189.397499515,1.02711033954243,-34.7166461604372,0.361010546349642,2007-04-13 08:55:35
36162.7672402942,-0.673894458187295,73404.2625876242,1.0670723504749,-0.799478306316116,-0.106989544550862,2007-04-13 08:59:00
35963.6269542632,-0.658586757854468,73730.5107213643,1.10363337254471,-125.8225484079,-0.540672562204939,2007-04-13 09:04:00
35764.69424644,-0.67250825792157,74063.9028944868,1.1147800043314,-266.76480790887,-0.350362097237912,2007-04-13 09:09:00
35557.1727066618,-0.715942687743921,74396.8617094739,1.10073942154418,-330.140420604876,-0.09705896617067,2007-04-13 09:14:00
35332.0908787045,-0.789775269654765,74721.8009366833,1.06122546784332,-283.726288820355,0.596960005654656,2007-04-13 09:19:00
35080.1194160864,-0.895510760380411,75030.9709019831,0.99543282278527,-36.199955123035,0.605082565309615,2007-04-13 09:24:00
35022.8770937873,-0.921957676765582,75093.1455736615,0.978162344934852,-6.44373935511303,0.350727372771232,2007-04-13 09:25:03
34792.9866855294,-1.01496967170088,75317.5833086701,0.918264998046551,-0.16401918104538,-0.235546746168112,2007-04-13 09:29:00
34473.9768316703,-1.10715095665916,75584.1940614914,0.862848374170356,-131.23814586842,-0.581900648141856,2007-04-13 09:34:00
34131.3777295859,-1.17249787512159,75837.4677082764,0.829200254114673,-288.223671776667,-0.276044586033658,2007-04-13 09:39:00
33773.0266335771,-1.21234224039545,76083.8210584514,0.816634866995274,-291.258583414057,0.0896747672416534,2007-04-13 09:44:00
33406.4397619174,-1.22749610693016,76329.5298812324,0.824896121933352,-266.001418278703,0.118160286601019,2007-04-13 09:49:00
33038.965482339,-1.21826832052261,76580.8568099422,0.854152388754449,-185.251615074836,0.521553062095098,2007-04-13 09:54:00
32677.9340766156,-1.1844708127983,76844.1789786083,0.904999929476584,0.265840576477858,0.426669214675843,2007-04-13 09:59:00
32676.7496829657,-1.18431644032241,76845.0840818314,0.90520655844574,0.690835980348803,0.423323236971592,2007-04-13 09:59:01
32329.5471871394,-1.13806491718076,77124.8852981607,0.966098551366553,-0.687538627440322,-0.431011892026029,2007-04-13 10:04:00
31995.1684984606,-1.09092466164964,77423.7335486201,1.0261509938168,-194.485887620216,-0.606855561129513,2007-04-13 10:09:00
31675.1617720954,-1.04208943795993,77740.5936414901,1.08638102701564,-300.561953367044,-0.0967666839823798,2007-04-13 10:14:00
31370.1836795857,-0.990563952036498,78075.7025814587,1.14801617877309,-293.477810601226,-0.0237419757187763,2007-04-13 10:19:00
31081.1971859458,-0.935298080485125,78429.6692967567,1.21231261414236,-329.996322168368,-0.112904846420617,2007-04-13 10:24:00
30809.4911755246,-0.87516546838499,78803.4870495161,1.28058073689229,-286.728835905981,0.593344240757536,2007-04-13 10:29:00
30556.7067203186,-0.808940573432325,79198.5536791084,1.35421189640065,-35.0383909281619,0.647726368718775,2007-04-13 10:34:00
30522.1381977477,-0.798871897269314,79257.0224868724,1.36529138139363,-10.9955613460358,0.474187341064632,2007-04-13 10:34:43
30324.4259765135,-0.740465566112663,79615.4374991744,1.4199609825763,-0.769012017010943,-0.394248761053577,2007-04-13 10:39:00
30111.8980228202,-0.67716338057295,80047.3383157166,1.45412205633304,-191.312233339937,-0.579056341679359,2007-04-13 10:44:00
29917.7254362271,-0.61788904418214,80484.7824458325,1.45697904351274,-290.932360306713,-0.152339491068505,2007-04-13 10:49:00
29740.8828075051,-0.561434506861628,80918.4032734648,1.42859017139885,-303.897111121679,0.0482082015627301,2007-04-13 10:54:00
29580.6979233994,-0.506649187898054,81338.7562611295,1.36837685604971,-277.309035528414,0.0853679901225523,2007-04-13 10:59:00
29436.8380664791,-0.452416526349355,81736.1264640113,1.27511191037608,-211.800038097665,0.55899790078017,2007-04-13 11:04:00
29309.3032341371,-0.397631224796165,82100.3305329795,1.14689453325874,-0.26880920810916,0.40948528355771,2007-04-13 11:09:00
29308.5083412572,-0.397261642775176,82102.6233448046,1.14591701393506,0.53989821432268,0.399236627645307,2007-04-13 11:09:02
29197.9560725278,-0.345912097400157,82423.3767158592,1.0099987863183,-42.3562348084452,-0.55418406150597,2007-04-13 11:14:00
29101.0689171918,-0.301068002974817,82708.1483943694,0.891299978201187,-250.605906617736,-0.640420126364317,2007-04-13 11:19:00
29016.7195453788,-0.262185202231441,82959.7335411928,0.788380247885797,-372.726541453069,-0.151315603134998,2007-04-13 11:24:00
28943.241262496,-0.228471238040099,83182.5437664689,0.699142023372689,-331.486877764832,0.443589071782745,2007-04-13 11:29:00
28879.1889339145,-0.199238997569642,83380.4042284536,0.621766570776299,-144.271125035343,0.635960475128921,2007-04-13 11:34:00
28823.3095321723,-0.17389270847493,83556.6315927677,0.554676927328536,-0.139926290724371,0.291991391190102,2007-04-13 11:39:00
28774.5165994481,-0.151915796663397,83714.1016282302,0.496505761837243,-1.91588224703718,-0.402633404704297,2007-04-13 11:44:00
28731.8681048339,-0.132860358174272,83855.3078169241,0.446067507574493,-187.140854696469,-0.514471475751183,2007-04-13 11:49:00
28694.547245124,-0.116338030600372,83982.4121730059,0.402334199644561,-268.187129351168,-0.173445111903602,2007-04-13 11:54:00
28661.8457978267,-0.102012078006049,84097.2893059806,0.364414524381201,-327.321026307909,-0.218028483622487,2007-04-13 11:59:00
28633.1496871225,-0.0895905280266752,84201.5646264801,0.331535653787136,-327.462289229808,0.501301002008805,2007-04-13 12:04:00
28607.9264685942,-0.078820221279239,84296.6474732041,0.303027494789638,-74.102439543631,0.712771191654998,2007-04-13 12:09:00
28585.714477658,-0.0694816518071129,84383.7598361725,0.278309032301658,-0.354076520644568,-0.149462904318244,2007-04-13 12:14:00
28566.113420535,-0.0613844934038498,84463.9612616881,0.256876487751049,-122.004588486973,-0.565624145123668,2007-04-13 12:19:00
28548.7762159998,-0.0543637206395382,84538.1704465896,0.238293051740935,-309.04227636678,-0.654122304135695,2007-04-13 12:24:00
28533.4019216362,-0.0482762455336743,84607.1839618985,0.222179981586032,-492.963742150615,-0.512895098705687,2007-04-13 12:29:00
28519.7296004322,-0.0429980013277254,84671.6924874628,0.208208882286875,-561.904236005033,0.214279312072386,2007-04-13 12:34:00
28507.5330027116,-0.0384214139227443,84732.2948884674,0.196095013623089,-407.231888828274,0.484060865801615,2007-04-13 12:39:00
28496.6159550163,-0.0344532094482667,84789.5104207019,0.185591486959847,-453.410511734187,-1.18891254934431,2007-04-13 12:44:00
28486.8083619619,-0.031012513279299,84843.789313336,0.176484233494633,-837.202121270933,0.163969780420274,2007-04-13 12:49:00
28477.9627395815,-0.0280292017581084,84895.5219448871,0.168587641393817,-318.615238718219,1.90566840245323,2007-04-13 12:54:00
28469.9512095049,-0.0254424730278182,84945.046799392,0.161740772901045,-0.61949934013782,0.371210865526562,2007-04-13 12:59:00
28462.6628927135,-0.0231996078504536,84992.6573649348,0.155804084319591,-0.495193535878764,-0.144650435360951,2007-04-13 13:04:00
28456.0016497527,-0.0212548951540935,85038.6081151278,0.150656582019763,-82.2038557607037,-0.604923948898879,2007-04-13 13:09:00
28449.8841213458,-0.0195687004110694,85083.1196954513,0.14619335650891,-300.44612478894,-0.39245720769381,2007-04-13 13:14:00
28444.2380294779,-0.0181066578601446,85126.3834201545,0.142323444306754,-287.687709456134,0.140242804266,2007-04-13 13:19:00
28439.0007043214,-0.0168389701096294,85168.5651713655,0.138967974049654,-266.437086169773,0.137592053775945,2007-04-13 13:24:00
28434.117806984,-0.0157398008468814,85209.8087798793,0.136058559040185,-226.952326383588,-0.0980474247969706,2007-04-13 13:29:00
28429.5422220464,-0.0147867482772096,85250.2389565235,0.133535903481128,-310.189595385272,-0.172708457848895,2007-04-13 13:34:00
28425.2330973185,-0.0139603885605202,85289.9638338478,0.131348593988006,-299.515593205085,0.08430333816974,2007-04-13 13:39:00
28421.1550112452,-0.0132438799406421,85329.0771699362,0.129452051750393,-238.683701860077,0.56473696537311,2007-04-13 13:44:00
28417.2772509914,-0.012622619499225,85367.6602592593,0.127807623986347,-16.5388275168816,0.448648979234597,2007-04-13 13:49:00
28413.5731864946,-0.0120839455386307,85405.7835895083,0.126381796173218,-0.0728767210852224,0.00604817911802635,2007-04-13 13:54:00
28410.0197277262,-0.0116168795281819,85443.5082781817,0.125145508999561,-1.92978569636162,-0.319308568865736,2007-04-13 13:59:00
28406.5968541018,-0.0112119023544646,85480.8873181994,0.124073566117207,-253.70436859108,-1.30718594974098,2007-04-13 14:04:00
28403.2872064485,-0.0108607603155172,85517.9666579337,0.123144120623057,-693.235437721613,-1.30196157701482,2007-04-13 14:09:00
28400.0757332131,-0.0105562969049394,85554.7861376674,0.12233822980479,-954.640544613706,-0.439939578388132,2007-04-13 14:14:00
28396.9493837021,-0.0102923069575705,85591.3803015651,0.121639469075888,-942.292278227202,0.581255893928485,2007-04-13 14:19:00
28393.8968420995,-0.0100634101841306,85627.7791017062,0.121033597231728,-607.114896184957,1.58934018274782,2007-04-13 14:24:00
28390.9082968431,-0.0098649415173749,85664.0085085275,0.120508266204435,-130.818157745539,1.07978403759707,2007-04-13 14:29:00
28387.9752406587,-0.00969285603494609,85700.0910401185,0.120052769401114,-0.509944287111653,0.129602045867036,2007-04-13 14:34:00
28385.0902971756,-0.00954364652118844,85736.0462211544,0.119657823496425,-1.65422959951043,-0.271710440263412,2007-04-13 14:39:00
28382.2470705922,-0.00941427198777883,85771.8909808223,0.119315379232286,-164.927992148039,-0.687884161768674,2007-04-13 14:44:00
28379.4400153243,-0.00930209569637864,85807.6399978487,0.119018457368687,-375.067613233515,-0.684236271847633,2007-04-13 14:49:00
28376.6643229834,-0.00920483142016706,85843.3059996622,0.118761006442168,-536.345244984089,-0.262823355018096,2007-04-13 14:54:00
28373.915824378,-0.00912049684903014,85878.9000217864,0.118537779433009,-534.30017551945,0.142161188016465,2007-04-13 14:59:00
28371.1909045427,-0.00904737318877305,85914.4316327513,0.1183442268275,-443.08091633791,0.632222610507469,2007-04-13 15:04:00
28368.4864290632,-0.00898397013096044,85949.9091291065,0.118176403895857,-179.48437760863,0.860487371484581,2007-04-13 15:09:00
28365.7996801947,-0.00892899547944742,85985.3397045101,0.118030890296021,-0.366397119424832,0.303099489312929,2007-04-13 15:14:00
28363.1283014722,-0.00888132881456969,86020.7295963401,0.117904720364831,-0.229791715445001,-0.282105300432563,2007-04-13 15:19:00
28360.4702496845,-0.0088399986582516,86056.0842128165,0.117795322675858,-166.549042512218,-0.834416650169897,2007-04-13 15:24:00
28357.8237532323,-0.0088041626746421,86091.4082432245,0.11770046763203,-442.34695240419,-0.761724162555637,2007-04-13 15:29:00
28355.1872760214,-0.00877309050275441,86126.7057534849,0.117618222024978,-572.696353232997,-0.145666740275573,2007-04-13 15:34:00
28352.5594861565,-0.00874614887122733,86161.9802690202,0.117546909634975,-561.095921794501,0.135652061663059,2007-04-13 15:39:00
28349.9392287962,-0.00872278869183705,86197.2348466057,0.117485077068468,-507.111080367175,0.248197402031708,2007-04-13 15:44:00
28347.3255026163,-0.00870253386871702,86232.4721366678,0.11743146413696,-354.5440710924,0.97614272302148,2007-04-13 15:49:00
28344.7174394025,-0.00868497159521005,86267.6944373017,0.117384978173539,-10.6431142835664,0.751436596107886,2007-04-13 15:54:00
28342.1142863555,-0.00866974394059632,86302.9037411085,0.117344671763605,-0.387948193378268,-0.505878383458144,2007-04-13 15:59:00
28339.5153907484,-0.00865654055522919,86338.101775805,0.117309723435932,-224.841169133327,-0.809353392154679,2007-04-13 16:04:00
28336.9201866237,-0.00864509234540469,86373.2900394364,0.117279420920547,-412.272062961631,-0.325573902653085,2007-04-13 16:09:00
28334.3281832589,-0.00863516598905429,86408.469830907,0.117253146632197,-442.431488602803,-0.0793332726008553,2007-04-13 16:14:00
28331.7389551649,-0.00862655918048718,86443.642276453,0.117230365083553,-495.073259107163,-0.208965561485021,2007-04-13 16:19:00
28329.1521334146,-0.00861909650726691,86478.8083525956,0.117210611971623,-515.397225207408,0.221065874019873,2007-04-13 16:24:00
28326.5673981237,-0.00861262587519017,86513.9689060435,0.117193484714955,-335.379698924434,0.939975813128927,2007-04-13 16:29:00
28323.9844719313,-0.00860701540850656,86549.1246709493,0.117178634248761,-45.0375817970138,0.659164524787023,2007-04-13 16:34:00
28321.4031143471,-0.00860215076220389,86584.2762838718,0.117165757910741,-0.378100338011555,-0.267624930105002,2007-04-13 16:39:00
28318.8231168502,-0.00859793279158133,86619.4242967497,0.117154593272634,-147.853204784132,-0.577669791796708,2007-04-13 16:44:00
28316.2442986391,-0.00859427553161504,86654.5691881505,0.117144912791748,-305.80181819985,-0.448021125374379,2007-04-13 16:49:00
28313.6665029469,-0.00859110444493422,86689.7113730238,0.117136519173498,-426.07788353665,-0.418872270443693,2007-04-13 16:54:00
28311.0895938462,-0.00858835490270037,86724.8512111585,0.117129241350405,-587.814124372085,-0.717414864872648,2007-04-13 16:59:00
28308.5134534793,-0.00858597086742889,86759.9890145153,0.117122930995636,-748.099924298534,0.141806749305833,2007-04-13 17:04:00
28305.9379796554,-0.00858390375090823,86795.125053585,0.117117459499995,-451.450448739271,1.54858369918371,2007-04-13 17:09:00
28303.3630837684,-0.00858211142394003,86830.2595629007,0.117112715350793,-16.8615566978528,0.842090743251351,2007-04-13 17:14:00
28300.7886889911,-0.00858055735771827,86865.3927458185,0.11710860185914,-0.0112848104700715,-0.439032861995445,2007-04-13 17:19:00
28298.214728709,-0.00857920987934816,86900.5247786613,0.11710503518936,-190.11262144786,-0.757350562362185,2007-04-13 17:24:00
28295.6411451631,-0.00857804152633156,86935.655814313,0.117101942650373,-407.592402001976,-0.575633621746506,2007-04-13 17:29:00
28293.0678882724,-0.00857702848686326,86970.785985334,0.117099261214192,-515.88249318513,-0.184521138601246,2007-04-13 17:34:00
28290.4949146134,-0.00857615011453061,87005.9154066627,0.11709693623138,-531.841464882953,0.0620521286234975,2007-04-13 17:39:00
28287.9221865351,-0.008575388507526,87041.0441779587,0.117094920317254,-500.339104617031,0.0770457210111232,2007-04-13 17:44:00
28285.3496713914,-0.00857472814379624,87076.1723856332,0.117093172386152,-462.067850588606,0.343461533327463,2007-04-13 17:49:00
28282.7773408763,-0.00857415556469289,87111.3001046106,0.117091656814087,-347.829939313913,0.0378897520607703,2007-04-13 17:54:00
28280.2051704462,-0.00857365910067609,87146.4273998551,0.1170903427127,-354.03720090868,0.643103027238904,2007-04-13 17:59:00
28277.6331388206,-0.00857322863348167,87181.5543276952,0.117089203299738,-2.18180957781124,0.818921231385073,2007-04-13 18:04:00
28275.0612275477,-0.00857285538990423,87216.6809369713,0.117088215353212,-44.0678041977177,-0.942041786104968,2007-04-13 18:09:00
28272.4894206284,-0.00857253176299343,87251.8072700313,0.117087358738122,-394.400130342109,-0.855667432696685,2007-04-13 18:14:00
28269.9177041907,-0.00857225115701934,87286.9333635938,0.117086615996085,-488.197514488878,-0.0296315153500025,2007-04-13 18:19:00
28267.3460662065,-0.00857200785304708,87322.0592494959,0.117085971989531,-480.881931997975,0.0628063195820858,2007-04-13 18:24:00
28264.7744962467,-0.00857179689238119,87357.1849553427,0.117085413593179,-479.88483027643,-0.15837565682594,2007-04-13 18:29:00
28262.2029852686,-0.00857161397550413,87392.3105050697,0.117084929426545,-477.673352767524,0.669368429329058,2007-04-13 18:34:00
28259.6315254315,-0.00857145537444929,87427.4359194305,0.117084509621993,-126.760616464157,0.979271266922533,2007-04-13 18:39:00
28257.060109937,-0.00857131785682253,87462.5612164197,0.117084145623629,0.381272751689708,0.119864418758193,2007-04-13 18:44:00
28254.4887328906,-0.0085711986199239,87497.6864116401,0.117083830012926,-39.2619119150594,-0.573181206266454,2007-04-13 18:49:00
28251.9173891811,-0.00857109523362676,87532.8115186202,0.11708355635753,-280.760292708404,-0.596009532891124,2007-04-13 18:54:00
28249.346074377,-0.00857100559085015,87567.93654909,0.117083319080164,-334.122485581159,0.0511443959329174,2007-04-13 18:59:00
28246.7747846357,-0.00857092786461516,87603.0615132204,0.117083113344957,-299.722323508446,0.168158084564277,2007-04-13 19:04:00
28244.2035166257,-0.00857086047080982,87638.18641983,0.117082934958892,-292.350418876721,-0.346131501679208,2007-04-13 19:09:00
28241.632267458,-0.00857080203590394,87673.3112765655,0.117082780286342,-434.363241546578,-0.0805336284245907,2007-04-13 19:14:00
28239.0610346278,-0.00857075136895559,87708.4360900566,0.117082646174979,-273.864065821225,0.898413284978082,2007-04-13 19:19:00
28236.4898159635,-0.00857070743733892,87743.560866052,0.117082529891524,-17.683541358256,0.570732113152401,2007-04-13 19:24:00
28233.9186095818,-0.00857066934569863,87778.6856095362,0.117082429066044,-1.07483098990096,-0.500660551362994,2007-04-13 19:29:00
28231.3474138501,-0.00857063631770195,87813.8103248311,0.11708234164365,-222.798085736968,-0.55465011489793,2007-04-13 19:34:00
28228.7762273525,-0.00857060768021652,87848.9350156838,0.117082265842614,-280.250330038495,-0.0361521999486119,2007-04-13 19:39:00
28226.2050488615,-0.00857058284959148,87884.0596853436,0.117082200118063,-294.009127051946,-0.0464176503789473,2007-04-13 19:44:00
28223.6338773129,-0.00857056131976233,87919.1843366277,0.117082143130487,-299.824581126368,0.0316902748376094,2007-04-13 19:49:00
28221.0627117836,-0.00857054265193693,87954.3089719789,0.11708209371844,-287.571153670536,-0.0244882856461048,2007-04-13 19:54:00
28218.4915514737,-0.00857052646565269,87989.4335935152,0.117082050874873,-248.112629245461,0.628393902820413,2007-04-13 19:59:00
28215.9203956892,-0.00857051243102247,88024.558203073,0.117082013726606,-1.33696871168542,0.311705732786844,2007-04-13 20:04:00
28213.3492438287,-0.00857050026201125,88059.6828022446,0.117081981516533,-119.394901883357,-0.62756115586674,2007-04-13 20:09:00
28210.7780953704,-0.00857048971060654,88094.8073924108,0.11708195358819,-247.482135313367,-0.174528962122959,2007-04-13 20:14:00
28208.2069498621,-0.00857048056176377,88129.9319747686,0.117081929372381,-251.383652811832,-0.0126959698343938,2007-04-13 20:19:00
28205.6358069118,-0.00857047262902346,88165.0565503559,0.11708190837557,-276.839390729801,-0.0829956030546426,2007-04-13 20:24:00
28203.0646661794,-0.00857046575071115,88200.1811200728,0.11708189016983,-287.150659165292,-0.00348142918753686,2007-04-13 20:29:00
28200.49352737,-0.00857045978664229,88235.3056846996,0.117081874384114,-249.205697640308,0.393405206738428,2007-04-13 20:34:00
28197.9223902282,-0.00857045461526523,88270.430244913,0.1170818606967,-80.6916031409442,0.474398074645106,2007-04-13 20:39:00
28195.3512545322,-0.0085704501311839,88305.5548012995,0.117081848828629,0.384785606042672,0.181150355253361,2007-04-13 20:44:00
28192.7801200899,-0.00857044624300974,88340.6793543678,0.117081838538022,-2.33173655833369,-0.435959770656695,2007-04-13 20:49:00
28190.2089867347,-0.00857044287149921,88375.803904559,0.11708182961515,-211.78126323335,-0.525480108339184,2007-04-13 20:54:00
28187.6378543222,-0.0085704399479387,88410.9284522554,0.117081821878159,-262.28908065382,-0.0241881918108713,2007-04-13 20:59:00
28185.0667227272,-0.0085704374127441,88446.0529977886,0.117081815169363,-272.911237263662,-0.0206654933095696,2007-04-13 21:04:00
28182.4955918409,-0.0085704352142465,88481.1775414461,0.117081809352033,-274.091796082504,-0.0107726066388487,2007-04-13 21:09:00
28179.9244615694,-0.00857043330763905,88516.3020834771,0.117081804307608,-275.836133089083,0.0369055912831263,2007-04-13 21:14:00
28177.3533318311,-0.00857043165406384,88551.4266240976,0.117081799933279,-254.317730080613,0.0592849169887747,2007-04-13 21:19:00
28174.7822025551,-0.00857043021981992,88586.5511634951,0.117081796139895,-201.916872530415,0.491141135826208,2007-04-13 21:24:00
28172.2110736802,-0.00857042897567644,88621.6757018319,0.117081792850143,-0.888153406349194,0.482482192792041,2007-04-13 21:29:00
28169.6399451532,-0.00857042789627694,88656.8002392488,0.117081789996977,-0.820631682759976,-0.470023332004765,2007-04-13 21:34:00
28167.0688169281,-0.00857042695962254,88691.9247758679,0.117081787522248,-190.943723306997,-0.440612011726712,2007-04-13 21:39:00
28164.4976889651,-0.00857042614662362,88727.0493117949,0.117081785375517,-221.174295603388,0.0587686166873967,2007-04-13 21:44:00
28161.9265612295,-0.00857042544071071,88762.1738471216,0.117081783513035,-203.002475524964,0.0528749695593712,2007-04-13 21:49:00
28159.3554336914,-0.00857042482749685,88797.2983819274,0.117081781896841,-197.143054503207,-0.0351711630874017,2007-04-13 21:54:00
28156.7843063249,-0.00857042429448433,88832.422916281,0.117081780493998,-218.006642907378,-0.0580981995929983,2007-04-13 21:59:00
28154.2131791078,-0.00857042383081001,88867.5474502422,0.117081779275914,-196.40604786738,0.299062157794524,2007-04-13 22:04:00
28151.6420520205,-0.0085704234270239,88902.6719838625,0.117081778217764,-58.2186300895092,0.446410744828542,2007-04-13 22:09:00
28149.0709250464,-0.00857042307489656,88937.7965171867,0.117081777297981,-1.82406701610026,-0.188546476334847,2007-04-13 22:14:00
28146.4997981711,-0.00857042276725141,88972.9210502533,0.117081776497821,-146.724812192464,-0.560597232056021,2007-04-13 22:19:00
28143.9286713822,-0.00857042249781845,89008.0455830957,0.117081775800976,-270.590624575175,-0.21091416175963,2007-04-13 22:24:00
28141.3575446691,-0.00857042226110644,89043.1701157428,0.117081775193242,-285.154223427086,0.0119064788974222,2007-04-13 22:29:00
28138.7864180228,-0.00857042205229105,89078.2946482193,0.117081774662235,-284.01501545453,0.015102458612521,2007-04-13 22:34:00
28136.2152914354,-0.00857042186711647,89113.4191805467,0.117081774197132,-256.722758872363,0.225127970025221,2007-04-13 22:39:00
28133.6441649005,-0.00857042170180873,89148.5437127433,0.117081773788454,-142.790805768053,0.500794693778941,2007-04-13 22:44:00
28131.0730384127,-0.00857042155299875,89183.6682448246,0.117081773427871,-0.415734544356854,0.304823710388129,2007-04-13 22:49:00
28128.5019119674,-0.00857042141765368,89218.792776804,0.117081773108036,-0.565643138400017,-0.325404784015511,2007-04-13 22:54:00
28125.930785561,-0.0085704212930151,89253.9173086928,0.117081772822429,-151.579681927449,-0.484965854446989,2007-04-13 22:59:00
28123.3596591907,-0.00857042117654279,89289.0418405003,0.117081772565229,-249.9086189623,-0.199938895176136,2007-04-13 23:04:00
28120.7885328545,-0.00857042106586296,89324.1663722343,0.117081772331195,-283.958986432884,-0.0474875750307929,2007-04-13 23:09:00
28118.2174065509,-0.00857042095871989,89359.2909039009,0.117081772115557,-286.987855782843,0.0132764752482189,2007-04-13 23:14:00
28115.6462802791,-0.00857042085292993,89394.415435505,0.11708177191392,-283.143411125599,-0.00230929617256315,2007-04-13 23:19:00
28113.0751540392,-0.00857042074633702,89429.5399670502,0.117081771722175,-268.635265885008,0.192865809965841,2007-04-13 23:24:00
28110.5040278316,-0.00857042063676872,89464.6644985389,0.117081771536413,-154.791970137996,0.522922835062609,2007-04-13 23:29:00
28107.9329016576,-0.00857042052199196,89499.7890299723,0.117081771352849,-0.259241114620361,0.368444564643803,2007-04-13 23:34:00
28105.3617755192,-0.00857042039966751,89534.9135613505,0.117081771167741,-2.20222396769176,-0.517219667300317,2007-04-13 23:39:00
28102.7906494189,-0.00857042026730232,89570.0380926724,0.117081770977317,-240.894518003944,-0.658675989451529,2007-04-13 23:44:00
28100.2195233601,-0.00857042012219869,89605.1626239359,0.117081770777696,-337.313071733956,-0.158450589198057,2007-04-13 23:49:00
28097.6483973471,-0.00857041996139932,89640.2871551377,0.11708177056481,-346.257644282392,0.231870291895153,2007-04-13 23:54:00
28095.0772713851,-0.00857041978162702,89675.411686273,0.11708177033432,-219.606584047045,0.393518016913858,2007-04-13 23:59:00
28092.5061454804,-0.00857041957921791,89710.536217336,0.117081770081528,-126.434181200988,0.38125215328239,2007-04-14 00:04:00
28089.9350196403,-0.00857041935004675,89745.6607483192,0.117081769801282,-0.473133392597625,0.266288576433076,2007-04-14 00:09:00
28087.3638938735,-0.00857041908944287,89780.7852792135,0.11708176948787,-23.7769185178089,-0.458548921035146,2007-04-14 00:14:00
28084.7927681903,-0.00857041879209502,89815.909810008,0.117081769134906,-207.129469013,-0.452242907938287,2007-04-14 00:19:00
28082.2216426025,-0.00857041845194304,89851.0343406898,0.117081768735195,-246.913538303862,0.0688321400404873,2007-04-14 00:24:00
28079.6505171241,-0.00857041806205441,89886.1588712436,0.117081768280591,-221.425236671424,-0.00372754633079027,2007-04-14 00:29:00
28077.0793917711,-0.00857041761448294,89921.2834016517,0.117081767761829,-242.670153237297,-0.00709579864778218,2007-04-14 00:34:00
28074.5082665621,-0.00857041710010683,89956.4079318932,0.117081767168336,-197.862102683069,0.286599838948521,2007-04-14 00:39:00
28071.9371415187,-0.00857041650844275,89991.532461944,0.117081766488016,-84.7950578006767,0.429900235200419,2007-04-14 00:44:00
28069.3660166659,-0.00857041582743221,90026.656991776,0.117081765707005,-1.01162053444958,-0.0791046075485538,2007-04-14 00:49:00
28066.7948920326,-0.00857041504319575,90061.7815213566,0.117081764809384,-121.641060177339,-0.474745426175243,2007-04-14 00:54:00
28064.2237676519,-0.00857041413975013,90096.9060506481,0.117081763776859,-213.559397621883,-0.0983844121960933,2007-04-14 00:59:00
28061.6526435625,-0.00857041309868251,90132.0305796071,0.117081762588387,-208.448597099818,-0.0186204150833979,2007-04-14 01:04:00
28059.0815198086,-0.00857041189877526,90167.1551081832,0.117081761219747,-232.60174284002,-0.0228919985961468,2007-04-14 01:09:00
28056.5103964415,-0.00857041051557347,90202.2796363182,0.117081759643043,-219.356326686586,0.00302766867355403,2007-04-14 01:14:00
28053.9392735204,-0.00857040892088659,90237.404163945,0.117081757826143,-231.806683437821,0.0180394821349918,2007-04-14 01:19:00
28051.3681511134,-0.00857040708221383,90272.5286909861,0.117081755732016,-168.384722242036,0.461744070069285,2007-04-14 01:24:00
28048.7970292992,-0.00857040496208184,90307.6532173522,0.117081753317982,-1.54319852421364,0.405908006701282,2007-04-14 01:29:00
28046.2259081686,-0.00857040251728092,90342.77774294,0.117081750534843,-0.962883620036331,-0.462756446508572,2007-04-14 01:34:00
28043.6547878262,-0.00857039969798443,90377.9022676306,0.117081747325875,-202.960314784359,-0.517377519225282,2007-04-14 01:39:00
28041.0836683929,-0.00857039644673323,90413.0267912865,0.117081743625678,-265.31187592117,-0.079990489384366,2007-04-14 01:44:00
28038.512550008,-0.0085703926972647,90448.1513137494,0.11708173935884,-274.518969510626,0.105780203826855,2007-04-14 01:49:00
28035.941432832,-0.00857038837316218,90483.2758348365,0.1170817344384,-222.554877082637,0.0704009583349158,2007-04-14 01:54:00
28033.3703170503,-0.00857038338629761,90518.4003543371,0.117081728764075,-243.886266659242,-0.0889252193265121,2007-04-14 01:59:00
28030.7992028766,-0.00857037763503541,90553.524872008,0.117081722220219,-221.362033025201,0.334202833311351,2007-04-14 02:04:00
28028.2280905574,-0.00857037100216106,90588.649387569,0.117081714673465,-67.2218056277979,0.502587248144534,2007-04-14 02:09:00
28025.6569803769,-0.00857036335249219,90623.7739006965,0.117081705970003,-1.98372095243303,-0.206469063094815,2007-04-14 02:14:00
28023.0858726631,-0.00857035453012352,90658.8984110177,0.117081695932453,-154.433464810913,-0.523971564007395,2007-04-14 02:19:00
28020.514767794,-0.00857034435524935,90694.0229181022,0.117081684356242,-254.895087684705,-0.185090825491657,2007-04-14 02:24:00
28017.9436662058,-0.00857033262049903,90729.1474214541,0.117081671005439,-282.895069450609,-0.032080311373191,2007-04-14 02:29:00
28015.3725684015,-0.0085703190867106,90764.2719205009,0.117081655607946,-305.540314106991,-0.214322174889478,2007-04-14 02:34:00
28012.8014749612,-0.00857030347805653,90799.3964145829,0.117081637849953,-383.251164580924,-0.0950517988619302,2007-04-14 02:39:00
28010.2303865538,-0.00857028547642215,90834.5209029389,0.117081617369539,-355.654859200394,0.0980721816190219,2007-04-14 02:44:00
28007.6593039511,-0.00857026471492229,90869.6453846909,0.1170815937493,-295.553882465773,0.599294098223514,2007-04-14 02:49:00
28005.0882280429,-0.00857024077042387,90904.7698588266,0.11708156650784,-37.1194707868407,0.662286275696645,2007-04-14 02:54:00
28002.5171598557,-0.00857021315492222,90939.8943241782,0.11708153508996,-0.653456006073534,-0.368893496308035,2007-04-14 02:59:00
27999.9461005731,-0.00857018130559519,90975.0187793992,0.117081498855343,-183.520579788664,-0.599929895596889,2007-04-14 03:04:00
27997.3750515603,-0.00857014457333251,91010.1432229363,0.117081457065503,-297.644337830423,-0.15861452699947,2007-04-14 03:09:00
27994.8040143919,-0.00857010220950641,91045.2676529983,0.117081408868737,-309.331535542712,-0.0444919064466037,2007-04-14 03:14:00
27992.2329908837,-0.00857005335071418,91080.3920675191,0.117081353282762,-334.7409070724,-0.0414339796367074,2007-04-14 03:19:00
27989.66198313,-0.0085699970011814,91115.5164641163,0.1170812891747,-327.115293302694,0.0371870279884276,2007-04-14 03:24:00
27987.0909935463,-0.00856993201246742,91150.6408400418,0.117081215237985,-320.876719474554,0.0256013820483975,2007-04-14 03:29:00
27984.5200249182,-0.00856985706005938,91185.7651921263,0.117081129965739,-324.675609391104,-0.123954108974204,2007-04-14 03:34:00
27981.9490804586,-0.00856977061637775,91220.8895167147,0.117081031620057,-314.03986909037,0.593629994876401,2007-04-14 03:39:00
27979.3781638728,-0.00856967091964327,91256.0138095916,0.117080918196589,-22.5060383000402,0.734521091837337,2007-04-14 03:44:00
27976.8072794343,-0.00856955593797073,91291.1380658949,0.11708078738369,-0.664628398674084,-0.484275587155764,2007-04-14 03:49:00
27974.2364320716,-0.00856942332795779,91326.2622800176,0.117080636515307,-213.307378618054,-0.63780870483896,2007-04-14 03:54:00
27971.6656274692,-0.0085692703869249,91361.3864454927,0.117080462516644,-324.823883735592,-0.166411254831087,2007-04-14 03:59:00
27969.0948721827,-0.0085690939978329,91396.5105548618,0.117080261841491,-349.226847807825,-0.080192282126803,2007-04-14 04:04:00
27966.524173773,-0.00856889056575576,91431.634599523,0.117080030399957,-377.741431853615,-0.0452501780439661,2007-04-14 04:09:00
27963.95354096,-0.00856865594461353,91466.7585695558,0.117079763475112,-380.620124580563,-0.0556159383783509,2007-04-14 04:14:00
27961.3829838008,-0.00856838535267255,91501.8824535185,0.117079455626851,-333.923052207254,0.758218341705244,2007-04-14 04:19:00
27958.8125138942,-0.00856807327509055,91537.0062382154,0.117079100581022,-1.85757800773804,0.758738464693335,2007-04-14 04:24:00
27956.2421446172,-0.00856771335152056,91572.1299084275,0.117078691101558,-5.5615599060675,-0.59556193365738,2007-04-14 04:29:00
27953.6718913977,-0.00856729824648275,91607.2534466026,0.117078218842998,-232.071668775814,-0.592463296220581,2007-04-14 04:34:00
27951.1017720291,-0.00856681949986262,91642.3768324978,0.117077674180399,-318.200826576013,-0.131940012314138,2007-04-14 04:39:00
27948.5318070327,-0.00856626735448824,91677.5000427661,0.11707704601318,-332.731441857941,0.0990550533252666,2007-04-14 04:44:00
27945.9620200759,-0.00856563055727261,91712.6230504815,0.117076321538877,-243.672898825077,0.491230910434431,2007-04-14 04:49:00
27943.3924384547,-0.0085648961298684,91747.7458245897,0.117075485992228,-72.1523936599827,0.518657316932216,2007-04-14 04:54:00
27940.8230936501,-0.00856404910416061,91782.8683292754,0.117074522344238,-0.912154614586673,-0.184639389578179,2007-04-14 04:59:00
27938.2540219695,-0.00856307221720654,91817.9905232321,0.117073410955128,-163.888713079282,-0.684552035120659,2007-04-14 05:04:00
27935.6852652867,-0.0085619455594056,91853.1123588208,0.117072129174053,-320.178053864715,-0.207813155414469,2007-04-14 05:09:00
27933.1168718955,-0.00856064616872858,91888.2337810983,0.117070650877471,-305.445386027936,0.0888036944903448,2007-04-14 05:14:00
27930.5488974935,-0.00855914756273628,91923.3547266982,0.11706894593672,-303.880309206216,-0.00949350941836985,2007-04-14 05:19:00
27927.9814063181,-0.00855741919884993,91958.4751225389,0.117066979603984,-294.907346963455,0.0655547894451358,2007-04-14 05:24:00
27925.4144724546,-0.00855542585187336,91993.5948843344,0.117064711804105,-280.529211943404,-0.0300476675236411,2007-04-14 05:29:00
27922.8481813471,-0.00855312689608018,92028.7139148763,0.117062096317825,-249.400593348666,0.552769841468611,2007-04-14 05:34:00
27920.2826315394,-0.0085504754772347,92063.8321020531,0.117059079839808,-1.39132565312692,0.574744597743471,2007-04-14 05:39:00
27917.7179366833,-0.00854741755767174,92098.9493165646,0.117055600892243,-0.319037565033058,-0.425845587294663,2007-04-14 05:44:00
27915.1542278553,-0.00854389081497331,92134.0654092873,0.117051588571882,-182.830504141376,-0.635548105188281,2007-04-14 05:49:00
27912.5916562277,-0.00853982337179664,92169.1802082347,0.11704696110499,-320.394409476796,-0.191196010726071,2007-04-14 05:54:00
27910.0303961497,-0.00853513233096651,92204.2935150526,0.11704162418074,-315.314701996978,0.0634473694051423,2007-04-14 05:59:00
27907.4706487008,-0.00852972208597617,92239.4051009759,0.117035469029093,-309.857595926732,0.0241128079417503,2007-04-14 06:04:00
27904.9126457888,-0.00852348237246359,92274.5147021666,0.117028370204,-297.35818201865,0.0220314498181978,2007-04-14 06:09:00
27902.3566548763,-0.00851628602095108,92309.6220143368,0.117020183026721,-243.622419409574,0.586049414344844,2007-04-14 06:14:00
27899.8029844319,-0.00850798636504742,92344.7266865465,0.117010740637182,-1.25668203187122,0.557147024319364,2007-04-14 06:19:00
27897.2519902167,-0.00849841425229006,92379.8283140518,0.116999850593256,0.581906554039526,-0.433656176593047,2007-04-14 06:24:00
27894.7040825353,-0.00848737459670632,92414.9264300556,0.116987290948664,-187.731795190898,-0.637304479236081,2007-04-14 06:29:00
27892.1597345978,-0.00847464240283261,92450.020496194,0.116972805729562,-319.446131352071,-0.175140182528821,2007-04-14 06:34:00
27889.6194921642,-0.00845995818015841,92485.1098915645,0.116956099717631,-316.337127369841,0.0358684025869629,2007-04-14 06:39:00
27887.0839846674,-0.00844302265453854,92520.193900071,0.116936832433325,-323.907027923917,-0.030553835172974,2007-04-14 06:44:00
27884.5539380415,-0.00842349066878857,92555.2716958295,0.116914611196681,-319.111832384013,0.0691453559037729,2007-04-14 06:49:00
27882.0301895167,-0.00840096414815377,92590.3423263363,0.116888983124235,-239.925462148097,0.6225921870315,2007-04-14 06:54:00
27879.5137046826,-0.00837498398728299,92625.404693055,0.116859425898966,-0.862827867287749,0.585487444108449,2007-04-14 06:59:00
27877.0055971677,-0.00834502069335869,92660.4575290279,0.116825337125123,-1.39381667097587,-0.655658629584424,2007-04-14 07:04:00
27874.5071513358,-0.00831046359468408,92695.4993730542,0.116786022051007,-265.05391729442,-0.517184893107758,2007-04-14 07:09:00
27872.019848462,-0.00827060839479102,92730.5285399103,0.116740679409472,-279.124884263267,-0.0308287307381969,2007-04-14 07:14:00
27869.5453969224,-0.00822464281841343,92765.543086003,0.11668838508757,-331.168660222858,-0.0529243778389764,2007-04-14 07:19:00
27867.0857670118,-0.00817163005678148,92800.5407697588,0.116628073292524,-295.480183435426,0.0894114384994902,2007-04-14 07:24:00
27864.6432310996,-0.00811048967484088,92835.5190059385,0.116558514830163,-311.272767571219,-0.128640005710565,2007-04-14 07:29:00
27862.2204099418,-0.00803997559127369,92870.4748129482,0.116478292053137,-281.301742918752,0.62886156240877,2007-04-14 07:34:00
27859.8203260947,-0.00795865068253903,92905.4047520731,0.116385769968327,-1.44007683614484,0.665777545011505,2007-04-14 07:39:00
27857.4464655154,-0.00786485749334727,92940.3048573936,0.116279062914608,-0.787403276334229,-0.567458185697809,2007-04-14 07:44:00
27855.1028486089,-0.00775668445662781,92975.1705549577,0.116155996131832,-223.869566804134,-0.540224499019929,2007-04-14 07:49:00
27852.794112166,-0.00763192693453114,93009.9965695603,0.116014061437779,-280.196959240277,-0.0354231539638461,2007-04-14 07:54:00
27850.5256038645,-0.00748804228645502,93044.7768172317,0.115850366109751,-302.436392519186,-0.142599798430132,2007-04-14 07:59:00
27848.3034912581,-0.00732209804835172,93079.5042812417,0.115661573928974,-300.572934562138,0.446246462148914,2007-04-14 08:04:00
27846.1348874755,-0.00713071216717616,93114.1708690945,0.115443837186257,-65.7731551647298,0.703176096848587,2007-04-14 08:09:00
27844.0279961906,-0.00690998407241371,93148.7672475978,0.115192718263146,-3.11634672113019,-0.368740785051139,2007-04-14 08:14:00
27841.9922788184,-0.00665541517987995,93183.2826526466,0.114903099190325,-216.269098194543,-0.685216627609034,2007-04-14 08:19:00
27840.0386473456,-0.00636181720760728,93217.7046698435,0.114569077340029,-325.818392309614,-0.0574737002266856,2007-04-14 08:24:00
27838.1796867233,-0.00602320643523574,93252.0189814849,0.114183845126597,-231.678311599196,0.773948983014501,2007-04-14 08:29:00
27836.4299113573,-0.00563268175184465,93286.2090747571,0.113739551263384,-2.51769673527784,0.0990635634257285,2007-04-14 08:34:00
27834.8060609207,-0.00518228400675941,93320.2559051941,0.11322714074836,-188.936088650666,-0.754098066531261,2007-04-14 08:39:00
27833.32744152,-0.00466283379681015,93354.1375085386,0.112636170317193,-327.921567744473,-0.250587826715888,2007-04-14 08:44:00
27832.0163191657,-0.00406374438403953,93387.8285530964,0.111954595602636,-362.961966861242,0.000144102981772844,2007-04-14 08:49:00
27830.8983735688,-0.00337280593099913,93421.2998234594,0.111168525662375,-321.742521243487,0.315931641002431,2007-04-14 08:54:00
27830.0032215102,-0.00257593665620752,93454.5176250764,0.110261939872462,-164.306935664654,0.72884525482839,2007-04-14 08:59:00
27829.3650204497,-0.00165689583815396,93487.443097536,0.109216361416428,-2.1310191404716,-0.114975755714843,2007-04-14 09:04:00
27829.0231646783,-0.000596952818680124,93520.0314225657,0.108010480715576,-208.791091376531,-0.697175975895502,2007-04-14 09:09:00
27829.0230881993,0.000625494740189729,93552.2309106059,0.106619721125711,-314.049262114168,-0.143389810068577,2007-04-14 09:14:00
27829.4171907035,0.00203536112614761,93583.9819473428,0.105015738048913,-331.795309636637,0.0156332845611541,2007-04-14 09:19:00
27830.2659055095,0.0036613803462208,93615.2157787291,0.103165841251939,-341.660046502908,-0.220324764411872,2007-04-14 09:24:00
27831.6389312343,0.00553669174479075,93645.8531097312,0.101032328617699,-448.877242141702,-0.294909496443061,2007-04-14 09:29:00
27833.6166522975,0.0076995154052934,93675.8024882443,0.0985717177512397,-395.87799530777,0.940972305975279,2007-04-14 09:34:00
27836.2917772086,0.0101939311007332,93704.958441238,0.095733859779851,-1.96935645833789,0.920334673262585,2007-04-14 09:39:00
27839.7712280274,0.0130707766685363,93733.1993251462,0.0924609172859557,-1.39454549488273,-0.784382689502202,2007-04-14 09:44:00
27844.1783195067,0.0163886841192142,93760.3848466914,0.0886861855423854,-236.713147525864,0.0296496101187109,2007-04-14 09:49:00
27849.6552723274,0.0202152745954181,93786.3532036149,0.0843327330260354,-1.93783691339412,0.647924564736053,2007-04-14 09:54:00
27856.3661116509,0.0246285365354346,93810.91778704,0.0793118335026726,-38.9316139716923,-0.772980669484251,2007-04-14 09:59:00
27864.5000100589,0.0297184151290071,93833.8633782601,0.0735211577277498,-313.427146631565,-0.567661477819452,2007-04-14 10:04:00
27874.2751430166,0.0355886454596387,93854.9417624392,0.0668426879088957,-329.339680403986,0.173565606368818,2007-04-14 10:09:00
27885.9431354316,0.0423588666940278,93873.8666698303,0.0591403124254505,-277.067061943117,0.191056797800075,2007-04-14 10:14:00
27899.7941899362,0.0501670604072109,93890.3079414087,0.0502570517838448,-184.278272589737,0.53344595947966,2007-04-14 10:19:00
27916.1630014082,0.0591723627380869,93903.8848000133,0.0400118592719623,-0.768100276168755,0.408481125242126,2007-04-14 10:24:00
27935.4355782732,0.0695583076889099,93914.1580898573,0.0281959311077111,-0.498378786908658,-0.371128700302506,2007-04-14 10:29:00
27958.0571096114,0.0815365676693311,93920.6213262427,0.0145684508801977,-167.756346534723,-0.556100905404837,2007-04-14 10:34:00
27984.5410384041,0.0953512675197467,93922.690373069,-0.00114831844759161,-261.314584855177,0.0367466313353058,2007-04-14 10:39:00
28015.4795258409,0.111283959936593,93919.6915377534,-0.0192746950028276,-153.952372657046,0.541566051820136,2007-04-14 10:44:00
28051.5555199554,0.12965936370204,93910.8478409319,-0.0401801062975816,-0.210344475525823,0.36476176550506,2007-04-14 10:49:00
28093.5566745561,0.150851981666983,93895.2631811072,-0.0642906184052308,-1.24606402290433,-0.518389256927795,2007-04-14 10:54:00
28142.3914021313,0.175293733366209,93871.9040715088,-0.0920976194681075,-239.823953503445,-0.638929959367259,2007-04-14 10:59:00
28199.1073878944,0.203482757823442,93839.5785769514,-0.124167834512006,-324.244096616793,-0.114957208552027,2007-04-14 11:04:00
28264.9129423,0.235993565953272,93796.9120214089,-0.161154875676074,-345.783881039251,0.01408941855837,2007-04-14 11:09:00
28341.2016272081,0.273488749472595,93742.3189712104,-0.203812563259391,-317.083989504732,0.129323797290566,2007-04-14 11:14:00
28429.5806575937,0.316732484956911,93673.9709228563,-0.253010289075959,-274.016361730702,0.182341009828129,2007-04-14 11:19:00
28531.9036576489,0.366606108263056,93589.7590369101,-0.309750735233401,-178.253178207509,0.549566359547719,2007-04-14 11:24:00
28626.0520095302,0.412356614865304,93508.6221036176,-0.361800375593514,-25.2920149351388,0.512280588558463,2007-04-14 11:28:02
28650.3022497937,0.42380594418596,93487.2581996717,-0.374826099630001,-0.987298006813484,0.311243712059612,2007-04-14 11:29:00
28785.8030877621,0.47823935163346,93365.3004031408,-0.436754141360131,-46.4397373553602,-0.513642110835811,2007-04-14 11:34:00
28936.5227474627,0.525436722020468,93226.0283896292,-0.490449856206836,-220.15266469337,-0.387988218792297,2007-04-14 11:39:00
29100.4381338277,0.56635996889133,93071.7438029468,-0.537007598261469,-256.217225209992,-0.0165792419437975,2007-04-14 11:44:00
29275.7950894036,0.601843135014125,92904.4423207593,-0.577376245021009,-269.022370980041,-0.0607746413426471,2007-04-14 11:49:00
29461.0726434655,0.632609390722495,92725.8543278141,-0.612378536137402,-286.09007119124,-0.0345824120875697,2007-04-14 11:54:00
29654.9520136302,0.659285772604113,92537.4801823242,-0.642727841394423,-251.19703097876,0.403504992923814,2007-04-14 11:59:00
29856.2897282011,0.682415962919997,92340.6207942578,-0.669042699654486,-71.4404590796294,0.54844972403788,2007-04-14 12:04:00
30064.0943214611,0.702471370207649,92136.4041387414,-0.691859425088708,-0.77113711708267,-0.146352489048034,2007-04-14 12:09:00
30277.5061269468,0.719860736898039,91925.8082449377,-0.711643037613511,-114.419300827729,-0.362439088690832,2007-04-14 12:14:00
30495.7797568789,0.73493846975599,91709.6811289246,-0.728796740303297,-178.18544191967,-0.150887528841772,2007-04-14 12:19:00
30718.2689106679,0.748011862923849,91488.7580768224,-0.743670136935091,-208.60497715666,0.0216562052919876,2007-04-14 12:24:00
30944.4132028812,0.759347360778827,91263.6766304102,-0.756566357144152,-178.352834420612,0.0536677306827636,2007-04-14 12:29:00
31173.7267422188,0.769175988245175,91034.9895806476,-0.767748234405907,-192.095364511894,-0.0818669126894842,2007-04-14 12:34:00
31405.7882287276,0.777698059234551,90803.1762339194,-0.777443662755579,-169.988246303582,0.396410910908202,2007-04-14 12:39:00
31640.2323674307,0.785087259175687,90568.6521806159,-0.785850241418956,-0.846903078625172,0.377122115909205,2007-04-14 12:44:00
31876.742423375,0.791494184837996,90331.7777651392,-0.793139302014973,-32.8770656278909,-0.59422466515681,2007-04-14 12:49:00
32115.0437663634,0.797049413593094,90092.8654299596,-0.799459400407134,-266.938698405317,-0.599836063482464,2007-04-14 12:54:00
32354.8982738104,0.801866164667764,89852.1860833996,-0.804939344370006,-346.29571072316,-0.109109777738812,2007-04-14 12:59:00
32596.0994776469,0.806042606626493,89609.974620924,-0.809690818776641,-352.244778707643,0.169765999579224,2007-04-14 13:04:00
32838.4683563648,0.809663858111577,89366.4347124645,-0.813810661809971,-307.628358758253,-0.226114556445351,2007-04-14 13:09:00
33081.8496864401,0.812803722617203,89121.7429533474,-0.817382838588854,-438.39458650032,-0.0932402388649731,2007-04-14 13:14:00
33326.1088787755,0.815526192653348,88876.0524634226,-0.820480152432588,-278.66120529267,0.946302812431064,2007-04-14 13:19:00
33571.1292356857,0.817886753955347,88629.4960077475,-0.823165728640593,-0.903079898364052,0.594628937755206,2007-04-14 13:24:00
33816.8095725215,0.819933516319785,88382.1887024258,-0.825494301027646,-1.02193907756515,-0.602068395556227,2007-04-14 13:29:00
34063.0621554601,0.821708194113887,88134.2303607505,-0.827513327435143,-266.098473923426,-0.77320629101664,2007-04-14 13:34:00
34309.8109134315,0.823246956441844,87885.7075274641,-0.829263956953211,-379.735283979206,-0.034481361050597,2007-04-14 13:39:00
34556.9898877406,0.824581164295013,87636.6952425975,-0.830781868566308,-304.602554723473,0.514015135041408,2007-04-14 13:44:00
34804.5418877847,0.82573800970961,87387.2585708358,-0.832097998314467,-118.422592832551,0.559624196946937,2007-04-14 13:49:00
35052.417325472,0.82674106995835,87137.4539275789,-0.833239169790201,0.22604934663462,0.274797924433501,2007-04-14 13:54:00
35300.5732045829,0.827610788070817,86887.3302287252,-0.834228640821009,-3.41751457472445,-0.542571186803992,2007-04-14 13:59:00
35548.9722444792,0.82836488947589,86636.9298876094,-0.835086577479248,-284.12096011258,-0.920059422983711,2007-04-14 14:04:00
35797.5821203,0.829018743257682,86386.2896794142,-0.83583046507999,-474.929007145048,-0.43772403084223,2007-04-14 14:09:00
36046.3748041594,0.82958567538761,86135.4414906733,-0.836475464543276,-577.19127487062,-0.280378087218436,2007-04-14 14:14:00
36295.3259939202,0.830077240316483,85884.4129691396,-0.837034721383671,-610.106111889223,0.229867575629417,2007-04-14 14:19:00
36544.4146178997,0.830503456461835,85633.2280872647,-0.837519633624521,-453.533300304907,0.587819874610758,2007-04-14 14:24:00
36793.6224054156,0.830873010389881,85381.9076307731,-0.837940084097188,-274.208386633873,0.766446498668849,2007-04-14 14:29:00
37042.9335144168,0.831193433853467,85130.4696222895,-0.838304641859674,-29.8825910362421,0.558351979858485,2007-04-14 14:34:00
37292.3342086124,0.831471257294163,84878.9296886512,-0.838620736839676,-1.43516142971404,-0.314309174688617,2007-04-14 14:39:00
37541.8125775169,0.831712142936969,84627.3013793937,-0.838894811261413,-172.889437718056,-0.700288982732875,2007-04-14 14:44:00
37791.3582937063,0.831921000190195,84375.5964428992,-0.839132450942404,-388.181240392893,-0.729337515548602,2007-04-14 14:49:00
38040.962402339,0.832102085702446,84123.825065836,-0.839338499136118,-567.262628517969,-0.296790560195687,2007-04-14 14:54:00
38290.6171386499,0.832259090115922,83871.99608077,-0.839517155240673,-553.98358115954,0.266794724639734,2007-04-14 14:59:00
38540.3157696992,0.832395213284144,83620.117146178,-0.839672060385336,-442.011274495147,0.458519306149153,2007-04-14 15:04:00
38790.052457151,0.83251322948708,83368.1949025322,-0.839806371639147,-271.493278485976,0.72903262427045,2007-04-14 15:09:00
39039.8221382838,0.832615543972802,83116.2351076382,-0.839922826354063,-50.7847761763616,0.506303941267074,2007-04-14 15:14:00
39289.6204228094,0.832704241978023,82864.242753982,-0.840023797953998,0.111036122731842,-0.0600166204277017,2007-04-14 15:19:00
39539.4435033953,0.832781131226605,82612.2221704807,-0.840111344306769,-91.043140286771,-0.671700805200513,2007-04-14 15:24:00
39789.2880780691,0.832847778772157,82360.1771107085,-0.8401872496648,-329.629730810192,-0.500916343295743,2007-04-14 15:29:00
40039.1512829224,0.832905542935625,82108.110829397,-0.840253061029361,-355.456800482945,0.0557238854806183,2007-04-14 15:34:00
40289.0306337417,0.832955600988765,81856.0261487691,-0.840310119679478,-345.728295641816,0.0834600708252895,2007-04-14 15:39:00
40538.9239753793,0.832998973147725,81603.9255160571,-0.840359588508081,-305.746462574334,0.107291323293306,2007-04-14 15:44:00
40788.8294378295,0.833036543365717,81351.8110533796,-0.840402475722532,-398.030492366334,-1.11473496520376,2007-04-14 15:49:00
41038.7453981166,0.833069077348567,81099.6846009912,-0.840439655392554,-724.409080295585,0.334601765403797,2007-04-14 15:54:00
41288.6704472179,0.83309723816031,80847.5477547884,-0.840471885264349,-212.323187140696,1.6231970092035,2007-04-14 15:59:00
41538.6033613467,0.833121599736866,80595.4018988349,-0.840499822203966,0.661180513940538,0.254635202478659,2007-04-14 16:04:00
41788.5430770108,0.833142658583236,80343.2482335696,-0.840524035584664,-1.33751015074179,-0.492428021224177,2007-04-14 16:09:00
42038.4886693377,0.833160843892602,80091.0878002726,-0.840545018891115,-248.971869639128,-0.750192713787984,2007-04-14 16:14:00
42288.4393332252,0.833176526293565,79838.9215022871,-0.840563199776948,-392.286189411901,-0.376182545177549,2007-04-14 16:19:00
42538.3943669327,0.833190025403802,79586.7501234298,-0.84057894878061,-502.775956407552,-0.302161421576942,2007-04-14 16:24:00
42788.3531577798,0.833201616344086,79334.5743439663,-0.840592586877184,-570.523169099912,-0.195467479195345,2007-04-14 16:29:00
43038.3151696586,0.833211535345426,79082.3947544747,-0.840604392020075,-523.535453853667,0.941861574869578,2007-04-14 16:34:00
43288.2799321083,0.833219984563613,78830.2118678821,-0.840614604805885,-101.297162977232,1.05528310015963,2007-04-14 16:39:00
43538.2470307265,0.833227136199287,78578.0261299187,-0.840623433377924,0.631171479209785,0.00478617671681408,2007-04-14 16:44:00
43788.2160987232,0.833233136007502,78325.8379282019,-0.840631057668316,-59.1730462550554,-0.626580020366028,2007-04-14 16:49:00
44038.186809446,0.833238106268306,78073.647600136,-0.840637633065128,-353.412546045575,-1.02405579431371,2007-04-14 16:54:00
44288.1588697221,0.833242148278894,77821.455439789,-0.840643293579284,-605.980112335083,-0.699427981305596,2007-04-14 16:59:00
44538.1320138835,0.833245344418108,77569.261703886,-0.840648154575798,-772.693532636241,-0.370787414858556,2007-04-14 17:04:00
44788.1059983527,0.833247759825373,77317.0666170408,-0.840652315124986,-829.31081607169,-0.0513111509443704,2007-04-14 17:09:00
45038.0805966779,0.833249443728284,77064.8703763345,-0.840655860021583,-731.018451150019,1.04189988793895,2007-04-14 17:14:00
45288.0555949184,0.833250430445892,76812.6731553316,-0.840658861512923,-271.395177644296,1.4173010696113,2007-04-14 17:19:00
45538.0307872838,0.833250740088154,76560.4751076174,-0.840661380771378,1.23878848397377,0.531400169116117,2007-04-14 17:24:00
45788.0059719403,0.833250378965781,76308.2763699284,-0.840663469141097,-3.24862342198048,-0.895798014906929,2007-04-14 17:29:00
46037.9809468968,0.833249339718864,76056.077064939,-0.840665169184433,-444.269946912336,-1.34095501853289,2007-04-14 17:34:00
46287.9555058885,0.833247601166864,75803.8773037616,-0.840666515549391,-696.451799176222,-0.596923404993539,2007-04-14 17:39:00
46537.9294341729,0.833245127876943,75551.6771882111,-0.840667535675777,-818.833304820789,-0.0281077325138423,2007-04-14 17:44:00
46787.9025041533,0.833241869441823,75299.4768128802,-0.840668250354439,-766.627025201476,-0.0285336545135513,2007-04-14 17:49:00
47037.8744707403,0.833237759452445,75047.276267067,-0.840668674151,-782.69598682032,0.539715283293981,2007-04-14 17:54:00
47287.8450663563,0.833232714144514,74795.075636595,-0.840668815702714,-417.786108107958,1.37503550543534,2007-04-14 17:59:00
47537.8139954828,0.833226630691328,74542.8750055624,-0.840668677894498,-95.3095350118822,0.740713628028619,2007-04-14 18:04:00
47787.7809286369,0.833219385108096,74290.674458056,-0.840668257917729,-0.694519217976067,-0.185503798010873,2007-04-14 18:09:00
48037.7454956564,0.833210829725052,74038.4740798649,-0.840667547213004,-210.942057572747,-1.15795884813694,2007-04-14 18:14:00
48287.7072781561,0.833200790177847,73786.2739602288,-0.840666531295692,-540.695685183878,-0.477761289201443,2007-04-14 18:19:00
48537.6658009999,0.833189061853885,73534.0741936572,-0.840665189460728,-504.517134981336,0.128563769102531,2007-04-14 18:24:00
48787.6205226183,0.833175405722186,73281.874881855,-0.84066349436063,-515.635988120434,0.178802560624695,2007-04-14 18:29:00
49037.5708239699,0.833159543461777,73029.6761357957,-0.84066141144814,-402.462151243877,0.173233090574383,2007-04-14 18:34:00
49287.5159959256,0.833141151789328,72777.4780779833,-0.840658898272126,-395.443139388319,0.341210396965101,2007-04-14 18:39:00
49537.4552248157,0.833119855870421,72525.2808449482,-0.840655903612405,-165.407224843087,0.854388070358237,2007-04-14 18:44:00
49787.3875758469,0.83309522168018,72273.0845900307,-0.840652366435835,-0.711259047623928,0.108638841744491,2007-04-14 18:49:00
50037.3119740508,0.833066747157556,72020.8894865057,-0.840648214652425,-127.755316902257,-0.931086075578025,2007-04-14 18:54:00
50287.2271823749,0.833033851972994,71768.6957311142,-0.840643363646089,-482.407646584194,-1.14909552283062,2007-04-14 18:59:00
50537.1317764709,0.832995865700932,71516.5035480729,-0.840637714550118,-751.842298447109,-0.669091413340803,2007-04-14 19:04:00
50787.0241156656,0.832952014156086,71264.3131936444,-0.840631152232211,-883.642425066834,-0.186737438023305,2007-04-14 19:09:00
51036.902309523,0.832901403615044,71012.1249613593,-0.840623542947997,-873.881816702072,0.188869638579928,2007-04-14 19:14:00
51286.7641793154,0.83284300260159,70759.939187999,-0.840614731615247,-805.539724669045,0.188413195146027,2007-04-14 19:19:00
51536.6072136202,0.832775620864545,70507.7562604594,-0.840604538653184,-698.479632733835,0.853765264068946,2007-04-14 19:24:00
51786.428517135,0.832697885119656,70255.5766236362,-0.840592756322519,-307.553854431438,1.36670953059432,2007-04-14 19:29:00
52036.2247516697,0.83260821106116,70003.4007894919,-0.84057914449158,-0.57769816097028,0.575636303656066,2007-04-14 19:34:00
52285.9920681117,0.832504771072588,69751.2293474903,-0.840563425742271,-1.15703574611586,-0.631711893004027,2007-04-14 19:39:00
52535.7260279785,0.832385456978733,69499.0629766098,-0.840545279716114,-289.908390676813,-0.881296355825855,2007-04-14 19:44:00
52785.421512959,0.832247837079652,69246.9024591816,-0.840524336585123,-481.570846615097,-0.614458025929379,2007-04-14 19:49:00
53035.0726205981,0.832089106591015,68994.7486968342,-0.840500169514474,-670.488797215952,-0.474745620475337,2007-04-14 19:54:00
53284.6725440014,0.831906030480749,68742.6027288691,-0.840472285963323,-732.880120525542,0.0230810328604848,2007-04-14 19:59:00
53534.213433106,0.831694877536954,68490.4657534423,-0.840440117646503,-656.650731863433,0.520794988451739,2007-04-14 20:04:00
53783.686234691,0.831451344323337,68238.339151984,-0.840403008952497,-416.465461771111,1.06055468464699,2007-04-14 20:09:00
54033.0805078671,0.831170467472348,67986.2245173524,-0.84036020358164,-98.9969953610393,0.760192284560809,2007-04-14 20:14:00
54282.3842112839,0.830846522528471,67734.1236862977,-0.840310829132235,0.142201528997601,0.0379731418526198,2007-04-14 20:19:00
54531.5834577199,0.830472907280044,67482.0387768959,-0.840253879320433,-81.1257421789288,-0.73670226921285,2007-04-14 20:24:00
54780.6622310512,0.830042007201834,67229.9722317171,-0.840188193471498,-394.237689565775,-1.00266996639927,2007-04-14 20:29:00
55029.6020598327,0.829545040265982,66977.9268676061,-0.840112432864496,-611.075240761072,-0.503544361406189,2007-04-14 20:34:00
55278.3816408375,0.828971877958491,66725.9059330919,-0.840025053448279,-670.939482796437,0.267063290182827,2007-04-14 20:39:00
55526.9764048835,0.828310838853421,66473.913174595,-0.839924274372699,-479.289474931347,0.733862984179747,2007-04-14 20:44:00
55775.358016097,0.827548450537727,66221.9529127813,-0.839808041693714,-332.075971553503,0.117350723295849,2007-04-14 20:49:00
56023.493794409,0.826669175034592,65970.0301306211,-0.839673986512647,-333.4869320411,0.305862888001562,2007-04-14 20:54:00
56271.3460495136,0.825655092129207,65718.1505749442,-0.839519376696473,-131.778007025496,0.67355158195094,2007-04-14 20:59:00
56518.8713127152,0.824485534142977,65466.3208735651,-0.839341061195142,0.326085562137855,0.290397073806623,2007-04-14 21:04:00
56766.0194510072,0.823136664712591,65214.5486703616,-0.839135405821104,-9.86729435448289,-0.65150213171714,2007-04-14 21:09:00
57012.7326453287,0.821580992989215,64962.8427810621,-0.838898219182167,-298.980142043738,-0.615364580832737,2007-04-14 21:14:00
57258.9442121737,0.819786813356858,64711.2133729163,-0.838624667258157,-314.66236609157,0.108678297652662,2007-04-14 21:19:00
57504.5772445376,0.817717559251002,64459.6721719102,-0.838309174880403,-320.013492639187,-0.0881387449820358,2007-04-14 21:24:00
57749.5430445009,0.815331057907894,64208.2327017495,-0.837945312106117,-341.729484101502,-0.00929544726792294,2007-04-14 21:29:00
57993.7393155079,0.812578670855799,63956.9105594818,-0.837525663171922,-341.484377608174,-0.100161549716541,2007-04-14 21:34:00
58237.0480774952,0.809404302630859,63705.7237333743,-0.837041675355697,-388.732703330718,-0.0512151836298585,2007-04-14 21:39:00
58479.33326238,0.805743257514537,63454.6929695269,-0.836483484666465,-297.740431913875,0.792942112221684,2007-04-14 21:44:00
58720.4379409027,0.801520920992189,63203.8421946913,-0.835839714809744,-1.21681309618834,0.694787206811235,2007-04-14 21:49:00
58960.1811243057,0.796651239060037,62953.1990039142,-0.83509724533116,-1.2414084119319,-0.688693823005185,2007-04-14 21:54:00
59198.3540756622,0.7910349643878,62702.7952229421,-0.834240944212938,-278.350507629686,-0.619107444446544,2007-04-14 21:59:00
59434.7160556809,0.78455763359263,62452.6675568513,-0.833253359473392,-315.431038895015,0.0620501285697231,2007-04-14 22:04:00
59668.9894162795,0.777087234399862,62202.8583381217,-0.832114363484024,-311.999526158083,-0.0136275176579999,2007-04-14 22:09:00
59900.8539419344,0.768471515145762,61953.4163894003,-0.830800742755182,-311.848455478612,0.0362564902229269,2007-04-14 22:14:00
60129.9403234766,0.758534881788188,61704.3980185393,-0.829285724829823,-302.420109618186,-0.0438565529561418,2007-04-14 22:19:00
60355.8226313273,0.747074819184168,61455.8681661871,-0.827538432643178,-306.240126746581,0.216891003173406,2007-04-14 22:24:00
60578.0096347724,0.733857763697688,61207.9017293214,-0.825523255227806,-160.071607981239,0.608056553420484,2007-04-14 22:29:00
60795.9347903559,0.718614343018712,60960.5850876994,-0.823199121938578,-0.133382644112731,0.372142938120955,2007-04-14 22:34:00
61008.9446953512,0.701033886177798,60714.0178643341,-0.820518665405841,-1.41226747725865,-0.553840888709666,2007-04-14 22:39:00
61216.2857709819,0.680758091866791,60468.3149558768,-0.817427256157175,-248.510248760908,-0.583659016240069,2007-04-14 22:44:00
61417.0889039895,0.6573737260218,60223.6088742867,-0.813861889232707,-292.38324644316,0.0189114981658812,2007-04-14 22:49:00
61610.351733532,0.63040419984036,59980.0524475125,-0.80974990010246,-297.940789271739,-0.0274893977751404,2007-04-14 22:54:00
61794.9182224082,0.599299856587237,59737.8219342261,-0.805007483715304,-305.073685965974,-0.0332803645198185,2007-04-14 22:59:00
61969.4550962573,0.563426769227562,59497.1206160913,-0.79953798649672,-312.062472205581,0.0233570073811436,2007-04-14 23:04:00
62132.4246705478,0.522053820575655,59258.1829407776,-0.793229936485196,-240.843633743124,0.616190867336073,2007-04-14 23:09:00
62282.0535115523,0.474337802644475,59021.279300159,-0.785954771460109,-11.4157581576156,0.471530154736198,2007-04-14 23:14:00
62416.2962925981,0.419306231510577,58786.721541078,-0.777564218758859,0.367693866989027,-0.118468474629419,2007-04-14 23:19:00
62532.7941089607,0.355837527450212,58554.8693209908,-0.767887273382191,-14.8975657320625,0.0133467580335466,2007-04-14 23:24:00
62628.8264018289,0.282638156404661,58326.1374380229,-0.7567267127995,-3.12389546267896,0.0223706991451716,2007-04-14 23:29:00
62701.2555115216,0.198216266902772,58101.0042848288,-0.743855077423545,-5.95941149884986,-0.0164875998378904,2007-04-14 23:34:00
62746.4627299139,0.10085128514382,57880.0215985499,-0.729010034834016,-6.99284993167413,0.00897316021859369,2007-04-14 23:39:00
62760.274548778,-0.0114411514316101,57663.8257055813,-0.71188903326974,0.149394560626579,0.04217438817107,2007-04-14 23:44:00
62737.8776009322,-0.140949636759658,57453.1504903238,-0.692143135424202,-9.72176475496334,-0.223961953560671,2007-04-14 23:49:00
62673.7205606427,-0.290313639207377,57248.8423522315,-0.669369906873046,-89.8747076633566,-0.0165035763715198,2007-04-14 23:54:00
62561.4010039428,-0.462577295679302,57051.8774559919,-0.64310521419502,-21.8159698933173,0.167548355279484,2007-04-14 23:59:00
62393.5349230085,-0.661251453135761,56863.3816264054,-0.612813765626664,-21.5522869724361,0.0077036380276234,2007-04-15 00:04:00
62342.633668919,-0.714771959144859,56818.333563324,-0.604653601888605,-18.330175278226,0.0721893719933149,2007-04-15 00:05:14
62178.7617981486,-0.662568862584609,56675.9104792386,-0.693977924255566,-0.250746522321032,0.0287738956553262,2007-04-15 00:09:00
62139.7558260774,-0.570037895899597,56630.2089068005,-0.759852753927845,-0.311804275659116,-0.0288935008269674,2007-04-15 00:10:03
62049.5191024129,-0.208064838053014,56419.9569343158,-1.00107093994098,-28.2154497300854,-0.205649721905213,2007-04-15 00:14:00
62038.7189723184,0.110619444575824,56087.6413314864,-1.19371877394412,-92.6052888621876,-0.108683655423092,2007-04-15 00:19:00
62100.9019519629,0.279313905324223,55715.9559116086,-1.26398124930858,-81.9796293830493,0.11050104451062,2007-04-15 00:24:00
62191.6620757526,0.301456648589072,55341.3397210487,-1.21329036163407,-61.4268176342882,-0.0453428022733674,2007-04-15 00:29:00
62267.1757991435,0.17749895808556,55000.1720751334,-1.04061299718927,-85.4030906924177,0.0527559493769407,2007-04-15 00:34:00
62283.3088458936,-0.0950855056930083,54729.5139925947,-0.742429877372442,-23.1991779643596,0.221051529808,2007-04-15 00:39:00
62276.2746343027,-0.161569979344379,54690.5497578196,-0.67371166210626,-12.2661749161186,0.176189783225003,2007-04-15 00:39:55
62212.3784513659,-0.30548830559362,54542.8902649792,-0.618597150983078,-0.264534410713087,-0.117768444303632,2007-04-15 00:44:00
62193.5181952589,-0.289648458953998,54501.8903386415,-0.688743925977709,-11.1524395853437,-0.225751879968706,2007-04-15 00:45:03
62135.6053327616,-0.203849805340531,54302.3187406193,-0.984460784838284,-110.595125152664,-0.635280695916748,2007-04-15 00:49:00
62085.7966790529,-0.135603817732679,53962.044739214,-1.26748989543431,-316.110589312762,-0.455291601205566,2007-04-15 00:54:00
62049.8614266565,-0.111203699658347,53551.4924973758,-1.45377650228945,-345.897616858121,0.129093431707453,2007-04-15 00:59:00
62014.7425391408,-0.130152160614554,53099.0671247665,-1.54711724934372,-298.320118418388,0.0763792177020257,2007-04-15 01:04:00
61967.3996181292,-0.192835382735784,52632.3203290199,-1.54941448259848,-321.215239722518,-0.202119435606749,2007-04-15 01:09:00
61894.5431313783,-0.300530891440662,52178.5119377178,-1.46071502118294,-379.724661317149,-0.0549236149808685,2007-04-15 01:14:00
61782.3635633439,-0.455433592242755,51765.1654716607,-1.27921111155888,-294.910730269134,0.725026538450712,2007-04-15 01:19:00
61616.2499681437,-0.66070050437291,51420.6290923774,-1.00120358431099,-25.108640478295,0.646479880414294,2007-04-15 01:24:00
61594.7087129578,-0.685731688599476,51389.156528691,-0.965637548808008,-6.75316113442656,0.503248888769395,2007-04-15 01:24:32
61395.2705824769,-0.754995790091988,51157.1023025409,-0.817599814184481,-0.713019010621037,-0.432475364190377,2007-04-15 01:29:00
61349.8767755521,-0.730858222164775,51107.0228125423,-0.827012589000474,-32.9976416134791,-0.611899430910953,2007-04-15 01:30:01
61188.0397848409,-0.631445333427999,50901.4101459436,-0.892837132751205,-200.399560461986,-0.612417863430487,2007-04-15 01:34:00
61009.0891150389,-0.573919146392052,50621.8858420098,-0.969705674682919,-298.612675752453,-0.0497056738325827,2007-04-15 01:39:00
60836.3082179565,-0.590243799460558,50320.0817396202,-1.04162087481113,-262.181721594293,0.171756214734124,2007-04-15 01:44:00
60647.5295081415,-0.680751999832329,49997.2618470183,-1.11004841235654,-225.031383793826,0.0785163140327167,2007-04-15 01:49:00
60420.2593541647,-0.847288364338731,49654.2618567794,-1.17638288567562,-216.269593694869,-0.0275120069189589,2007-04-15 01:54:00
60131.2196435724,-1.09324701395157,49291.506177776,-1.2419762350951,-196.994969754338,0.342089033940786,2007-04-15 01:59:00
59755.8733595978,-1.4236407482076,48909.0165849111,-1.30816529634774,-53.2249006393512,0.260992290287195,2007-04-15 02:04:00
59671.168324076,-1.49779418702771,48832.7669947079,-1.32114383325308,-43.9399481279874,0.0733020821950324,2007-04-15 02:04:58
59284.626090281,-1.63806733983007,48513.4229687016,-1.289356077722,-50.0174433990697,0.0771977639878217,2007-04-15 02:09:00
59073.5570049393,-1.56716621707948,48349.8062171113,-1.20015064051704,-25.7469777108802,0.236806217394769,2007-04-15 02:11:11
58821.5452810371,-1.41823351360439,48159.2059614477,-1.05702607675696,-1.97106888553749,-0.053899800288379,2007-04-15 02:14:00
58430.6330435237,-1.19670079050618,47877.6540036441,-0.824235934910168,-109.757495789912,-0.477571855699107,2007-04-15 02:19:00
58098.4225464421,-1.02622527240921,47662.3442978779,-0.614662553580923,-242.99310433491,-0.415177396011975,2007-04-15 02:24:00
57810.1428246744,-0.903332555792868,47506.9632037811,-0.424034689003295,-357.009301910965,-0.332979489142692,2007-04-15 02:29:00
57551.9182512841,-0.825518006020835,47406.4184656257,-0.248467219540988,-421.763388777772,-0.0263611769282318,2007-04-15 02:34:00
57310.4857430863,-0.791195711234906,47356.7354287934,-0.084381964345415,-335.077127291499,0.683333418758405,2007-04-15 02:39:00
57072.9244502619,-0.799666160425104,47354.9760336919,0.0715652423304878,-82.0451129798829,0.642570881294674,2007-04-15 02:44:00
56925.2571286883,-0.825696986081711,47376.3946386086,0.1635579134615,-13.6596043732007,0.180366842662536,2007-04-15 02:47:02
56826.9986025341,-0.835688972801263,47398.9922712803,0.217806492150425,-0.71816274790361,0.0552787402598377,2007-04-15 02:49:00
56678.5362137465,-0.804546691368663,47444.2890592133,0.281733985040901,-9.66835125376515,-0.20629037901666,2007-04-15 02:52:00
56584.2800639703,-0.767039891877239,47480.1768378663,0.316166640767379,-56.1320310387501,-0.609472140877868,2007-04-15 02:54:00
56366.3247467603,-0.689861774803331,47587.2939410865,0.396713009360449,-327.118677755985,-0.854768129144562,2007-04-15 02:59:00
56168.1147761979,-0.635181133445792,47717.5437822744,0.470646284097099,-527.139542459876,-0.65316082127242,2007-04-15 03:04:00
55983.0792110307,-0.601883540261217,47869.1714291095,0.539473273889837,-803.408774850388,-1.35269441302144,2007-04-15 03:09:00
55804.9156130792,-0.589290368334267,48040.8576430534,0.604596718195445,-1222.72143596116,-0.813228157369598,2007-04-15 03:14:00
55627.4615993893,-0.59714496051342,48231.6919923976,0.667343875770471,-1254.74611046426,0.117042112535931,2007-04-15 03:19:00
55444.5692488023,-0.625607398568917,48441.1542970652,0.728993575080262,-1260.42266422395,-0.10510882619268,2007-04-15 03:24:00
55249.9798032657,-0.675257765764852,48669.1040269975,0.790802277666735,-1205.20059391571,0.875179797593981,2007-04-15 03:29:00
55037.1961102155,-0.747107969338765,48915.7774380589,0.854029685663478,-719.82809609405,2.02083272220726,2007-04-15 03:34:00
54799.3502063208,-0.842622363838694,49181.7923870868,0.919964415356256,-174.677975522899,1.22336528543975,2007-04-15 03:39:00
54674.138848891,-0.897426996667697,49316.6313076634,0.952966483069934,-56.1825502412651,0.520352315050981,2007-04-15 03:41:24
54529.7050073111,-0.95140565098561,49466.8676376416,0.965074803327697,0.686542374785902,0.281698688933307,2007-04-15 03:44:00
54354.4250630149,-0.992369220599329,49637.3920691357,0.918884167564734,32.4444624768954,-0.0250972254196305,2007-04-15 03:47:00
54234.1783473986,-1.01154973621673,49744.6111062324,0.868865268902286,-2.57828854628526,-0.62707512158354,2007-04-15 03:49:00
53924.0765856508,-1.0546967984091,49988.7511015021,0.763247472018811,-371.546659282784,-1.49301083631816,2007-04-15 03:54:00
53601.9774693455,-1.09166766499475,50205.1679682225,0.683731152211378,-829.709380531725,-1.62564192371097,2007-04-15 03:59:00
53269.6178896462,-1.12321582662415,50401.436221932,0.628695714425805,-1248.94921985304,-0.712031138930372,2007-04-15 04:04:00
52928.5256227037,-1.14998425564348,50584.7197361443,0.597019500133438,-1262.97263507607,0.137036717986575,2007-04-15 04:09:00
52580.0504667418,-1.17251851029513,50761.9177468159,0.588056927190369,-1230.40846858172,0.306126441830757,2007-04-15 04:14:00
52225.3917518355,-1.19127785355465,50939.8054633267,0.601625332447454,-1016.39844556949,1.14683403400919,2007-04-15 04:19:00
51865.6227830496,-1.20664461321309,51125.1721517166,0.638001248954841,-565.572035461543,1.73913263124915,2007-04-15 04:24:00
51501.7127151032,-1.21893197396968,51324.9595044062,0.697926041887949,-100.671112328069,0.967313954930057,2007-04-15 04:29:00
51357.6358010155,-1.22297788254551,51409.0628618061,0.728199952081908,-26.5642584474564,0.357306242650844,2007-04-15 04:30:58
51133.0327485652,-1.25334530994113,51541.7545418092,0.705977035101807,0.419185544778845,0.0417648796713644,2007-04-15 04:34:00
50977.4319905146,-1.30117585208947,51622.7160335962,0.610450862601386,3.56683539574628,0.00128434857603453,2007-04-15 04:36:02
50738.8555240377,-1.37564627009361,51716.2330559768,0.448543300579431,-9.4163919648387,-0.176956509627866,2007-04-15 04:39:00
50313.4047358061,-1.45012948187132,51822.9845927545,0.285963025713031,-89.7130851392139,-0.224387981954647,2007-04-15 04:44:00
49875.0590453518,-1.46175799188479,51901.3847962685,0.259214054010842,-108.741956683426,0.105185228241842,2007-04-15 04:49:00
49442.6074675031,-1.41076879683937,51992.0324708022,0.36775122378342,-42.9708964458717,0.259973525880257,2007-04-15 04:54:00
49265.9003541816,-1.37011061471468,52044.008731202,0.45489744916916,-13.1630477364389,0.193266338682125,2007-04-15 04:56:07
49033.879516824,-1.31484876669136,52133.7490844303,0.578629284020374,-0.62667637029736,-0.0963736537661241,2007-04-15 04:59:00
48649.4145913644,-1.25597832569927,52333.0277823687,0.73856138904821,-90.8564470112811,-0.346597666990311,2007-04-15 05:04:00
48275.7017560201,-1.24304667182552,52570.2276242411,0.831865403227811,-143.337972330921,0.0998782048184342,2007-04-15 05:09:00
47899.0221605869,-1.27579024943321,52825.6787615498,0.860442923920338,-51.2875163367285,0.328974814704409,2007-04-15 05:14:00
47583.6206958497,-1.33591045874913,53031.8838954561,0.836770075504533,-2.15561544317051,0.0606197952489414,2007-04-15 05:18:02
47505.6291345878,-1.35318785548811,53080.1097288056,0.826242426578657,-1.23501849525032,-0.0322199016528134,2007-04-15 05:19:00
47088.9916230313,-1.41743442645179,53320.3413564781,0.77660797112008,-86.5784240167167,-0.563821815481096,2007-04-15 05:24:00
46659.2924881635,-1.44041293508041,53546.8100883838,0.734334273198434,-287.328075645668,-0.538040450158983,2007-04-15 05:29:00
46228.8210714517,-1.42259169853862,53761.5913991076,0.698559766962343,-373.032391387337,-0.123903028987352,2007-04-15 05:34:00
45809.8509747497,-1.36360750826911,53966.5225658805,0.668555344374462,-379.749158315101,0.0971869983043408,2007-04-15 05:39:00
45414.8902044003,-1.26225822756264,54163.2401135017,0.643709495508688,-333.374274954322,0.119091828286249,2007-04-15 05:44:00
45056.9360926563,-1.11647829121882,54353.2131677937,0.623515845574457,-293.388952236509,0.300150939400883,2007-04-15 05:49:00
44749.740191886,-0.923296607964696,54537.7733973555,0.607562834664467,-152.259848498808,0.492142687715905,2007-04-15 05:54:00
44508.0885402823,-0.678776007654611,54718.1421538475,0.595525329892256,-35.0002679546064,0.290155159188306,2007-04-15 05:59:00
44474.0316200901,-0.630821561178554,54749.0645993867,0.593817757365178,-21.0225371227751,0.246224974194234,2007-04-15 05:59:52
44327.6821792571,-0.625073675923545,54891.7381073537,0.542170345302874,-0.510483181373621,-0.150415011814789,2007-04-15 06:04:00
44287.612995281,-0.693257723497103,54924.0395724527,0.516003889315687,-14.2007204398702,-0.292366866716369,2007-04-15 06:05:01
44086.2684665189,-0.980434505502928,55034.7989054313,0.414716904232918,-128.966840136843,-0.630680725853309,2007-04-15 06:09:00
43749.4148462427,-1.24856347164834,55144.0566185994,0.319419538261403,-380.740934662143,-1.13040162399316,2007-04-15 06:14:00
43346.9036235484,-1.41889375825499,55229.8151367622,0.257790073176452,-758.139266255683,-1.10617670789701,2007-04-15 06:19:00
42907.5049222114,-1.49489680892989,55301.9696510878,0.228572459823005,-1017.65420158021,-0.795863170787716,2007-04-15 06:24:00
42459.2370748581,-1.47812161598464,55370.1380941711,0.231171223966211,-1186.48220000776,0.0395325203898583,2007-04-15 06:29:00
42029.9376550679,-1.36822628992049,55443.8571598459,0.265639330133703,-955.777802970504,1.2823611111102,2007-04-15 06:34:00
41647.8308254875,-1.16297109149488,55532.7766672958,0.332679261067603,-500.778718987872,1.63131419999073,2007-04-15 06:39:00
41342.1025648846,-0.85817278435813,55646.8562307357,0.433657334786236,-84.4777928606969,0.83252282097855,2007-04-15 06:44:00
41264.6292308963,-0.737354961768811,55690.8414960399,0.473888485561713,-28.6672799643995,0.363221573650806,2007-04-15 06:45:37
41126.3368334135,-0.701274439226409,55788.9284575971,0.45769326007379,1.59300476543831,0.0642490243904693,2007-04-15 06:49:00
41030.3699804761,-0.899515950126468,55838.8092199363,0.347414847092377,8.95536770437869,0.0306258857192342,2007-04-15 06:51:02
40836.4667251177,-1.26412631053936,55882.6449320536,0.15198378631374,-11.9495228884025,-0.341204194617844,2007-04-15 06:54:00
40388.9308470642,-1.67808089664004,55889.692821957,-0.0862639166637492,-178.313699818654,-0.481678289959629,2007-04-15 06:59:00
39854.0916361488,-1.84713502056891,55841.9186594601,-0.214116029160365,-246.944368804055,-0.0454198466639595,2007-04-15 07:04:00
39304.7789737823,-1.77473411689577,55771.994887418,-0.23417826157216,-224.723083638263,0.186278249519184,2007-04-15 07:09:00
38813.527762887,-1.45940260744126,55712.1425250313,-0.146859495430637,-178.946443108617,-0.0493820280757477,2007-04-15 07:14:00
38454.0562370689,-0.894713828020146,55694.7878534733,0.049619883321899,-196.324105190496,0.33457313230561,2007-04-15 07:19:00
38327.8834896724,-0.394476196572054,55721.5374906649,0.235495055589733,-70.8979649821921,0.755663824766783,2007-04-15 07:22:13
38297.9043230001,-0.205546436510788,55751.3691191307,0.307273813048027,-2.2909392058188,0.461316617429603,2007-04-15 07:24:00
38249.1489439464,-0.440077589616552,55804.3841822483,0.221538878986402,21.7745361708377,-0.122288843080227,2007-04-15 07:27:05
38178.3929557605,-0.78221091354957,55822.3621307372,0.0938942672919371,-4.13381200846799,-0.315281209768512,2007-04-15 07:29:00
37835.9850037639,-1.44616184210407,55809.3505987023,-0.162447982621725,-121.706098294567,-0.347062028481833,2007-04-15 07:34:00
37342.7274752275,-1.78957929393033,55735.579531729,-0.311855856159612,-186.905825701256,-0.106929631975696,2007-04-15 07:39:00
36793.569619049,-1.81946234324724,55632.6189788343,-0.357374384348007,-195.967816152959,0.0253145844051313,2007-04-15 07:44:00
36282.3213985717,-1.53642002631358,55531.4440880559,-0.299931264819733,-181.166821154911,0.0566559804086269,2007-04-15 07:49:00
35903.5654005231,-0.93468375398872,55463.0664004035,-0.138355768903878,-133.132724828928,0.395962159252589,2007-04-15 07:54:00
35828.1557910275,-0.681696238016015,55453.4524585346,-0.0666666439128098,-88.0018464581509,0.540367290958968,2007-04-15 07:55:33
35731.0510266793,-0.343164562487474,55448.5089875844,-0.0238525466064611,-0.251595748523208,0.130240157705328,2007-04-15 07:59:00
35688.3544929801,-0.386813843165325,55440.713870802,-0.118812015971113,-12.6131155542416,-0.280947013339538,2007-04-15 08:01:02
35603.1083494438,-0.565571424426421,55402.2874575234,-0.308218581471048,-82.7438606500407,-0.431847587787352,2007-04-15 08:04:00
35396.8223110176,-0.794936869994216,55269.3584259232,-0.565321281270791,-183.681740581182,-0.185853855266887,2007-04-15 08:09:00
35134.7788306422,-0.937917739735713,55070.4482688541,-0.74883831023596,-195.993642531321,0.0415874746295769,2007-04-15 08:14:00
34842.4130634145,-0.997428078099961,54827.0352535409,-0.862509866482096,-184.204137113302,-0.00298774984804679,2007-04-15 08:19:00
34544.5421762221,-0.97468074504148,54559.6906495993,-0.908652651314019,-187.522487911645,0.0620322268708669,2007-04-15 08:24:00
34265.8711379758,-0.869212134906246,54288.4979850809,-0.888207085126755,-185.348511092775,-0.282589125373297,2007-04-15 08:29:00
34031.4962231741,-0.678872727842615,54033.4623620245,-0.800756473793579,-271.621661155946,0.285256375445035,2007-04-15 08:34:00
33867.4164905331,-0.399783281168718,53814.9181736322,-0.64451851616481,-38.835066835446,0.589995977586417,2007-04-15 08:39:00
33827.2897827533,-0.260874472562362,53741.8431882965,-0.561362139351582,-0.821643416212019,0.106805497425392,2007-04-15 08:41:01
33795.0420689556,-0.127200670830281,53649.7203135252,-0.487106277331294,0.829075715231768,0.0239918537655965,2007-04-15 08:44:00
33780.3133359696,-0.13072637511959,53590.9117893897,-0.50163514214596,9.22503391932986,0.07803452697571,2007-04-15 08:46:00
33751.3572059632,-0.19051286987521,53495.2300277747,-0.561194779593833,-0.998591825134688,-0.291709289335237,2007-04-15 08:49:00
33679.9777755966,-0.284235055049449,53312.3940495132,-0.657140501161727,-182.933917681985,-0.700707150804984,2007-04-15 08:54:00
33581.3917414876,-0.372197651340023,53101.1918129674,-0.750623694947239,-306.660905472043,0.115704328494972,2007-04-15 08:59:00
33457.0556012684,-0.456193394487806,52862.0755226397,-0.843549610110103,-139.555264151297,0.654022901098126,2007-04-15 09:04:00
33386.0394101369,-0.496968611026332,52732.9255844923,-0.89008088986439,-56.6742669011842,0.46609908205703,2007-04-15 09:06:29
33306.9975368235,-0.555887818922171,52593.2812800115,-0.970543513083113,-0.0682940548302636,0.275957700020304,2007-04-15 09:09:00
33195.1447278777,-0.675388176209918,52400.090601606,-1.15719625189062,23.0870527925564,-0.0477305089366311,2007-04-15 09:12:03
33110.966724055,-0.760940541625023,52256.3345399774,-1.29627581037846,-0.888941688612811,-0.389429836123797,2007-04-15 09:14:00
32857.8482378705,-0.90977244013194,51825.9837366113,-1.54781650872569,-189.438641049938,-0.581922214133597,2007-04-15 09:19:00
32575.0285391638,-0.959284236318586,51342.381959348,-1.65188401663873,-273.419498996701,0.0437506407893403,2007-04-15 09:24:00
32292.1021353472,-0.910485013253915,50849.378698528,-1.61059929858165,-209.530472426642,0.174589006619736,2007-04-15 09:29:00
32038.6613591125,-0.762380210579277,50390.6318360545,-1.42312094476511,-196.985765623335,0.00303463022279082,2007-04-15 09:34:00
31844.8994796934,-0.511951354712203,50010.4974218281,-1.08562802265987,-155.240992583451,0.391732342065276,2007-04-15 09:39:00
31746.132504144,-0.185484234881251,49769.0362646647,-0.634906713136918,-9.83224454857165,0.428076969382635,2007-04-15 09:43:37
31742.2109793055,-0.156061805322787,49754.9031990149,-0.595217909676361,-0.667507614190753,0.36697207061805,2007-04-15 09:44:00
31722.0854485453,-0.0702582799505111,49587.9189875244,-0.715507891108824,-0.585005522906163,-0.357477356993815,2007-04-15 09:49:00
31721.8717871312,-0.072191882314525,49585.7617065993,-0.72269920383232,-1.66959079668335,-0.365550088589106,2007-04-15 09:49:03
31675.3601194405,-0.228484694989717,49275.6882130873,-1.32826649313619,-154.434140138704,-0.433571034021424,2007-04-15 09:54:00
31592.5312348997,-0.311325232407757,48813.1051408152,-1.7194848197684,-212.795090385293,0.00215094784480509,2007-04-15 09:59:00
31495.9328948681,-0.320436653985245,48265.3466531162,-1.89706504236004,-185.184231670391,0.0957480777066776,2007-04-15 10:04:00
31407.6186002875,-0.256004656504691,47695.8537723584,-1.8646263629963,-170.992860395955,0.0222732321271401,2007-04-15 10:09:00
31349.8106864107,-0.11671607335199,47167.6245596412,-1.62150765999209,-163.063138097987,0.0423058266325208,2007-04-15 10:14:00
31345.3532286545,0.10026788868546,46744.4980568401,-1.16275401379606,-119.342314509234,0.342813620312386,2007-04-15 10:19:00
31378.1827909983,0.26952337531941,46568.3906372366,-0.780295466489541,-40.699682245878,0.437540078369358,2007-04-15 10:22:00
31416.6000169088,0.359925150746788,46487.5167091857,-0.602495600262523,-0.853419210672649,0.179065706090993,2007-04-15 10:24:00
31485.1999505599,0.373501014451288,46374.1002505442,-0.730043347794912,-11.0543635563487,-0.232643998496966,2007-04-15 10:27:01
31527.3804693031,0.336149398248555,46273.5033881115,-0.955812099965964,-47.0910620616554,-0.360415659840387,2007-04-15 10:29:00
31616.2898672911,0.261047418822885,45915.8680147871,-1.39879585346069,-155.55207558344,-0.242668445081918,2007-04-15 10:34:00
31686.6211267686,0.212085216358629,45451.6057859948,-1.66786264171597,-187.17939263644,-0.0660571452394218,2007-04-15 10:39:00
31746.053482707,0.188264908869462,44931.9823354937,-1.76849622337837,-211.920589693623,-0.0681311434432943,2007-04-15 10:44:00
31802.044043234,0.18910102277462,44407.134998823,-1.70274757722964,-222.094531053064,-0.00652736966107664,2007-04-15 10:49:00
31861.979770416,0.214610598627071,43927.0946452759,-1.46927670248723,-192.425982225765,0.305055488907486,2007-04-15 10:54:00
31933.3280314185,0.265313538411218,43542.8053400203,-1.06332530870436,-56.2278414943998,0.433336201517973,2007-04-15 10:59:00
31952.1553089603,0.28063684122065,43473.4710698273,-0.944762271398718,-29.42769636572,0.341435432648651,2007-04-15 11:00:09
32026.9088617018,0.382779927405745,43280.6383970147,-0.821228748055822,-0.768542728108796,-0.168151979199867,2007-04-15 11:04:00
32054.5440690439,0.431438770063605,43222.5676515037,-0.895096601518677,-19.0890526206762,-0.356672035899264,2007-04-15 11:05:08
32173.8548971239,0.589744468202541,42979.1134903285,-1.18925781959648,-130.732838717651,-0.487892799439169,2007-04-15 11:09:00
32373.6585409327,0.730491809956576,42580.5967561709,-1.44441052659795,-223.313631309169,-0.0581501381467508,2007-04-15 11:14:00
32605.1989003041,0.801681183492836,42126.1156230534,-1.56298618683766,-219.106929384652,-0.199500834785407,2007-04-15 11:19:00
32847.861158546,0.804763475207253,41656.2119915134,-1.54740145049504,-331.042964862741,-0.213025393748298,2007-04-15 11:24:00
33081.2571706025,0.739801504238334,41211.1134413962,-1.39733869036225,-303.27977366257,0.239456265108305,2007-04-15 11:29:00
33284.8099392076,0.60547130276266,40831.5530964706,-1.10973952839217,-198.239483056536,0.575866907615228,2007-04-15 11:34:00
33437.3342421063,0.399035132657229,40559.5997923621,-0.678742503936191,-3.87901566070537,0.419822395129257,2007-04-15 11:39:00
33443.2278805505,0.386751531317446,40549.6091198157,-0.653283759611875,2.0095448162235,0.365859032188502,2007-04-15 11:39:15
33534.8809916268,0.308783734224337,40422.2335946799,-0.277589401902166,-0.327874495307559,-0.312631122494514,2007-04-15 11:44:00
33639.4438246994,0.386534172546913,40377.5185849859,-0.0313389978709963,-131.575622502097,-0.405673871438078,2007-04-15 11:49:00
33765.8168439954,0.454431421647274,40397.1641174208,0.152208126019839,-227.271054244967,-0.322947266395536,2007-04-15 11:54:00
33911.2563118198,0.51385927225355,40462.9512096889,0.276792781240291,-325.68495983692,-0.243861562476788,2007-04-15 11:59:00
34073.4070772764,0.566028903165336,40557.6012749232,0.344954085251612,-366.220301120722,-0.0861048810906508,2007-04-15 12:04:00
34250.2545767394,0.612003565876644,40664.4239726863,0.358081210395199,-356.22478400855,0.297200804006023,2007-04-15 12:09:00
34440.0837757172,0.652720254342778,40766.9770488223,0.316441696141373,-208.597819007279,0.459496677402991,2007-04-15 12:14:00
34641.4442153183,0.689008801535263,40848.7312314696,0.219186901720274,-105.594862340604,0.354119702318466,2007-04-15 12:19:00
34767.2808460184,0.708967380668668,40880.7756452996,0.133362327972893,-36.2402968893593,0.367724367971776,2007-04-15 12:22:00
34853.3379333959,0.727046443315457,40893.3146813565,0.078869481288998,-0.399009833782263,0.20311621199773,2007-04-15 12:24:00
35035.8811849365,0.794896225829511,40904.6232400228,0.027949357221247,-5.49450173149088,-0.243669059739765,2007-04-15 12:28:01
35083.4087211582,0.815954803078236,40906.1952010206,0.0255066276187824,-23.5971753680632,-0.373634306002673,2007-04-15 12:29:00
35341.7625346753,0.900082022294355,40913.6809102862,0.0287648076488241,-164.167991174415,-0.305319762016597,2007-04-15 12:34:00
35619.7388600437,0.946993274885651,40926.0854303452,0.0583542800687862,-185.32865569379,-0.00785487559666022,2007-04-15 12:39:00
35906.3349685482,0.957644643127029,40951.3850874899,0.11487809784662,-196.723888392899,-0.00769262140101702,2007-04-15 12:44:00
36190.7238083406,0.932253208929913,40997.8190194131,0.199488253677099,-205.575320721238,-0.17443657516955,2007-04-15 12:49:00
36462.0333419801,0.870301478114766,41074.05709427,0.313909158352921,-285.428181140855,-0.170787365712937,2007-04-15 12:54:00
36709.1249671382,0.770526833538345,41189.3766083101,0.460472785394255,-290.452674176894,0.0207390378118386,2007-04-15 12:59:00
36920.366504535,0.630895802123374,41353.8513632954,0.642166198207457,-239.645722799551,0.568254130528193,2007-04-15 13:04:00
37072.8986219631,0.464131669498331,41558.9268872794,0.844314103915849,-15.3064404142269,0.663885106345267,2007-04-15 13:08:37
37083.4039874523,0.44971839856306,41578.5404386607,0.86053521563479,-1.146211422974,0.564301641130408,2007-04-15 13:09:00
37209.4360268845,0.448200806396665,41829.936889144,0.700269391778579,-1.81695567500466,-0.515466304722161,2007-04-15 13:14:00
37365.0508179786,0.574032987603332,41972.4551082239,0.277355913374843,-200.688479629583,-0.423475283330141,2007-04-15 13:19:00
37544.8372186583,0.609617999324123,42012.4724784548,0.0157721829616252,-239.939879769577,-0.161042049551301,2007-04-15 13:24:00
37721.8754922355,0.555681087573163,41997.5076956929,-0.0898130484523114,-308.064587769266,-0.0134049110206821,2007-04-15 13:29:00
37869.1898933791,0.411122982507059,41973.9588832451,-0.0415516775371992,-224.281349368706,0.387312665149972,2007-04-15 13:34:00
37959.198884629,0.172997494580349,41988.0492162303,0.16153989428398,-112.829383530225,0.391323135557403,2007-04-15 13:39:00
37971.1056513191,-0.0819639822403983,42055.7753077908,0.431342507993834,-20.6978706301942,0.347573618073907,2007-04-15 13:42:55
37963.3534822863,-0.154295506045848,42086.5960112771,0.515617363609261,-0.0738415352758164,0.282294066818996,2007-04-15 13:44:00
37904.6659203286,-0.304114813776654,42241.4433781227,0.756482095295865,18.1908133770571,-0.212357389776004,2007-04-15 13:48:00
37885.9905828759,-0.318287252808637,42288.196769579,0.801428374877104,-1.14170020766738,-0.442725971671527,2007-04-15 13:49:00
37780.9149482943,-0.379620513103094,42557.1857414333,0.978835998140061,-205.847057064604,-0.528545586074727,2007-04-15 13:54:00
37659.7184539753,-0.425941809994827,42867.8579503191,1.07978762480444,-280.436751946892,-0.21039818138976,2007-04-15 13:59:00
37526.7556993798,-0.458195202072392,43197.6235048102,1.10634071561891,-388.192919221313,-0.49135151180417,2007-04-15 14:04:00
37386.1414798226,-0.477038034743734,43524.2816484597,1.05903644009121,-549.04438297169,-0.492510609624104,2007-04-15 14:09:00
37241.8346487144,-0.482854337369207,43825.5682937377,0.936910705879709,-602.772336560481,0.370454815909577,2007-04-15 14:14:00
37097.718801607,-0.475762650033303,44078.7022652402,0.737474509955466,-324.696835854136,1.25557309064891,2007-04-15 14:19:00
37008.77118309,-0.464613226969925,44202.8118854603,0.570372935094932,-92.890648986047,1.06234183888615,2007-04-15 14:22:09
36957.0871549392,-0.471681322392302,44261.2264496433,0.491948793313936,-1.72311790454021,0.514514522483272,2007-04-15 14:24:00
36865.4495441724,-0.548950256620649,44348.2351968932,0.490494561582185,14.1480081847547,-0.169653164026876,2007-04-15 14:27:02
36796.3045061291,-0.621717266227941,44408.9786616666,0.538230448672681,-6.99695608220228,-0.130537864453217,2007-04-15 14:29:00
36585.9071159092,-0.773037211275918,44586.1639989386,0.63792968680908,-50.2095149912589,-0.457002961655679,2007-04-15 14:34:00
36337.079426705,-0.878353505675479,44788.7834323384,0.708078484116034,-277.414629015285,-0.743062023777466,2007-04-15 14:39:00
36063.277763755,-0.939812564983087,45008.2009189801,0.750106519359452,-412.388776802481,-0.135835354905218,2007-04-15 14:44:00
35777.4494662376,-0.958666965371646,45236.1227713843,0.764870351623266,-415.080747139597,-0.128328221456874,2007-04-15 14:49:00
35492.2967625847,-0.935300971959229,45464.4286266563,0.752670877548635,-435.056545507224,0.459296709582756,2007-04-15 14:54:00
35220.5356502771,-0.869238370385665,45685.0059481329,0.713259463805994,-152.067244960335,0.912759743363759,2007-04-15 14:59:00
35018.3455963164,-0.783119610123202,45852.9997935542,0.660600938480439,-12.8225315905137,0.284017227856338,2007-04-15 15:03:04
34975.1076165963,-0.761674231934278,45889.6191106893,0.647677074538884,-0.354635505041434,0.16011939615734,2007-04-15 15:04:00
34757.4766589046,-0.705688627149062,46078.4251046733,0.623720561939276,-9.83879465739107,-0.0996661669993971,2007-04-15 15:09:00
34541.8273479063,-0.748440862204667,46271.4649161935,0.675950365138822,-27.978803222717,-0.0158867347225641,2007-04-15 15:14:00
34298.4579763562,-0.890802255854959,46491.7151677408,0.805430961982456,-10.4970745613929,0.162645243916755,2007-04-15 15:19:00
34267.7914700148,-0.913329443600052,46519.4309546034,0.825080598600063,-4.50889851560369,0.186012959434039,2007-04-15 15:19:34
34002.2480034114,-1.07760434065995,46758.0852589814,0.962648014806457,-2.5537761708214,-0.429357910034087,2007-04-15 15:24:00
33656.0281173398,-1.22389098343896,47064.3540197667,1.07108637849018,-230.775959761368,-0.622694939050203,2007-04-15 15:29:00
33271.758957118,-1.33169610912636,47395.998339909,1.13210514367087,-306.191922987991,-0.06880977917004,2007-04-15 15:34:00
32860.6364305788,-1.40321685730213,47739.0026357911,1.14694791303666,-315.868076727962,0.0173195197715701,2007-04-15 15:39:00
32433.3091562346,-1.43991086799597,48079.5828475949,1.11591719201894,-306.208663368259,-0.00769090677274838,2007-04-15 15:44:00
32000.0954891472,-1.44252598935265,48403.9055110701,1.03838055405254,-318.770411966484,-0.0144186516701949,2007-04-15 15:49:00
31571.1938158111,-1.41111551927061,48697.8058224062,0.912757751305215,-319.518967259089,-0.07089563068622,2007-04-15 15:54:00
31156.8904039983,-1.34503929164826,48946.4989501867,0.736488508184257,-311.697315200254,0.402359810034043,2007-04-15 15:59:00
30767.7690436806,-1.24295062937651,49134.2787107713,0.505980341230968,-102.970466490562,0.610085438456626,2007-04-15 16:04:00
30604.9972704122,-1.18519528669356,49194.0613250177,0.384300693501861,-43.1326699945225,0.322693417346711,2007-04-15 16:06:14
30411.323852946,-1.16789504590555,49247.0472762499,0.268048632821893,-0.474781556812056,0.232358994345841,2007-04-15 16:09:00
30266.9026876651,-1.2297010112121,49277.0931912486,0.235958847128303,24.1967675879716,0.135184215821115,2007-04-15 16:11:01
30035.082850514,-1.35692421327111,49318.0332199049,0.221587131158097,-0.711093386343891,-0.542113301675635,2007-04-15 16:14:00
29601.5475430281,-1.5238768743605,49381.0654761407,0.198889163188087,-263.415200011718,-0.651062229745275,2007-04-15 16:19:00
29126.264578161,-1.63571366011897,49437.5008339673,0.177533266251922,-324.417254260114,-0.0453311591507533,2007-04-15 16:24:00
28625.3994229442,-1.69471387801842,49487.6760568119,0.157084193081674,-357.113192020324,-0.149668539401699,2007-04-15 16:29:00
28114.5961624935,-1.70207999142178,49531.8003224209,0.137125178075988,-381.422728533748,0.0961805809581276,2007-04-15 16:34:00
27609.2963367839,-1.65796212657959,49569.9594860407,0.117249443342195,-318.495369208328,0.138184235816331,2007-04-15 16:39:00
27125.0536494209,-1.56146113230205,49602.1178302037,0.0970519082944998,-327.073154559207,-0.124781379980382,2007-04-15 16:44:00
26677.850962381,-1.41061025466458,49628.1173367832,0.0761209338444218,-349.712131492796,0.0783625165545507,2007-04-15 16:49:00
26284.4260372821,-1.2023350532654,49647.6744664797,0.0540299329246148,-240.174681134965,0.707348721916184,2007-04-15 16:54:00
26027.3089080951,-0.998288671077702,49658.15897795,0.0357858223248438,-44.7992123202858,0.758603810653908,2007-04-15 16:57:53
25962.2924058768,-0.946731053929817,49660.3853590846,0.0308202891930421,-0.993143106278271,0.528127056560835,2007-04-15 16:59:00
25735.8740065061,-0.972321345742042,49666.3472652763,0.0201624673829426,21.2097942692924,-0.293316080902897,2007-04-15 17:03:03
25679.1872301288,-1.01632709879082,49667.4642175101,0.019039929144911,-0.667833448763459,-0.4772320736114,2007-04-15 17:04:00
25343.3266748608,-1.21316337002782,49672.4064251057,0.0142046435904073,-207.391368944013,-0.62899427846187,2007-04-15 17:09:00
24956.8542578873,-1.35431140291634,49676.1605363717,0.011105861959226,-318.75627429382,-0.147474155210523,2007-04-15 17:14:00
24536.0174088405,-1.44264788748127,49679.2371637473,0.00968042903744932,-325.079521071767,0.0222141443686601,2007-04-15 17:19:00
24096.3631875573,-1.47997317955316,49682.1331121028,0.00989929356179519,-334.271439985939,-0.11608528806146,2007-04-15 17:24:00
23653.0551434144,-1.46704799320772,49685.341503951,0.0117669161356455,-373.555676232675,-0.0282813963203918,2007-04-15 17:29:00
23221.1823584683,-1.40360890462056,49689.3618296092,0.015321360139117,-350.250584974562,0.0700902709110799,2007-04-15 17:34:00
22816.0669729017,-1.28836298331584,49694.7101271414,0.0206350674858488,-353.137545077608,-0.0625640139661259,2007-04-15 17:39:00
22453.5764603486,-1.11896144139024,49701.9294995543,0.027816335036994,-349.516051182141,0.213453825229728,2007-04-15 17:44:00
22150.4470174741,-0.891951763666012,49711.6011835953,0.0370115217626889,-204.582890915667,0.708178894477791,2007-04-15 17:49:00
21986.6213395568,-0.70136621950648,49719.9428904472,0.0445478084334455,-52.3471140521415,0.662762819667361,2007-04-15 17:52:25
21923.752856371,-0.630239815445988,49724.5630441583,0.0549342149586931,-0.933938583481478,0.387915889170595,2007-04-15 17:54:00
21773.7448342158,-0.666408768883103,49746.4574762734,0.141110878639256,11.6054320124014,-0.178031590999566,2007-04-15 17:58:01
21733.0693627544,-0.711981444003965,49755.7037748141,0.172099670529841,-0.892858977176048,-0.242639650617213,2007-04-15 17:59:00
21489.0499473651,-0.903879975676304,49828.780915361,0.309604305456262,-126.721511064172,-0.661814461502777,2007-04-15 18:04:00
21197.1268082608,-1.03188089403772,49938.3101708744,0.415525663878085,-330.706526025321,-0.362637883298653,2007-04-15 18:09:00
20876.0461443365,-1.09859294224595,50075.1558548895,0.492022492955706,-341.842929797238,-0.0371798321302515,2007-04-15 18:14:00
20543.9599048963,-1.10537575585307,50230.7390077746,0.540653848530284,-381.28377713292,-0.013577227725287,2007-04-15 18:19:00
20218.7957383547,-1.05236757307497,50396.8625518746,0.562410869710275,-343.556590968952,0.0787124176002126,2007-04-15 18:24:00
19918.6223695386,-0.938488052177426,50565.5442296608,0.557736978940323,-343.723005650664,0.0677828681817406,2007-04-15 18:29:00
19662.0178522189,-0.761416253398814,50728.8539200567,0.526536919243195,-250.241212184225,0.618994915574318,2007-04-15 18:34:00
19468.4482021017,-0.51754333666669,50878.752017339,0.468174812819748,-34.9197232456361,0.501842176515675,2007-04-15 18:39:00
19440.019884114,-0.46229367130044,50905.4905840854,0.453667504024483,-11.5594139374471,0.311488190842847,2007-04-15 18:39:58
19337.8105428068,-0.460528601713881,51012.5361674113,0.451044648170298,-0.955850637308369,-0.168635327509848,2007-04-15 18:44:00
19307.6264963174,-0.534086795754744,51040.5697497953,0.46936503434317,-14.0939476619932,-0.263458519174476,2007-04-15 18:45:01
19141.7422701299,-0.840876709215965,51161.9805507679,0.541904730010118,-136.79923298388,-0.846569304326087,2007-04-15 18:49:00
18845.1117061028,-1.11688127893599,51333.3772740669,0.593518521992527,-488.081036626496,-1.30222925322833,2007-04-15 18:54:00
18483.2361472363,-1.27658058248382,51513.7980477895,0.60216703414257,-796.487466888388,-0.458937975208094,2007-04-15 18:59:00
18090.4607439447,-1.32322939701857,51690.4014926712,0.568026528843241,-782.614877953798,0.179647946643068,2007-04-15 19:04:00
17700.5008874283,-1.25777845615443,51850.2684297678,0.490401200074229,-771.326459213038,-0.064051641766517,2007-04-15 19:09:00
17347.1293515882,-1.07889382653893,51980.1385790651,0.367708992426196,-740.714035881565,0.550018686679097,2007-04-15 19:14:00
17064.8646044378,-0.782929721411281,52066.1403062248,0.197449357767873,-444.320543670807,1.13199895828009,2007-04-15 19:19:00
16889.6743172529,-0.363854197062996,52093.5079095261,-0.023847707574467,-156.49126576536,0.699834807235914,2007-04-15 19:24:00
16859.7084094399,0.186873782154064,52046.2806851229,-0.300692383781014,-29.1082683966488,0.217606466772938,2007-04-15 19:29:00
16869.3997196156,0.2750860312276,52032.742379177,-0.344189837632998,-20.9394421029754,0.172710038103327,2007-04-15 19:29:42
16954.5922710693,0.165186120199678,51934.0884506792,-0.323326812996777,-0.846824251567281,0.00318419866887111,2007-04-15 19:34:00
16958.4108424928,-0.0498450230241405,51917.1866707458,-0.23479175400831,-1.80957155087215,-0.039707127839235,2007-04-15 19:35:00
16842.4041528013,-0.849089060637781,51904.5502922219,0.103093512115529,-61.0565668827086,-0.572776904905062,2007-04-15 19:39:00
16507.0485703601,-1.28285932237499,51971.9031400817,0.305627722246358,-299.411063522437,-0.667147366960938,2007-04-15 19:44:00
16134.6902813749,-1.09619188595503,52063.8806717903,0.26753631968053,-329.247421317478,0.648998052773395,2007-04-15 19:49:00
15911.7153435063,-0.285282345880122,52108.301097932,-0.0119570234949324,-22.5693626743539,0.763277111586513,2007-04-15 19:54:00
15902.3878299418,-0.0925797088791711,52106.0540006009,-0.0808611028129544,7.94824676231874,0.490471474594516,2007-04-15 19:54:49
15953.2243051658,0.27756755321602,52052.2517894965,-0.296540436952803,-0.425157780740083,-0.501422063091265,2007-04-15 19:59:00
15967.5464165254,0.163238222500989,52033.282446755,-0.302441240839271,-38.8621029799151,-0.71080108879234,2007-04-15 20:00:03
15941.5238984775,-0.362859787969734,51963.3446192778,-0.287467142857645,-276.670447297053,-1.26690950535446,2007-04-15 20:04:00
15753.2572905698,-0.86199965210527,51880.2622974219,-0.265898055829893,-633.218142043807,-0.672545752337409,2007-04-15 20:09:00
15442.022019872,-1.18404036741782,51804.1388660952,-0.24099590679236,-675.841375527836,-0.0316637679774108,2007-04-15 20:14:00
15059.8750873639,-1.33554533613401,51736.0485514889,-0.212253173519843,-720.720518016126,-0.122257355442329,2007-04-15 20:19:00
14657.4282675775,-1.31960232946333,51677.2293000122,-0.179084060146813,-708.007353598228,0.226952331758705,2007-04-15 20:24:00
14284.8796099502,-1.1358864184123,51629.108008457,-0.140812558261238,-527.373965356786,1.18666881936542,2007-04-15 20:29:00
13993.0365081883,-0.780653351517278,51593.3296050958,-0.0966586694071817,-96.671946699466,1.07149169818106,2007-04-15 20:34:00
13915.937335468,-0.604409436539917,51583.5909032342,-0.0786548146784744,-14.2262309665323,0.454401694002338,2007-04-15 20:35:51
13824.4545537881,-0.403794968311687,51575.1527247199,0.00765932226154613,-0.576358310922382,-0.283354317336051,2007-04-15 20:39:00
13775.515751875,-0.402765077142799,51582.8313851384,0.124128443213383,-57.7599924973781,-0.590002627577866,2007-04-15 20:41:04
13698.8270455763,-0.465739989603284,51621.3567745426,0.308899083215843,-168.485015765046,-0.589642142920731,2007-04-15 20:44:00
13547.7896863607,-0.532814276073347,51753.6553072227,0.560014166162582,-311.26816013033,-0.435784899609716,2007-04-15 20:49:00
13384.1023765282,-0.550215932839314,51949.7508486236,0.734933354059601,-409.229785846178,-0.0606170564797102,2007-04-15 20:54:00
13222.5885815641,-0.518299617145861,52187.3571492839,0.837221615349509,-358.326750616213,0.200422288921089,2007-04-15 20:59:00
13078.116064621,-0.436414853424129,52445.0339764004,0.868963652276433,-343.335711717452,-0.118977940380108,2007-04-15 21:04:00
12965.8999013393,-0.302892776170521,52701.7501477394,0.830806388492995,-402.866767423417,-0.15171305667269,2007-04-15 21:09:00
12901.8125731266,-0.115012117366794,52936.4549022686,0.721972153791145,-368.009209017913,0.52407242103566,2007-04-15 21:14:00
12902.7074587992,0.131056254757359,53127.6488717606,0.540242834670283,-129.558215498461,0.760626256568224,2007-04-15 21:19:00
12925.5268414866,0.2478659776739,53187.4149628522,0.445527705670892,-53.0816401012737,0.506472521151105,2007-04-15 21:21:01
12981.7700973683,0.356638679827859,53259.3215087352,0.388794085628257,0.541393973173801,0.0593977072419778,2007-04-15 21:24:00
13024.77205043,0.349337316625122,53309.088475739,0.454549069676237,-13.2912722732448,-0.276578421293606,2007-04-15 21:26:00
13082.5684687932,0.294187995851438,53404.7340302046,0.604448712007507,-104.854575156309,-0.758592786309269,2007-04-15 21:29:00
13159.1076636347,0.219579135477722,53617.7890531148,0.806163748467551,-346.417347531832,-0.421274416561854,2007-04-15 21:34:00
13216.3498971502,0.165323539462933,53882.7672024634,0.95118959775897,-341.776481801336,0.0852101365222847,2007-04-15 21:39:00
13260.225232838,0.130315442968159,54183.1331068837,1.0424819823631,-351.607769109374,-0.00964358740691933,2007-04-15 21:44:00
13296.3913080005,0.113841357892177,54503.0726208021,1.08190150130329,-336.312982715719,0.0156246005116782,2007-04-15 21:49:00
13330.3486401249,0.115565531513271,54827.1705217194,1.07025155038039,-343.626829647869,0.0260098007846647,2007-04-15 21:54:00
13367.5527310582,0.135523103627268,55140.0963378067,1.00729469590916,-333.696532752513,-0.102303981951496,2007-04-15 21:59:00
13413.5252537337,0.174120822719756,55426.291902776,0.891747835663199,-372.114732075922,0.120624105013502,2007-04-15 22:04:00
13473.9665875082,0.232145335768554,55669.6542701879,0.721256048405018,-221.700977272447,0.766619641191184,2007-04-15 22:09:00
13536.1669269097,0.292766624264403,55821.0468389886,0.544652393390977,-35.8094199126032,0.652093552568696,2007-04-15 22:12:58
13554.9071545902,0.312480508767438,55853.4873338546,0.50588414001215,-0.718620845242646,0.466818837459772,2007-04-15 22:14:00
13642.6895848901,0.430018922517939,55977.1804217845,0.585833068438671,20.9544867414629,-0.265387250987288,2007-04-15 22:18:00
13669.5938958198,0.466352615671725,56014.2663357242,0.649769269604642,-0.817861723749139,-0.465197159063404,2007-04-15 22:19:00
13832.5326748277,0.609259929947168,56251.4600110768,0.917241818320201,-193.980617102,-0.480453843127736,2007-04-15 22:24:00
14028.8882832253,0.689509074390313,56556.2895861407,1.10143952490664,-253.382266327566,-0.114427484102799,2007-04-15 22:29:00
14240.1399911075,0.708735579504853,56904.3770381046,1.20611646013844,-291.70864007796,-0.0588221240501328,2007-04-15 22:34:00
14448.0706609035,0.667331294148646,57272.2259682251,1.23340600901046,-284.096781305519,0.0456744694620964,2007-04-15 22:39:00
14634.3954700955,0.564452371671944,57636.7427297201,1.18386435053148,-281.159164928325,-0.0298060347455352,2007-04-15 22:44:00
14780.3892544733,0.398002071765985,57974.765764013,1.05648179301931,-276.61426705648,0.165568841402503,2007-04-15 22:49:00
14866.5048769347,0.164588027512297,58262.5935528888,0.848662195918273,-164.728061581302,0.543425749473452,2007-04-15 22:54:00
14880.7471174633,-0.0178787999387582,58406.4057253742,0.675611228739277,-55.1076478187781,0.562194720211719,2007-04-15 22:57:08
14873.071519515,-0.111168877859332,58476.3553239583,0.579040739363699,-0.333462627031216,0.38979725697804,2007-04-15 22:59:00
14846.435030881,-0.160469784714353,58572.5717818028,0.492822911176144,31.176469629944,-0.0665498404793418,2007-04-15 23:02:02
14828.0209865092,-0.151714526963153,58629.1236303019,0.46593441238041,-1.14167754213293,-0.514397225880821,2007-04-15 23:04:00
14785.6037201836,-0.131546545813414,58759.3923953028,0.40399600322474,-242.115814989892,-0.704714617074348,2007-04-15 23:09:00
14748.8251401777,-0.114059570047919,58872.3440447345,0.350291299128834,-340.527767263753,-0.00404491523634204,2007-04-15 23:14:00
14716.9356747683,-0.0988972035645013,58970.2806077261,0.303725762794508,-316.805641910516,-0.0749862283213655,2007-04-15 23:19:00
14689.2853956129,-0.0857504273316942,59055.1980960397,0.263350357872227,-396.584430622257,-0.26407698861229,2007-04-15 23:24:00
